build zlib...
~/sbomit-overhead-experiment/repos/cubefs/build/out/zlib-1.2.13 ~/sbomit-overhead-experiment/repos/cubefs
Checking for gcc...
Building static library libz.a version 1.2.13 with gcc.
Checking for size_t... Yes.
Checking for off64_t... Yes.
Checking for fseeko... Yes.
Checking for strerror... Yes.
Checking for unistd.h... Yes.
Checking for stdarg.h... Yes.
Checking whether to use vs[n]printf() or s[n]printf()... using vs[n]printf().
Checking for vsnprintf() in stdio.h... Yes.
Checking for return value of vsnprintf()... Yes.
Checking for attribute(visibility) support... Yes.
make[1]: Entering directory '/home/jake/sbomit-overhead-experiment/repos/cubefs/build/out/zlib-1.2.13'
gcc -fPIC -D_LARGEFILE64_SOURCE=1 -DHAVE_HIDDEN -I. -c -o example.o test/example.c
gcc -fPIC -D_LARGEFILE64_SOURCE=1 -DHAVE_HIDDEN  -c -o adler32.o adler32.c
gcc -fPIC -D_LARGEFILE64_SOURCE=1 -DHAVE_HIDDEN  -c -o crc32.o crc32.c
gcc -fPIC -D_LARGEFILE64_SOURCE=1 -DHAVE_HIDDEN  -c -o deflate.o deflate.c
gcc -fPIC -D_LARGEFILE64_SOURCE=1 -DHAVE_HIDDEN  -c -o infback.o infback.c
gcc -fPIC -D_LARGEFILE64_SOURCE=1 -DHAVE_HIDDEN  -c -o inffast.o inffast.c
gcc -fPIC -D_LARGEFILE64_SOURCE=1 -DHAVE_HIDDEN  -c -o inflate.o inflate.c
gcc -fPIC -D_LARGEFILE64_SOURCE=1 -DHAVE_HIDDEN  -c -o inftrees.o inftrees.c
gcc -fPIC -D_LARGEFILE64_SOURCE=1 -DHAVE_HIDDEN  -c -o trees.o trees.c
gcc -fPIC -D_LARGEFILE64_SOURCE=1 -DHAVE_HIDDEN  -c -o zutil.o zutil.c
gcc -fPIC -D_LARGEFILE64_SOURCE=1 -DHAVE_HIDDEN  -c -o compress.o compress.c
gcc -fPIC -D_LARGEFILE64_SOURCE=1 -DHAVE_HIDDEN  -c -o uncompr.o uncompr.c
gcc -fPIC -D_LARGEFILE64_SOURCE=1 -DHAVE_HIDDEN  -c -o gzclose.o gzclose.c
gcc -fPIC -D_LARGEFILE64_SOURCE=1 -DHAVE_HIDDEN  -c -o gzlib.o gzlib.c
gcc -fPIC -D_LARGEFILE64_SOURCE=1 -DHAVE_HIDDEN  -c -o gzread.o gzread.c
gcc -fPIC -D_LARGEFILE64_SOURCE=1 -DHAVE_HIDDEN  -c -o gzwrite.o gzwrite.c
gcc -fPIC -D_LARGEFILE64_SOURCE=1 -DHAVE_HIDDEN -I. -c -o minigzip.o test/minigzip.c
gcc -fPIC -D_LARGEFILE64_SOURCE=1 -DHAVE_HIDDEN -I. -D_FILE_OFFSET_BITS=64 -c -o example64.o test/example.c
gcc -fPIC -D_LARGEFILE64_SOURCE=1 -DHAVE_HIDDEN -I. -D_FILE_OFFSET_BITS=64 -c -o minigzip64.o test/minigzip.c
ar rc libz.a adler32.o crc32.o deflate.o infback.o inffast.o inflate.o inftrees.o trees.o zutil.o compress.o uncompr.o gzclose.o gzlib.o gzread.o gzwrite.o 
gcc -fPIC -D_LARGEFILE64_SOURCE=1 -DHAVE_HIDDEN -o example example.o  -L. libz.a
gcc -fPIC -D_LARGEFILE64_SOURCE=1 -DHAVE_HIDDEN -o minigzip minigzip.o  -L. libz.a
gcc -fPIC -D_LARGEFILE64_SOURCE=1 -DHAVE_HIDDEN -o example64 example64.o  -L. libz.a
gcc -fPIC -D_LARGEFILE64_SOURCE=1 -DHAVE_HIDDEN -o minigzip64 minigzip64.o  -L. libz.a
make[1]: Leaving directory '/home/jake/sbomit-overhead-experiment/repos/cubefs/build/out/zlib-1.2.13'
~/sbomit-overhead-experiment/repos/cubefs
build bzip2...
~/sbomit-overhead-experiment/repos/cubefs/build/out/bzip2-bzip2-1.0.6 ~/sbomit-overhead-experiment/repos/cubefs
make[1]: Entering directory '/home/jake/sbomit-overhead-experiment/repos/cubefs/build/out/bzip2-bzip2-1.0.6'
gcc -fPIC -O2 -g -D_FILE_OFFSET_BITS=64 -c huffman.c
gcc -fPIC -O2 -g -D_FILE_OFFSET_BITS=64 -c crctable.c
gcc -fPIC -O2 -g -D_FILE_OFFSET_BITS=64 -c randtable.c

If compilation produces errors, or a large number of warnings,
please read README.COMPILATION.PROBLEMS -- you might be able to
adjust the flags in this Makefile to improve matters.

Also in README.COMPILATION.PROBLEMS are some hints that may help
if your build produces an executable which is unable to correctly
handle so-called 'large files' -- files of size 2GB or more.

gcc -fPIC -O2 -g -D_FILE_OFFSET_BITS=64 -c blocksort.c
gcc -fPIC -O2 -g -D_FILE_OFFSET_BITS=64 -c compress.c
gcc -fPIC -O2 -g -D_FILE_OFFSET_BITS=64 -c decompress.c
gcc -fPIC -O2 -g -D_FILE_OFFSET_BITS=64 -c bzlib.c
gcc -fPIC -O2 -g -D_FILE_OFFSET_BITS=64 -c bzip2.c
gcc -fPIC -O2 -g -D_FILE_OFFSET_BITS=64 -c bzip2recover.c
bzip2.c: In function ‘applySavedFileAttrToOutputFile’:
bzip2.c:1073:11: warning: ignoring return value of ‘fchown’ declared with attribute ‘warn_unused_result’ [-Wunused-result]
 1073 |    (void) fchown ( fd, fileMetaInfo.st_uid, fileMetaInfo.st_gid );
      |           ^~~~~~~~~~~~~~~~~~~~~~~~~~~~~~~~~~~~~~~~~~~~~~~~~~~~~~~
gcc -fPIC -O2 -g -D_FILE_OFFSET_BITS=64  -o bzip2recover bzip2recover.o
rm -f libbz2.a
ar cq libbz2.a blocksort.o huffman.o crctable.o randtable.o compress.o decompress.o bzlib.o
ranlib libbz2.a
gcc -fPIC -O2 -g -D_FILE_OFFSET_BITS=64  -o bzip2 bzip2.o -L. -lbz2

Doing 6 tests (3 compress, 3 uncompress) ...
If there's a problem, things might stop at this point.
 
./bzip2 -1  < sample1.ref > sample1.rb2
./bzip2 -2  < sample2.ref > sample2.rb2
./bzip2 -3  < sample3.ref > sample3.rb2
./bzip2 -d  < sample1.bz2 > sample1.tst
./bzip2 -d  < sample2.bz2 > sample2.tst
./bzip2 -ds < sample3.bz2 > sample3.tst
cmp sample1.bz2 sample1.rb2 
cmp sample2.bz2 sample2.rb2
cmp sample3.bz2 sample3.rb2
cmp sample1.tst sample1.ref
cmp sample2.tst sample2.ref
cmp sample3.tst sample3.ref

If you got this far and the 'cmp's didn't complain, it looks
like you're in business.  

To install in /usr/local/bin, /usr/local/lib, /usr/local/man and 
/usr/local/include, type

   make install

To install somewhere else, eg, /xxx/yyy/{bin,lib,man,include}, type 

   make install PREFIX=/xxx/yyy

If you are (justifiably) paranoid and want to see what 'make install'
is going to do, you can first do

   make -n install                      or
   make -n install PREFIX=/xxx/yyy      respectively.

The -n instructs make to show the commands it would execute, but
not actually execute them.

Instructions for use are in the preformatted manual page, in the file
bzip2.txt.  For more detailed documentation, read the full manual.  
It is available in Postscript form (manual.ps), PDF form (manual.pdf),
and HTML form (manual.html).

You can also do "bzip2 --help" to see some helpful information. 
"bzip2 -L" displays the software license.

make[1]: Leaving directory '/home/jake/sbomit-overhead-experiment/repos/cubefs/build/out/bzip2-bzip2-1.0.6'
~/sbomit-overhead-experiment/repos/cubefs
build lz4...
~/sbomit-overhead-experiment/repos/cubefs/build/out/lz4-1.8.3/lib ~/sbomit-overhead-experiment/repos/cubefs
make[1]: Entering directory '/home/jake/sbomit-overhead-experiment/repos/cubefs/build/out/lz4-1.8.3/lib'
compiling static library
compiling dynamic library 1.8.3
creating versioned links
make[1]: Leaving directory '/home/jake/sbomit-overhead-experiment/repos/cubefs/build/out/lz4-1.8.3/lib'
~/sbomit-overhead-experiment/repos/cubefs
build zstd...
~/sbomit-overhead-experiment/repos/cubefs/build/out/zstd-1.4.0/lib ~/sbomit-overhead-experiment/repos/cubefs
make[1]: Entering directory '/home/jake/sbomit-overhead-experiment/repos/cubefs/build/out/zstd-1.4.0/lib'
cc -fPIC -O2 -I. -I./common -DXXH_NAMESPACE=ZSTD_ -I./legacy -DZSTD_LEGACY_SUPPORT=5  -c -o common/debug.o common/debug.c
cc -fPIC -O2 -I. -I./common -DXXH_NAMESPACE=ZSTD_ -I./legacy -DZSTD_LEGACY_SUPPORT=5  -c -o common/entropy_common.o common/entropy_common.c
cc -fPIC -O2 -I. -I./common -DXXH_NAMESPACE=ZSTD_ -I./legacy -DZSTD_LEGACY_SUPPORT=5  -c -o common/error_private.o common/error_private.c
cc -fPIC -O2 -I. -I./common -DXXH_NAMESPACE=ZSTD_ -I./legacy -DZSTD_LEGACY_SUPPORT=5  -c -o common/fse_decompress.o common/fse_decompress.c
cc -fPIC -O2 -I. -I./common -DXXH_NAMESPACE=ZSTD_ -I./legacy -DZSTD_LEGACY_SUPPORT=5  -c -o common/pool.o common/pool.c
cc -fPIC -O2 -I. -I./common -DXXH_NAMESPACE=ZSTD_ -I./legacy -DZSTD_LEGACY_SUPPORT=5  -c -o common/threading.o common/threading.c
cc -fPIC -O2 -I. -I./common -DXXH_NAMESPACE=ZSTD_ -I./legacy -DZSTD_LEGACY_SUPPORT=5  -c -o common/xxhash.o common/xxhash.c
cc -fPIC -O2 -I. -I./common -DXXH_NAMESPACE=ZSTD_ -I./legacy -DZSTD_LEGACY_SUPPORT=5  -c -o common/zstd_common.o common/zstd_common.c
cc -fPIC -O2 -I. -I./common -DXXH_NAMESPACE=ZSTD_ -I./legacy -DZSTD_LEGACY_SUPPORT=5  -c -o compress/fse_compress.o compress/fse_compress.c
cc -fPIC -O2 -I. -I./common -DXXH_NAMESPACE=ZSTD_ -I./legacy -DZSTD_LEGACY_SUPPORT=5  -c -o compress/hist.o compress/hist.c
cc -fPIC -O2 -I. -I./common -DXXH_NAMESPACE=ZSTD_ -I./legacy -DZSTD_LEGACY_SUPPORT=5  -c -o compress/huf_compress.o compress/huf_compress.c
cc -fPIC -O2 -I. -I./common -DXXH_NAMESPACE=ZSTD_ -I./legacy -DZSTD_LEGACY_SUPPORT=5  -c -o compress/zstd_compress.o compress/zstd_compress.c
cc -fPIC -O2 -I. -I./common -DXXH_NAMESPACE=ZSTD_ -I./legacy -DZSTD_LEGACY_SUPPORT=5  -c -o compress/zstd_double_fast.o compress/zstd_double_fast.c
cc -fPIC -O2 -I. -I./common -DXXH_NAMESPACE=ZSTD_ -I./legacy -DZSTD_LEGACY_SUPPORT=5  -c -o compress/zstd_fast.o compress/zstd_fast.c
cc -fPIC -O2 -I. -I./common -DXXH_NAMESPACE=ZSTD_ -I./legacy -DZSTD_LEGACY_SUPPORT=5  -c -o compress/zstd_lazy.o compress/zstd_lazy.c
cc -fPIC -O2 -I. -I./common -DXXH_NAMESPACE=ZSTD_ -I./legacy -DZSTD_LEGACY_SUPPORT=5  -c -o compress/zstd_ldm.o compress/zstd_ldm.c
cc -fPIC -O2 -I. -I./common -DXXH_NAMESPACE=ZSTD_ -I./legacy -DZSTD_LEGACY_SUPPORT=5  -c -o compress/zstd_opt.o compress/zstd_opt.c
cc -fPIC -O2 -I. -I./common -DXXH_NAMESPACE=ZSTD_ -I./legacy -DZSTD_LEGACY_SUPPORT=5  -c -o compress/zstdmt_compress.o compress/zstdmt_compress.c
cc -fPIC -O2 -I. -I./common -DXXH_NAMESPACE=ZSTD_ -I./legacy -DZSTD_LEGACY_SUPPORT=5  -c -o decompress/huf_decompress.o decompress/huf_decompress.c
cc -fPIC -O2 -I. -I./common -DXXH_NAMESPACE=ZSTD_ -I./legacy -DZSTD_LEGACY_SUPPORT=5  -c -o decompress/zstd_ddict.o decompress/zstd_ddict.c
cc -fPIC -O2 -I. -I./common -DXXH_NAMESPACE=ZSTD_ -I./legacy -DZSTD_LEGACY_SUPPORT=5  -c -o decompress/zstd_decompress.o decompress/zstd_decompress.c
cc -fPIC -O2 -I. -I./common -DXXH_NAMESPACE=ZSTD_ -I./legacy -DZSTD_LEGACY_SUPPORT=5  -c -o decompress/zstd_decompress_block.o decompress/zstd_decompress_block.c
cc -fPIC -O2 -I. -I./common -DXXH_NAMESPACE=ZSTD_ -I./legacy -DZSTD_LEGACY_SUPPORT=5  -c -o deprecated/zbuff_common.o deprecated/zbuff_common.c
cc -fPIC -O2 -I. -I./common -DXXH_NAMESPACE=ZSTD_ -I./legacy -DZSTD_LEGACY_SUPPORT=5  -c -o deprecated/zbuff_compress.o deprecated/zbuff_compress.c
cc -fPIC -O2 -I. -I./common -DXXH_NAMESPACE=ZSTD_ -I./legacy -DZSTD_LEGACY_SUPPORT=5  -c -o deprecated/zbuff_decompress.o deprecated/zbuff_decompress.c
cc -fPIC -O2 -I. -I./common -DXXH_NAMESPACE=ZSTD_ -I./legacy -DZSTD_LEGACY_SUPPORT=5  -c -o dictBuilder/cover.o dictBuilder/cover.c
cc -fPIC -O2 -I. -I./common -DXXH_NAMESPACE=ZSTD_ -I./legacy -DZSTD_LEGACY_SUPPORT=5  -c -o dictBuilder/divsufsort.o dictBuilder/divsufsort.c
cc -fPIC -O2 -I. -I./common -DXXH_NAMESPACE=ZSTD_ -I./legacy -DZSTD_LEGACY_SUPPORT=5  -c -o dictBuilder/fastcover.o dictBuilder/fastcover.c
cc -fPIC -O2 -I. -I./common -DXXH_NAMESPACE=ZSTD_ -I./legacy -DZSTD_LEGACY_SUPPORT=5  -c -o dictBuilder/zdict.o dictBuilder/zdict.c
cc -fPIC -O2 -I. -I./common -DXXH_NAMESPACE=ZSTD_ -I./legacy -DZSTD_LEGACY_SUPPORT=5  -c -o legacy/zstd_v05.o legacy/zstd_v05.c
cc -fPIC -O2 -I. -I./common -DXXH_NAMESPACE=ZSTD_ -I./legacy -DZSTD_LEGACY_SUPPORT=5  -c -o legacy/zstd_v06.o legacy/zstd_v06.c
cc -fPIC -O2 -I. -I./common -DXXH_NAMESPACE=ZSTD_ -I./legacy -DZSTD_LEGACY_SUPPORT=5  -c -o legacy/zstd_v07.o legacy/zstd_v07.c
compiling dynamic library 1.4.0
compiling static library
creating versioned links
make[1]: Leaving directory '/home/jake/sbomit-overhead-experiment/repos/cubefs/build/out/zstd-1.4.0/lib'
~/sbomit-overhead-experiment/repos/cubefs
build snappy...
~/sbomit-overhead-experiment/repos/cubefs/build/out/snappy-1.1.7/build ~/sbomit-overhead-experiment/repos/cubefs
-- The C compiler identification is GNU 11.4.0
-- The CXX compiler identification is GNU 11.4.0
-- Detecting C compiler ABI info
-- Detecting C compiler ABI info - done
-- Check for working C compiler: /usr/bin/cc - skipped
-- Detecting C compile features
-- Detecting C compile features - done
-- Detecting CXX compiler ABI info
-- Detecting CXX compiler ABI info - done
-- Check for working CXX compiler: /usr/bin/c++ - skipped
-- Detecting CXX compile features
-- Detecting CXX compile features - done
-- Looking for byteswap.h
-- Looking for byteswap.h - found
-- Looking for stddef.h
-- Looking for stddef.h - found
-- Looking for stdint.h
-- Looking for stdint.h - found
-- Looking for sys/endian.h
-- Looking for sys/endian.h - not found
-- Looking for sys/mman.h
-- Looking for sys/mman.h - found
-- Looking for sys/resource.h
-- Looking for sys/resource.h - found
-- Looking for sys/time.h
-- Looking for sys/time.h - found
-- Looking for sys/uio.h
-- Looking for sys/uio.h - found
-- Looking for unistd.h
-- Looking for unistd.h - found
-- Looking for windows.h
-- Looking for windows.h - not found
-- Looking for zlibVersion in z
-- Looking for zlibVersion in z - found
-- Looking for lzo1x_1_15_compress in lzo2
-- Looking for lzo1x_1_15_compress in lzo2 - not found
-- Performing Test HAVE_BUILTIN_EXPECT
-- Performing Test HAVE_BUILTIN_EXPECT - Success
-- Performing Test HAVE_BUILTIN_CTZ
-- Performing Test HAVE_BUILTIN_CTZ - Success
-- Looking for mmap
-- Looking for mmap - found
-- Looking for sysconf
-- Looking for sysconf - found
-- Configuring done
-- Generating done
-- Build files have been written to: /home/jake/sbomit-overhead-experiment/repos/cubefs/build/out/snappy-1.1.7/build
make[1]: Entering directory '/home/jake/sbomit-overhead-experiment/repos/cubefs/build/out/snappy-1.1.7/build'
make[2]: Entering directory '/home/jake/sbomit-overhead-experiment/repos/cubefs/build/out/snappy-1.1.7/build'
make[3]: Entering directory '/home/jake/sbomit-overhead-experiment/repos/cubefs/build/out/snappy-1.1.7/build'
make[3]: Leaving directory '/home/jake/sbomit-overhead-experiment/repos/cubefs/build/out/snappy-1.1.7/build'
make[3]: Entering directory '/home/jake/sbomit-overhead-experiment/repos/cubefs/build/out/snappy-1.1.7/build'
[ 40%] Building CXX object CMakeFiles/snappy.dir/snappy-stubs-internal.cc.o
[ 40%] Building CXX object CMakeFiles/snappy.dir/snappy.cc.o
[ 80%] Building CXX object CMakeFiles/snappy.dir/snappy-sinksource.cc.o
[ 80%] Building CXX object CMakeFiles/snappy.dir/snappy-c.cc.o
[100%] Linking CXX static library libsnappy.a
make[3]: Leaving directory '/home/jake/sbomit-overhead-experiment/repos/cubefs/build/out/snappy-1.1.7/build'
[100%] Built target snappy
make[2]: Leaving directory '/home/jake/sbomit-overhead-experiment/repos/cubefs/build/out/snappy-1.1.7/build'
make[1]: Leaving directory '/home/jake/sbomit-overhead-experiment/repos/cubefs/build/out/snappy-1.1.7/build'
~/sbomit-overhead-experiment/repos/cubefs
build tcmalloc...
~/sbomit-overhead-experiment/repos/cubefs/build/out/gperftools-gperftools-2.9.1 ~/sbomit-overhead-experiment/repos/cubefs
./autogen.sh: 3: autoreconf: not found
build/build.sh: line 203: ./configure: No such file or directory
make[1]: Entering directory '/home/jake/sbomit-overhead-experiment/repos/cubefs/build/out/gperftools-gperftools-2.9.1'
make[1]: *** No targets specified and no makefile found.  Stop.
make[1]: Leaving directory '/home/jake/sbomit-overhead-experiment/repos/cubefs/build/out/gperftools-gperftools-2.9.1'
cp: cannot stat '.libs/libtcmalloc.a': No such file or directory
~/sbomit-overhead-experiment/repos/cubefs
~/sbomit-overhead-experiment/repos/cubefs
build rocksdb...
~/sbomit-overhead-experiment/repos/cubefs/build/out/rocksdb-6.3.6 ~/sbomit-overhead-experiment/repos/cubefs
make[1]: Entering directory '/home/jake/sbomit-overhead-experiment/repos/cubefs/build/out/rocksdb-6.3.6'
$DEBUG_LEVEL is 0
  GEN      util/build_version.cc
$DEBUG_LEVEL is 0
  GEN      util/build_version.cc
  CC       cache/clock_cache.o
  CC       cache/lru_cache.o
  CC       cache/sharded_cache.o
  CC       db/builder.o
  CC       db/c.o
  CC       db/column_family.o
  CC       db/compacted_db_impl.o
  CC       db/compaction/compaction.o
  CC       db/compaction/compaction_iterator.o
  CC       db/compaction/compaction_job.o
  CC       db/compaction/compaction_picker.o
In file included from ./db/memtable.h:21,
                 from ./db/memtable_list.h:17,
                 from ./db/column_family.h:17,
                 from db/compaction/compaction.cc:13:
./db/version_edit.h: In constructor ‘rocksdb::FdWithKeyRange::FdWithKeyRange(rocksdb::FileDescriptor, rocksdb::Slice, rocksdb::Slice, rocksdb::FileMetaData*)’:
./db/version_edit.h:175:9: warning: implicitly-declared ‘constexpr rocksdb::FileDescriptor::FileDescriptor(const rocksdb::FileDescriptor&)’ is deprecated [-Wdeprecated-copy]
  175 |       : fd(_fd),
      |         ^~~~~~~
./db/version_edit.h:55:19: note: because ‘rocksdb::FileDescriptor’ has user-provided ‘rocksdb::FileDescriptor& rocksdb::FileDescriptor::operator=(const rocksdb::FileDescriptor&)’
   55 |   FileDescriptor& operator=(const FileDescriptor& fd) {
      |                   ^~~~~~~~
In file included from ./db/memtable.h:21,
                 from ./db/memtable_list.h:17,
                 from ./db/column_family.h:17,
                 from ./db/db_impl/db_impl.h:22,
                 from ./db/compacted_db_impl.h:10,
                 from db/compacted_db_impl.cc:7:
./db/version_edit.h: In constructor ‘rocksdb::FdWithKeyRange::FdWithKeyRange(rocksdb::FileDescriptor, rocksdb::Slice, rocksdb::Slice, rocksdb::FileMetaData*)’:
./db/version_edit.h:175:9: warning: implicitly-declared ‘constexpr rocksdb::FileDescriptor::FileDescriptor(const rocksdb::FileDescriptor&)’ is deprecated [-Wdeprecated-copy]
  175 |       : fd(_fd),
      |         ^~~~~~~
./db/version_edit.h:55:19: note: because ‘rocksdb::FileDescriptor’ has user-provided ‘rocksdb::FileDescriptor& rocksdb::FileDescriptor::operator=(const rocksdb::FileDescriptor&)’
   55 |   FileDescriptor& operator=(const FileDescriptor& fd) {
      |                   ^~~~~~~~
In file included from ./db/memtable.h:21,
                 from ./db/memtable_list.h:17,
                 from ./db/column_family.h:17,
                 from db/column_family.cc:10:
./db/version_edit.h: In constructor ‘rocksdb::FdWithKeyRange::FdWithKeyRange(rocksdb::FileDescriptor, rocksdb::Slice, rocksdb::Slice, rocksdb::FileMetaData*)’:
./db/version_edit.h:175:9: warning: implicitly-declared ‘constexpr rocksdb::FileDescriptor::FileDescriptor(const rocksdb::FileDescriptor&)’ is deprecated [-Wdeprecated-copy]
  175 |       : fd(_fd),
      |         ^~~~~~~
./db/version_edit.h:55:19: note: because ‘rocksdb::FileDescriptor’ has user-provided ‘rocksdb::FileDescriptor& rocksdb::FileDescriptor::operator=(const rocksdb::FileDescriptor&)’
   55 |   FileDescriptor& operator=(const FileDescriptor& fd) {
      |                   ^~~~~~~~
In file included from ./db/memtable.h:21,
                 from ./db/memtable_list.h:17,
                 from ./db/column_family.h:17,
                 from ./db/version_set.h:31,
                 from ./db/compaction/compaction.h:11,
                 from ./db/compaction/compaction_iterator.h:13,
                 from db/builder.cc:16:
./db/version_edit.h: In constructor ‘rocksdb::FdWithKeyRange::FdWithKeyRange(rocksdb::FileDescriptor, rocksdb::Slice, rocksdb::Slice, rocksdb::FileMetaData*)’:
./db/version_edit.h:175:9: warning: implicitly-declared ‘constexpr rocksdb::FileDescriptor::FileDescriptor(const rocksdb::FileDescriptor&)’ is deprecated [-Wdeprecated-copy]
  175 |       : fd(_fd),
      |         ^~~~~~~
./db/version_edit.h:55:19: note: because ‘rocksdb::FileDescriptor’ has user-provided ‘rocksdb::FileDescriptor& rocksdb::FileDescriptor::operator=(const rocksdb::FileDescriptor&)’
   55 |   FileDescriptor& operator=(const FileDescriptor& fd) {
      |                   ^~~~~~~~
In file included from ./db/memtable.h:21,
                 from ./db/memtable_list.h:17,
                 from ./db/column_family.h:17,
                 from ./db/version_set.h:31,
                 from ./db/compaction/compaction.h:11,
                 from ./db/compaction/compaction_iterator.h:13,
                 from db/compaction/compaction_iterator.cc:6:
./db/version_edit.h: In constructor ‘rocksdb::FdWithKeyRange::FdWithKeyRange(rocksdb::FileDescriptor, rocksdb::Slice, rocksdb::Slice, rocksdb::FileMetaData*)’:
./db/version_edit.h:175:9: warning: implicitly-declared ‘constexpr rocksdb::FileDescriptor::FileDescriptor(const rocksdb::FileDescriptor&)’ is deprecated [-Wdeprecated-copy]
  175 |       : fd(_fd),
      |         ^~~~~~~
./db/version_edit.h:55:19: note: because ‘rocksdb::FileDescriptor’ has user-provided ‘rocksdb::FileDescriptor& rocksdb::FileDescriptor::operator=(const rocksdb::FileDescriptor&)’
   55 |   FileDescriptor& operator=(const FileDescriptor& fd) {
      |                   ^~~~~~~~
In file included from ./db/memtable.h:21,
                 from ./db/memtable_list.h:17,
                 from ./db/column_family.h:17,
                 from ./db/compaction/compaction_job.h:20,
                 from db/compaction/compaction_job.cc:22:
./db/version_edit.h: In constructor ‘rocksdb::FdWithKeyRange::FdWithKeyRange(rocksdb::FileDescriptor, rocksdb::Slice, rocksdb::Slice, rocksdb::FileMetaData*)’:
./db/version_edit.h:175:9: warning: implicitly-declared ‘constexpr rocksdb::FileDescriptor::FileDescriptor(const rocksdb::FileDescriptor&)’ is deprecated [-Wdeprecated-copy]
  175 |       : fd(_fd),
      |         ^~~~~~~
./db/version_edit.h:55:19: note: because ‘rocksdb::FileDescriptor’ has user-provided ‘rocksdb::FileDescriptor& rocksdb::FileDescriptor::operator=(const rocksdb::FileDescriptor&)’
   55 |   FileDescriptor& operator=(const FileDescriptor& fd) {
      |                   ^~~~~~~~
In file included from ./db/memtable.h:21,
                 from ./db/memtable_list.h:17,
                 from ./db/column_family.h:17,
                 from ./db/version_set.h:31,
                 from ./db/compaction/compaction.h:11,
                 from ./db/compaction/compaction_picker.h:18,
                 from db/compaction/compaction_picker.cc:10:
./db/version_edit.h: In constructor ‘rocksdb::FdWithKeyRange::FdWithKeyRange(rocksdb::FileDescriptor, rocksdb::Slice, rocksdb::Slice, rocksdb::FileMetaData*)’:
./db/version_edit.h:175:9: warning: implicitly-declared ‘constexpr rocksdb::FileDescriptor::FileDescriptor(const rocksdb::FileDescriptor&)’ is deprecated [-Wdeprecated-copy]
  175 |       : fd(_fd),
      |         ^~~~~~~
./db/version_edit.h:55:19: note: because ‘rocksdb::FileDescriptor’ has user-provided ‘rocksdb::FileDescriptor& rocksdb::FileDescriptor::operator=(const rocksdb::FileDescriptor&)’
   55 |   FileDescriptor& operator=(const FileDescriptor& fd) {
      |                   ^~~~~~~~
./db/version_edit.h: In instantiation of ‘constexpr std::pair<_T1, _T2>::pair(_U1&&, _U2&&) [with _U1 = int&; _U2 = rocksdb::FileMetaData; typename std::enable_if<(std::_PCC<true, _T1, _T2>::_MoveConstructiblePair<_U1, _U2>() && std::_PCC<true, _T1, _T2>::_ImplicitlyMoveConvertiblePair<_U1, _U2>()), bool>::type <anonymous> = true; _T1 = int; _T2 = rocksdb::FileMetaData]’:
/usr/include/c++/11/ext/new_allocator.h:162:4:   required from ‘void __gnu_cxx::new_allocator<_Tp>::construct(_Up*, _Args&& ...) [with _Up = std::pair<int, rocksdb::FileMetaData>; _Args = {int&, rocksdb::FileMetaData}; _Tp = std::pair<int, rocksdb::FileMetaData>]’
/usr/include/c++/11/bits/alloc_traits.h:516:17:   required from ‘static void std::allocator_traits<std::allocator<_Tp1> >::construct(std::allocator_traits<std::allocator<_Tp1> >::allocator_type&, _Up*, _Args&& ...) [with _Up = std::pair<int, rocksdb::FileMetaData>; _Args = {int&, rocksdb::FileMetaData}; _Tp = std::pair<int, rocksdb::FileMetaData>; std::allocator_traits<std::allocator<_Tp1> >::allocator_type = std::allocator<std::pair<int, rocksdb::FileMetaData> >]’
/usr/include/c++/11/bits/vector.tcc:115:30:   required from ‘void std::vector<_Tp, _Alloc>::emplace_back(_Args&& ...) [with _Args = {int&, rocksdb::FileMetaData}; _Tp = std::pair<int, rocksdb::FileMetaData>; _Alloc = std::allocator<std::pair<int, rocksdb::FileMetaData> >]’
./db/version_edit.h:253:28:   required from here
./db/version_edit.h:86:8: warning: implicitly-declared ‘constexpr rocksdb::FileDescriptor::FileDescriptor(const rocksdb::FileDescriptor&)’ is deprecated [-Wdeprecated-copy]
   86 | struct FileMetaData {
      |        ^~~~~~~~~~~~
./db/version_edit.h:55:19: note: because ‘rocksdb::FileDescriptor’ has user-provided ‘rocksdb::FileDescriptor& rocksdb::FileDescriptor::operator=(const rocksdb::FileDescriptor&)’
   55 |   FileDescriptor& operator=(const FileDescriptor& fd) {
      |                   ^~~~~~~~
In file included from /usr/include/c++/11/bits/stl_algobase.h:64,
                 from /usr/include/c++/11/vector:60,
                 from db/compaction/compaction.cc:11:
/usr/include/c++/11/bits/stl_pair.h:353:42: note: synthesized method ‘rocksdb::FileMetaData::FileMetaData(rocksdb::FileMetaData&&)’ first required here
  353 |         : first(std::forward<_U1>(__x)), second(std::forward<_U2>(__y)) { }
      |                                          ^~~~~~~~~~~~~~~~~~~~~~~~~~~~~~
In file included from ./db/memtable.h:21,
                 from ./db/memtable_list.h:17,
                 from ./db/column_family.h:17,
                 from db/compaction/compaction.cc:13:
./db/version_edit.h: In instantiation of ‘constexpr std::pair<_T1, _T2>::pair(_U1&&, const _T2&) [with _U1 = int&; typename std::enable_if<std::_PCC<true, _T1, _T2>::_MoveCopyPair<true, _U1, _T2>(), bool>::type <anonymous> = true; _T1 = int; _T2 = rocksdb::FileMetaData]’:
/usr/include/c++/11/ext/new_allocator.h:162:4:   required from ‘void __gnu_cxx::new_allocator<_Tp>::construct(_Up*, _Args&& ...) [with _Up = std::pair<int, rocksdb::FileMetaData>; _Args = {int&, const rocksdb::FileMetaData&}; _Tp = std::pair<int, rocksdb::FileMetaData>]’
/usr/include/c++/11/bits/alloc_traits.h:516:17:   required from ‘static void std::allocator_traits<std::allocator<_Tp1> >::construct(std::allocator_traits<std::allocator<_Tp1> >::allocator_type&, _Up*, _Args&& ...) [with _Up = std::pair<int, rocksdb::FileMetaData>; _Args = {int&, const rocksdb::FileMetaData&}; _Tp = std::pair<int, rocksdb::FileMetaData>; std::allocator_traits<std::allocator<_Tp1> >::allocator_type = std::allocator<std::pair<int, rocksdb::FileMetaData> >]’
/usr/include/c++/11/bits/vector.tcc:115:30:   required from ‘void std::vector<_Tp, _Alloc>::emplace_back(_Args&& ...) [with _Args = {int&, const rocksdb::FileMetaData&}; _Tp = std::pair<int, rocksdb::FileMetaData>; _Alloc = std::allocator<std::pair<int, rocksdb::FileMetaData> >]’
./db/version_edit.h:258:28:   required from here
./db/version_edit.h:86:8: warning: implicitly-declared ‘constexpr rocksdb::FileDescriptor::FileDescriptor(const rocksdb::FileDescriptor&)’ is deprecated [-Wdeprecated-copy]
   86 | struct FileMetaData {
      |        ^~~~~~~~~~~~
./db/version_edit.h:55:19: note: because ‘rocksdb::FileDescriptor’ has user-provided ‘rocksdb::FileDescriptor& rocksdb::FileDescriptor::operator=(const rocksdb::FileDescriptor&)’
   55 |   FileDescriptor& operator=(const FileDescriptor& fd) {
      |                   ^~~~~~~~
In file included from /usr/include/c++/11/bits/stl_algobase.h:64,
                 from /usr/include/c++/11/vector:60,
                 from db/compaction/compaction.cc:11:
/usr/include/c++/11/bits/stl_pair.h:323:41: note: synthesized method ‘rocksdb::FileMetaData::FileMetaData(const rocksdb::FileMetaData&)’ first required here
  323 |        : first(std::forward<_U1>(__x)), second(__y) { }
      |                                         ^~~~~~~~~~~
./db/version_edit.h: In instantiation of ‘constexpr std::pair<_T1, _T2>::pair(_U1&&, _U2&&) [with _U1 = int&; _U2 = rocksdb::FileMetaData; typename std::enable_if<(std::_PCC<true, _T1, _T2>::_MoveConstructiblePair<_U1, _U2>() && std::_PCC<true, _T1, _T2>::_ImplicitlyMoveConvertiblePair<_U1, _U2>()), bool>::type <anonymous> = true; _T1 = int; _T2 = rocksdb::FileMetaData]’:
/usr/include/c++/11/ext/new_allocator.h:162:4:   required from ‘void __gnu_cxx::new_allocator<_Tp>::construct(_Up*, _Args&& ...) [with _Up = std::pair<int, rocksdb::FileMetaData>; _Args = {int&, rocksdb::FileMetaData}; _Tp = std::pair<int, rocksdb::FileMetaData>]’
/usr/include/c++/11/bits/alloc_traits.h:516:17:   required from ‘static void std::allocator_traits<std::allocator<_CharT> >::construct(std::allocator_traits<std::allocator<_CharT> >::allocator_type&, _Up*, _Args&& ...) [with _Up = std::pair<int, rocksdb::FileMetaData>; _Args = {int&, rocksdb::FileMetaData}; _Tp = std::pair<int, rocksdb::FileMetaData>; std::allocator_traits<std::allocator<_CharT> >::allocator_type = std::allocator<std::pair<int, rocksdb::FileMetaData> >]’
/usr/include/c++/11/bits/vector.tcc:115:30:   required from ‘void std::vector<_Tp, _Alloc>::emplace_back(_Args&& ...) [with _Args = {int&, rocksdb::FileMetaData}; _Tp = std::pair<int, rocksdb::FileMetaData>; _Alloc = std::allocator<std::pair<int, rocksdb::FileMetaData> >]’
./db/version_edit.h:253:28:   required from here
./db/version_edit.h:86:8: warning: implicitly-declared ‘constexpr rocksdb::FileDescriptor::FileDescriptor(const rocksdb::FileDescriptor&)’ is deprecated [-Wdeprecated-copy]
   86 | struct FileMetaData {
      |        ^~~~~~~~~~~~
./db/version_edit.h:55:19: note: because ‘rocksdb::FileDescriptor’ has user-provided ‘rocksdb::FileDescriptor& rocksdb::FileDescriptor::operator=(const rocksdb::FileDescriptor&)’
   55 |   FileDescriptor& operator=(const FileDescriptor& fd) {
      |                   ^~~~~~~~
In file included from /usr/include/c++/11/bits/stl_algobase.h:64,
                 from /usr/include/c++/11/bits/char_traits.h:39,
                 from /usr/include/c++/11/string:40,
                 from ./db/builder.h:9,
                 from db/builder.cc:10:
/usr/include/c++/11/bits/stl_pair.h:353:42: note: synthesized method ‘rocksdb::FileMetaData::FileMetaData(rocksdb::FileMetaData&&)’ first required here
  353 |         : first(std::forward<_U1>(__x)), second(std::forward<_U2>(__y)) { }
      |                                          ^~~~~~~~~~~~~~~~~~~~~~~~~~~~~~
In file included from ./db/memtable.h:21,
                 from ./db/memtable_list.h:17,
                 from ./db/column_family.h:17,
                 from ./db/version_set.h:31,
                 from ./db/compaction/compaction.h:11,
                 from ./db/compaction/compaction_iterator.h:13,
                 from db/builder.cc:16:
./db/version_edit.h: In instantiation of ‘constexpr std::pair<_T1, _T2>::pair(_U1&&, const _T2&) [with _U1 = int&; typename std::enable_if<std::_PCC<true, _T1, _T2>::_MoveCopyPair<true, _U1, _T2>(), bool>::type <anonymous> = true; _T1 = int; _T2 = rocksdb::FileMetaData]’:
/usr/include/c++/11/ext/new_allocator.h:162:4:   required from ‘void __gnu_cxx::new_allocator<_Tp>::construct(_Up*, _Args&& ...) [with _Up = std::pair<int, rocksdb::FileMetaData>; _Args = {int&, const rocksdb::FileMetaData&}; _Tp = std::pair<int, rocksdb::FileMetaData>]’
/usr/include/c++/11/bits/alloc_traits.h:516:17:   required from ‘static void std::allocator_traits<std::allocator<_CharT> >::construct(std::allocator_traits<std::allocator<_CharT> >::allocator_type&, _Up*, _Args&& ...) [with _Up = std::pair<int, rocksdb::FileMetaData>; _Args = {int&, const rocksdb::FileMetaData&}; _Tp = std::pair<int, rocksdb::FileMetaData>; std::allocator_traits<std::allocator<_CharT> >::allocator_type = std::allocator<std::pair<int, rocksdb::FileMetaData> >]’
/usr/include/c++/11/bits/vector.tcc:115:30:   required from ‘void std::vector<_Tp, _Alloc>::emplace_back(_Args&& ...) [with _Args = {int&, const rocksdb::FileMetaData&}; _Tp = std::pair<int, rocksdb::FileMetaData>; _Alloc = std::allocator<std::pair<int, rocksdb::FileMetaData> >]’
./db/version_edit.h:258:28:   required from here
./db/version_edit.h:86:8: warning: implicitly-declared ‘constexpr rocksdb::FileDescriptor::FileDescriptor(const rocksdb::FileDescriptor&)’ is deprecated [-Wdeprecated-copy]
   86 | struct FileMetaData {
      |        ^~~~~~~~~~~~
./db/version_edit.h:55:19: note: because ‘rocksdb::FileDescriptor’ has user-provided ‘rocksdb::FileDescriptor& rocksdb::FileDescriptor::operator=(const rocksdb::FileDescriptor&)’
   55 |   FileDescriptor& operator=(const FileDescriptor& fd) {
      |                   ^~~~~~~~
In file included from /usr/include/c++/11/bits/stl_algobase.h:64,
                 from /usr/include/c++/11/bits/char_traits.h:39,
                 from /usr/include/c++/11/string:40,
                 from ./db/builder.h:9,
                 from db/builder.cc:10:
/usr/include/c++/11/bits/stl_pair.h:323:41: note: synthesized method ‘rocksdb::FileMetaData::FileMetaData(const rocksdb::FileMetaData&)’ first required here
  323 |        : first(std::forward<_U1>(__x)), second(__y) { }
      |                                         ^~~~~~~~~~~
./db/version_edit.h: In instantiation of ‘constexpr std::pair<_T1, _T2>::pair(_U1&&, _U2&&) [with _U1 = int&; _U2 = rocksdb::FileMetaData; typename std::enable_if<(std::_PCC<true, _T1, _T2>::_MoveConstructiblePair<_U1, _U2>() && std::_PCC<true, _T1, _T2>::_ImplicitlyMoveConvertiblePair<_U1, _U2>()), bool>::type <anonymous> = true; _T1 = int; _T2 = rocksdb::FileMetaData]’:
/usr/include/c++/11/ext/new_allocator.h:162:4:   required from ‘void __gnu_cxx::new_allocator<_Tp>::construct(_Up*, _Args&& ...) [with _Up = std::pair<int, rocksdb::FileMetaData>; _Args = {int&, rocksdb::FileMetaData}; _Tp = std::pair<int, rocksdb::FileMetaData>]’
/usr/include/c++/11/bits/alloc_traits.h:516:17:   required from ‘static void std::allocator_traits<std::allocator<_Tp1> >::construct(std::allocator_traits<std::allocator<_Tp1> >::allocator_type&, _Up*, _Args&& ...) [with _Up = std::pair<int, rocksdb::FileMetaData>; _Args = {int&, rocksdb::FileMetaData}; _Tp = std::pair<int, rocksdb::FileMetaData>; std::allocator_traits<std::allocator<_Tp1> >::allocator_type = std::allocator<std::pair<int, rocksdb::FileMetaData> >]’
/usr/include/c++/11/bits/vector.tcc:115:30:   required from ‘void std::vector<_Tp, _Alloc>::emplace_back(_Args&& ...) [with _Args = {int&, rocksdb::FileMetaData}; _Tp = std::pair<int, rocksdb::FileMetaData>; _Alloc = std::allocator<std::pair<int, rocksdb::FileMetaData> >]’
./db/version_edit.h:253:28:   required from here
./db/version_edit.h:86:8: warning: implicitly-declared ‘constexpr rocksdb::FileDescriptor::FileDescriptor(const rocksdb::FileDescriptor&)’ is deprecated [-Wdeprecated-copy]
   86 | struct FileMetaData {
      |        ^~~~~~~~~~~~
./db/version_edit.h:55:19: note: because ‘rocksdb::FileDescriptor’ has user-provided ‘rocksdb::FileDescriptor& rocksdb::FileDescriptor::operator=(const rocksdb::FileDescriptor&)’
   55 |   FileDescriptor& operator=(const FileDescriptor& fd) {
      |                   ^~~~~~~~
In file included from /usr/include/c++/11/utility:70,
                 from /usr/include/c++/11/algorithm:60,
                 from ./db/compaction/compaction_iterator.h:7,
                 from db/compaction/compaction_iterator.cc:6:
/usr/include/c++/11/bits/stl_pair.h:353:42: note: synthesized method ‘rocksdb::FileMetaData::FileMetaData(rocksdb::FileMetaData&&)’ first required here
  353 |         : first(std::forward<_U1>(__x)), second(std::forward<_U2>(__y)) { }
      |                                          ^~~~~~~~~~~~~~~~~~~~~~~~~~~~~~
In file included from ./db/memtable.h:21,
                 from ./db/memtable_list.h:17,
                 from ./db/column_family.h:17,
                 from ./db/version_set.h:31,
                 from ./db/compaction/compaction.h:11,
                 from ./db/compaction/compaction_iterator.h:13,
                 from db/compaction/compaction_iterator.cc:6:
./db/version_edit.h: In instantiation of ‘constexpr std::pair<_T1, _T2>::pair(_U1&&, const _T2&) [with _U1 = int&; typename std::enable_if<std::_PCC<true, _T1, _T2>::_MoveCopyPair<true, _U1, _T2>(), bool>::type <anonymous> = true; _T1 = int; _T2 = rocksdb::FileMetaData]’:
/usr/include/c++/11/ext/new_allocator.h:162:4:   required from ‘void __gnu_cxx::new_allocator<_Tp>::construct(_Up*, _Args&& ...) [with _Up = std::pair<int, rocksdb::FileMetaData>; _Args = {int&, const rocksdb::FileMetaData&}; _Tp = std::pair<int, rocksdb::FileMetaData>]’
/usr/include/c++/11/bits/alloc_traits.h:516:17:   required from ‘static void std::allocator_traits<std::allocator<_Tp1> >::construct(std::allocator_traits<std::allocator<_Tp1> >::allocator_type&, _Up*, _Args&& ...) [with _Up = std::pair<int, rocksdb::FileMetaData>; _Args = {int&, const rocksdb::FileMetaData&}; _Tp = std::pair<int, rocksdb::FileMetaData>; std::allocator_traits<std::allocator<_Tp1> >::allocator_type = std::allocator<std::pair<int, rocksdb::FileMetaData> >]’
/usr/include/c++/11/bits/vector.tcc:115:30:   required from ‘void std::vector<_Tp, _Alloc>::emplace_back(_Args&& ...) [with _Args = {int&, const rocksdb::FileMetaData&}; _Tp = std::pair<int, rocksdb::FileMetaData>; _Alloc = std::allocator<std::pair<int, rocksdb::FileMetaData> >]’
./db/version_edit.h:258:28:   required from here
./db/version_edit.h:86:8: warning: implicitly-declared ‘constexpr rocksdb::FileDescriptor::FileDescriptor(const rocksdb::FileDescriptor&)’ is deprecated [-Wdeprecated-copy]
   86 | struct FileMetaData {
      |        ^~~~~~~~~~~~
./db/version_edit.h:55:19: note: because ‘rocksdb::FileDescriptor’ has user-provided ‘rocksdb::FileDescriptor& rocksdb::FileDescriptor::operator=(const rocksdb::FileDescriptor&)’
   55 |   FileDescriptor& operator=(const FileDescriptor& fd) {
      |                   ^~~~~~~~
In file included from /usr/include/c++/11/utility:70,
                 from /usr/include/c++/11/algorithm:60,
                 from ./db/compaction/compaction_iterator.h:7,
                 from db/compaction/compaction_iterator.cc:6:
/usr/include/c++/11/bits/stl_pair.h:323:41: note: synthesized method ‘rocksdb::FileMetaData::FileMetaData(const rocksdb::FileMetaData&)’ first required here
  323 |        : first(std::forward<_U1>(__x)), second(__y) { }
      |                                         ^~~~~~~~~~~
./db/version_edit.h: In instantiation of ‘constexpr std::pair<_T1, _T2>::pair(_U1&&, _U2&&) [with _U1 = int&; _U2 = rocksdb::FileMetaData; typename std::enable_if<(std::_PCC<true, _T1, _T2>::_MoveConstructiblePair<_U1, _U2>() && std::_PCC<true, _T1, _T2>::_ImplicitlyMoveConvertiblePair<_U1, _U2>()), bool>::type <anonymous> = true; _T1 = int; _T2 = rocksdb::FileMetaData]’:
/usr/include/c++/11/ext/new_allocator.h:162:4:   required from ‘void __gnu_cxx::new_allocator<_Tp>::construct(_Up*, _Args&& ...) [with _Up = std::pair<int, rocksdb::FileMetaData>; _Args = {int&, rocksdb::FileMetaData}; _Tp = std::pair<int, rocksdb::FileMetaData>]’
/usr/include/c++/11/bits/alloc_traits.h:516:17:   required from ‘static void std::allocator_traits<std::allocator<_CharT> >::construct(std::allocator_traits<std::allocator<_CharT> >::allocator_type&, _Up*, _Args&& ...) [with _Up = std::pair<int, rocksdb::FileMetaData>; _Args = {int&, rocksdb::FileMetaData}; _Tp = std::pair<int, rocksdb::FileMetaData>; std::allocator_traits<std::allocator<_CharT> >::allocator_type = std::allocator<std::pair<int, rocksdb::FileMetaData> >]’
/usr/include/c++/11/bits/vector.tcc:115:30:   required from ‘void std::vector<_Tp, _Alloc>::emplace_back(_Args&& ...) [with _Args = {int&, rocksdb::FileMetaData}; _Tp = std::pair<int, rocksdb::FileMetaData>; _Alloc = std::allocator<std::pair<int, rocksdb::FileMetaData> >]’
./db/version_edit.h:253:28:   required from here
./db/version_edit.h:86:8: warning: implicitly-declared ‘constexpr rocksdb::FileDescriptor::FileDescriptor(const rocksdb::FileDescriptor&)’ is deprecated [-Wdeprecated-copy]
   86 | struct FileMetaData {
      |        ^~~~~~~~~~~~
./db/version_edit.h:55:19: note: because ‘rocksdb::FileDescriptor’ has user-provided ‘rocksdb::FileDescriptor& rocksdb::FileDescriptor::operator=(const rocksdb::FileDescriptor&)’
   55 |   FileDescriptor& operator=(const FileDescriptor& fd) {
      |                   ^~~~~~~~
In file included from /usr/include/c++/11/bits/stl_algobase.h:64,
                 from /usr/include/c++/11/bits/char_traits.h:39,
                 from /usr/include/c++/11/string:40,
                 from ./db/compacted_db_impl.h:8,
                 from db/compacted_db_impl.cc:7:
/usr/include/c++/11/bits/stl_pair.h:353:42: note: synthesized method ‘rocksdb::FileMetaData::FileMetaData(rocksdb::FileMetaData&&)’ first required here
  353 |         : first(std::forward<_U1>(__x)), second(std::forward<_U2>(__y)) { }
      |                                          ^~~~~~~~~~~~~~~~~~~~~~~~~~~~~~
In file included from ./db/memtable.h:21,
                 from ./db/memtable_list.h:17,
                 from ./db/column_family.h:17,
                 from ./db/db_impl/db_impl.h:22,
                 from ./db/compacted_db_impl.h:10,
                 from db/compacted_db_impl.cc:7:
./db/version_edit.h: In instantiation of ‘constexpr std::pair<_T1, _T2>::pair(_U1&&, const _T2&) [with _U1 = int&; typename std::enable_if<std::_PCC<true, _T1, _T2>::_MoveCopyPair<true, _U1, _T2>(), bool>::type <anonymous> = true; _T1 = int; _T2 = rocksdb::FileMetaData]’:
/usr/include/c++/11/ext/new_allocator.h:162:4:   required from ‘void __gnu_cxx::new_allocator<_Tp>::construct(_Up*, _Args&& ...) [with _Up = std::pair<int, rocksdb::FileMetaData>; _Args = {int&, const rocksdb::FileMetaData&}; _Tp = std::pair<int, rocksdb::FileMetaData>]’
/usr/include/c++/11/bits/alloc_traits.h:516:17:   required from ‘static void std::allocator_traits<std::allocator<_CharT> >::construct(std::allocator_traits<std::allocator<_CharT> >::allocator_type&, _Up*, _Args&& ...) [with _Up = std::pair<int, rocksdb::FileMetaData>; _Args = {int&, const rocksdb::FileMetaData&}; _Tp = std::pair<int, rocksdb::FileMetaData>; std::allocator_traits<std::allocator<_CharT> >::allocator_type = std::allocator<std::pair<int, rocksdb::FileMetaData> >]’
/usr/include/c++/11/bits/vector.tcc:115:30:   required from ‘void std::vector<_Tp, _Alloc>::emplace_back(_Args&& ...) [with _Args = {int&, const rocksdb::FileMetaData&}; _Tp = std::pair<int, rocksdb::FileMetaData>; _Alloc = std::allocator<std::pair<int, rocksdb::FileMetaData> >]’
./db/version_edit.h:258:28:   required from here
./db/version_edit.h:86:8: warning: implicitly-declared ‘constexpr rocksdb::FileDescriptor::FileDescriptor(const rocksdb::FileDescriptor&)’ is deprecated [-Wdeprecated-copy]
   86 | struct FileMetaData {
      |        ^~~~~~~~~~~~
./db/version_edit.h:55:19: note: because ‘rocksdb::FileDescriptor’ has user-provided ‘rocksdb::FileDescriptor& rocksdb::FileDescriptor::operator=(const rocksdb::FileDescriptor&)’
   55 |   FileDescriptor& operator=(const FileDescriptor& fd) {
      |                   ^~~~~~~~
In file included from /usr/include/c++/11/bits/stl_algobase.h:64,
                 from /usr/include/c++/11/bits/char_traits.h:39,
                 from /usr/include/c++/11/string:40,
                 from ./db/compacted_db_impl.h:8,
                 from db/compacted_db_impl.cc:7:
/usr/include/c++/11/bits/stl_pair.h:323:41: note: synthesized method ‘rocksdb::FileMetaData::FileMetaData(const rocksdb::FileMetaData&)’ first required here
  323 |        : first(std::forward<_U1>(__x)), second(__y) { }
      |                                         ^~~~~~~~~~~
./db/version_edit.h: In instantiation of ‘constexpr std::pair<_T1, _T2>::pair(_U1&&, _U2&&) [with _U1 = int&; _U2 = rocksdb::FileMetaData; typename std::enable_if<(std::_PCC<true, _T1, _T2>::_MoveConstructiblePair<_U1, _U2>() && std::_PCC<true, _T1, _T2>::_ImplicitlyMoveConvertiblePair<_U1, _U2>()), bool>::type <anonymous> = true; _T1 = int; _T2 = rocksdb::FileMetaData]’:
/usr/include/c++/11/ext/new_allocator.h:162:4:   required from ‘void __gnu_cxx::new_allocator<_Tp>::construct(_Up*, _Args&& ...) [with _Up = std::pair<int, rocksdb::FileMetaData>; _Args = {int&, rocksdb::FileMetaData}; _Tp = std::pair<int, rocksdb::FileMetaData>]’
/usr/include/c++/11/bits/alloc_traits.h:516:17:   required from ‘static void std::allocator_traits<std::allocator<_Tp1> >::construct(std::allocator_traits<std::allocator<_Tp1> >::allocator_type&, _Up*, _Args&& ...) [with _Up = std::pair<int, rocksdb::FileMetaData>; _Args = {int&, rocksdb::FileMetaData}; _Tp = std::pair<int, rocksdb::FileMetaData>; std::allocator_traits<std::allocator<_Tp1> >::allocator_type = std::allocator<std::pair<int, rocksdb::FileMetaData> >]’
/usr/include/c++/11/bits/vector.tcc:115:30:   required from ‘void std::vector<_Tp, _Alloc>::emplace_back(_Args&& ...) [with _Args = {int&, rocksdb::FileMetaData}; _Tp = std::pair<int, rocksdb::FileMetaData>; _Alloc = std::allocator<std::pair<int, rocksdb::FileMetaData> >]’
./db/version_edit.h:253:28:   required from here
./db/version_edit.h:86:8: warning: implicitly-declared ‘constexpr rocksdb::FileDescriptor::FileDescriptor(const rocksdb::FileDescriptor&)’ is deprecated [-Wdeprecated-copy]
   86 | struct FileMetaData {
      |        ^~~~~~~~~~~~
./db/version_edit.h:55:19: note: because ‘rocksdb::FileDescriptor’ has user-provided ‘rocksdb::FileDescriptor& rocksdb::FileDescriptor::operator=(const rocksdb::FileDescriptor&)’
   55 |   FileDescriptor& operator=(const FileDescriptor& fd) {
      |                   ^~~~~~~~
In file included from /usr/include/c++/11/unordered_map:43,
                 from ./db/column_family.h:12,
                 from db/column_family.cc:10:
/usr/include/c++/11/bits/stl_pair.h:353:42: note: synthesized method ‘rocksdb::FileMetaData::FileMetaData(rocksdb::FileMetaData&&)’ first required here
  353 |         : first(std::forward<_U1>(__x)), second(std::forward<_U2>(__y)) { }
      |                                          ^~~~~~~~~~~~~~~~~~~~~~~~~~~~~~
In file included from ./db/memtable.h:21,
                 from ./db/memtable_list.h:17,
                 from ./db/column_family.h:17,
                 from db/column_family.cc:10:
./db/version_edit.h: In instantiation of ‘constexpr std::pair<_T1, _T2>::pair(_U1&&, const _T2&) [with _U1 = int&; typename std::enable_if<std::_PCC<true, _T1, _T2>::_MoveCopyPair<true, _U1, _T2>(), bool>::type <anonymous> = true; _T1 = int; _T2 = rocksdb::FileMetaData]’:
/usr/include/c++/11/ext/new_allocator.h:162:4:   required from ‘void __gnu_cxx::new_allocator<_Tp>::construct(_Up*, _Args&& ...) [with _Up = std::pair<int, rocksdb::FileMetaData>; _Args = {int&, const rocksdb::FileMetaData&}; _Tp = std::pair<int, rocksdb::FileMetaData>]’
/usr/include/c++/11/bits/alloc_traits.h:516:17:   required from ‘static void std::allocator_traits<std::allocator<_Tp1> >::construct(std::allocator_traits<std::allocator<_Tp1> >::allocator_type&, _Up*, _Args&& ...) [with _Up = std::pair<int, rocksdb::FileMetaData>; _Args = {int&, const rocksdb::FileMetaData&}; _Tp = std::pair<int, rocksdb::FileMetaData>; std::allocator_traits<std::allocator<_Tp1> >::allocator_type = std::allocator<std::pair<int, rocksdb::FileMetaData> >]’
/usr/include/c++/11/bits/vector.tcc:115:30:   required from ‘void std::vector<_Tp, _Alloc>::emplace_back(_Args&& ...) [with _Args = {int&, const rocksdb::FileMetaData&}; _Tp = std::pair<int, rocksdb::FileMetaData>; _Alloc = std::allocator<std::pair<int, rocksdb::FileMetaData> >]’
./db/version_edit.h:258:28:   required from here
./db/version_edit.h:86:8: warning: implicitly-declared ‘constexpr rocksdb::FileDescriptor::FileDescriptor(const rocksdb::FileDescriptor&)’ is deprecated [-Wdeprecated-copy]
   86 | struct FileMetaData {
      |        ^~~~~~~~~~~~
./db/version_edit.h:55:19: note: because ‘rocksdb::FileDescriptor’ has user-provided ‘rocksdb::FileDescriptor& rocksdb::FileDescriptor::operator=(const rocksdb::FileDescriptor&)’
   55 |   FileDescriptor& operator=(const FileDescriptor& fd) {
      |                   ^~~~~~~~
In file included from /usr/include/c++/11/unordered_map:43,
                 from ./db/column_family.h:12,
                 from db/column_family.cc:10:
/usr/include/c++/11/bits/stl_pair.h:323:41: note: synthesized method ‘rocksdb::FileMetaData::FileMetaData(const rocksdb::FileMetaData&)’ first required here
  323 |        : first(std::forward<_U1>(__x)), second(__y) { }
      |                                         ^~~~~~~~~~~
./db/version_edit.h: In instantiation of ‘constexpr std::pair<_T1, _T2>::pair(_U1&&, _U2&&) [with _U1 = int&; _U2 = rocksdb::FileMetaData; typename std::enable_if<(std::_PCC<true, _T1, _T2>::_MoveConstructiblePair<_U1, _U2>() && std::_PCC<true, _T1, _T2>::_ImplicitlyMoveConvertiblePair<_U1, _U2>()), bool>::type <anonymous> = true; _T1 = int; _T2 = rocksdb::FileMetaData]’:
/usr/include/c++/11/ext/new_allocator.h:162:4:   required from ‘void __gnu_cxx::new_allocator<_Tp>::construct(_Up*, _Args&& ...) [with _Up = std::pair<int, rocksdb::FileMetaData>; _Args = {int&, rocksdb::FileMetaData}; _Tp = std::pair<int, rocksdb::FileMetaData>]’
/usr/include/c++/11/bits/alloc_traits.h:516:17:   required from ‘static void std::allocator_traits<std::allocator<_Tp1> >::construct(std::allocator_traits<std::allocator<_Tp1> >::allocator_type&, _Up*, _Args&& ...) [with _Up = std::pair<int, rocksdb::FileMetaData>; _Args = {int&, rocksdb::FileMetaData}; _Tp = std::pair<int, rocksdb::FileMetaData>; std::allocator_traits<std::allocator<_Tp1> >::allocator_type = std::allocator<std::pair<int, rocksdb::FileMetaData> >]’
/usr/include/c++/11/bits/vector.tcc:115:30:   required from ‘void std::vector<_Tp, _Alloc>::emplace_back(_Args&& ...) [with _Args = {int&, rocksdb::FileMetaData}; _Tp = std::pair<int, rocksdb::FileMetaData>; _Alloc = std::allocator<std::pair<int, rocksdb::FileMetaData> >]’
./db/version_edit.h:253:28:   required from here
./db/version_edit.h:86:8: warning: implicitly-declared ‘constexpr rocksdb::FileDescriptor::FileDescriptor(const rocksdb::FileDescriptor&)’ is deprecated [-Wdeprecated-copy]
   86 | struct FileMetaData {
      |        ^~~~~~~~~~~~
./db/version_edit.h:55:19: note: because ‘rocksdb::FileDescriptor’ has user-provided ‘rocksdb::FileDescriptor& rocksdb::FileDescriptor::operator=(const rocksdb::FileDescriptor&)’
   55 |   FileDescriptor& operator=(const FileDescriptor& fd) {
      |                   ^~~~~~~~
In file included from /usr/include/c++/11/bits/stl_algobase.h:64,
                 from /usr/include/c++/11/memory:63,
                 from ./db/compaction/compaction_picker.h:12,
                 from db/compaction/compaction_picker.cc:10:
/usr/include/c++/11/bits/stl_pair.h:353:42: note: synthesized method ‘rocksdb::FileMetaData::FileMetaData(rocksdb::FileMetaData&&)’ first required here
  353 |         : first(std::forward<_U1>(__x)), second(std::forward<_U2>(__y)) { }
      |                                          ^~~~~~~~~~~~~~~~~~~~~~~~~~~~~~
In file included from ./db/memtable.h:21,
                 from ./db/memtable_list.h:17,
                 from ./db/column_family.h:17,
                 from ./db/version_set.h:31,
                 from ./db/compaction/compaction.h:11,
                 from ./db/compaction/compaction_picker.h:18,
                 from db/compaction/compaction_picker.cc:10:
./db/version_edit.h: In instantiation of ‘constexpr std::pair<_T1, _T2>::pair(_U1&&, const _T2&) [with _U1 = int&; typename std::enable_if<std::_PCC<true, _T1, _T2>::_MoveCopyPair<true, _U1, _T2>(), bool>::type <anonymous> = true; _T1 = int; _T2 = rocksdb::FileMetaData]’:
/usr/include/c++/11/ext/new_allocator.h:162:4:   required from ‘void __gnu_cxx::new_allocator<_Tp>::construct(_Up*, _Args&& ...) [with _Up = std::pair<int, rocksdb::FileMetaData>; _Args = {int&, const rocksdb::FileMetaData&}; _Tp = std::pair<int, rocksdb::FileMetaData>]’
/usr/include/c++/11/bits/alloc_traits.h:516:17:   required from ‘static void std::allocator_traits<std::allocator<_Tp1> >::construct(std::allocator_traits<std::allocator<_Tp1> >::allocator_type&, _Up*, _Args&& ...) [with _Up = std::pair<int, rocksdb::FileMetaData>; _Args = {int&, const rocksdb::FileMetaData&}; _Tp = std::pair<int, rocksdb::FileMetaData>; std::allocator_traits<std::allocator<_Tp1> >::allocator_type = std::allocator<std::pair<int, rocksdb::FileMetaData> >]’
/usr/include/c++/11/bits/vector.tcc:115:30:   required from ‘void std::vector<_Tp, _Alloc>::emplace_back(_Args&& ...) [with _Args = {int&, const rocksdb::FileMetaData&}; _Tp = std::pair<int, rocksdb::FileMetaData>; _Alloc = std::allocator<std::pair<int, rocksdb::FileMetaData> >]’
./db/version_edit.h:258:28:   required from here
./db/version_edit.h:86:8: warning: implicitly-declared ‘constexpr rocksdb::FileDescriptor::FileDescriptor(const rocksdb::FileDescriptor&)’ is deprecated [-Wdeprecated-copy]
   86 | struct FileMetaData {
      |        ^~~~~~~~~~~~
./db/version_edit.h:55:19: note: because ‘rocksdb::FileDescriptor’ has user-provided ‘rocksdb::FileDescriptor& rocksdb::FileDescriptor::operator=(const rocksdb::FileDescriptor&)’
   55 |   FileDescriptor& operator=(const FileDescriptor& fd) {
      |                   ^~~~~~~~
In file included from /usr/include/c++/11/bits/stl_algobase.h:64,
                 from /usr/include/c++/11/memory:63,
                 from ./db/compaction/compaction_picker.h:12,
                 from db/compaction/compaction_picker.cc:10:
/usr/include/c++/11/bits/stl_pair.h:323:41: note: synthesized method ‘rocksdb::FileMetaData::FileMetaData(const rocksdb::FileMetaData&)’ first required here
  323 |        : first(std::forward<_U1>(__x)), second(__y) { }
      |                                         ^~~~~~~~~~~
./db/version_edit.h: In instantiation of ‘void __gnu_cxx::new_allocator<_Tp>::construct(_Up*, _Args&& ...) [with _Up = rocksdb::CompactionJob::SubcompactionState::Output; _Args = {const rocksdb::CompactionJob::SubcompactionState::Output&}; _Tp = rocksdb::CompactionJob::SubcompactionState::Output]’:
/usr/include/c++/11/bits/alloc_traits.h:516:17:   required from ‘static void std::allocator_traits<std::allocator<_Tp1> >::construct(std::allocator_traits<std::allocator<_Tp1> >::allocator_type&, _Up*, _Args&& ...) [with _Up = rocksdb::CompactionJob::SubcompactionState::Output; _Args = {const rocksdb::CompactionJob::SubcompactionState::Output&}; _Tp = rocksdb::CompactionJob::SubcompactionState::Output; std::allocator_traits<std::allocator<_Tp1> >::allocator_type = std::allocator<rocksdb::CompactionJob::SubcompactionState::Output>]’
/usr/include/c++/11/bits/stl_vector.h:1192:30:   required from ‘void std::vector<_Tp, _Alloc>::push_back(const value_type&) [with _Tp = rocksdb::CompactionJob::SubcompactionState::Output; _Alloc = std::allocator<rocksdb::CompactionJob::SubcompactionState::Output>; std::vector<_Tp, _Alloc>::value_type = rocksdb::CompactionJob::SubcompactionState::Output]’
db/compaction/compaction_job.cc:1464:33:   required from here
./db/version_edit.h:86:8: warning: implicitly-declared ‘constexpr rocksdb::FileDescriptor::FileDescriptor(const rocksdb::FileDescriptor&)’ is deprecated [-Wdeprecated-copy]
   86 | struct FileMetaData {
      |        ^~~~~~~~~~~~
./db/version_edit.h:55:19: note: because ‘rocksdb::FileDescriptor’ has user-provided ‘rocksdb::FileDescriptor& rocksdb::FileDescriptor::operator=(const rocksdb::FileDescriptor&)’
   55 |   FileDescriptor& operator=(const FileDescriptor& fd) {
      |                   ^~~~~~~~
db/compaction/compaction_job.cc:119:10: note: synthesized method ‘rocksdb::FileMetaData::FileMetaData(const rocksdb::FileMetaData&)’ first required here
  119 |   struct Output {
      |          ^~~~~~
In file included from /usr/include/x86_64-linux-gnu/c++/11/bits/c++allocator.h:33,
                 from /usr/include/c++/11/bits/allocator.h:46,
                 from /usr/include/c++/11/list:61,
                 from db/compaction/compaction_job.cc:13:
/usr/include/c++/11/ext/new_allocator.h:162:11: note: synthesized method ‘rocksdb::CompactionJob::SubcompactionState::Output::Output(const rocksdb::CompactionJob::SubcompactionState::Output&)’ first required here
  162 |         { ::new((void *)__p) _Up(std::forward<_Args>(__args)...); }
      |           ^~~~~~~~~~~~~~~~~~~~~~~~~~~~~~~~~~~~~~~~~~~~~~~~~~~~~~
In file included from ./db/memtable.h:21,
                 from ./db/memtable_list.h:17,
                 from ./db/column_family.h:17,
                 from ./db/compaction/compaction_job.h:20,
                 from db/compaction/compaction_job.cc:22:
./db/version_edit.h: In instantiation of ‘constexpr std::pair<_T1, _T2>::pair(_U1&&, _U2&&) [with _U1 = int&; _U2 = rocksdb::FileMetaData; typename std::enable_if<(std::_PCC<true, _T1, _T2>::_MoveConstructiblePair<_U1, _U2>() && std::_PCC<true, _T1, _T2>::_ImplicitlyMoveConvertiblePair<_U1, _U2>()), bool>::type <anonymous> = true; _T1 = int; _T2 = rocksdb::FileMetaData]’:
/usr/include/c++/11/ext/new_allocator.h:162:4:   required from ‘void __gnu_cxx::new_allocator<_Tp>::construct(_Up*, _Args&& ...) [with _Up = std::pair<int, rocksdb::FileMetaData>; _Args = {int&, rocksdb::FileMetaData}; _Tp = std::pair<int, rocksdb::FileMetaData>]’
/usr/include/c++/11/bits/alloc_traits.h:516:17:   required from ‘static void std::allocator_traits<std::allocator<_Tp1> >::construct(std::allocator_traits<std::allocator<_Tp1> >::allocator_type&, _Up*, _Args&& ...) [with _Up = std::pair<int, rocksdb::FileMetaData>; _Args = {int&, rocksdb::FileMetaData}; _Tp = std::pair<int, rocksdb::FileMetaData>; std::allocator_traits<std::allocator<_Tp1> >::allocator_type = std::allocator<std::pair<int, rocksdb::FileMetaData> >]’
/usr/include/c++/11/bits/vector.tcc:115:30:   required from ‘void std::vector<_Tp, _Alloc>::emplace_back(_Args&& ...) [with _Args = {int&, rocksdb::FileMetaData}; _Tp = std::pair<int, rocksdb::FileMetaData>; _Alloc = std::allocator<std::pair<int, rocksdb::FileMetaData> >]’
./db/version_edit.h:253:28:   required from here
./db/version_edit.h:86:8: warning: implicitly-declared ‘constexpr rocksdb::FileDescriptor::FileDescriptor(const rocksdb::FileDescriptor&)’ is deprecated [-Wdeprecated-copy]
   86 | struct FileMetaData {
      |        ^~~~~~~~~~~~
./db/version_edit.h:55:19: note: because ‘rocksdb::FileDescriptor’ has user-provided ‘rocksdb::FileDescriptor& rocksdb::FileDescriptor::operator=(const rocksdb::FileDescriptor&)’
   55 |   FileDescriptor& operator=(const FileDescriptor& fd) {
      |                   ^~~~~~~~
In file included from /usr/include/c++/11/utility:70,
                 from /usr/include/c++/11/algorithm:60,
                 from db/compaction/compaction_job.cc:11:
/usr/include/c++/11/bits/stl_pair.h:353:42: note: synthesized method ‘rocksdb::FileMetaData::FileMetaData(rocksdb::FileMetaData&&)’ first required here
  353 |         : first(std::forward<_U1>(__x)), second(std::forward<_U2>(__y)) { }
      |                                          ^~~~~~~~~~~~~~~~~~~~~~~~~~~~~~
  CC       db/compaction/compaction_picker_fifo.o
  CC       db/compaction/compaction_picker_level.o
  CC       db/compaction/compaction_picker_universal.o
  CC       db/convenience.o
In file included from ./db/memtable.h:21,
                 from ./db/memtable_list.h:17,
                 from ./db/column_family.h:17,
                 from ./db/version_set.h:31,
                 from ./db/compaction/compaction.h:11,
                 from ./db/compaction/compaction_picker.h:18,
                 from ./db/compaction/compaction_picker_fifo.h:13,
                 from db/compaction/compaction_picker_fifo.cc:10:
./db/version_edit.h: In constructor ‘rocksdb::FdWithKeyRange::FdWithKeyRange(rocksdb::FileDescriptor, rocksdb::Slice, rocksdb::Slice, rocksdb::FileMetaData*)’:
./db/version_edit.h:175:9: warning: implicitly-declared ‘constexpr rocksdb::FileDescriptor::FileDescriptor(const rocksdb::FileDescriptor&)’ is deprecated [-Wdeprecated-copy]
  175 |       : fd(_fd),
      |         ^~~~~~~
./db/version_edit.h:55:19: note: because ‘rocksdb::FileDescriptor’ has user-provided ‘rocksdb::FileDescriptor& rocksdb::FileDescriptor::operator=(const rocksdb::FileDescriptor&)’
   55 |   FileDescriptor& operator=(const FileDescriptor& fd) {
      |                   ^~~~~~~~
In file included from ./db/memtable.h:21,
                 from ./db/memtable_list.h:17,
                 from ./db/column_family.h:17,
                 from ./db/version_set.h:31,
                 from ./db/compaction/compaction.h:11,
                 from ./db/compaction/compaction_picker.h:18,
                 from ./db/compaction/compaction_picker_level.h:12,
                 from db/compaction/compaction_picker_level.cc:14:
./db/version_edit.h: In constructor ‘rocksdb::FdWithKeyRange::FdWithKeyRange(rocksdb::FileDescriptor, rocksdb::Slice, rocksdb::Slice, rocksdb::FileMetaData*)’:
./db/version_edit.h:175:9: warning: implicitly-declared ‘constexpr rocksdb::FileDescriptor::FileDescriptor(const rocksdb::FileDescriptor&)’ is deprecated [-Wdeprecated-copy]
  175 |       : fd(_fd),
      |         ^~~~~~~
./db/version_edit.h:55:19: note: because ‘rocksdb::FileDescriptor’ has user-provided ‘rocksdb::FileDescriptor& rocksdb::FileDescriptor::operator=(const rocksdb::FileDescriptor&)’
   55 |   FileDescriptor& operator=(const FileDescriptor& fd) {
      |                   ^~~~~~~~
In file included from ./db/memtable.h:21,
                 from ./db/memtable_list.h:17,
                 from ./db/column_family.h:17,
                 from ./db/version_set.h:31,
                 from ./db/compaction/compaction.h:11,
                 from ./db/compaction/compaction_picker.h:18,
                 from ./db/compaction/compaction_picker_universal.h:13,
                 from db/compaction/compaction_picker_universal.cc:10:
./db/version_edit.h: In constructor ‘rocksdb::FdWithKeyRange::FdWithKeyRange(rocksdb::FileDescriptor, rocksdb::Slice, rocksdb::Slice, rocksdb::FileMetaData*)’:
./db/version_edit.h:175:9: warning: implicitly-declared ‘constexpr rocksdb::FileDescriptor::FileDescriptor(const rocksdb::FileDescriptor&)’ is deprecated [-Wdeprecated-copy]
  175 |       : fd(_fd),
      |         ^~~~~~~
./db/version_edit.h:55:19: note: because ‘rocksdb::FileDescriptor’ has user-provided ‘rocksdb::FileDescriptor& rocksdb::FileDescriptor::operator=(const rocksdb::FileDescriptor&)’
   55 |   FileDescriptor& operator=(const FileDescriptor& fd) {
      |                   ^~~~~~~~
  CC       db/db_filesnapshot.o
In file included from ./db/memtable.h:21,
                 from ./db/memtable_list.h:17,
                 from ./db/column_family.h:17,
                 from ./db/db_impl/db_impl.h:22,
                 from db/convenience.cc:11:
./db/version_edit.h: In constructor ‘rocksdb::FdWithKeyRange::FdWithKeyRange(rocksdb::FileDescriptor, rocksdb::Slice, rocksdb::Slice, rocksdb::FileMetaData*)’:
./db/version_edit.h:175:9: warning: implicitly-declared ‘constexpr rocksdb::FileDescriptor::FileDescriptor(const rocksdb::FileDescriptor&)’ is deprecated [-Wdeprecated-copy]
  175 |       : fd(_fd),
      |         ^~~~~~~
./db/version_edit.h:55:19: note: because ‘rocksdb::FileDescriptor’ has user-provided ‘rocksdb::FileDescriptor& rocksdb::FileDescriptor::operator=(const rocksdb::FileDescriptor&)’
   55 |   FileDescriptor& operator=(const FileDescriptor& fd) {
      |                   ^~~~~~~~
./db/version_edit.h: In instantiation of ‘constexpr std::pair<_T1, _T2>::pair(_U1&&, _U2&&) [with _U1 = int&; _U2 = rocksdb::FileMetaData; typename std::enable_if<(std::_PCC<true, _T1, _T2>::_MoveConstructiblePair<_U1, _U2>() && std::_PCC<true, _T1, _T2>::_ImplicitlyMoveConvertiblePair<_U1, _U2>()), bool>::type <anonymous> = true; _T1 = int; _T2 = rocksdb::FileMetaData]’:
/usr/include/c++/11/ext/new_allocator.h:162:4:   required from ‘void __gnu_cxx::new_allocator<_Tp>::construct(_Up*, _Args&& ...) [with _Up = std::pair<int, rocksdb::FileMetaData>; _Args = {int&, rocksdb::FileMetaData}; _Tp = std::pair<int, rocksdb::FileMetaData>]’
/usr/include/c++/11/bits/alloc_traits.h:516:17:   required from ‘static void std::allocator_traits<std::allocator<_Tp1> >::construct(std::allocator_traits<std::allocator<_Tp1> >::allocator_type&, _Up*, _Args&& ...) [with _Up = std::pair<int, rocksdb::FileMetaData>; _Args = {int&, rocksdb::FileMetaData}; _Tp = std::pair<int, rocksdb::FileMetaData>; std::allocator_traits<std::allocator<_Tp1> >::allocator_type = std::allocator<std::pair<int, rocksdb::FileMetaData> >]’
/usr/include/c++/11/bits/vector.tcc:115:30:   required from ‘void std::vector<_Tp, _Alloc>::emplace_back(_Args&& ...) [with _Args = {int&, rocksdb::FileMetaData}; _Tp = std::pair<int, rocksdb::FileMetaData>; _Alloc = std::allocator<std::pair<int, rocksdb::FileMetaData> >]’
./db/version_edit.h:253:28:   required from here
./db/version_edit.h:86:8: warning: implicitly-declared ‘constexpr rocksdb::FileDescriptor::FileDescriptor(const rocksdb::FileDescriptor&)’ is deprecated [-Wdeprecated-copy]
   86 | struct FileMetaData {
      |        ^~~~~~~~~~~~
./db/version_edit.h:55:19: note: because ‘rocksdb::FileDescriptor’ has user-provided ‘rocksdb::FileDescriptor& rocksdb::FileDescriptor::operator=(const rocksdb::FileDescriptor&)’
   55 |   FileDescriptor& operator=(const FileDescriptor& fd) {
      |                   ^~~~~~~~
In file included from /usr/include/c++/11/bits/stl_algobase.h:64,
                 from /usr/include/c++/11/memory:63,
                 from ./db/compaction/compaction_picker.h:12,
                 from ./db/compaction/compaction_picker_fifo.h:13,
                 from db/compaction/compaction_picker_fifo.cc:10:
/usr/include/c++/11/bits/stl_pair.h:353:42: note: synthesized method ‘rocksdb::FileMetaData::FileMetaData(rocksdb::FileMetaData&&)’ first required here
  353 |         : first(std::forward<_U1>(__x)), second(std::forward<_U2>(__y)) { }
      |                                          ^~~~~~~~~~~~~~~~~~~~~~~~~~~~~~
In file included from ./db/memtable.h:21,
                 from ./db/memtable_list.h:17,
                 from ./db/column_family.h:17,
                 from ./db/version_set.h:31,
                 from ./db/compaction/compaction.h:11,
                 from ./db/compaction/compaction_picker.h:18,
                 from ./db/compaction/compaction_picker_fifo.h:13,
                 from db/compaction/compaction_picker_fifo.cc:10:
./db/version_edit.h: In instantiation of ‘constexpr std::pair<_T1, _T2>::pair(_U1&&, const _T2&) [with _U1 = int&; typename std::enable_if<std::_PCC<true, _T1, _T2>::_MoveCopyPair<true, _U1, _T2>(), bool>::type <anonymous> = true; _T1 = int; _T2 = rocksdb::FileMetaData]’:
/usr/include/c++/11/ext/new_allocator.h:162:4:   required from ‘void __gnu_cxx::new_allocator<_Tp>::construct(_Up*, _Args&& ...) [with _Up = std::pair<int, rocksdb::FileMetaData>; _Args = {int&, const rocksdb::FileMetaData&}; _Tp = std::pair<int, rocksdb::FileMetaData>]’
/usr/include/c++/11/bits/alloc_traits.h:516:17:   required from ‘static void std::allocator_traits<std::allocator<_Tp1> >::construct(std::allocator_traits<std::allocator<_Tp1> >::allocator_type&, _Up*, _Args&& ...) [with _Up = std::pair<int, rocksdb::FileMetaData>; _Args = {int&, const rocksdb::FileMetaData&}; _Tp = std::pair<int, rocksdb::FileMetaData>; std::allocator_traits<std::allocator<_Tp1> >::allocator_type = std::allocator<std::pair<int, rocksdb::FileMetaData> >]’
/usr/include/c++/11/bits/vector.tcc:115:30:   required from ‘void std::vector<_Tp, _Alloc>::emplace_back(_Args&& ...) [with _Args = {int&, const rocksdb::FileMetaData&}; _Tp = std::pair<int, rocksdb::FileMetaData>; _Alloc = std::allocator<std::pair<int, rocksdb::FileMetaData> >]’
./db/version_edit.h:258:28:   required from here
./db/version_edit.h:86:8: warning: implicitly-declared ‘constexpr rocksdb::FileDescriptor::FileDescriptor(const rocksdb::FileDescriptor&)’ is deprecated [-Wdeprecated-copy]
   86 | struct FileMetaData {
      |        ^~~~~~~~~~~~
./db/version_edit.h:55:19: note: because ‘rocksdb::FileDescriptor’ has user-provided ‘rocksdb::FileDescriptor& rocksdb::FileDescriptor::operator=(const rocksdb::FileDescriptor&)’
   55 |   FileDescriptor& operator=(const FileDescriptor& fd) {
      |                   ^~~~~~~~
In file included from /usr/include/c++/11/bits/stl_algobase.h:64,
                 from /usr/include/c++/11/memory:63,
                 from ./db/compaction/compaction_picker.h:12,
                 from ./db/compaction/compaction_picker_fifo.h:13,
                 from db/compaction/compaction_picker_fifo.cc:10:
/usr/include/c++/11/bits/stl_pair.h:323:41: note: synthesized method ‘rocksdb::FileMetaData::FileMetaData(const rocksdb::FileMetaData&)’ first required here
  323 |        : first(std::forward<_U1>(__x)), second(__y) { }
      |                                         ^~~~~~~~~~~
./db/version_edit.h: In instantiation of ‘constexpr std::pair<_T1, _T2>::pair(_U1&&, _U2&&) [with _U1 = int&; _U2 = rocksdb::FileMetaData; typename std::enable_if<(std::_PCC<true, _T1, _T2>::_MoveConstructiblePair<_U1, _U2>() && std::_PCC<true, _T1, _T2>::_ImplicitlyMoveConvertiblePair<_U1, _U2>()), bool>::type <anonymous> = true; _T1 = int; _T2 = rocksdb::FileMetaData]’:
/usr/include/c++/11/ext/new_allocator.h:162:4:   required from ‘void __gnu_cxx::new_allocator<_Tp>::construct(_Up*, _Args&& ...) [with _Up = std::pair<int, rocksdb::FileMetaData>; _Args = {int&, rocksdb::FileMetaData}; _Tp = std::pair<int, rocksdb::FileMetaData>]’
/usr/include/c++/11/bits/alloc_traits.h:516:17:   required from ‘static void std::allocator_traits<std::allocator<_CharT> >::construct(std::allocator_traits<std::allocator<_CharT> >::allocator_type&, _Up*, _Args&& ...) [with _Up = std::pair<int, rocksdb::FileMetaData>; _Args = {int&, rocksdb::FileMetaData}; _Tp = std::pair<int, rocksdb::FileMetaData>; std::allocator_traits<std::allocator<_CharT> >::allocator_type = std::allocator<std::pair<int, rocksdb::FileMetaData> >]’
/usr/include/c++/11/bits/vector.tcc:115:30:   required from ‘void std::vector<_Tp, _Alloc>::emplace_back(_Args&& ...) [with _Args = {int&, rocksdb::FileMetaData}; _Tp = std::pair<int, rocksdb::FileMetaData>; _Alloc = std::allocator<std::pair<int, rocksdb::FileMetaData> >]’
./db/version_edit.h:253:28:   required from here
./db/version_edit.h:86:8: warning: implicitly-declared ‘constexpr rocksdb::FileDescriptor::FileDescriptor(const rocksdb::FileDescriptor&)’ is deprecated [-Wdeprecated-copy]
   86 | struct FileMetaData {
      |        ^~~~~~~~~~~~
./db/version_edit.h:55:19: note: because ‘rocksdb::FileDescriptor’ has user-provided ‘rocksdb::FileDescriptor& rocksdb::FileDescriptor::operator=(const rocksdb::FileDescriptor&)’
   55 |   FileDescriptor& operator=(const FileDescriptor& fd) {
      |                   ^~~~~~~~
In file included from /usr/include/c++/11/bits/stl_algobase.h:64,
                 from /usr/include/c++/11/bits/char_traits.h:39,
                 from /usr/include/c++/11/string:40,
                 from db/compaction/compaction_picker_level.cc:10:
/usr/include/c++/11/bits/stl_pair.h:353:42: note: synthesized method ‘rocksdb::FileMetaData::FileMetaData(rocksdb::FileMetaData&&)’ first required here
  353 |         : first(std::forward<_U1>(__x)), second(std::forward<_U2>(__y)) { }
      |                                          ^~~~~~~~~~~~~~~~~~~~~~~~~~~~~~
In file included from ./db/memtable.h:21,
                 from ./db/memtable_list.h:17,
                 from ./db/column_family.h:17,
                 from ./db/version_set.h:31,
                 from ./db/compaction/compaction.h:11,
                 from ./db/compaction/compaction_picker.h:18,
                 from ./db/compaction/compaction_picker_level.h:12,
                 from db/compaction/compaction_picker_level.cc:14:
./db/version_edit.h: In instantiation of ‘constexpr std::pair<_T1, _T2>::pair(_U1&&, const _T2&) [with _U1 = int&; typename std::enable_if<std::_PCC<true, _T1, _T2>::_MoveCopyPair<true, _U1, _T2>(), bool>::type <anonymous> = true; _T1 = int; _T2 = rocksdb::FileMetaData]’:
/usr/include/c++/11/ext/new_allocator.h:162:4:   required from ‘void __gnu_cxx::new_allocator<_Tp>::construct(_Up*, _Args&& ...) [with _Up = std::pair<int, rocksdb::FileMetaData>; _Args = {int&, const rocksdb::FileMetaData&}; _Tp = std::pair<int, rocksdb::FileMetaData>]’
/usr/include/c++/11/bits/alloc_traits.h:516:17:   required from ‘static void std::allocator_traits<std::allocator<_CharT> >::construct(std::allocator_traits<std::allocator<_CharT> >::allocator_type&, _Up*, _Args&& ...) [with _Up = std::pair<int, rocksdb::FileMetaData>; _Args = {int&, const rocksdb::FileMetaData&}; _Tp = std::pair<int, rocksdb::FileMetaData>; std::allocator_traits<std::allocator<_CharT> >::allocator_type = std::allocator<std::pair<int, rocksdb::FileMetaData> >]’
/usr/include/c++/11/bits/vector.tcc:115:30:   required from ‘void std::vector<_Tp, _Alloc>::emplace_back(_Args&& ...) [with _Args = {int&, const rocksdb::FileMetaData&}; _Tp = std::pair<int, rocksdb::FileMetaData>; _Alloc = std::allocator<std::pair<int, rocksdb::FileMetaData> >]’
./db/version_edit.h:258:28:   required from here
./db/version_edit.h:86:8: warning: implicitly-declared ‘constexpr rocksdb::FileDescriptor::FileDescriptor(const rocksdb::FileDescriptor&)’ is deprecated [-Wdeprecated-copy]
   86 | struct FileMetaData {
      |        ^~~~~~~~~~~~
./db/version_edit.h:55:19: note: because ‘rocksdb::FileDescriptor’ has user-provided ‘rocksdb::FileDescriptor& rocksdb::FileDescriptor::operator=(const rocksdb::FileDescriptor&)’
   55 |   FileDescriptor& operator=(const FileDescriptor& fd) {
      |                   ^~~~~~~~
In file included from /usr/include/c++/11/bits/stl_algobase.h:64,
                 from /usr/include/c++/11/bits/char_traits.h:39,
                 from /usr/include/c++/11/string:40,
                 from db/compaction/compaction_picker_level.cc:10:
/usr/include/c++/11/bits/stl_pair.h:323:41: note: synthesized method ‘rocksdb::FileMetaData::FileMetaData(const rocksdb::FileMetaData&)’ first required here
  323 |        : first(std::forward<_U1>(__x)), second(__y) { }
      |                                         ^~~~~~~~~~~
./db/version_edit.h: In instantiation of ‘constexpr std::pair<_T1, _T2>::pair(_U1&&, _U2&&) [with _U1 = int&; _U2 = rocksdb::FileMetaData; typename std::enable_if<(std::_PCC<true, _T1, _T2>::_MoveConstructiblePair<_U1, _U2>() && std::_PCC<true, _T1, _T2>::_ImplicitlyMoveConvertiblePair<_U1, _U2>()), bool>::type <anonymous> = true; _T1 = int; _T2 = rocksdb::FileMetaData]’:
/usr/include/c++/11/ext/new_allocator.h:162:4:   required from ‘void __gnu_cxx::new_allocator<_Tp>::construct(_Up*, _Args&& ...) [with _Up = std::pair<int, rocksdb::FileMetaData>; _Args = {int&, rocksdb::FileMetaData}; _Tp = std::pair<int, rocksdb::FileMetaData>]’
/usr/include/c++/11/bits/alloc_traits.h:516:17:   required from ‘static void std::allocator_traits<std::allocator<_Tp1> >::construct(std::allocator_traits<std::allocator<_Tp1> >::allocator_type&, _Up*, _Args&& ...) [with _Up = std::pair<int, rocksdb::FileMetaData>; _Args = {int&, rocksdb::FileMetaData}; _Tp = std::pair<int, rocksdb::FileMetaData>; std::allocator_traits<std::allocator<_Tp1> >::allocator_type = std::allocator<std::pair<int, rocksdb::FileMetaData> >]’
/usr/include/c++/11/bits/vector.tcc:115:30:   required from ‘void std::vector<_Tp, _Alloc>::emplace_back(_Args&& ...) [with _Args = {int&, rocksdb::FileMetaData}; _Tp = std::pair<int, rocksdb::FileMetaData>; _Alloc = std::allocator<std::pair<int, rocksdb::FileMetaData> >]’
./db/version_edit.h:253:28:   required from here
./db/version_edit.h:86:8: warning: implicitly-declared ‘constexpr rocksdb::FileDescriptor::FileDescriptor(const rocksdb::FileDescriptor&)’ is deprecated [-Wdeprecated-copy]
   86 | struct FileMetaData {
      |        ^~~~~~~~~~~~
./db/version_edit.h:55:19: note: because ‘rocksdb::FileDescriptor’ has user-provided ‘rocksdb::FileDescriptor& rocksdb::FileDescriptor::operator=(const rocksdb::FileDescriptor&)’
   55 |   FileDescriptor& operator=(const FileDescriptor& fd) {
      |                   ^~~~~~~~
In file included from /usr/include/c++/11/bits/stl_algobase.h:64,
                 from /usr/include/c++/11/memory:63,
                 from ./db/compaction/compaction_picker.h:12,
                 from ./db/compaction/compaction_picker_universal.h:13,
                 from db/compaction/compaction_picker_universal.cc:10:
/usr/include/c++/11/bits/stl_pair.h:353:42: note: synthesized method ‘rocksdb::FileMetaData::FileMetaData(rocksdb::FileMetaData&&)’ first required here
  353 |         : first(std::forward<_U1>(__x)), second(std::forward<_U2>(__y)) { }
      |                                          ^~~~~~~~~~~~~~~~~~~~~~~~~~~~~~
In file included from ./db/memtable.h:21,
                 from ./db/memtable_list.h:17,
                 from ./db/column_family.h:17,
                 from ./db/version_set.h:31,
                 from ./db/compaction/compaction.h:11,
                 from ./db/compaction/compaction_picker.h:18,
                 from ./db/compaction/compaction_picker_universal.h:13,
                 from db/compaction/compaction_picker_universal.cc:10:
./db/version_edit.h: In instantiation of ‘constexpr std::pair<_T1, _T2>::pair(_U1&&, const _T2&) [with _U1 = int&; typename std::enable_if<std::_PCC<true, _T1, _T2>::_MoveCopyPair<true, _U1, _T2>(), bool>::type <anonymous> = true; _T1 = int; _T2 = rocksdb::FileMetaData]’:
/usr/include/c++/11/ext/new_allocator.h:162:4:   required from ‘void __gnu_cxx::new_allocator<_Tp>::construct(_Up*, _Args&& ...) [with _Up = std::pair<int, rocksdb::FileMetaData>; _Args = {int&, const rocksdb::FileMetaData&}; _Tp = std::pair<int, rocksdb::FileMetaData>]’
/usr/include/c++/11/bits/alloc_traits.h:516:17:   required from ‘static void std::allocator_traits<std::allocator<_Tp1> >::construct(std::allocator_traits<std::allocator<_Tp1> >::allocator_type&, _Up*, _Args&& ...) [with _Up = std::pair<int, rocksdb::FileMetaData>; _Args = {int&, const rocksdb::FileMetaData&}; _Tp = std::pair<int, rocksdb::FileMetaData>; std::allocator_traits<std::allocator<_Tp1> >::allocator_type = std::allocator<std::pair<int, rocksdb::FileMetaData> >]’
/usr/include/c++/11/bits/vector.tcc:115:30:   required from ‘void std::vector<_Tp, _Alloc>::emplace_back(_Args&& ...) [with _Args = {int&, const rocksdb::FileMetaData&}; _Tp = std::pair<int, rocksdb::FileMetaData>; _Alloc = std::allocator<std::pair<int, rocksdb::FileMetaData> >]’
./db/version_edit.h:258:28:   required from here
./db/version_edit.h:86:8: warning: implicitly-declared ‘constexpr rocksdb::FileDescriptor::FileDescriptor(const rocksdb::FileDescriptor&)’ is deprecated [-Wdeprecated-copy]
   86 | struct FileMetaData {
      |        ^~~~~~~~~~~~
./db/version_edit.h:55:19: note: because ‘rocksdb::FileDescriptor’ has user-provided ‘rocksdb::FileDescriptor& rocksdb::FileDescriptor::operator=(const rocksdb::FileDescriptor&)’
   55 |   FileDescriptor& operator=(const FileDescriptor& fd) {
      |                   ^~~~~~~~
In file included from /usr/include/c++/11/bits/stl_algobase.h:64,
                 from /usr/include/c++/11/memory:63,
                 from ./db/compaction/compaction_picker.h:12,
                 from ./db/compaction/compaction_picker_universal.h:13,
                 from db/compaction/compaction_picker_universal.cc:10:
/usr/include/c++/11/bits/stl_pair.h:323:41: note: synthesized method ‘rocksdb::FileMetaData::FileMetaData(const rocksdb::FileMetaData&)’ first required here
  323 |        : first(std::forward<_U1>(__x)), second(__y) { }
      |                                         ^~~~~~~~~~~
  CC       db/db_impl/db_impl.o
In file included from ./db/memtable.h:21,
                 from ./db/memtable_list.h:17,
                 from ./db/column_family.h:17,
                 from ./db/db_impl/db_impl.h:22,
                 from db/db_filesnapshot.cc:13:
./db/version_edit.h: In constructor ‘rocksdb::FdWithKeyRange::FdWithKeyRange(rocksdb::FileDescriptor, rocksdb::Slice, rocksdb::Slice, rocksdb::FileMetaData*)’:
./db/version_edit.h:175:9: warning: implicitly-declared ‘constexpr rocksdb::FileDescriptor::FileDescriptor(const rocksdb::FileDescriptor&)’ is deprecated [-Wdeprecated-copy]
  175 |       : fd(_fd),
      |         ^~~~~~~
./db/version_edit.h:55:19: note: because ‘rocksdb::FileDescriptor’ has user-provided ‘rocksdb::FileDescriptor& rocksdb::FileDescriptor::operator=(const rocksdb::FileDescriptor&)’
   55 |   FileDescriptor& operator=(const FileDescriptor& fd) {
      |                   ^~~~~~~~
  CC       db/db_impl/db_impl_compaction_flush.o
  CC       db/db_impl/db_impl_debug.o
  CC       db/db_impl/db_impl_experimental.o
./db/version_edit.h: In instantiation of ‘constexpr std::pair<_T1, _T2>::pair(_U1&&, _U2&&) [with _U1 = int&; _U2 = rocksdb::FileMetaData; typename std::enable_if<(std::_PCC<true, _T1, _T2>::_MoveConstructiblePair<_U1, _U2>() && std::_PCC<true, _T1, _T2>::_ImplicitlyMoveConvertiblePair<_U1, _U2>()), bool>::type <anonymous> = true; _T1 = int; _T2 = rocksdb::FileMetaData]’:
/usr/include/c++/11/ext/new_allocator.h:162:4:   required from ‘void __gnu_cxx::new_allocator<_Tp>::construct(_Up*, _Args&& ...) [with _Up = std::pair<int, rocksdb::FileMetaData>; _Args = {int&, rocksdb::FileMetaData}; _Tp = std::pair<int, rocksdb::FileMetaData>]’
/usr/include/c++/11/bits/alloc_traits.h:516:17:   required from ‘static void std::allocator_traits<std::allocator<_CharT> >::construct(std::allocator_traits<std::allocator<_CharT> >::allocator_type&, _Up*, _Args&& ...) [with _Up = std::pair<int, rocksdb::FileMetaData>; _Args = {int&, rocksdb::FileMetaData}; _Tp = std::pair<int, rocksdb::FileMetaData>; std::allocator_traits<std::allocator<_CharT> >::allocator_type = std::allocator<std::pair<int, rocksdb::FileMetaData> >]’
/usr/include/c++/11/bits/vector.tcc:115:30:   required from ‘void std::vector<_Tp, _Alloc>::emplace_back(_Args&& ...) [with _Args = {int&, rocksdb::FileMetaData}; _Tp = std::pair<int, rocksdb::FileMetaData>; _Alloc = std::allocator<std::pair<int, rocksdb::FileMetaData> >]’
./db/version_edit.h:253:28:   required from here
./db/version_edit.h:86:8: warning: implicitly-declared ‘constexpr rocksdb::FileDescriptor::FileDescriptor(const rocksdb::FileDescriptor&)’ is deprecated [-Wdeprecated-copy]
   86 | struct FileMetaData {
      |        ^~~~~~~~~~~~
./db/version_edit.h:55:19: note: because ‘rocksdb::FileDescriptor’ has user-provided ‘rocksdb::FileDescriptor& rocksdb::FileDescriptor::operator=(const rocksdb::FileDescriptor&)’
   55 |   FileDescriptor& operator=(const FileDescriptor& fd) {
      |                   ^~~~~~~~
In file included from /usr/include/c++/11/bits/stl_algobase.h:64,
                 from /usr/include/c++/11/bits/char_traits.h:39,
                 from /usr/include/c++/11/string:40,
                 from ./include/rocksdb/convenience.h:8,
                 from db/convenience.cc:9:
/usr/include/c++/11/bits/stl_pair.h:353:42: note: synthesized method ‘rocksdb::FileMetaData::FileMetaData(rocksdb::FileMetaData&&)’ first required here
  353 |         : first(std::forward<_U1>(__x)), second(std::forward<_U2>(__y)) { }
      |                                          ^~~~~~~~~~~~~~~~~~~~~~~~~~~~~~
In file included from ./db/memtable.h:21,
                 from ./db/memtable_list.h:17,
                 from ./db/column_family.h:17,
                 from ./db/db_impl/db_impl.h:22,
                 from db/convenience.cc:11:
./db/version_edit.h: In instantiation of ‘constexpr std::pair<_T1, _T2>::pair(_U1&&, const _T2&) [with _U1 = int&; typename std::enable_if<std::_PCC<true, _T1, _T2>::_MoveCopyPair<true, _U1, _T2>(), bool>::type <anonymous> = true; _T1 = int; _T2 = rocksdb::FileMetaData]’:
/usr/include/c++/11/ext/new_allocator.h:162:4:   required from ‘void __gnu_cxx::new_allocator<_Tp>::construct(_Up*, _Args&& ...) [with _Up = std::pair<int, rocksdb::FileMetaData>; _Args = {int&, const rocksdb::FileMetaData&}; _Tp = std::pair<int, rocksdb::FileMetaData>]’
/usr/include/c++/11/bits/alloc_traits.h:516:17:   required from ‘static void std::allocator_traits<std::allocator<_CharT> >::construct(std::allocator_traits<std::allocator<_CharT> >::allocator_type&, _Up*, _Args&& ...) [with _Up = std::pair<int, rocksdb::FileMetaData>; _Args = {int&, const rocksdb::FileMetaData&}; _Tp = std::pair<int, rocksdb::FileMetaData>; std::allocator_traits<std::allocator<_CharT> >::allocator_type = std::allocator<std::pair<int, rocksdb::FileMetaData> >]’
/usr/include/c++/11/bits/vector.tcc:115:30:   required from ‘void std::vector<_Tp, _Alloc>::emplace_back(_Args&& ...) [with _Args = {int&, const rocksdb::FileMetaData&}; _Tp = std::pair<int, rocksdb::FileMetaData>; _Alloc = std::allocator<std::pair<int, rocksdb::FileMetaData> >]’
./db/version_edit.h:258:28:   required from here
./db/version_edit.h:86:8: warning: implicitly-declared ‘constexpr rocksdb::FileDescriptor::FileDescriptor(const rocksdb::FileDescriptor&)’ is deprecated [-Wdeprecated-copy]
   86 | struct FileMetaData {
      |        ^~~~~~~~~~~~
./db/version_edit.h:55:19: note: because ‘rocksdb::FileDescriptor’ has user-provided ‘rocksdb::FileDescriptor& rocksdb::FileDescriptor::operator=(const rocksdb::FileDescriptor&)’
   55 |   FileDescriptor& operator=(const FileDescriptor& fd) {
      |                   ^~~~~~~~
In file included from /usr/include/c++/11/bits/stl_algobase.h:64,
                 from /usr/include/c++/11/bits/char_traits.h:39,
                 from /usr/include/c++/11/string:40,
                 from ./include/rocksdb/convenience.h:8,
                 from db/convenience.cc:9:
/usr/include/c++/11/bits/stl_pair.h:323:41: note: synthesized method ‘rocksdb::FileMetaData::FileMetaData(const rocksdb::FileMetaData&)’ first required here
  323 |        : first(std::forward<_U1>(__x)), second(__y) { }
      |                                         ^~~~~~~~~~~
  CC       db/db_impl/db_impl_files.o
In file included from ./db/memtable.h:21,
                 from ./db/memtable_list.h:17,
                 from ./db/column_family.h:17,
                 from ./db/db_impl/db_impl.h:22,
                 from db/db_impl/db_impl.cc:9:
./db/version_edit.h: In constructor ‘rocksdb::FdWithKeyRange::FdWithKeyRange(rocksdb::FileDescriptor, rocksdb::Slice, rocksdb::Slice, rocksdb::FileMetaData*)’:
./db/version_edit.h:175:9: warning: implicitly-declared ‘constexpr rocksdb::FileDescriptor::FileDescriptor(const rocksdb::FileDescriptor&)’ is deprecated [-Wdeprecated-copy]
  175 |       : fd(_fd),
      |         ^~~~~~~
./db/version_edit.h:55:19: note: because ‘rocksdb::FileDescriptor’ has user-provided ‘rocksdb::FileDescriptor& rocksdb::FileDescriptor::operator=(const rocksdb::FileDescriptor&)’
   55 |   FileDescriptor& operator=(const FileDescriptor& fd) {
      |                   ^~~~~~~~
  CC       db/db_impl/db_impl_open.o
In file included from ./db/memtable.h:21,
                 from ./db/memtable_list.h:17,
                 from ./db/column_family.h:17,
                 from ./db/db_impl/db_impl.h:22,
                 from db/db_impl/db_impl_compaction_flush.cc:9:
./db/version_edit.h: In constructor ‘rocksdb::FdWithKeyRange::FdWithKeyRange(rocksdb::FileDescriptor, rocksdb::Slice, rocksdb::Slice, rocksdb::FileMetaData*)’:
./db/version_edit.h:175:9: warning: implicitly-declared ‘constexpr rocksdb::FileDescriptor::FileDescriptor(const rocksdb::FileDescriptor&)’ is deprecated [-Wdeprecated-copy]
  175 |       : fd(_fd),
      |         ^~~~~~~
./db/version_edit.h:55:19: note: because ‘rocksdb::FileDescriptor’ has user-provided ‘rocksdb::FileDescriptor& rocksdb::FileDescriptor::operator=(const rocksdb::FileDescriptor&)’
   55 |   FileDescriptor& operator=(const FileDescriptor& fd) {
      |                   ^~~~~~~~
  CC       db/db_impl/db_impl_readonly.o
In file included from ./db/memtable.h:21,
                 from ./db/memtable_list.h:17,
                 from ./db/column_family.h:17,
                 from ./db/db_impl/db_impl.h:22,
                 from db/db_impl/db_impl_experimental.cc:10:
./db/version_edit.h: In constructor ‘rocksdb::FdWithKeyRange::FdWithKeyRange(rocksdb::FileDescriptor, rocksdb::Slice, rocksdb::Slice, rocksdb::FileMetaData*)’:
./db/version_edit.h:175:9: warning: implicitly-declared ‘constexpr rocksdb::FileDescriptor::FileDescriptor(const rocksdb::FileDescriptor&)’ is deprecated [-Wdeprecated-copy]
  175 |       : fd(_fd),
      |         ^~~~~~~
./db/version_edit.h:55:19: note: because ‘rocksdb::FileDescriptor’ has user-provided ‘rocksdb::FileDescriptor& rocksdb::FileDescriptor::operator=(const rocksdb::FileDescriptor&)’
   55 |   FileDescriptor& operator=(const FileDescriptor& fd) {
      |                   ^~~~~~~~
./db/version_edit.h: In instantiation of ‘constexpr std::pair<_T1, _T2>::pair(_U1&&, _U2&&) [with _U1 = int&; _U2 = rocksdb::FileMetaData; typename std::enable_if<(std::_PCC<true, _T1, _T2>::_MoveConstructiblePair<_U1, _U2>() && std::_PCC<true, _T1, _T2>::_ImplicitlyMoveConvertiblePair<_U1, _U2>()), bool>::type <anonymous> = true; _T1 = int; _T2 = rocksdb::FileMetaData]’:
/usr/include/c++/11/ext/new_allocator.h:162:4:   required from ‘void __gnu_cxx::new_allocator<_Tp>::construct(_Up*, _Args&& ...) [with _Up = std::pair<int, rocksdb::FileMetaData>; _Args = {int&, rocksdb::FileMetaData}; _Tp = std::pair<int, rocksdb::FileMetaData>]’
/usr/include/c++/11/bits/alloc_traits.h:516:17:   required from ‘static void std::allocator_traits<std::allocator<_CharT> >::construct(std::allocator_traits<std::allocator<_CharT> >::allocator_type&, _Up*, _Args&& ...) [with _Up = std::pair<int, rocksdb::FileMetaData>; _Args = {int&, rocksdb::FileMetaData}; _Tp = std::pair<int, rocksdb::FileMetaData>; std::allocator_traits<std::allocator<_CharT> >::allocator_type = std::allocator<std::pair<int, rocksdb::FileMetaData> >]’
/usr/include/c++/11/bits/vector.tcc:115:30:   required from ‘void std::vector<_Tp, _Alloc>::emplace_back(_Args&& ...) [with _Args = {int&, rocksdb::FileMetaData}; _Tp = std::pair<int, rocksdb::FileMetaData>; _Alloc = std::allocator<std::pair<int, rocksdb::FileMetaData> >]’
./db/version_edit.h:253:28:   required from here
./db/version_edit.h:86:8: warning: implicitly-declared ‘constexpr rocksdb::FileDescriptor::FileDescriptor(const rocksdb::FileDescriptor&)’ is deprecated [-Wdeprecated-copy]
   86 | struct FileMetaData {
      |        ^~~~~~~~~~~~
./db/version_edit.h:55:19: note: because ‘rocksdb::FileDescriptor’ has user-provided ‘rocksdb::FileDescriptor& rocksdb::FileDescriptor::operator=(const rocksdb::FileDescriptor&)’
   55 |   FileDescriptor& operator=(const FileDescriptor& fd) {
      |                   ^~~~~~~~
In file included from /usr/include/c++/11/utility:70,
                 from /usr/include/c++/11/algorithm:60,
                 from db/db_filesnapshot.cc:11:
/usr/include/c++/11/bits/stl_pair.h:353:42: note: synthesized method ‘rocksdb::FileMetaData::FileMetaData(rocksdb::FileMetaData&&)’ first required here
  353 |         : first(std::forward<_U1>(__x)), second(std::forward<_U2>(__y)) { }
      |                                          ^~~~~~~~~~~~~~~~~~~~~~~~~~~~~~
In file included from ./db/memtable.h:21,
                 from ./db/memtable_list.h:17,
                 from ./db/column_family.h:17,
                 from ./db/db_impl/db_impl.h:22,
                 from db/db_filesnapshot.cc:13:
./db/version_edit.h: In instantiation of ‘constexpr std::pair<_T1, _T2>::pair(_U1&&, const _T2&) [with _U1 = int&; typename std::enable_if<std::_PCC<true, _T1, _T2>::_MoveCopyPair<true, _U1, _T2>(), bool>::type <anonymous> = true; _T1 = int; _T2 = rocksdb::FileMetaData]’:
/usr/include/c++/11/ext/new_allocator.h:162:4:   required from ‘void __gnu_cxx::new_allocator<_Tp>::construct(_Up*, _Args&& ...) [with _Up = std::pair<int, rocksdb::FileMetaData>; _Args = {int&, const rocksdb::FileMetaData&}; _Tp = std::pair<int, rocksdb::FileMetaData>]’
/usr/include/c++/11/bits/alloc_traits.h:516:17:   required from ‘static void std::allocator_traits<std::allocator<_CharT> >::construct(std::allocator_traits<std::allocator<_CharT> >::allocator_type&, _Up*, _Args&& ...) [with _Up = std::pair<int, rocksdb::FileMetaData>; _Args = {int&, const rocksdb::FileMetaData&}; _Tp = std::pair<int, rocksdb::FileMetaData>; std::allocator_traits<std::allocator<_CharT> >::allocator_type = std::allocator<std::pair<int, rocksdb::FileMetaData> >]’
/usr/include/c++/11/bits/vector.tcc:115:30:   required from ‘void std::vector<_Tp, _Alloc>::emplace_back(_Args&& ...) [with _Args = {int&, const rocksdb::FileMetaData&}; _Tp = std::pair<int, rocksdb::FileMetaData>; _Alloc = std::allocator<std::pair<int, rocksdb::FileMetaData> >]’
./db/version_edit.h:258:28:   required from here
./db/version_edit.h:86:8: warning: implicitly-declared ‘constexpr rocksdb::FileDescriptor::FileDescriptor(const rocksdb::FileDescriptor&)’ is deprecated [-Wdeprecated-copy]
   86 | struct FileMetaData {
      |        ^~~~~~~~~~~~
./db/version_edit.h:55:19: note: because ‘rocksdb::FileDescriptor’ has user-provided ‘rocksdb::FileDescriptor& rocksdb::FileDescriptor::operator=(const rocksdb::FileDescriptor&)’
   55 |   FileDescriptor& operator=(const FileDescriptor& fd) {
      |                   ^~~~~~~~
In file included from /usr/include/c++/11/utility:70,
                 from /usr/include/c++/11/algorithm:60,
                 from db/db_filesnapshot.cc:11:
/usr/include/c++/11/bits/stl_pair.h:323:41: note: synthesized method ‘rocksdb::FileMetaData::FileMetaData(const rocksdb::FileMetaData&)’ first required here
  323 |        : first(std::forward<_U1>(__x)), second(__y) { }
      |                                         ^~~~~~~~~~~
In file included from ./db/memtable.h:21,
                 from ./db/memtable_list.h:17,
                 from ./db/column_family.h:17,
                 from ./db/db_impl/db_impl.h:22,
                 from db/db_impl/db_impl_files.cc:9:
./db/version_edit.h: In constructor ‘rocksdb::FdWithKeyRange::FdWithKeyRange(rocksdb::FileDescriptor, rocksdb::Slice, rocksdb::Slice, rocksdb::FileMetaData*)’:
./db/version_edit.h:175:9: warning: implicitly-declared ‘constexpr rocksdb::FileDescriptor::FileDescriptor(const rocksdb::FileDescriptor&)’ is deprecated [-Wdeprecated-copy]
  175 |       : fd(_fd),
      |         ^~~~~~~
./db/version_edit.h:55:19: note: because ‘rocksdb::FileDescriptor’ has user-provided ‘rocksdb::FileDescriptor& rocksdb::FileDescriptor::operator=(const rocksdb::FileDescriptor&)’
   55 |   FileDescriptor& operator=(const FileDescriptor& fd) {
      |                   ^~~~~~~~
In file included from ./db/memtable.h:21,
                 from ./db/memtable_list.h:17,
                 from ./db/column_family.h:17,
                 from ./db/db_impl/db_impl.h:22,
                 from db/db_impl/db_impl_open.cc:9:
./db/version_edit.h: In constructor ‘rocksdb::FdWithKeyRange::FdWithKeyRange(rocksdb::FileDescriptor, rocksdb::Slice, rocksdb::Slice, rocksdb::FileMetaData*)’:
./db/version_edit.h:175:9: warning: implicitly-declared ‘constexpr rocksdb::FileDescriptor::FileDescriptor(const rocksdb::FileDescriptor&)’ is deprecated [-Wdeprecated-copy]
  175 |       : fd(_fd),
      |         ^~~~~~~
./db/version_edit.h:55:19: note: because ‘rocksdb::FileDescriptor’ has user-provided ‘rocksdb::FileDescriptor& rocksdb::FileDescriptor::operator=(const rocksdb::FileDescriptor&)’
   55 |   FileDescriptor& operator=(const FileDescriptor& fd) {
      |                   ^~~~~~~~
  CC       db/db_impl/db_impl_secondary.o
In file included from ./db/memtable.h:21,
                 from ./db/memtable_list.h:17,
                 from ./db/column_family.h:17,
                 from ./db/db_impl/db_impl.h:22,
                 from ./db/db_impl/db_impl_readonly.h:12,
                 from db/db_impl/db_impl_readonly.cc:6:
./db/version_edit.h: In constructor ‘rocksdb::FdWithKeyRange::FdWithKeyRange(rocksdb::FileDescriptor, rocksdb::Slice, rocksdb::Slice, rocksdb::FileMetaData*)’:
./db/version_edit.h:175:9: warning: implicitly-declared ‘constexpr rocksdb::FileDescriptor::FileDescriptor(const rocksdb::FileDescriptor&)’ is deprecated [-Wdeprecated-copy]
  175 |       : fd(_fd),
      |         ^~~~~~~
./db/version_edit.h:55:19: note: because ‘rocksdb::FileDescriptor’ has user-provided ‘rocksdb::FileDescriptor& rocksdb::FileDescriptor::operator=(const rocksdb::FileDescriptor&)’
   55 |   FileDescriptor& operator=(const FileDescriptor& fd) {
      |                   ^~~~~~~~
  CC       db/db_impl/db_impl_write.o
./db/version_edit.h: In instantiation of ‘constexpr std::pair<_T1, _T2>::pair(_U1&&, _U2&&) [with _U1 = int&; _U2 = rocksdb::FileMetaData; typename std::enable_if<(std::_PCC<true, _T1, _T2>::_MoveConstructiblePair<_U1, _U2>() && std::_PCC<true, _T1, _T2>::_ImplicitlyMoveConvertiblePair<_U1, _U2>()), bool>::type <anonymous> = true; _T1 = int; _T2 = rocksdb::FileMetaData]’:
/usr/include/c++/11/ext/new_allocator.h:162:4:   required from ‘void __gnu_cxx::new_allocator<_Tp>::construct(_Up*, _Args&& ...) [with _Up = std::pair<int, rocksdb::FileMetaData>; _Args = {int&, rocksdb::FileMetaData}; _Tp = std::pair<int, rocksdb::FileMetaData>]’
/usr/include/c++/11/bits/alloc_traits.h:516:17:   required from ‘static void std::allocator_traits<std::allocator<_Tp1> >::construct(std::allocator_traits<std::allocator<_Tp1> >::allocator_type&, _Up*, _Args&& ...) [with _Up = std::pair<int, rocksdb::FileMetaData>; _Args = {int&, rocksdb::FileMetaData}; _Tp = std::pair<int, rocksdb::FileMetaData>; std::allocator_traits<std::allocator<_Tp1> >::allocator_type = std::allocator<std::pair<int, rocksdb::FileMetaData> >]’
/usr/include/c++/11/bits/vector.tcc:115:30:   required from ‘void std::vector<_Tp, _Alloc>::emplace_back(_Args&& ...) [with _Args = {int&, rocksdb::FileMetaData}; _Tp = std::pair<int, rocksdb::FileMetaData>; _Alloc = std::allocator<std::pair<int, rocksdb::FileMetaData> >]’
./db/version_edit.h:253:28:   required from here
./db/version_edit.h:86:8: warning: implicitly-declared ‘constexpr rocksdb::FileDescriptor::FileDescriptor(const rocksdb::FileDescriptor&)’ is deprecated [-Wdeprecated-copy]
   86 | struct FileMetaData {
      |        ^~~~~~~~~~~~
./db/version_edit.h:55:19: note: because ‘rocksdb::FileDescriptor’ has user-provided ‘rocksdb::FileDescriptor& rocksdb::FileDescriptor::operator=(const rocksdb::FileDescriptor&)’
   55 |   FileDescriptor& operator=(const FileDescriptor& fd) {
      |                   ^~~~~~~~
In file included from /usr/include/c++/11/bits/stl_algobase.h:64,
                 from /usr/include/c++/11/deque:60,
                 from ./db/db_impl/db_impl.h:12,
                 from db/db_impl/db_impl_experimental.cc:10:
/usr/include/c++/11/bits/stl_pair.h:353:42: note: synthesized method ‘rocksdb::FileMetaData::FileMetaData(rocksdb::FileMetaData&&)’ first required here
  353 |         : first(std::forward<_U1>(__x)), second(std::forward<_U2>(__y)) { }
      |                                          ^~~~~~~~~~~~~~~~~~~~~~~~~~~~~~
In file included from ./db/memtable.h:21,
                 from ./db/memtable_list.h:17,
                 from ./db/column_family.h:17,
                 from ./db/db_impl/db_impl.h:22,
                 from db/db_impl/db_impl_experimental.cc:10:
./db/version_edit.h: In instantiation of ‘constexpr std::pair<_T1, _T2>::pair(_U1&&, const _T2&) [with _U1 = int&; typename std::enable_if<std::_PCC<true, _T1, _T2>::_MoveCopyPair<true, _U1, _T2>(), bool>::type <anonymous> = true; _T1 = int; _T2 = rocksdb::FileMetaData]’:
/usr/include/c++/11/ext/new_allocator.h:162:4:   required from ‘void __gnu_cxx::new_allocator<_Tp>::construct(_Up*, _Args&& ...) [with _Up = std::pair<int, rocksdb::FileMetaData>; _Args = {int&, const rocksdb::FileMetaData&}; _Tp = std::pair<int, rocksdb::FileMetaData>]’
/usr/include/c++/11/bits/alloc_traits.h:516:17:   required from ‘static void std::allocator_traits<std::allocator<_Tp1> >::construct(std::allocator_traits<std::allocator<_Tp1> >::allocator_type&, _Up*, _Args&& ...) [with _Up = std::pair<int, rocksdb::FileMetaData>; _Args = {int&, const rocksdb::FileMetaData&}; _Tp = std::pair<int, rocksdb::FileMetaData>; std::allocator_traits<std::allocator<_Tp1> >::allocator_type = std::allocator<std::pair<int, rocksdb::FileMetaData> >]’
/usr/include/c++/11/bits/vector.tcc:115:30:   required from ‘void std::vector<_Tp, _Alloc>::emplace_back(_Args&& ...) [with _Args = {int&, const rocksdb::FileMetaData&}; _Tp = std::pair<int, rocksdb::FileMetaData>; _Alloc = std::allocator<std::pair<int, rocksdb::FileMetaData> >]’
./db/version_edit.h:258:28:   required from here
./db/version_edit.h:86:8: warning: implicitly-declared ‘constexpr rocksdb::FileDescriptor::FileDescriptor(const rocksdb::FileDescriptor&)’ is deprecated [-Wdeprecated-copy]
   86 | struct FileMetaData {
      |        ^~~~~~~~~~~~
./db/version_edit.h:55:19: note: because ‘rocksdb::FileDescriptor’ has user-provided ‘rocksdb::FileDescriptor& rocksdb::FileDescriptor::operator=(const rocksdb::FileDescriptor&)’
   55 |   FileDescriptor& operator=(const FileDescriptor& fd) {
      |                   ^~~~~~~~
In file included from /usr/include/c++/11/bits/stl_algobase.h:64,
                 from /usr/include/c++/11/deque:60,
                 from ./db/db_impl/db_impl.h:12,
                 from db/db_impl/db_impl_experimental.cc:10:
/usr/include/c++/11/bits/stl_pair.h:323:41: note: synthesized method ‘rocksdb::FileMetaData::FileMetaData(const rocksdb::FileMetaData&)’ first required here
  323 |        : first(std::forward<_U1>(__x)), second(__y) { }
      |                                         ^~~~~~~~~~~
./db/version_edit.h: In instantiation of ‘constexpr std::pair<_T1, _T2>::pair(_U1&&, _U2&&) [with _U1 = int&; _U2 = rocksdb::FileMetaData; typename std::enable_if<(std::_PCC<true, _T1, _T2>::_MoveConstructiblePair<_U1, _U2>() && std::_PCC<true, _T1, _T2>::_ImplicitlyMoveConvertiblePair<_U1, _U2>()), bool>::type <anonymous> = true; _T1 = int; _T2 = rocksdb::FileMetaData]’:
/usr/include/c++/11/ext/new_allocator.h:162:4:   required from ‘void __gnu_cxx::new_allocator<_Tp>::construct(_Up*, _Args&& ...) [with _Up = std::pair<int, rocksdb::FileMetaData>; _Args = {int&, rocksdb::FileMetaData}; _Tp = std::pair<int, rocksdb::FileMetaData>]’
/usr/include/c++/11/bits/alloc_traits.h:516:17:   required from ‘static void std::allocator_traits<std::allocator<_Tp1> >::construct(std::allocator_traits<std::allocator<_Tp1> >::allocator_type&, _Up*, _Args&& ...) [with _Up = std::pair<int, rocksdb::FileMetaData>; _Args = {int&, rocksdb::FileMetaData}; _Tp = std::pair<int, rocksdb::FileMetaData>; std::allocator_traits<std::allocator<_Tp1> >::allocator_type = std::allocator<std::pair<int, rocksdb::FileMetaData> >]’
/usr/include/c++/11/bits/vector.tcc:115:30:   required from ‘void std::vector<_Tp, _Alloc>::emplace_back(_Args&& ...) [with _Args = {int&, rocksdb::FileMetaData}; _Tp = std::pair<int, rocksdb::FileMetaData>; _Alloc = std::allocator<std::pair<int, rocksdb::FileMetaData> >]’
./db/version_edit.h:253:28:   required from here
./db/version_edit.h:86:8: warning: implicitly-declared ‘constexpr rocksdb::FileDescriptor::FileDescriptor(const rocksdb::FileDescriptor&)’ is deprecated [-Wdeprecated-copy]
   86 | struct FileMetaData {
      |        ^~~~~~~~~~~~
./db/version_edit.h:55:19: note: because ‘rocksdb::FileDescriptor’ has user-provided ‘rocksdb::FileDescriptor& rocksdb::FileDescriptor::operator=(const rocksdb::FileDescriptor&)’
   55 |   FileDescriptor& operator=(const FileDescriptor& fd) {
      |                   ^~~~~~~~
In file included from /usr/include/c++/11/bits/stl_algobase.h:64,
                 from /usr/include/c++/11/deque:60,
                 from ./db/db_impl/db_impl.h:12,
                 from db/db_impl/db_impl_compaction_flush.cc:9:
/usr/include/c++/11/bits/stl_pair.h:353:42: note: synthesized method ‘rocksdb::FileMetaData::FileMetaData(rocksdb::FileMetaData&&)’ first required here
  353 |         : first(std::forward<_U1>(__x)), second(std::forward<_U2>(__y)) { }
      |                                          ^~~~~~~~~~~~~~~~~~~~~~~~~~~~~~
In file included from ./db/memtable.h:21,
                 from ./db/memtable_list.h:17,
                 from ./db/column_family.h:17,
                 from ./db/db_impl/db_impl.h:22,
                 from db/db_impl/db_impl_compaction_flush.cc:9:
./db/version_edit.h: In instantiation of ‘constexpr std::pair<_T1, _T2>::pair(_U1&&, const _T2&) [with _U1 = int&; typename std::enable_if<std::_PCC<true, _T1, _T2>::_MoveCopyPair<true, _U1, _T2>(), bool>::type <anonymous> = true; _T1 = int; _T2 = rocksdb::FileMetaData]’:
/usr/include/c++/11/ext/new_allocator.h:162:4:   required from ‘void __gnu_cxx::new_allocator<_Tp>::construct(_Up*, _Args&& ...) [with _Up = std::pair<int, rocksdb::FileMetaData>; _Args = {int&, const rocksdb::FileMetaData&}; _Tp = std::pair<int, rocksdb::FileMetaData>]’
/usr/include/c++/11/bits/alloc_traits.h:516:17:   required from ‘static void std::allocator_traits<std::allocator<_Tp1> >::construct(std::allocator_traits<std::allocator<_Tp1> >::allocator_type&, _Up*, _Args&& ...) [with _Up = std::pair<int, rocksdb::FileMetaData>; _Args = {int&, const rocksdb::FileMetaData&}; _Tp = std::pair<int, rocksdb::FileMetaData>; std::allocator_traits<std::allocator<_Tp1> >::allocator_type = std::allocator<std::pair<int, rocksdb::FileMetaData> >]’
/usr/include/c++/11/bits/vector.tcc:115:30:   required from ‘void std::vector<_Tp, _Alloc>::emplace_back(_Args&& ...) [with _Args = {int&, const rocksdb::FileMetaData&}; _Tp = std::pair<int, rocksdb::FileMetaData>; _Alloc = std::allocator<std::pair<int, rocksdb::FileMetaData> >]’
./db/version_edit.h:258:28:   required from here
./db/version_edit.h:86:8: warning: implicitly-declared ‘constexpr rocksdb::FileDescriptor::FileDescriptor(const rocksdb::FileDescriptor&)’ is deprecated [-Wdeprecated-copy]
   86 | struct FileMetaData {
      |        ^~~~~~~~~~~~
./db/version_edit.h:55:19: note: because ‘rocksdb::FileDescriptor’ has user-provided ‘rocksdb::FileDescriptor& rocksdb::FileDescriptor::operator=(const rocksdb::FileDescriptor&)’
   55 |   FileDescriptor& operator=(const FileDescriptor& fd) {
      |                   ^~~~~~~~
In file included from /usr/include/c++/11/bits/stl_algobase.h:64,
                 from /usr/include/c++/11/deque:60,
                 from ./db/db_impl/db_impl.h:12,
                 from db/db_impl/db_impl_compaction_flush.cc:9:
/usr/include/c++/11/bits/stl_pair.h:323:41: note: synthesized method ‘rocksdb::FileMetaData::FileMetaData(const rocksdb::FileMetaData&)’ first required here
  323 |        : first(std::forward<_U1>(__x)), second(__y) { }
      |                                         ^~~~~~~~~~~
In file included from ./db/memtable.h:21,
                 from ./db/memtable_list.h:17,
                 from ./db/column_family.h:17,
                 from ./db/db_impl/db_impl.h:22,
                 from ./db/db_impl/db_impl_secondary.h:12,
                 from db/db_impl/db_impl_secondary.cc:6:
./db/version_edit.h: In constructor ‘rocksdb::FdWithKeyRange::FdWithKeyRange(rocksdb::FileDescriptor, rocksdb::Slice, rocksdb::Slice, rocksdb::FileMetaData*)’:
./db/version_edit.h:175:9: warning: implicitly-declared ‘constexpr rocksdb::FileDescriptor::FileDescriptor(const rocksdb::FileDescriptor&)’ is deprecated [-Wdeprecated-copy]
  175 |       : fd(_fd),
      |         ^~~~~~~
./db/version_edit.h:55:19: note: because ‘rocksdb::FileDescriptor’ has user-provided ‘rocksdb::FileDescriptor& rocksdb::FileDescriptor::operator=(const rocksdb::FileDescriptor&)’
   55 |   FileDescriptor& operator=(const FileDescriptor& fd) {
      |                   ^~~~~~~~
./db/version_edit.h: In instantiation of ‘constexpr std::pair<_T1, _T2>::pair(_U1&&, _U2&&) [with _U1 = int&; _U2 = rocksdb::FileMetaData; typename std::enable_if<(std::_PCC<true, _T1, _T2>::_MoveConstructiblePair<_U1, _U2>() && std::_PCC<true, _T1, _T2>::_ImplicitlyMoveConvertiblePair<_U1, _U2>()), bool>::type <anonymous> = true; _T1 = int; _T2 = rocksdb::FileMetaData]’:
/usr/include/c++/11/ext/new_allocator.h:162:4:   required from ‘void __gnu_cxx::new_allocator<_Tp>::construct(_Up*, _Args&& ...) [with _Up = std::pair<int, rocksdb::FileMetaData>; _Args = {int&, rocksdb::FileMetaData}; _Tp = std::pair<int, rocksdb::FileMetaData>]’
/usr/include/c++/11/bits/alloc_traits.h:516:17:   required from ‘static void std::allocator_traits<std::allocator<_Tp1> >::construct(std::allocator_traits<std::allocator<_Tp1> >::allocator_type&, _Up*, _Args&& ...) [with _Up = std::pair<int, rocksdb::FileMetaData>; _Args = {int&, rocksdb::FileMetaData}; _Tp = std::pair<int, rocksdb::FileMetaData>; std::allocator_traits<std::allocator<_Tp1> >::allocator_type = std::allocator<std::pair<int, rocksdb::FileMetaData> >]’
/usr/include/c++/11/bits/vector.tcc:115:30:   required from ‘void std::vector<_Tp, _Alloc>::emplace_back(_Args&& ...) [with _Args = {int&, rocksdb::FileMetaData}; _Tp = std::pair<int, rocksdb::FileMetaData>; _Alloc = std::allocator<std::pair<int, rocksdb::FileMetaData> >]’
./db/version_edit.h:253:28:   required from here
./db/version_edit.h:86:8: warning: implicitly-declared ‘constexpr rocksdb::FileDescriptor::FileDescriptor(const rocksdb::FileDescriptor&)’ is deprecated [-Wdeprecated-copy]
   86 | struct FileMetaData {
      |        ^~~~~~~~~~~~
./db/version_edit.h:55:19: note: because ‘rocksdb::FileDescriptor’ has user-provided ‘rocksdb::FileDescriptor& rocksdb::FileDescriptor::operator=(const rocksdb::FileDescriptor&)’
   55 |   FileDescriptor& operator=(const FileDescriptor& fd) {
      |                   ^~~~~~~~
In file included from /usr/include/c++/11/bits/stl_algobase.h:64,
                 from /usr/include/c++/11/deque:60,
                 from ./db/db_impl/db_impl.h:12,
                 from db/db_impl/db_impl.cc:9:
/usr/include/c++/11/bits/stl_pair.h:353:42: note: synthesized method ‘rocksdb::FileMetaData::FileMetaData(rocksdb::FileMetaData&&)’ first required here
  353 |         : first(std::forward<_U1>(__x)), second(std::forward<_U2>(__y)) { }
      |                                          ^~~~~~~~~~~~~~~~~~~~~~~~~~~~~~
In file included from ./db/memtable.h:21,
                 from ./db/memtable_list.h:17,
                 from ./db/column_family.h:17,
                 from ./db/db_impl/db_impl.h:22,
                 from db/db_impl/db_impl.cc:9:
./db/version_edit.h: In instantiation of ‘constexpr std::pair<_T1, _T2>::pair(_U1&&, const _T2&) [with _U1 = int&; typename std::enable_if<std::_PCC<true, _T1, _T2>::_MoveCopyPair<true, _U1, _T2>(), bool>::type <anonymous> = true; _T1 = int; _T2 = rocksdb::FileMetaData]’:
/usr/include/c++/11/ext/new_allocator.h:162:4:   required from ‘void __gnu_cxx::new_allocator<_Tp>::construct(_Up*, _Args&& ...) [with _Up = std::pair<int, rocksdb::FileMetaData>; _Args = {int&, const rocksdb::FileMetaData&}; _Tp = std::pair<int, rocksdb::FileMetaData>]’
/usr/include/c++/11/bits/alloc_traits.h:516:17:   required from ‘static void std::allocator_traits<std::allocator<_Tp1> >::construct(std::allocator_traits<std::allocator<_Tp1> >::allocator_type&, _Up*, _Args&& ...) [with _Up = std::pair<int, rocksdb::FileMetaData>; _Args = {int&, const rocksdb::FileMetaData&}; _Tp = std::pair<int, rocksdb::FileMetaData>; std::allocator_traits<std::allocator<_Tp1> >::allocator_type = std::allocator<std::pair<int, rocksdb::FileMetaData> >]’
/usr/include/c++/11/bits/vector.tcc:115:30:   required from ‘void std::vector<_Tp, _Alloc>::emplace_back(_Args&& ...) [with _Args = {int&, const rocksdb::FileMetaData&}; _Tp = std::pair<int, rocksdb::FileMetaData>; _Alloc = std::allocator<std::pair<int, rocksdb::FileMetaData> >]’
./db/version_edit.h:258:28:   required from here
./db/version_edit.h:86:8: warning: implicitly-declared ‘constexpr rocksdb::FileDescriptor::FileDescriptor(const rocksdb::FileDescriptor&)’ is deprecated [-Wdeprecated-copy]
   86 | struct FileMetaData {
      |        ^~~~~~~~~~~~
./db/version_edit.h:55:19: note: because ‘rocksdb::FileDescriptor’ has user-provided ‘rocksdb::FileDescriptor& rocksdb::FileDescriptor::operator=(const rocksdb::FileDescriptor&)’
   55 |   FileDescriptor& operator=(const FileDescriptor& fd) {
      |                   ^~~~~~~~
In file included from /usr/include/c++/11/bits/stl_algobase.h:64,
                 from /usr/include/c++/11/deque:60,
                 from ./db/db_impl/db_impl.h:12,
                 from db/db_impl/db_impl.cc:9:
/usr/include/c++/11/bits/stl_pair.h:323:41: note: synthesized method ‘rocksdb::FileMetaData::FileMetaData(const rocksdb::FileMetaData&)’ first required here
  323 |        : first(std::forward<_U1>(__x)), second(__y) { }
      |                                         ^~~~~~~~~~~
./db/version_edit.h: In instantiation of ‘constexpr std::pair<_T1, _T2>::pair(_U1&&, _U2&&) [with _U1 = int&; _U2 = rocksdb::FileMetaData; typename std::enable_if<(std::_PCC<true, _T1, _T2>::_MoveConstructiblePair<_U1, _U2>() && std::_PCC<true, _T1, _T2>::_ImplicitlyMoveConvertiblePair<_U1, _U2>()), bool>::type <anonymous> = true; _T1 = int; _T2 = rocksdb::FileMetaData]’:
/usr/include/c++/11/ext/new_allocator.h:162:4:   required from ‘void __gnu_cxx::new_allocator<_Tp>::construct(_Up*, _Args&& ...) [with _Up = std::pair<int, rocksdb::FileMetaData>; _Args = {int&, rocksdb::FileMetaData}; _Tp = std::pair<int, rocksdb::FileMetaData>]’
/usr/include/c++/11/bits/alloc_traits.h:516:17:   required from ‘static void std::allocator_traits<std::allocator<_Tp1> >::construct(std::allocator_traits<std::allocator<_Tp1> >::allocator_type&, _Up*, _Args&& ...) [with _Up = std::pair<int, rocksdb::FileMetaData>; _Args = {int&, rocksdb::FileMetaData}; _Tp = std::pair<int, rocksdb::FileMetaData>; std::allocator_traits<std::allocator<_Tp1> >::allocator_type = std::allocator<std::pair<int, rocksdb::FileMetaData> >]’
/usr/include/c++/11/bits/vector.tcc:115:30:   required from ‘void std::vector<_Tp, _Alloc>::emplace_back(_Args&& ...) [with _Args = {int&, rocksdb::FileMetaData}; _Tp = std::pair<int, rocksdb::FileMetaData>; _Alloc = std::allocator<std::pair<int, rocksdb::FileMetaData> >]’
./db/version_edit.h:253:28:   required from here
./db/version_edit.h:86:8: warning: implicitly-declared ‘constexpr rocksdb::FileDescriptor::FileDescriptor(const rocksdb::FileDescriptor&)’ is deprecated [-Wdeprecated-copy]
   86 | struct FileMetaData {
      |        ^~~~~~~~~~~~
./db/version_edit.h:55:19: note: because ‘rocksdb::FileDescriptor’ has user-provided ‘rocksdb::FileDescriptor& rocksdb::FileDescriptor::operator=(const rocksdb::FileDescriptor&)’
   55 |   FileDescriptor& operator=(const FileDescriptor& fd) {
      |                   ^~~~~~~~
In file included from /usr/include/c++/11/bits/stl_algobase.h:64,
                 from /usr/include/c++/11/deque:60,
                 from ./db/db_impl/db_impl.h:12,
                 from db/db_impl/db_impl_files.cc:9:
/usr/include/c++/11/bits/stl_pair.h:353:42: note: synthesized method ‘rocksdb::FileMetaData::FileMetaData(rocksdb::FileMetaData&&)’ first required here
  353 |         : first(std::forward<_U1>(__x)), second(std::forward<_U2>(__y)) { }
      |                                          ^~~~~~~~~~~~~~~~~~~~~~~~~~~~~~
In file included from ./db/memtable.h:21,
                 from ./db/memtable_list.h:17,
                 from ./db/column_family.h:17,
                 from ./db/db_impl/db_impl.h:22,
                 from db/db_impl/db_impl_files.cc:9:
./db/version_edit.h: In instantiation of ‘constexpr std::pair<_T1, _T2>::pair(_U1&&, const _T2&) [with _U1 = int&; typename std::enable_if<std::_PCC<true, _T1, _T2>::_MoveCopyPair<true, _U1, _T2>(), bool>::type <anonymous> = true; _T1 = int; _T2 = rocksdb::FileMetaData]’:
/usr/include/c++/11/ext/new_allocator.h:162:4:   required from ‘void __gnu_cxx::new_allocator<_Tp>::construct(_Up*, _Args&& ...) [with _Up = std::pair<int, rocksdb::FileMetaData>; _Args = {int&, const rocksdb::FileMetaData&}; _Tp = std::pair<int, rocksdb::FileMetaData>]’
/usr/include/c++/11/bits/alloc_traits.h:516:17:   required from ‘static void std::allocator_traits<std::allocator<_Tp1> >::construct(std::allocator_traits<std::allocator<_Tp1> >::allocator_type&, _Up*, _Args&& ...) [with _Up = std::pair<int, rocksdb::FileMetaData>; _Args = {int&, const rocksdb::FileMetaData&}; _Tp = std::pair<int, rocksdb::FileMetaData>; std::allocator_traits<std::allocator<_Tp1> >::allocator_type = std::allocator<std::pair<int, rocksdb::FileMetaData> >]’
/usr/include/c++/11/bits/vector.tcc:115:30:   required from ‘void std::vector<_Tp, _Alloc>::emplace_back(_Args&& ...) [with _Args = {int&, const rocksdb::FileMetaData&}; _Tp = std::pair<int, rocksdb::FileMetaData>; _Alloc = std::allocator<std::pair<int, rocksdb::FileMetaData> >]’
./db/version_edit.h:258:28:   required from here
./db/version_edit.h:86:8: warning: implicitly-declared ‘constexpr rocksdb::FileDescriptor::FileDescriptor(const rocksdb::FileDescriptor&)’ is deprecated [-Wdeprecated-copy]
   86 | struct FileMetaData {
      |        ^~~~~~~~~~~~
./db/version_edit.h:55:19: note: because ‘rocksdb::FileDescriptor’ has user-provided ‘rocksdb::FileDescriptor& rocksdb::FileDescriptor::operator=(const rocksdb::FileDescriptor&)’
   55 |   FileDescriptor& operator=(const FileDescriptor& fd) {
      |                   ^~~~~~~~
In file included from /usr/include/c++/11/bits/stl_algobase.h:64,
                 from /usr/include/c++/11/deque:60,
                 from ./db/db_impl/db_impl.h:12,
                 from db/db_impl/db_impl_files.cc:9:
/usr/include/c++/11/bits/stl_pair.h:323:41: note: synthesized method ‘rocksdb::FileMetaData::FileMetaData(const rocksdb::FileMetaData&)’ first required here
  323 |        : first(std::forward<_U1>(__x)), second(__y) { }
      |                                         ^~~~~~~~~~~
In file included from ./db/memtable.h:21,
                 from ./db/memtable_list.h:17,
                 from ./db/column_family.h:17,
                 from ./db/db_impl/db_impl.h:22,
                 from db/db_impl/db_impl_write.cc:9:
./db/version_edit.h: In constructor ‘rocksdb::FdWithKeyRange::FdWithKeyRange(rocksdb::FileDescriptor, rocksdb::Slice, rocksdb::Slice, rocksdb::FileMetaData*)’:
./db/version_edit.h:175:9: warning: implicitly-declared ‘constexpr rocksdb::FileDescriptor::FileDescriptor(const rocksdb::FileDescriptor&)’ is deprecated [-Wdeprecated-copy]
  175 |       : fd(_fd),
      |         ^~~~~~~
./db/version_edit.h:55:19: note: because ‘rocksdb::FileDescriptor’ has user-provided ‘rocksdb::FileDescriptor& rocksdb::FileDescriptor::operator=(const rocksdb::FileDescriptor&)’
   55 |   FileDescriptor& operator=(const FileDescriptor& fd) {
      |                   ^~~~~~~~
./db/version_edit.h: In instantiation of ‘constexpr std::pair<_T1, _T2>::pair(_U1&&, _U2&&) [with _U1 = int&; _U2 = rocksdb::FileMetaData; typename std::enable_if<(std::_PCC<true, _T1, _T2>::_MoveConstructiblePair<_U1, _U2>() && std::_PCC<true, _T1, _T2>::_ImplicitlyMoveConvertiblePair<_U1, _U2>()), bool>::type <anonymous> = true; _T1 = int; _T2 = rocksdb::FileMetaData]’:
/usr/include/c++/11/ext/new_allocator.h:162:4:   required from ‘void __gnu_cxx::new_allocator<_Tp>::construct(_Up*, _Args&& ...) [with _Up = std::pair<int, rocksdb::FileMetaData>; _Args = {int&, rocksdb::FileMetaData}; _Tp = std::pair<int, rocksdb::FileMetaData>]’
/usr/include/c++/11/bits/alloc_traits.h:516:17:   required from ‘static void std::allocator_traits<std::allocator<_CharT> >::construct(std::allocator_traits<std::allocator<_CharT> >::allocator_type&, _Up*, _Args&& ...) [with _Up = std::pair<int, rocksdb::FileMetaData>; _Args = {int&, rocksdb::FileMetaData}; _Tp = std::pair<int, rocksdb::FileMetaData>; std::allocator_traits<std::allocator<_CharT> >::allocator_type = std::allocator<std::pair<int, rocksdb::FileMetaData> >]’
/usr/include/c++/11/bits/vector.tcc:115:30:   required from ‘void std::vector<_Tp, _Alloc>::emplace_back(_Args&& ...) [with _Args = {int&, rocksdb::FileMetaData}; _Tp = std::pair<int, rocksdb::FileMetaData>; _Alloc = std::allocator<std::pair<int, rocksdb::FileMetaData> >]’
./db/version_edit.h:253:28:   required from here
./db/version_edit.h:86:8: warning: implicitly-declared ‘constexpr rocksdb::FileDescriptor::FileDescriptor(const rocksdb::FileDescriptor&)’ is deprecated [-Wdeprecated-copy]
   86 | struct FileMetaData {
      |        ^~~~~~~~~~~~
./db/version_edit.h:55:19: note: because ‘rocksdb::FileDescriptor’ has user-provided ‘rocksdb::FileDescriptor& rocksdb::FileDescriptor::operator=(const rocksdb::FileDescriptor&)’
   55 |   FileDescriptor& operator=(const FileDescriptor& fd) {
      |                   ^~~~~~~~
In file included from /usr/include/c++/11/bits/stl_algobase.h:64,
                 from /usr/include/c++/11/bits/char_traits.h:39,
                 from /usr/include/c++/11/string:40,
                 from ./db/db_impl/db_impl_readonly.h:10,
                 from db/db_impl/db_impl_readonly.cc:6:
/usr/include/c++/11/bits/stl_pair.h:353:42: note: synthesized method ‘rocksdb::FileMetaData::FileMetaData(rocksdb::FileMetaData&&)’ first required here
  353 |         : first(std::forward<_U1>(__x)), second(std::forward<_U2>(__y)) { }
      |                                          ^~~~~~~~~~~~~~~~~~~~~~~~~~~~~~
In file included from ./db/memtable.h:21,
                 from ./db/memtable_list.h:17,
                 from ./db/column_family.h:17,
                 from ./db/db_impl/db_impl.h:22,
                 from ./db/db_impl/db_impl_readonly.h:12,
                 from db/db_impl/db_impl_readonly.cc:6:
./db/version_edit.h: In instantiation of ‘constexpr std::pair<_T1, _T2>::pair(_U1&&, const _T2&) [with _U1 = int&; typename std::enable_if<std::_PCC<true, _T1, _T2>::_MoveCopyPair<true, _U1, _T2>(), bool>::type <anonymous> = true; _T1 = int; _T2 = rocksdb::FileMetaData]’:
/usr/include/c++/11/ext/new_allocator.h:162:4:   required from ‘void __gnu_cxx::new_allocator<_Tp>::construct(_Up*, _Args&& ...) [with _Up = std::pair<int, rocksdb::FileMetaData>; _Args = {int&, const rocksdb::FileMetaData&}; _Tp = std::pair<int, rocksdb::FileMetaData>]’
/usr/include/c++/11/bits/alloc_traits.h:516:17:   required from ‘static void std::allocator_traits<std::allocator<_CharT> >::construct(std::allocator_traits<std::allocator<_CharT> >::allocator_type&, _Up*, _Args&& ...) [with _Up = std::pair<int, rocksdb::FileMetaData>; _Args = {int&, const rocksdb::FileMetaData&}; _Tp = std::pair<int, rocksdb::FileMetaData>; std::allocator_traits<std::allocator<_CharT> >::allocator_type = std::allocator<std::pair<int, rocksdb::FileMetaData> >]’
/usr/include/c++/11/bits/vector.tcc:115:30:   required from ‘void std::vector<_Tp, _Alloc>::emplace_back(_Args&& ...) [with _Args = {int&, const rocksdb::FileMetaData&}; _Tp = std::pair<int, rocksdb::FileMetaData>; _Alloc = std::allocator<std::pair<int, rocksdb::FileMetaData> >]’
./db/version_edit.h:258:28:   required from here
./db/version_edit.h:86:8: warning: implicitly-declared ‘constexpr rocksdb::FileDescriptor::FileDescriptor(const rocksdb::FileDescriptor&)’ is deprecated [-Wdeprecated-copy]
   86 | struct FileMetaData {
      |        ^~~~~~~~~~~~
./db/version_edit.h:55:19: note: because ‘rocksdb::FileDescriptor’ has user-provided ‘rocksdb::FileDescriptor& rocksdb::FileDescriptor::operator=(const rocksdb::FileDescriptor&)’
   55 |   FileDescriptor& operator=(const FileDescriptor& fd) {
      |                   ^~~~~~~~
In file included from /usr/include/c++/11/bits/stl_algobase.h:64,
                 from /usr/include/c++/11/bits/char_traits.h:39,
                 from /usr/include/c++/11/string:40,
                 from ./db/db_impl/db_impl_readonly.h:10,
                 from db/db_impl/db_impl_readonly.cc:6:
/usr/include/c++/11/bits/stl_pair.h:323:41: note: synthesized method ‘rocksdb::FileMetaData::FileMetaData(const rocksdb::FileMetaData&)’ first required here
  323 |        : first(std::forward<_U1>(__x)), second(__y) { }
      |                                         ^~~~~~~~~~~
./db/version_edit.h: In instantiation of ‘constexpr std::pair<_T1, _T2>::pair(_U1&&, _U2&&) [with _U1 = int&; _U2 = rocksdb::FileMetaData; typename std::enable_if<(std::_PCC<true, _T1, _T2>::_MoveConstructiblePair<_U1, _U2>() && std::_PCC<true, _T1, _T2>::_ImplicitlyMoveConvertiblePair<_U1, _U2>()), bool>::type <anonymous> = true; _T1 = int; _T2 = rocksdb::FileMetaData]’:
/usr/include/c++/11/ext/new_allocator.h:162:4:   required from ‘void __gnu_cxx::new_allocator<_Tp>::construct(_Up*, _Args&& ...) [with _Up = std::pair<int, rocksdb::FileMetaData>; _Args = {int&, rocksdb::FileMetaData}; _Tp = std::pair<int, rocksdb::FileMetaData>]’
/usr/include/c++/11/bits/alloc_traits.h:516:17:   required from ‘static void std::allocator_traits<std::allocator<_Tp1> >::construct(std::allocator_traits<std::allocator<_Tp1> >::allocator_type&, _Up*, _Args&& ...) [with _Up = std::pair<int, rocksdb::FileMetaData>; _Args = {int&, rocksdb::FileMetaData}; _Tp = std::pair<int, rocksdb::FileMetaData>; std::allocator_traits<std::allocator<_Tp1> >::allocator_type = std::allocator<std::pair<int, rocksdb::FileMetaData> >]’
/usr/include/c++/11/bits/vector.tcc:115:30:   required from ‘void std::vector<_Tp, _Alloc>::emplace_back(_Args&& ...) [with _Args = {int&, rocksdb::FileMetaData}; _Tp = std::pair<int, rocksdb::FileMetaData>; _Alloc = std::allocator<std::pair<int, rocksdb::FileMetaData> >]’
./db/version_edit.h:253:28:   required from here
./db/version_edit.h:86:8: warning: implicitly-declared ‘constexpr rocksdb::FileDescriptor::FileDescriptor(const rocksdb::FileDescriptor&)’ is deprecated [-Wdeprecated-copy]
   86 | struct FileMetaData {
      |        ^~~~~~~~~~~~
./db/version_edit.h:55:19: note: because ‘rocksdb::FileDescriptor’ has user-provided ‘rocksdb::FileDescriptor& rocksdb::FileDescriptor::operator=(const rocksdb::FileDescriptor&)’
   55 |   FileDescriptor& operator=(const FileDescriptor& fd) {
      |                   ^~~~~~~~
In file included from /usr/include/c++/11/bits/stl_algobase.h:64,
                 from /usr/include/c++/11/deque:60,
                 from ./db/db_impl/db_impl.h:12,
                 from db/db_impl/db_impl_open.cc:9:
/usr/include/c++/11/bits/stl_pair.h:353:42: note: synthesized method ‘rocksdb::FileMetaData::FileMetaData(rocksdb::FileMetaData&&)’ first required here
  353 |         : first(std::forward<_U1>(__x)), second(std::forward<_U2>(__y)) { }
      |                                          ^~~~~~~~~~~~~~~~~~~~~~~~~~~~~~
In file included from ./db/memtable.h:21,
                 from ./db/memtable_list.h:17,
                 from ./db/column_family.h:17,
                 from ./db/db_impl/db_impl.h:22,
                 from db/db_impl/db_impl_open.cc:9:
./db/version_edit.h: In instantiation of ‘constexpr std::pair<_T1, _T2>::pair(_U1&&, const _T2&) [with _U1 = int&; typename std::enable_if<std::_PCC<true, _T1, _T2>::_MoveCopyPair<true, _U1, _T2>(), bool>::type <anonymous> = true; _T1 = int; _T2 = rocksdb::FileMetaData]’:
/usr/include/c++/11/ext/new_allocator.h:162:4:   required from ‘void __gnu_cxx::new_allocator<_Tp>::construct(_Up*, _Args&& ...) [with _Up = std::pair<int, rocksdb::FileMetaData>; _Args = {int&, const rocksdb::FileMetaData&}; _Tp = std::pair<int, rocksdb::FileMetaData>]’
/usr/include/c++/11/bits/alloc_traits.h:516:17:   required from ‘static void std::allocator_traits<std::allocator<_Tp1> >::construct(std::allocator_traits<std::allocator<_Tp1> >::allocator_type&, _Up*, _Args&& ...) [with _Up = std::pair<int, rocksdb::FileMetaData>; _Args = {int&, const rocksdb::FileMetaData&}; _Tp = std::pair<int, rocksdb::FileMetaData>; std::allocator_traits<std::allocator<_Tp1> >::allocator_type = std::allocator<std::pair<int, rocksdb::FileMetaData> >]’
/usr/include/c++/11/bits/vector.tcc:115:30:   required from ‘void std::vector<_Tp, _Alloc>::emplace_back(_Args&& ...) [with _Args = {int&, const rocksdb::FileMetaData&}; _Tp = std::pair<int, rocksdb::FileMetaData>; _Alloc = std::allocator<std::pair<int, rocksdb::FileMetaData> >]’
./db/version_edit.h:258:28:   required from here
./db/version_edit.h:86:8: warning: implicitly-declared ‘constexpr rocksdb::FileDescriptor::FileDescriptor(const rocksdb::FileDescriptor&)’ is deprecated [-Wdeprecated-copy]
   86 | struct FileMetaData {
      |        ^~~~~~~~~~~~
./db/version_edit.h:55:19: note: because ‘rocksdb::FileDescriptor’ has user-provided ‘rocksdb::FileDescriptor& rocksdb::FileDescriptor::operator=(const rocksdb::FileDescriptor&)’
   55 |   FileDescriptor& operator=(const FileDescriptor& fd) {
      |                   ^~~~~~~~
In file included from /usr/include/c++/11/bits/stl_algobase.h:64,
                 from /usr/include/c++/11/deque:60,
                 from ./db/db_impl/db_impl.h:12,
                 from db/db_impl/db_impl_open.cc:9:
/usr/include/c++/11/bits/stl_pair.h:323:41: note: synthesized method ‘rocksdb::FileMetaData::FileMetaData(const rocksdb::FileMetaData&)’ first required here
  323 |        : first(std::forward<_U1>(__x)), second(__y) { }
      |                                         ^~~~~~~~~~~
In file included from ./db/db_impl/db_impl.h:27,
                 from db/db_impl/db_impl.cc:9:
./db/external_sst_file_ingestion_job.h: In instantiation of ‘void std::_Construct(_Tp*, _Args&& ...) [with _Tp = rocksdb::IngestedFileInfo; _Args = {const rocksdb::IngestedFileInfo&}]’:
/usr/include/c++/11/bits/stl_uninitialized.h:92:18:   required from ‘static _ForwardIterator std::__uninitialized_copy<_TrivialValueTypes>::__uninit_copy(_InputIterator, _InputIterator, _ForwardIterator) [with _InputIterator = __gnu_cxx::__normal_iterator<const rocksdb::IngestedFileInfo*, std::vector<rocksdb::IngestedFileInfo, std::allocator<rocksdb::IngestedFileInfo> > >; _ForwardIterator = rocksdb::IngestedFileInfo*; bool _TrivialValueTypes = false]’
/usr/include/c++/11/bits/stl_uninitialized.h:151:15:   required from ‘_ForwardIterator std::uninitialized_copy(_InputIterator, _InputIterator, _ForwardIterator) [with _InputIterator = __gnu_cxx::__normal_iterator<const rocksdb::IngestedFileInfo*, std::vector<rocksdb::IngestedFileInfo, std::allocator<rocksdb::IngestedFileInfo> > >; _ForwardIterator = rocksdb::IngestedFileInfo*]’
/usr/include/c++/11/bits/stl_uninitialized.h:333:37:   required from ‘_ForwardIterator std::__uninitialized_copy_a(_InputIterator, _InputIterator, _ForwardIterator, std::allocator<_Tp>&) [with _InputIterator = __gnu_cxx::__normal_iterator<const rocksdb::IngestedFileInfo*, std::vector<rocksdb::IngestedFileInfo, std::allocator<rocksdb::IngestedFileInfo> > >; _ForwardIterator = rocksdb::IngestedFileInfo*; _Tp = rocksdb::IngestedFileInfo]’
/usr/include/c++/11/bits/vector.tcc:330:35:   required from ‘void std::vector<_Tp, _Alloc>::_M_assign_aux(_ForwardIterator, _ForwardIterator, std::forward_iterator_tag) [with _ForwardIterator = __gnu_cxx::__normal_iterator<const rocksdb::IngestedFileInfo*, std::vector<rocksdb::IngestedFileInfo, std::allocator<rocksdb::IngestedFileInfo> > >; _Tp = rocksdb::IngestedFileInfo; _Alloc = std::allocator<rocksdb::IngestedFileInfo>]’
/usr/include/c++/11/bits/stl_vector.h:1628:17:   required from ‘void std::vector<_Tp, _Alloc>::_M_assign_dispatch(_InputIterator, _InputIterator, std::__false_type) [with _InputIterator = __gnu_cxx::__normal_iterator<const rocksdb::IngestedFileInfo*, std::vector<rocksdb::IngestedFileInfo, std::allocator<rocksdb::IngestedFileInfo> > >; _Tp = rocksdb::IngestedFileInfo; _Alloc = std::allocator<rocksdb::IngestedFileInfo>]’
/usr/include/c++/11/bits/stl_vector.h:769:22:   [ skipping 5 instantiation contexts, use -ftemplate-backtrace-limit=0 to disable ]
/usr/include/c++/11/bits/stl_uninitialized.h:151:15:   required from ‘_ForwardIterator std::uninitialized_copy(_InputIterator, _InputIterator, _ForwardIterator) [with _InputIterator = const rocksdb::ExternalSstFileIngestionJob*; _ForwardIterator = rocksdb::ExternalSstFileIngestionJob*]’
/usr/include/c++/11/bits/stl_uninitialized.h:333:37:   required from ‘_ForwardIterator std::__uninitialized_copy_a(_InputIterator, _InputIterator, _ForwardIterator, std::allocator<_Tp>&) [with _InputIterator = const rocksdb::ExternalSstFileIngestionJob*; _ForwardIterator = rocksdb::ExternalSstFileIngestionJob*; _Tp = rocksdb::ExternalSstFileIngestionJob]’
/usr/include/c++/11/bits/stl_uninitialized.h:355:2:   required from ‘_ForwardIterator std::__uninitialized_move_if_noexcept_a(_InputIterator, _InputIterator, _ForwardIterator, _Allocator&) [with _InputIterator = rocksdb::ExternalSstFileIngestionJob*; _ForwardIterator = rocksdb::ExternalSstFileIngestionJob*; _Allocator = std::allocator<rocksdb::ExternalSstFileIngestionJob>]’
/usr/include/c++/11/bits/vector.tcc:474:3:   required from ‘void std::vector<_Tp, _Alloc>::_M_realloc_insert(std::vector<_Tp, _Alloc>::iterator, _Args&& ...) [with _Args = {rocksdb::Env* const&, rocksdb::VersionSet*, rocksdb::ColumnFamilyData*&, const rocksdb::ImmutableDBOptions&, const rocksdb::EnvOptions&, rocksdb::SnapshotList*, const rocksdb::IngestExternalFileOptions&}; _Tp = rocksdb::ExternalSstFileIngestionJob; _Alloc = std::allocator<rocksdb::ExternalSstFileIngestionJob>; std::vector<_Tp, _Alloc>::iterator = std::vector<rocksdb::ExternalSstFileIngestionJob>::iterator]’
/usr/include/c++/11/bits/vector.tcc:121:21:   required from ‘void std::vector<_Tp, _Alloc>::emplace_back(_Args&& ...) [with _Args = {rocksdb::Env* const&, rocksdb::VersionSet*, rocksdb::ColumnFamilyData*&, const rocksdb::ImmutableDBOptions&, const rocksdb::EnvOptions&, rocksdb::SnapshotList*, const rocksdb::IngestExternalFileOptions&}; _Tp = rocksdb::ExternalSstFileIngestionJob; _Alloc = std::allocator<rocksdb::ExternalSstFileIngestionJob>]’
db/db_impl/db_impl.cc:3651:32:   required from here
./db/external_sst_file_ingestion_job.h:23:8: warning: implicitly-declared ‘constexpr rocksdb::FileDescriptor::FileDescriptor(const rocksdb::FileDescriptor&)’ is deprecated [-Wdeprecated-copy]
   23 | struct IngestedFileInfo {
      |        ^~~~~~~~~~~~~~~~
In file included from ./db/memtable.h:21,
                 from ./db/memtable_list.h:17,
                 from ./db/column_family.h:17,
                 from ./db/db_impl/db_impl.h:22,
                 from db/db_impl/db_impl.cc:9:
./db/version_edit.h:55:19: note: because ‘rocksdb::FileDescriptor’ has user-provided ‘rocksdb::FileDescriptor& rocksdb::FileDescriptor::operator=(const rocksdb::FileDescriptor&)’
   55 |   FileDescriptor& operator=(const FileDescriptor& fd) {
      |                   ^~~~~~~~
In file included from /usr/include/c++/11/deque:65,
                 from ./db/db_impl/db_impl.h:12,
                 from db/db_impl/db_impl.cc:9:
/usr/include/c++/11/bits/stl_construct.h:119:7: note: synthesized method ‘rocksdb::IngestedFileInfo::IngestedFileInfo(const rocksdb::IngestedFileInfo&)’ first required here
  119 |       ::new((void*)__p) _Tp(std::forward<_Args>(__args)...);
      |       ^~~~~~~~~~~~~~~~~~~~~~~~~~~~~~~~~~~~~~~~~~~~~~~~~~~~~
  CC       db/db_info_dumper.o
./db/version_edit.h: In instantiation of ‘constexpr std::pair<_T1, _T2>::pair(_U1&&, _U2&&) [with _U1 = int&; _U2 = rocksdb::FileMetaData; typename std::enable_if<(std::_PCC<true, _T1, _T2>::_MoveConstructiblePair<_U1, _U2>() && std::_PCC<true, _T1, _T2>::_ImplicitlyMoveConvertiblePair<_U1, _U2>()), bool>::type <anonymous> = true; _T1 = int; _T2 = rocksdb::FileMetaData]’:
/usr/include/c++/11/ext/new_allocator.h:162:4:   required from ‘void __gnu_cxx::new_allocator<_Tp>::construct(_Up*, _Args&& ...) [with _Up = std::pair<int, rocksdb::FileMetaData>; _Args = {int&, rocksdb::FileMetaData}; _Tp = std::pair<int, rocksdb::FileMetaData>]’
/usr/include/c++/11/bits/alloc_traits.h:516:17:   required from ‘static void std::allocator_traits<std::allocator<_CharT> >::construct(std::allocator_traits<std::allocator<_CharT> >::allocator_type&, _Up*, _Args&& ...) [with _Up = std::pair<int, rocksdb::FileMetaData>; _Args = {int&, rocksdb::FileMetaData}; _Tp = std::pair<int, rocksdb::FileMetaData>; std::allocator_traits<std::allocator<_CharT> >::allocator_type = std::allocator<std::pair<int, rocksdb::FileMetaData> >]’
/usr/include/c++/11/bits/vector.tcc:115:30:   required from ‘void std::vector<_Tp, _Alloc>::emplace_back(_Args&& ...) [with _Args = {int&, rocksdb::FileMetaData}; _Tp = std::pair<int, rocksdb::FileMetaData>; _Alloc = std::allocator<std::pair<int, rocksdb::FileMetaData> >]’
./db/version_edit.h:253:28:   required from here
./db/version_edit.h:86:8: warning: implicitly-declared ‘constexpr rocksdb::FileDescriptor::FileDescriptor(const rocksdb::FileDescriptor&)’ is deprecated [-Wdeprecated-copy]
   86 | struct FileMetaData {
      |        ^~~~~~~~~~~~
./db/version_edit.h:55:19: note: because ‘rocksdb::FileDescriptor’ has user-provided ‘rocksdb::FileDescriptor& rocksdb::FileDescriptor::operator=(const rocksdb::FileDescriptor&)’
   55 |   FileDescriptor& operator=(const FileDescriptor& fd) {
      |                   ^~~~~~~~
In file included from /usr/include/c++/11/bits/stl_algobase.h:64,
                 from /usr/include/c++/11/bits/char_traits.h:39,
                 from /usr/include/c++/11/string:40,
                 from ./db/db_impl/db_impl_secondary.h:10,
                 from db/db_impl/db_impl_secondary.cc:6:
/usr/include/c++/11/bits/stl_pair.h:353:42: note: synthesized method ‘rocksdb::FileMetaData::FileMetaData(rocksdb::FileMetaData&&)’ first required here
  353 |         : first(std::forward<_U1>(__x)), second(std::forward<_U2>(__y)) { }
      |                                          ^~~~~~~~~~~~~~~~~~~~~~~~~~~~~~
In file included from ./db/memtable.h:21,
                 from ./db/memtable_list.h:17,
                 from ./db/column_family.h:17,
                 from ./db/db_impl/db_impl.h:22,
                 from ./db/db_impl/db_impl_secondary.h:12,
                 from db/db_impl/db_impl_secondary.cc:6:
./db/version_edit.h: In instantiation of ‘constexpr std::pair<_T1, _T2>::pair(_U1&&, const _T2&) [with _U1 = int&; typename std::enable_if<std::_PCC<true, _T1, _T2>::_MoveCopyPair<true, _U1, _T2>(), bool>::type <anonymous> = true; _T1 = int; _T2 = rocksdb::FileMetaData]’:
/usr/include/c++/11/ext/new_allocator.h:162:4:   required from ‘void __gnu_cxx::new_allocator<_Tp>::construct(_Up*, _Args&& ...) [with _Up = std::pair<int, rocksdb::FileMetaData>; _Args = {int&, const rocksdb::FileMetaData&}; _Tp = std::pair<int, rocksdb::FileMetaData>]’
/usr/include/c++/11/bits/alloc_traits.h:516:17:   required from ‘static void std::allocator_traits<std::allocator<_CharT> >::construct(std::allocator_traits<std::allocator<_CharT> >::allocator_type&, _Up*, _Args&& ...) [with _Up = std::pair<int, rocksdb::FileMetaData>; _Args = {int&, const rocksdb::FileMetaData&}; _Tp = std::pair<int, rocksdb::FileMetaData>; std::allocator_traits<std::allocator<_CharT> >::allocator_type = std::allocator<std::pair<int, rocksdb::FileMetaData> >]’
/usr/include/c++/11/bits/vector.tcc:115:30:   required from ‘void std::vector<_Tp, _Alloc>::emplace_back(_Args&& ...) [with _Args = {int&, const rocksdb::FileMetaData&}; _Tp = std::pair<int, rocksdb::FileMetaData>; _Alloc = std::allocator<std::pair<int, rocksdb::FileMetaData> >]’
./db/version_edit.h:258:28:   required from here
./db/version_edit.h:86:8: warning: implicitly-declared ‘constexpr rocksdb::FileDescriptor::FileDescriptor(const rocksdb::FileDescriptor&)’ is deprecated [-Wdeprecated-copy]
   86 | struct FileMetaData {
      |        ^~~~~~~~~~~~
./db/version_edit.h:55:19: note: because ‘rocksdb::FileDescriptor’ has user-provided ‘rocksdb::FileDescriptor& rocksdb::FileDescriptor::operator=(const rocksdb::FileDescriptor&)’
   55 |   FileDescriptor& operator=(const FileDescriptor& fd) {
      |                   ^~~~~~~~
In file included from /usr/include/c++/11/bits/stl_algobase.h:64,
                 from /usr/include/c++/11/bits/char_traits.h:39,
                 from /usr/include/c++/11/string:40,
                 from ./db/db_impl/db_impl_secondary.h:10,
                 from db/db_impl/db_impl_secondary.cc:6:
/usr/include/c++/11/bits/stl_pair.h:323:41: note: synthesized method ‘rocksdb::FileMetaData::FileMetaData(const rocksdb::FileMetaData&)’ first required here
  323 |        : first(std::forward<_U1>(__x)), second(__y) { }
      |                                         ^~~~~~~~~~~
./db/version_edit.h: In instantiation of ‘constexpr std::pair<_T1, _T2>::pair(_U1&&, _U2&&) [with _U1 = int&; _U2 = rocksdb::FileMetaData; typename std::enable_if<(std::_PCC<true, _T1, _T2>::_MoveConstructiblePair<_U1, _U2>() && std::_PCC<true, _T1, _T2>::_ImplicitlyMoveConvertiblePair<_U1, _U2>()), bool>::type <anonymous> = true; _T1 = int; _T2 = rocksdb::FileMetaData]’:
/usr/include/c++/11/ext/new_allocator.h:162:4:   required from ‘void __gnu_cxx::new_allocator<_Tp>::construct(_Up*, _Args&& ...) [with _Up = std::pair<int, rocksdb::FileMetaData>; _Args = {int&, rocksdb::FileMetaData}; _Tp = std::pair<int, rocksdb::FileMetaData>]’
/usr/include/c++/11/bits/alloc_traits.h:516:17:   required from ‘static void std::allocator_traits<std::allocator<_Tp1> >::construct(std::allocator_traits<std::allocator<_Tp1> >::allocator_type&, _Up*, _Args&& ...) [with _Up = std::pair<int, rocksdb::FileMetaData>; _Args = {int&, rocksdb::FileMetaData}; _Tp = std::pair<int, rocksdb::FileMetaData>; std::allocator_traits<std::allocator<_Tp1> >::allocator_type = std::allocator<std::pair<int, rocksdb::FileMetaData> >]’
/usr/include/c++/11/bits/vector.tcc:115:30:   required from ‘void std::vector<_Tp, _Alloc>::emplace_back(_Args&& ...) [with _Args = {int&, rocksdb::FileMetaData}; _Tp = std::pair<int, rocksdb::FileMetaData>; _Alloc = std::allocator<std::pair<int, rocksdb::FileMetaData> >]’
./db/version_edit.h:253:28:   required from here
./db/version_edit.h:86:8: warning: implicitly-declared ‘constexpr rocksdb::FileDescriptor::FileDescriptor(const rocksdb::FileDescriptor&)’ is deprecated [-Wdeprecated-copy]
   86 | struct FileMetaData {
      |        ^~~~~~~~~~~~
./db/version_edit.h:55:19: note: because ‘rocksdb::FileDescriptor’ has user-provided ‘rocksdb::FileDescriptor& rocksdb::FileDescriptor::operator=(const rocksdb::FileDescriptor&)’
   55 |   FileDescriptor& operator=(const FileDescriptor& fd) {
      |                   ^~~~~~~~
In file included from /usr/include/c++/11/bits/stl_algobase.h:64,
                 from /usr/include/c++/11/deque:60,
                 from ./db/db_impl/db_impl.h:12,
                 from db/db_impl/db_impl_write.cc:9:
/usr/include/c++/11/bits/stl_pair.h:353:42: note: synthesized method ‘rocksdb::FileMetaData::FileMetaData(rocksdb::FileMetaData&&)’ first required here
  353 |         : first(std::forward<_U1>(__x)), second(std::forward<_U2>(__y)) { }
      |                                          ^~~~~~~~~~~~~~~~~~~~~~~~~~~~~~
In file included from ./db/memtable.h:21,
                 from ./db/memtable_list.h:17,
                 from ./db/column_family.h:17,
                 from ./db/db_impl/db_impl.h:22,
                 from db/db_impl/db_impl_write.cc:9:
./db/version_edit.h: In instantiation of ‘constexpr std::pair<_T1, _T2>::pair(_U1&&, const _T2&) [with _U1 = int&; typename std::enable_if<std::_PCC<true, _T1, _T2>::_MoveCopyPair<true, _U1, _T2>(), bool>::type <anonymous> = true; _T1 = int; _T2 = rocksdb::FileMetaData]’:
/usr/include/c++/11/ext/new_allocator.h:162:4:   required from ‘void __gnu_cxx::new_allocator<_Tp>::construct(_Up*, _Args&& ...) [with _Up = std::pair<int, rocksdb::FileMetaData>; _Args = {int&, const rocksdb::FileMetaData&}; _Tp = std::pair<int, rocksdb::FileMetaData>]’
/usr/include/c++/11/bits/alloc_traits.h:516:17:   required from ‘static void std::allocator_traits<std::allocator<_Tp1> >::construct(std::allocator_traits<std::allocator<_Tp1> >::allocator_type&, _Up*, _Args&& ...) [with _Up = std::pair<int, rocksdb::FileMetaData>; _Args = {int&, const rocksdb::FileMetaData&}; _Tp = std::pair<int, rocksdb::FileMetaData>; std::allocator_traits<std::allocator<_Tp1> >::allocator_type = std::allocator<std::pair<int, rocksdb::FileMetaData> >]’
/usr/include/c++/11/bits/vector.tcc:115:30:   required from ‘void std::vector<_Tp, _Alloc>::emplace_back(_Args&& ...) [with _Args = {int&, const rocksdb::FileMetaData&}; _Tp = std::pair<int, rocksdb::FileMetaData>; _Alloc = std::allocator<std::pair<int, rocksdb::FileMetaData> >]’
./db/version_edit.h:258:28:   required from here
./db/version_edit.h:86:8: warning: implicitly-declared ‘constexpr rocksdb::FileDescriptor::FileDescriptor(const rocksdb::FileDescriptor&)’ is deprecated [-Wdeprecated-copy]
   86 | struct FileMetaData {
      |        ^~~~~~~~~~~~
./db/version_edit.h:55:19: note: because ‘rocksdb::FileDescriptor’ has user-provided ‘rocksdb::FileDescriptor& rocksdb::FileDescriptor::operator=(const rocksdb::FileDescriptor&)’
   55 |   FileDescriptor& operator=(const FileDescriptor& fd) {
      |                   ^~~~~~~~
In file included from /usr/include/c++/11/bits/stl_algobase.h:64,
                 from /usr/include/c++/11/deque:60,
                 from ./db/db_impl/db_impl.h:12,
                 from db/db_impl/db_impl_write.cc:9:
/usr/include/c++/11/bits/stl_pair.h:323:41: note: synthesized method ‘rocksdb::FileMetaData::FileMetaData(const rocksdb::FileMetaData&)’ first required here
  323 |        : first(std::forward<_U1>(__x)), second(__y) { }
      |                                         ^~~~~~~~~~~
  CC       db/db_iter.o
  CC       db/dbformat.o
In file included from ./db/memtable.h:21,
                 from ./db/memtable_list.h:17,
                 from ./db/column_family.h:17,
                 from ./db/db_impl/db_impl.h:22,
                 from ./db/db_iter.h:13,
                 from db/db_iter.cc:10:
./db/version_edit.h: In constructor ‘rocksdb::FdWithKeyRange::FdWithKeyRange(rocksdb::FileDescriptor, rocksdb::Slice, rocksdb::Slice, rocksdb::FileMetaData*)’:
./db/version_edit.h:175:9: warning: implicitly-declared ‘constexpr rocksdb::FileDescriptor::FileDescriptor(const rocksdb::FileDescriptor&)’ is deprecated [-Wdeprecated-copy]
  175 |       : fd(_fd),
      |         ^~~~~~~
./db/version_edit.h:55:19: note: because ‘rocksdb::FileDescriptor’ has user-provided ‘rocksdb::FileDescriptor& rocksdb::FileDescriptor::operator=(const rocksdb::FileDescriptor&)’
   55 |   FileDescriptor& operator=(const FileDescriptor& fd) {
      |                   ^~~~~~~~
  CC       db/error_handler.o
  CC       db/event_helpers.o
  CC       db/experimental.o
In file included from ./db/memtable.h:21,
                 from ./db/memtable_list.h:17,
                 from ./db/column_family.h:17,
                 from ./db/event_helpers.h:11,
                 from db/event_helpers.cc:6:
./db/version_edit.h: In constructor ‘rocksdb::FdWithKeyRange::FdWithKeyRange(rocksdb::FileDescriptor, rocksdb::Slice, rocksdb::Slice, rocksdb::FileMetaData*)’:
./db/version_edit.h:175:9: warning: implicitly-declared ‘constexpr rocksdb::FileDescriptor::FileDescriptor(const rocksdb::FileDescriptor&)’ is deprecated [-Wdeprecated-copy]
  175 |       : fd(_fd),
      |         ^~~~~~~
./db/version_edit.h:55:19: note: because ‘rocksdb::FileDescriptor’ has user-provided ‘rocksdb::FileDescriptor& rocksdb::FileDescriptor::operator=(const rocksdb::FileDescriptor&)’
   55 |   FileDescriptor& operator=(const FileDescriptor& fd) {
      |                   ^~~~~~~~
In file included from ./db/memtable.h:21,
                 from ./db/memtable_list.h:17,
                 from ./db/column_family.h:17,
                 from ./db/db_impl/db_impl.h:22,
                 from db/error_handler.cc:7:
./db/version_edit.h: In constructor ‘rocksdb::FdWithKeyRange::FdWithKeyRange(rocksdb::FileDescriptor, rocksdb::Slice, rocksdb::Slice, rocksdb::FileMetaData*)’:
./db/version_edit.h:175:9: warning: implicitly-declared ‘constexpr rocksdb::FileDescriptor::FileDescriptor(const rocksdb::FileDescriptor&)’ is deprecated [-Wdeprecated-copy]
  175 |       : fd(_fd),
      |         ^~~~~~~
./db/version_edit.h:55:19: note: because ‘rocksdb::FileDescriptor’ has user-provided ‘rocksdb::FileDescriptor& rocksdb::FileDescriptor::operator=(const rocksdb::FileDescriptor&)’
   55 |   FileDescriptor& operator=(const FileDescriptor& fd) {
      |                   ^~~~~~~~
./db/version_edit.h: In instantiation of ‘constexpr std::pair<_T1, _T2>::pair(_U1&&, _U2&&) [with _U1 = int&; _U2 = rocksdb::FileMetaData; typename std::enable_if<(std::_PCC<true, _T1, _T2>::_MoveConstructiblePair<_U1, _U2>() && std::_PCC<true, _T1, _T2>::_ImplicitlyMoveConvertiblePair<_U1, _U2>()), bool>::type <anonymous> = true; _T1 = int; _T2 = rocksdb::FileMetaData]’:
/usr/include/c++/11/ext/new_allocator.h:162:4:   required from ‘void __gnu_cxx::new_allocator<_Tp>::construct(_Up*, _Args&& ...) [with _Up = std::pair<int, rocksdb::FileMetaData>; _Args = {int&, rocksdb::FileMetaData}; _Tp = std::pair<int, rocksdb::FileMetaData>]’
/usr/include/c++/11/bits/alloc_traits.h:516:17:   required from ‘static void std::allocator_traits<std::allocator<_CharT> >::construct(std::allocator_traits<std::allocator<_CharT> >::allocator_type&, _Up*, _Args&& ...) [with _Up = std::pair<int, rocksdb::FileMetaData>; _Args = {int&, rocksdb::FileMetaData}; _Tp = std::pair<int, rocksdb::FileMetaData>; std::allocator_traits<std::allocator<_CharT> >::allocator_type = std::allocator<std::pair<int, rocksdb::FileMetaData> >]’
/usr/include/c++/11/bits/vector.tcc:115:30:   required from ‘void std::vector<_Tp, _Alloc>::emplace_back(_Args&& ...) [with _Args = {int&, rocksdb::FileMetaData}; _Tp = std::pair<int, rocksdb::FileMetaData>; _Alloc = std::allocator<std::pair<int, rocksdb::FileMetaData> >]’
./db/version_edit.h:253:28:   required from here
./db/version_edit.h:86:8: warning: implicitly-declared ‘constexpr rocksdb::FileDescriptor::FileDescriptor(const rocksdb::FileDescriptor&)’ is deprecated [-Wdeprecated-copy]
   86 | struct FileMetaData {
      |        ^~~~~~~~~~~~
./db/version_edit.h:55:19: note: because ‘rocksdb::FileDescriptor’ has user-provided ‘rocksdb::FileDescriptor& rocksdb::FileDescriptor::operator=(const rocksdb::FileDescriptor&)’
   55 |   FileDescriptor& operator=(const FileDescriptor& fd) {
      |                   ^~~~~~~~
In file included from /usr/include/c++/11/bits/stl_algobase.h:64,
                 from /usr/include/c++/11/bits/char_traits.h:39,
                 from /usr/include/c++/11/string:40,
                 from ./db/db_iter.h:12,
                 from db/db_iter.cc:10:
/usr/include/c++/11/bits/stl_pair.h:353:42: note: synthesized method ‘rocksdb::FileMetaData::FileMetaData(rocksdb::FileMetaData&&)’ first required here
  353 |         : first(std::forward<_U1>(__x)), second(std::forward<_U2>(__y)) { }
      |                                          ^~~~~~~~~~~~~~~~~~~~~~~~~~~~~~
In file included from ./db/memtable.h:21,
                 from ./db/memtable_list.h:17,
                 from ./db/column_family.h:17,
                 from ./db/db_impl/db_impl.h:22,
                 from ./db/db_iter.h:13,
                 from db/db_iter.cc:10:
./db/version_edit.h: In instantiation of ‘constexpr std::pair<_T1, _T2>::pair(_U1&&, const _T2&) [with _U1 = int&; typename std::enable_if<std::_PCC<true, _T1, _T2>::_MoveCopyPair<true, _U1, _T2>(), bool>::type <anonymous> = true; _T1 = int; _T2 = rocksdb::FileMetaData]’:
/usr/include/c++/11/ext/new_allocator.h:162:4:   required from ‘void __gnu_cxx::new_allocator<_Tp>::construct(_Up*, _Args&& ...) [with _Up = std::pair<int, rocksdb::FileMetaData>; _Args = {int&, const rocksdb::FileMetaData&}; _Tp = std::pair<int, rocksdb::FileMetaData>]’
/usr/include/c++/11/bits/alloc_traits.h:516:17:   required from ‘static void std::allocator_traits<std::allocator<_CharT> >::construct(std::allocator_traits<std::allocator<_CharT> >::allocator_type&, _Up*, _Args&& ...) [with _Up = std::pair<int, rocksdb::FileMetaData>; _Args = {int&, const rocksdb::FileMetaData&}; _Tp = std::pair<int, rocksdb::FileMetaData>; std::allocator_traits<std::allocator<_CharT> >::allocator_type = std::allocator<std::pair<int, rocksdb::FileMetaData> >]’
/usr/include/c++/11/bits/vector.tcc:115:30:   required from ‘void std::vector<_Tp, _Alloc>::emplace_back(_Args&& ...) [with _Args = {int&, const rocksdb::FileMetaData&}; _Tp = std::pair<int, rocksdb::FileMetaData>; _Alloc = std::allocator<std::pair<int, rocksdb::FileMetaData> >]’
./db/version_edit.h:258:28:   required from here
./db/version_edit.h:86:8: warning: implicitly-declared ‘constexpr rocksdb::FileDescriptor::FileDescriptor(const rocksdb::FileDescriptor&)’ is deprecated [-Wdeprecated-copy]
   86 | struct FileMetaData {
      |        ^~~~~~~~~~~~
./db/version_edit.h:55:19: note: because ‘rocksdb::FileDescriptor’ has user-provided ‘rocksdb::FileDescriptor& rocksdb::FileDescriptor::operator=(const rocksdb::FileDescriptor&)’
   55 |   FileDescriptor& operator=(const FileDescriptor& fd) {
      |                   ^~~~~~~~
In file included from /usr/include/c++/11/bits/stl_algobase.h:64,
                 from /usr/include/c++/11/bits/char_traits.h:39,
                 from /usr/include/c++/11/string:40,
                 from ./db/db_iter.h:12,
                 from db/db_iter.cc:10:
/usr/include/c++/11/bits/stl_pair.h:323:41: note: synthesized method ‘rocksdb::FileMetaData::FileMetaData(const rocksdb::FileMetaData&)’ first required here
  323 |        : first(std::forward<_U1>(__x)), second(__y) { }
      |                                         ^~~~~~~~~~~
In file included from ./db/memtable.h:21,
                 from ./db/memtable_list.h:17,
                 from ./db/column_family.h:17,
                 from ./db/db_impl/db_impl.h:22,
                 from db/experimental.cc:8:
./db/version_edit.h: In constructor ‘rocksdb::FdWithKeyRange::FdWithKeyRange(rocksdb::FileDescriptor, rocksdb::Slice, rocksdb::Slice, rocksdb::FileMetaData*)’:
./db/version_edit.h:175:9: warning: implicitly-declared ‘constexpr rocksdb::FileDescriptor::FileDescriptor(const rocksdb::FileDescriptor&)’ is deprecated [-Wdeprecated-copy]
  175 |       : fd(_fd),
      |         ^~~~~~~
./db/version_edit.h:55:19: note: because ‘rocksdb::FileDescriptor’ has user-provided ‘rocksdb::FileDescriptor& rocksdb::FileDescriptor::operator=(const rocksdb::FileDescriptor&)’
   55 |   FileDescriptor& operator=(const FileDescriptor& fd) {
      |                   ^~~~~~~~
./db/version_edit.h: In instantiation of ‘constexpr std::pair<_T1, _T2>::pair(_U1&&, _U2&&) [with _U1 = int&; _U2 = rocksdb::FileMetaData; typename std::enable_if<(std::_PCC<true, _T1, _T2>::_MoveConstructiblePair<_U1, _U2>() && std::_PCC<true, _T1, _T2>::_ImplicitlyMoveConvertiblePair<_U1, _U2>()), bool>::type <anonymous> = true; _T1 = int; _T2 = rocksdb::FileMetaData]’:
/usr/include/c++/11/ext/new_allocator.h:162:4:   required from ‘void __gnu_cxx::new_allocator<_Tp>::construct(_Up*, _Args&& ...) [with _Up = std::pair<int, rocksdb::FileMetaData>; _Args = {int&, rocksdb::FileMetaData}; _Tp = std::pair<int, rocksdb::FileMetaData>]’
/usr/include/c++/11/bits/alloc_traits.h:516:17:   required from ‘static void std::allocator_traits<std::allocator<_Tp1> >::construct(std::allocator_traits<std::allocator<_Tp1> >::allocator_type&, _Up*, _Args&& ...) [with _Up = std::pair<int, rocksdb::FileMetaData>; _Args = {int&, rocksdb::FileMetaData}; _Tp = std::pair<int, rocksdb::FileMetaData>; std::allocator_traits<std::allocator<_Tp1> >::allocator_type = std::allocator<std::pair<int, rocksdb::FileMetaData> >]’
/usr/include/c++/11/bits/vector.tcc:115:30:   required from ‘void std::vector<_Tp, _Alloc>::emplace_back(_Args&& ...) [with _Args = {int&, rocksdb::FileMetaData}; _Tp = std::pair<int, rocksdb::FileMetaData>; _Alloc = std::allocator<std::pair<int, rocksdb::FileMetaData> >]’
./db/version_edit.h:253:28:   required from here
./db/version_edit.h:86:8: warning: implicitly-declared ‘constexpr rocksdb::FileDescriptor::FileDescriptor(const rocksdb::FileDescriptor&)’ is deprecated [-Wdeprecated-copy]
   86 | struct FileMetaData {
      |        ^~~~~~~~~~~~
./db/version_edit.h:55:19: note: because ‘rocksdb::FileDescriptor’ has user-provided ‘rocksdb::FileDescriptor& rocksdb::FileDescriptor::operator=(const rocksdb::FileDescriptor&)’
   55 |   FileDescriptor& operator=(const FileDescriptor& fd) {
      |                   ^~~~~~~~
In file included from /usr/include/c++/11/bits/stl_algobase.h:64,
                 from /usr/include/c++/11/memory:63,
                 from ./db/event_helpers.h:7,
                 from db/event_helpers.cc:6:
/usr/include/c++/11/bits/stl_pair.h:353:42: note: synthesized method ‘rocksdb::FileMetaData::FileMetaData(rocksdb::FileMetaData&&)’ first required here
  353 |         : first(std::forward<_U1>(__x)), second(std::forward<_U2>(__y)) { }
      |                                          ^~~~~~~~~~~~~~~~~~~~~~~~~~~~~~
In file included from ./db/memtable.h:21,
                 from ./db/memtable_list.h:17,
                 from ./db/column_family.h:17,
                 from ./db/event_helpers.h:11,
                 from db/event_helpers.cc:6:
./db/version_edit.h: In instantiation of ‘constexpr std::pair<_T1, _T2>::pair(_U1&&, const _T2&) [with _U1 = int&; typename std::enable_if<std::_PCC<true, _T1, _T2>::_MoveCopyPair<true, _U1, _T2>(), bool>::type <anonymous> = true; _T1 = int; _T2 = rocksdb::FileMetaData]’:
/usr/include/c++/11/ext/new_allocator.h:162:4:   required from ‘void __gnu_cxx::new_allocator<_Tp>::construct(_Up*, _Args&& ...) [with _Up = std::pair<int, rocksdb::FileMetaData>; _Args = {int&, const rocksdb::FileMetaData&}; _Tp = std::pair<int, rocksdb::FileMetaData>]’
/usr/include/c++/11/bits/alloc_traits.h:516:17:   required from ‘static void std::allocator_traits<std::allocator<_Tp1> >::construct(std::allocator_traits<std::allocator<_Tp1> >::allocator_type&, _Up*, _Args&& ...) [with _Up = std::pair<int, rocksdb::FileMetaData>; _Args = {int&, const rocksdb::FileMetaData&}; _Tp = std::pair<int, rocksdb::FileMetaData>; std::allocator_traits<std::allocator<_Tp1> >::allocator_type = std::allocator<std::pair<int, rocksdb::FileMetaData> >]’
/usr/include/c++/11/bits/vector.tcc:115:30:   required from ‘void std::vector<_Tp, _Alloc>::emplace_back(_Args&& ...) [with _Args = {int&, const rocksdb::FileMetaData&}; _Tp = std::pair<int, rocksdb::FileMetaData>; _Alloc = std::allocator<std::pair<int, rocksdb::FileMetaData> >]’
./db/version_edit.h:258:28:   required from here
./db/version_edit.h:86:8: warning: implicitly-declared ‘constexpr rocksdb::FileDescriptor::FileDescriptor(const rocksdb::FileDescriptor&)’ is deprecated [-Wdeprecated-copy]
   86 | struct FileMetaData {
      |        ^~~~~~~~~~~~
./db/version_edit.h:55:19: note: because ‘rocksdb::FileDescriptor’ has user-provided ‘rocksdb::FileDescriptor& rocksdb::FileDescriptor::operator=(const rocksdb::FileDescriptor&)’
   55 |   FileDescriptor& operator=(const FileDescriptor& fd) {
      |                   ^~~~~~~~
In file included from /usr/include/c++/11/bits/stl_algobase.h:64,
                 from /usr/include/c++/11/memory:63,
                 from ./db/event_helpers.h:7,
                 from db/event_helpers.cc:6:
/usr/include/c++/11/bits/stl_pair.h:323:41: note: synthesized method ‘rocksdb::FileMetaData::FileMetaData(const rocksdb::FileMetaData&)’ first required here
  323 |        : first(std::forward<_U1>(__x)), second(__y) { }
      |                                         ^~~~~~~~~~~
  CC       db/external_sst_file_ingestion_job.o
  CC       db/file_indexer.o
  CC       db/flush_job.o
./db/version_edit.h: In instantiation of ‘constexpr std::pair<_T1, _T2>::pair(_U1&&, _U2&&) [with _U1 = int&; _U2 = rocksdb::FileMetaData; typename std::enable_if<(std::_PCC<true, _T1, _T2>::_MoveConstructiblePair<_U1, _U2>() && std::_PCC<true, _T1, _T2>::_ImplicitlyMoveConvertiblePair<_U1, _U2>()), bool>::type <anonymous> = true; _T1 = int; _T2 = rocksdb::FileMetaData]’:
/usr/include/c++/11/ext/new_allocator.h:162:4:   required from ‘void __gnu_cxx::new_allocator<_Tp>::construct(_Up*, _Args&& ...) [with _Up = std::pair<int, rocksdb::FileMetaData>; _Args = {int&, rocksdb::FileMetaData}; _Tp = std::pair<int, rocksdb::FileMetaData>]’
/usr/include/c++/11/bits/alloc_traits.h:516:17:   required from ‘static void std::allocator_traits<std::allocator<_Tp1> >::construct(std::allocator_traits<std::allocator<_Tp1> >::allocator_type&, _Up*, _Args&& ...) [with _Up = std::pair<int, rocksdb::FileMetaData>; _Args = {int&, rocksdb::FileMetaData}; _Tp = std::pair<int, rocksdb::FileMetaData>; std::allocator_traits<std::allocator<_Tp1> >::allocator_type = std::allocator<std::pair<int, rocksdb::FileMetaData> >]’
/usr/include/c++/11/bits/vector.tcc:115:30:   required from ‘void std::vector<_Tp, _Alloc>::emplace_back(_Args&& ...) [with _Args = {int&, rocksdb::FileMetaData}; _Tp = std::pair<int, rocksdb::FileMetaData>; _Alloc = std::allocator<std::pair<int, rocksdb::FileMetaData> >]’
./db/version_edit.h:253:28:   required from here
./db/version_edit.h:86:8: warning: implicitly-declared ‘constexpr rocksdb::FileDescriptor::FileDescriptor(const rocksdb::FileDescriptor&)’ is deprecated [-Wdeprecated-copy]
   86 | struct FileMetaData {
      |        ^~~~~~~~~~~~
./db/version_edit.h:55:19: note: because ‘rocksdb::FileDescriptor’ has user-provided ‘rocksdb::FileDescriptor& rocksdb::FileDescriptor::operator=(const rocksdb::FileDescriptor&)’
   55 |   FileDescriptor& operator=(const FileDescriptor& fd) {
      |                   ^~~~~~~~
In file included from /usr/include/c++/11/bits/stl_algobase.h:64,
                 from /usr/include/c++/11/bits/stl_tree.h:63,
                 from /usr/include/c++/11/map:60,
                 from ./include/rocksdb/statistics.h:11,
                 from ./monitoring/statistics.h:7,
                 from ./monitoring/instrumented_mutex.h:8,
                 from ./db/error_handler.h:7,
                 from db/error_handler.cc:6:
/usr/include/c++/11/bits/stl_pair.h:353:42: note: synthesized method ‘rocksdb::FileMetaData::FileMetaData(rocksdb::FileMetaData&&)’ first required here
  353 |         : first(std::forward<_U1>(__x)), second(std::forward<_U2>(__y)) { }
      |                                          ^~~~~~~~~~~~~~~~~~~~~~~~~~~~~~
In file included from ./db/memtable.h:21,
                 from ./db/memtable_list.h:17,
                 from ./db/column_family.h:17,
                 from ./db/db_impl/db_impl.h:22,
                 from db/error_handler.cc:7:
./db/version_edit.h: In instantiation of ‘constexpr std::pair<_T1, _T2>::pair(_U1&&, const _T2&) [with _U1 = int&; typename std::enable_if<std::_PCC<true, _T1, _T2>::_MoveCopyPair<true, _U1, _T2>(), bool>::type <anonymous> = true; _T1 = int; _T2 = rocksdb::FileMetaData]’:
/usr/include/c++/11/ext/new_allocator.h:162:4:   required from ‘void __gnu_cxx::new_allocator<_Tp>::construct(_Up*, _Args&& ...) [with _Up = std::pair<int, rocksdb::FileMetaData>; _Args = {int&, const rocksdb::FileMetaData&}; _Tp = std::pair<int, rocksdb::FileMetaData>]’
/usr/include/c++/11/bits/alloc_traits.h:516:17:   required from ‘static void std::allocator_traits<std::allocator<_Tp1> >::construct(std::allocator_traits<std::allocator<_Tp1> >::allocator_type&, _Up*, _Args&& ...) [with _Up = std::pair<int, rocksdb::FileMetaData>; _Args = {int&, const rocksdb::FileMetaData&}; _Tp = std::pair<int, rocksdb::FileMetaData>; std::allocator_traits<std::allocator<_Tp1> >::allocator_type = std::allocator<std::pair<int, rocksdb::FileMetaData> >]’
/usr/include/c++/11/bits/vector.tcc:115:30:   required from ‘void std::vector<_Tp, _Alloc>::emplace_back(_Args&& ...) [with _Args = {int&, const rocksdb::FileMetaData&}; _Tp = std::pair<int, rocksdb::FileMetaData>; _Alloc = std::allocator<std::pair<int, rocksdb::FileMetaData> >]’
./db/version_edit.h:258:28:   required from here
./db/version_edit.h:86:8: warning: implicitly-declared ‘constexpr rocksdb::FileDescriptor::FileDescriptor(const rocksdb::FileDescriptor&)’ is deprecated [-Wdeprecated-copy]
   86 | struct FileMetaData {
      |        ^~~~~~~~~~~~
./db/version_edit.h:55:19: note: because ‘rocksdb::FileDescriptor’ has user-provided ‘rocksdb::FileDescriptor& rocksdb::FileDescriptor::operator=(const rocksdb::FileDescriptor&)’
   55 |   FileDescriptor& operator=(const FileDescriptor& fd) {
      |                   ^~~~~~~~
In file included from /usr/include/c++/11/bits/stl_algobase.h:64,
                 from /usr/include/c++/11/bits/stl_tree.h:63,
                 from /usr/include/c++/11/map:60,
                 from ./include/rocksdb/statistics.h:11,
                 from ./monitoring/statistics.h:7,
                 from ./monitoring/instrumented_mutex.h:8,
                 from ./db/error_handler.h:7,
                 from db/error_handler.cc:6:
/usr/include/c++/11/bits/stl_pair.h:323:41: note: synthesized method ‘rocksdb::FileMetaData::FileMetaData(const rocksdb::FileMetaData&)’ first required here
  323 |        : first(std::forward<_U1>(__x)), second(__y) { }
      |                                         ^~~~~~~~~~~
  CC       db/flush_scheduler.o
./db/version_edit.h: In instantiation of ‘constexpr std::pair<_T1, _T2>::pair(_U1&&, _U2&&) [with _U1 = int&; _U2 = rocksdb::FileMetaData; typename std::enable_if<(std::_PCC<true, _T1, _T2>::_MoveConstructiblePair<_U1, _U2>() && std::_PCC<true, _T1, _T2>::_ImplicitlyMoveConvertiblePair<_U1, _U2>()), bool>::type <anonymous> = true; _T1 = int; _T2 = rocksdb::FileMetaData]’:
/usr/include/c++/11/ext/new_allocator.h:162:4:   required from ‘void __gnu_cxx::new_allocator<_Tp>::construct(_Up*, _Args&& ...) [with _Up = std::pair<int, rocksdb::FileMetaData>; _Args = {int&, rocksdb::FileMetaData}; _Tp = std::pair<int, rocksdb::FileMetaData>]’
/usr/include/c++/11/bits/alloc_traits.h:516:17:   required from ‘static void std::allocator_traits<std::allocator<_Tp1> >::construct(std::allocator_traits<std::allocator<_Tp1> >::allocator_type&, _Up*, _Args&& ...) [with _Up = std::pair<int, rocksdb::FileMetaData>; _Args = {int&, rocksdb::FileMetaData}; _Tp = std::pair<int, rocksdb::FileMetaData>; std::allocator_traits<std::allocator<_Tp1> >::allocator_type = std::allocator<std::pair<int, rocksdb::FileMetaData> >]’
/usr/include/c++/11/bits/vector.tcc:115:30:   required from ‘void std::vector<_Tp, _Alloc>::emplace_back(_Args&& ...) [with _Args = {int&, rocksdb::FileMetaData}; _Tp = std::pair<int, rocksdb::FileMetaData>; _Alloc = std::allocator<std::pair<int, rocksdb::FileMetaData> >]’
./db/version_edit.h:253:28:   required from here
./db/version_edit.h:86:8: warning: implicitly-declared ‘constexpr rocksdb::FileDescriptor::FileDescriptor(const rocksdb::FileDescriptor&)’ is deprecated [-Wdeprecated-copy]
   86 | struct FileMetaData {
      |        ^~~~~~~~~~~~
./db/version_edit.h:55:19: note: because ‘rocksdb::FileDescriptor’ has user-provided ‘rocksdb::FileDescriptor& rocksdb::FileDescriptor::operator=(const rocksdb::FileDescriptor&)’
   55 |   FileDescriptor& operator=(const FileDescriptor& fd) {
      |                   ^~~~~~~~
In file included from /usr/include/c++/11/bits/stl_algobase.h:64,
                 from /usr/include/c++/11/bits/stl_tree.h:63,
                 from /usr/include/c++/11/map:60,
                 from ./include/rocksdb/db.h:13,
                 from ./include/rocksdb/experimental.h:8,
                 from db/experimental.cc:6:
/usr/include/c++/11/bits/stl_pair.h:353:42: note: synthesized method ‘rocksdb::FileMetaData::FileMetaData(rocksdb::FileMetaData&&)’ first required here
  353 |         : first(std::forward<_U1>(__x)), second(std::forward<_U2>(__y)) { }
      |                                          ^~~~~~~~~~~~~~~~~~~~~~~~~~~~~~
In file included from ./db/memtable.h:21,
                 from ./db/memtable_list.h:17,
                 from ./db/column_family.h:17,
                 from ./db/db_impl/db_impl.h:22,
                 from db/experimental.cc:8:
./db/version_edit.h: In instantiation of ‘constexpr std::pair<_T1, _T2>::pair(_U1&&, const _T2&) [with _U1 = int&; typename std::enable_if<std::_PCC<true, _T1, _T2>::_MoveCopyPair<true, _U1, _T2>(), bool>::type <anonymous> = true; _T1 = int; _T2 = rocksdb::FileMetaData]’:
/usr/include/c++/11/ext/new_allocator.h:162:4:   required from ‘void __gnu_cxx::new_allocator<_Tp>::construct(_Up*, _Args&& ...) [with _Up = std::pair<int, rocksdb::FileMetaData>; _Args = {int&, const rocksdb::FileMetaData&}; _Tp = std::pair<int, rocksdb::FileMetaData>]’
/usr/include/c++/11/bits/alloc_traits.h:516:17:   required from ‘static void std::allocator_traits<std::allocator<_Tp1> >::construct(std::allocator_traits<std::allocator<_Tp1> >::allocator_type&, _Up*, _Args&& ...) [with _Up = std::pair<int, rocksdb::FileMetaData>; _Args = {int&, const rocksdb::FileMetaData&}; _Tp = std::pair<int, rocksdb::FileMetaData>; std::allocator_traits<std::allocator<_Tp1> >::allocator_type = std::allocator<std::pair<int, rocksdb::FileMetaData> >]’
/usr/include/c++/11/bits/vector.tcc:115:30:   required from ‘void std::vector<_Tp, _Alloc>::emplace_back(_Args&& ...) [with _Args = {int&, const rocksdb::FileMetaData&}; _Tp = std::pair<int, rocksdb::FileMetaData>; _Alloc = std::allocator<std::pair<int, rocksdb::FileMetaData> >]’
./db/version_edit.h:258:28:   required from here
./db/version_edit.h:86:8: warning: implicitly-declared ‘constexpr rocksdb::FileDescriptor::FileDescriptor(const rocksdb::FileDescriptor&)’ is deprecated [-Wdeprecated-copy]
   86 | struct FileMetaData {
      |        ^~~~~~~~~~~~
./db/version_edit.h:55:19: note: because ‘rocksdb::FileDescriptor’ has user-provided ‘rocksdb::FileDescriptor& rocksdb::FileDescriptor::operator=(const rocksdb::FileDescriptor&)’
   55 |   FileDescriptor& operator=(const FileDescriptor& fd) {
      |                   ^~~~~~~~
In file included from /usr/include/c++/11/bits/stl_algobase.h:64,
                 from /usr/include/c++/11/bits/stl_tree.h:63,
                 from /usr/include/c++/11/map:60,
                 from ./include/rocksdb/db.h:13,
                 from ./include/rocksdb/experimental.h:8,
                 from db/experimental.cc:6:
/usr/include/c++/11/bits/stl_pair.h:323:41: note: synthesized method ‘rocksdb::FileMetaData::FileMetaData(const rocksdb::FileMetaData&)’ first required here
  323 |        : first(std::forward<_U1>(__x)), second(__y) { }
      |                                         ^~~~~~~~~~~
In file included from ./db/memtable.h:21,
                 from ./db/memtable_list.h:17,
                 from ./db/column_family.h:17,
                 from ./db/external_sst_file_ingestion_job.h:11,
                 from db/external_sst_file_ingestion_job.cc:8:
./db/version_edit.h: In constructor ‘rocksdb::FdWithKeyRange::FdWithKeyRange(rocksdb::FileDescriptor, rocksdb::Slice, rocksdb::Slice, rocksdb::FileMetaData*)’:
./db/version_edit.h:175:9: warning: implicitly-declared ‘constexpr rocksdb::FileDescriptor::FileDescriptor(const rocksdb::FileDescriptor&)’ is deprecated [-Wdeprecated-copy]
  175 |       : fd(_fd),
      |         ^~~~~~~
./db/version_edit.h:55:19: note: because ‘rocksdb::FileDescriptor’ has user-provided ‘rocksdb::FileDescriptor& rocksdb::FileDescriptor::operator=(const rocksdb::FileDescriptor&)’
   55 |   FileDescriptor& operator=(const FileDescriptor& fd) {
      |                   ^~~~~~~~
In file included from db/file_indexer.cc:13:
./db/version_edit.h: In constructor ‘rocksdb::FdWithKeyRange::FdWithKeyRange(rocksdb::FileDescriptor, rocksdb::Slice, rocksdb::Slice, rocksdb::FileMetaData*)’:
./db/version_edit.h:175:9: warning: implicitly-declared ‘constexpr rocksdb::FileDescriptor::FileDescriptor(const rocksdb::FileDescriptor&)’ is deprecated [-Wdeprecated-copy]
  175 |       : fd(_fd),
      |         ^~~~~~~
./db/version_edit.h:55:19: note: because ‘rocksdb::FileDescriptor’ has user-provided ‘rocksdb::FileDescriptor& rocksdb::FileDescriptor::operator=(const rocksdb::FileDescriptor&)’
   55 |   FileDescriptor& operator=(const FileDescriptor& fd) {
      |                   ^~~~~~~~
./db/version_edit.h: In instantiation of ‘constexpr std::pair<_T1, _T2>::pair(_U1&&, _U2&&) [with _U1 = int&; _U2 = rocksdb::FileMetaData; typename std::enable_if<(std::_PCC<true, _T1, _T2>::_MoveConstructiblePair<_U1, _U2>() && std::_PCC<true, _T1, _T2>::_ImplicitlyMoveConvertiblePair<_U1, _U2>()), bool>::type <anonymous> = true; _T1 = int; _T2 = rocksdb::FileMetaData]’:
/usr/include/c++/11/ext/new_allocator.h:162:4:   required from ‘void __gnu_cxx::new_allocator<_Tp>::construct(_Up*, _Args&& ...) [with _Up = std::pair<int, rocksdb::FileMetaData>; _Args = {int&, rocksdb::FileMetaData}; _Tp = std::pair<int, rocksdb::FileMetaData>]’
/usr/include/c++/11/bits/alloc_traits.h:516:17:   required from ‘static void std::allocator_traits<std::allocator<_Tp1> >::construct(std::allocator_traits<std::allocator<_Tp1> >::allocator_type&, _Up*, _Args&& ...) [with _Up = std::pair<int, rocksdb::FileMetaData>; _Args = {int&, rocksdb::FileMetaData}; _Tp = std::pair<int, rocksdb::FileMetaData>; std::allocator_traits<std::allocator<_Tp1> >::allocator_type = std::allocator<std::pair<int, rocksdb::FileMetaData> >]’
/usr/include/c++/11/bits/vector.tcc:115:30:   required from ‘void std::vector<_Tp, _Alloc>::emplace_back(_Args&& ...) [with _Args = {int&, rocksdb::FileMetaData}; _Tp = std::pair<int, rocksdb::FileMetaData>; _Alloc = std::allocator<std::pair<int, rocksdb::FileMetaData> >]’
./db/version_edit.h:253:28:   required from here
./db/version_edit.h:86:8: warning: implicitly-declared ‘constexpr rocksdb::FileDescriptor::FileDescriptor(const rocksdb::FileDescriptor&)’ is deprecated [-Wdeprecated-copy]
   86 | struct FileMetaData {
      |        ^~~~~~~~~~~~
./db/version_edit.h:55:19: note: because ‘rocksdb::FileDescriptor’ has user-provided ‘rocksdb::FileDescriptor& rocksdb::FileDescriptor::operator=(const rocksdb::FileDescriptor&)’
   55 |   FileDescriptor& operator=(const FileDescriptor& fd) {
      |                   ^~~~~~~~
In file included from /usr/include/c++/11/utility:70,
                 from /usr/include/c++/11/tuple:38,
                 from /usr/include/c++/11/functional:54,
                 from ./db/file_indexer.h:12,
                 from db/file_indexer.cc:10:
/usr/include/c++/11/bits/stl_pair.h:353:42: note: synthesized method ‘rocksdb::FileMetaData::FileMetaData(rocksdb::FileMetaData&&)’ first required here
  353 |         : first(std::forward<_U1>(__x)), second(std::forward<_U2>(__y)) { }
      |                                          ^~~~~~~~~~~~~~~~~~~~~~~~~~~~~~
In file included from db/file_indexer.cc:13:
./db/version_edit.h: In instantiation of ‘constexpr std::pair<_T1, _T2>::pair(_U1&&, const _T2&) [with _U1 = int&; typename std::enable_if<std::_PCC<true, _T1, _T2>::_MoveCopyPair<true, _U1, _T2>(), bool>::type <anonymous> = true; _T1 = int; _T2 = rocksdb::FileMetaData]’:
/usr/include/c++/11/ext/new_allocator.h:162:4:   required from ‘void __gnu_cxx::new_allocator<_Tp>::construct(_Up*, _Args&& ...) [with _Up = std::pair<int, rocksdb::FileMetaData>; _Args = {int&, const rocksdb::FileMetaData&}; _Tp = std::pair<int, rocksdb::FileMetaData>]’
/usr/include/c++/11/bits/alloc_traits.h:516:17:   required from ‘static void std::allocator_traits<std::allocator<_Tp1> >::construct(std::allocator_traits<std::allocator<_Tp1> >::allocator_type&, _Up*, _Args&& ...) [with _Up = std::pair<int, rocksdb::FileMetaData>; _Args = {int&, const rocksdb::FileMetaData&}; _Tp = std::pair<int, rocksdb::FileMetaData>; std::allocator_traits<std::allocator<_Tp1> >::allocator_type = std::allocator<std::pair<int, rocksdb::FileMetaData> >]’
/usr/include/c++/11/bits/vector.tcc:115:30:   required from ‘void std::vector<_Tp, _Alloc>::emplace_back(_Args&& ...) [with _Args = {int&, const rocksdb::FileMetaData&}; _Tp = std::pair<int, rocksdb::FileMetaData>; _Alloc = std::allocator<std::pair<int, rocksdb::FileMetaData> >]’
./db/version_edit.h:258:28:   required from here
./db/version_edit.h:86:8: warning: implicitly-declared ‘constexpr rocksdb::FileDescriptor::FileDescriptor(const rocksdb::FileDescriptor&)’ is deprecated [-Wdeprecated-copy]
   86 | struct FileMetaData {
      |        ^~~~~~~~~~~~
./db/version_edit.h:55:19: note: because ‘rocksdb::FileDescriptor’ has user-provided ‘rocksdb::FileDescriptor& rocksdb::FileDescriptor::operator=(const rocksdb::FileDescriptor&)’
   55 |   FileDescriptor& operator=(const FileDescriptor& fd) {
      |                   ^~~~~~~~
In file included from /usr/include/c++/11/utility:70,
                 from /usr/include/c++/11/tuple:38,
                 from /usr/include/c++/11/functional:54,
                 from ./db/file_indexer.h:12,
                 from db/file_indexer.cc:10:
/usr/include/c++/11/bits/stl_pair.h:323:41: note: synthesized method ‘rocksdb::FileMetaData::FileMetaData(const rocksdb::FileMetaData&)’ first required here
  323 |        : first(std::forward<_U1>(__x)), second(__y) { }
      |                                         ^~~~~~~~~~~
  CC       db/forward_iterator.o
In file included from ./db/memtable.h:21,
                 from ./db/memtable_list.h:17,
                 from ./db/column_family.h:17,
                 from ./db/flush_job.h:19,
                 from db/flush_job.cc:10:
./db/version_edit.h: In constructor ‘rocksdb::FdWithKeyRange::FdWithKeyRange(rocksdb::FileDescriptor, rocksdb::Slice, rocksdb::Slice, rocksdb::FileMetaData*)’:
./db/version_edit.h:175:9: warning: implicitly-declared ‘constexpr rocksdb::FileDescriptor::FileDescriptor(const rocksdb::FileDescriptor&)’ is deprecated [-Wdeprecated-copy]
  175 |       : fd(_fd),
      |         ^~~~~~~
./db/version_edit.h:55:19: note: because ‘rocksdb::FileDescriptor’ has user-provided ‘rocksdb::FileDescriptor& rocksdb::FileDescriptor::operator=(const rocksdb::FileDescriptor&)’
   55 |   FileDescriptor& operator=(const FileDescriptor& fd) {
      |                   ^~~~~~~~
  CC       db/internal_stats.o
  CC       db/logs_with_prep_tracker.o
In file included from ./db/memtable.h:21,
                 from ./db/memtable_list.h:17,
                 from ./db/column_family.h:17,
                 from db/flush_scheduler.cc:10:
./db/version_edit.h: In constructor ‘rocksdb::FdWithKeyRange::FdWithKeyRange(rocksdb::FileDescriptor, rocksdb::Slice, rocksdb::Slice, rocksdb::FileMetaData*)’:
./db/version_edit.h:175:9: warning: implicitly-declared ‘constexpr rocksdb::FileDescriptor::FileDescriptor(const rocksdb::FileDescriptor&)’ is deprecated [-Wdeprecated-copy]
  175 |       : fd(_fd),
      |         ^~~~~~~
./db/version_edit.h:55:19: note: because ‘rocksdb::FileDescriptor’ has user-provided ‘rocksdb::FileDescriptor& rocksdb::FileDescriptor::operator=(const rocksdb::FileDescriptor&)’
   55 |   FileDescriptor& operator=(const FileDescriptor& fd) {
      |                   ^~~~~~~~
  CC       db/log_reader.o
  CC       db/log_writer.o
./db/version_edit.h: In instantiation of ‘constexpr std::pair<_T1, _T2>::pair(_U1&&, _U2&&) [with _U1 = int&; _U2 = rocksdb::FileMetaData; typename std::enable_if<(std::_PCC<true, _T1, _T2>::_MoveConstructiblePair<_U1, _U2>() && std::_PCC<true, _T1, _T2>::_ImplicitlyMoveConvertiblePair<_U1, _U2>()), bool>::type <anonymous> = true; _T1 = int; _T2 = rocksdb::FileMetaData]’:
/usr/include/c++/11/ext/new_allocator.h:162:4:   required from ‘void __gnu_cxx::new_allocator<_Tp>::construct(_Up*, _Args&& ...) [with _Up = std::pair<int, rocksdb::FileMetaData>; _Args = {int&, rocksdb::FileMetaData}; _Tp = std::pair<int, rocksdb::FileMetaData>]’
/usr/include/c++/11/bits/alloc_traits.h:516:17:   required from ‘static void std::allocator_traits<std::allocator<_CharT> >::construct(std::allocator_traits<std::allocator<_CharT> >::allocator_type&, _Up*, _Args&& ...) [with _Up = std::pair<int, rocksdb::FileMetaData>; _Args = {int&, rocksdb::FileMetaData}; _Tp = std::pair<int, rocksdb::FileMetaData>; std::allocator_traits<std::allocator<_CharT> >::allocator_type = std::allocator<std::pair<int, rocksdb::FileMetaData> >]’
/usr/include/c++/11/bits/vector.tcc:115:30:   required from ‘void std::vector<_Tp, _Alloc>::emplace_back(_Args&& ...) [with _Args = {int&, rocksdb::FileMetaData}; _Tp = std::pair<int, rocksdb::FileMetaData>; _Alloc = std::allocator<std::pair<int, rocksdb::FileMetaData> >]’
./db/version_edit.h:253:28:   required from here
./db/version_edit.h:86:8: warning: implicitly-declared ‘constexpr rocksdb::FileDescriptor::FileDescriptor(const rocksdb::FileDescriptor&)’ is deprecated [-Wdeprecated-copy]
   86 | struct FileMetaData {
      |        ^~~~~~~~~~~~
./db/version_edit.h:55:19: note: because ‘rocksdb::FileDescriptor’ has user-provided ‘rocksdb::FileDescriptor& rocksdb::FileDescriptor::operator=(const rocksdb::FileDescriptor&)’
   55 |   FileDescriptor& operator=(const FileDescriptor& fd) {
      |                   ^~~~~~~~
In file included from /usr/include/c++/11/bits/stl_algobase.h:64,
                 from /usr/include/c++/11/bits/char_traits.h:39,
                 from /usr/include/c++/11/string:40,
                 from ./db/external_sst_file_ingestion_job.h:7,
                 from db/external_sst_file_ingestion_job.cc:8:
/usr/include/c++/11/bits/stl_pair.h:353:42: note: synthesized method ‘rocksdb::FileMetaData::FileMetaData(rocksdb::FileMetaData&&)’ first required here
  353 |         : first(std::forward<_U1>(__x)), second(std::forward<_U2>(__y)) { }
      |                                          ^~~~~~~~~~~~~~~~~~~~~~~~~~~~~~
In file included from ./db/memtable.h:21,
                 from ./db/memtable_list.h:17,
                 from ./db/column_family.h:17,
                 from ./db/external_sst_file_ingestion_job.h:11,
                 from db/external_sst_file_ingestion_job.cc:8:
./db/version_edit.h: In instantiation of ‘constexpr std::pair<_T1, _T2>::pair(_U1&&, const _T2&) [with _U1 = int&; typename std::enable_if<std::_PCC<true, _T1, _T2>::_MoveCopyPair<true, _U1, _T2>(), bool>::type <anonymous> = true; _T1 = int; _T2 = rocksdb::FileMetaData]’:
/usr/include/c++/11/ext/new_allocator.h:162:4:   required from ‘void __gnu_cxx::new_allocator<_Tp>::construct(_Up*, _Args&& ...) [with _Up = std::pair<int, rocksdb::FileMetaData>; _Args = {int&, const rocksdb::FileMetaData&}; _Tp = std::pair<int, rocksdb::FileMetaData>]’
/usr/include/c++/11/bits/alloc_traits.h:516:17:   required from ‘static void std::allocator_traits<std::allocator<_CharT> >::construct(std::allocator_traits<std::allocator<_CharT> >::allocator_type&, _Up*, _Args&& ...) [with _Up = std::pair<int, rocksdb::FileMetaData>; _Args = {int&, const rocksdb::FileMetaData&}; _Tp = std::pair<int, rocksdb::FileMetaData>; std::allocator_traits<std::allocator<_CharT> >::allocator_type = std::allocator<std::pair<int, rocksdb::FileMetaData> >]’
/usr/include/c++/11/bits/vector.tcc:115:30:   required from ‘void std::vector<_Tp, _Alloc>::emplace_back(_Args&& ...) [with _Args = {int&, const rocksdb::FileMetaData&}; _Tp = std::pair<int, rocksdb::FileMetaData>; _Alloc = std::allocator<std::pair<int, rocksdb::FileMetaData> >]’
./db/version_edit.h:258:28:   required from here
./db/version_edit.h:86:8: warning: implicitly-declared ‘constexpr rocksdb::FileDescriptor::FileDescriptor(const rocksdb::FileDescriptor&)’ is deprecated [-Wdeprecated-copy]
   86 | struct FileMetaData {
      |        ^~~~~~~~~~~~
./db/version_edit.h:55:19: note: because ‘rocksdb::FileDescriptor’ has user-provided ‘rocksdb::FileDescriptor& rocksdb::FileDescriptor::operator=(const rocksdb::FileDescriptor&)’
   55 |   FileDescriptor& operator=(const FileDescriptor& fd) {
      |                   ^~~~~~~~
In file included from /usr/include/c++/11/bits/stl_algobase.h:64,
                 from /usr/include/c++/11/bits/char_traits.h:39,
                 from /usr/include/c++/11/string:40,
                 from ./db/external_sst_file_ingestion_job.h:7,
                 from db/external_sst_file_ingestion_job.cc:8:
/usr/include/c++/11/bits/stl_pair.h:323:41: note: synthesized method ‘rocksdb::FileMetaData::FileMetaData(const rocksdb::FileMetaData&)’ first required here
  323 |        : first(std::forward<_U1>(__x)), second(__y) { }
      |                                         ^~~~~~~~~~~
In file included from db/external_sst_file_ingestion_job.cc:8:
./db/external_sst_file_ingestion_job.h: In instantiation of ‘void __gnu_cxx::new_allocator<_Tp>::construct(_Up*, _Args&& ...) [with _Up = rocksdb::IngestedFileInfo; _Args = {const rocksdb::IngestedFileInfo&}; _Tp = rocksdb::IngestedFileInfo]’:
/usr/include/c++/11/bits/alloc_traits.h:516:17:   required from ‘static void std::allocator_traits<std::allocator<_CharT> >::construct(std::allocator_traits<std::allocator<_CharT> >::allocator_type&, _Up*, _Args&& ...) [with _Up = rocksdb::IngestedFileInfo; _Args = {const rocksdb::IngestedFileInfo&}; _Tp = rocksdb::IngestedFileInfo; std::allocator_traits<std::allocator<_CharT> >::allocator_type = std::allocator<rocksdb::IngestedFileInfo>]’
/usr/include/c++/11/bits/stl_vector.h:1192:30:   required from ‘void std::vector<_Tp, _Alloc>::push_back(const value_type&) [with _Tp = rocksdb::IngestedFileInfo; _Alloc = std::allocator<rocksdb::IngestedFileInfo>; std::vector<_Tp, _Alloc>::value_type = rocksdb::IngestedFileInfo]’
./util/autovector.h:285:22:   required from ‘void rocksdb::autovector<T, kSize>::push_back(const T&) [with T = rocksdb::IngestedFileInfo; long unsigned int kSize = 8]’
db/external_sst_file_ingestion_job.cc:39:31:   required from here
./db/external_sst_file_ingestion_job.h:23:8: warning: implicitly-declared ‘constexpr rocksdb::FileDescriptor::FileDescriptor(const rocksdb::FileDescriptor&)’ is deprecated [-Wdeprecated-copy]
   23 | struct IngestedFileInfo {
      |        ^~~~~~~~~~~~~~~~
In file included from ./db/memtable.h:21,
                 from ./db/memtable_list.h:17,
                 from ./db/column_family.h:17,
                 from ./db/external_sst_file_ingestion_job.h:11,
                 from db/external_sst_file_ingestion_job.cc:8:
./db/version_edit.h:55:19: note: because ‘rocksdb::FileDescriptor’ has user-provided ‘rocksdb::FileDescriptor& rocksdb::FileDescriptor::operator=(const rocksdb::FileDescriptor&)’
   55 |   FileDescriptor& operator=(const FileDescriptor& fd) {
      |                   ^~~~~~~~
In file included from /usr/include/x86_64-linux-gnu/c++/11/bits/c++allocator.h:33,
                 from /usr/include/c++/11/bits/allocator.h:46,
                 from /usr/include/c++/11/string:41,
                 from ./db/external_sst_file_ingestion_job.h:7,
                 from db/external_sst_file_ingestion_job.cc:8:
/usr/include/c++/11/ext/new_allocator.h:162:11: note: synthesized method ‘rocksdb::IngestedFileInfo::IngestedFileInfo(const rocksdb::IngestedFileInfo&)’ first required here
  162 |         { ::new((void *)__p) _Up(std::forward<_Args>(__args)...); }
      |           ^~~~~~~~~~~~~~~~~~~~~~~~~~~~~~~~~~~~~~~~~~~~~~~~~~~~~~
In file included from db/external_sst_file_ingestion_job.cc:8:
./db/external_sst_file_ingestion_job.h: In instantiation of ‘void std::_Construct(_Tp*, _Args&& ...) [with _Tp = rocksdb::IngestedFileInfo; _Args = {rocksdb::IngestedFileInfo}]’:
/usr/include/c++/11/bits/stl_uninitialized.h:92:18:   required from ‘static _ForwardIterator std::__uninitialized_copy<_TrivialValueTypes>::__uninit_copy(_InputIterator, _InputIterator, _ForwardIterator) [with _InputIterator = std::move_iterator<rocksdb::IngestedFileInfo*>; _ForwardIterator = rocksdb::IngestedFileInfo*; bool _TrivialValueTypes = false]’
/usr/include/c++/11/bits/stl_uninitialized.h:151:15:   required from ‘_ForwardIterator std::uninitialized_copy(_InputIterator, _InputIterator, _ForwardIterator) [with _InputIterator = std::move_iterator<rocksdb::IngestedFileInfo*>; _ForwardIterator = rocksdb::IngestedFileInfo*]’
/usr/include/c++/11/bits/stl_uninitialized.h:333:37:   required from ‘_ForwardIterator std::__uninitialized_copy_a(_InputIterator, _InputIterator, _ForwardIterator, std::allocator<_Tp>&) [with _InputIterator = std::move_iterator<rocksdb::IngestedFileInfo*>; _ForwardIterator = rocksdb::IngestedFileInfo*; _Tp = rocksdb::IngestedFileInfo]’
/usr/include/c++/11/bits/stl_uninitialized.h:355:2:   required from ‘_ForwardIterator std::__uninitialized_move_if_noexcept_a(_InputIterator, _InputIterator, _ForwardIterator, _Allocator&) [with _InputIterator = rocksdb::IngestedFileInfo*; _ForwardIterator = rocksdb::IngestedFileInfo*; _Allocator = std::allocator<rocksdb::IngestedFileInfo>]’
/usr/include/c++/11/bits/vector.tcc:474:3:   required from ‘void std::vector<_Tp, _Alloc>::_M_realloc_insert(std::vector<_Tp, _Alloc>::iterator, _Args&& ...) [with _Args = {const rocksdb::IngestedFileInfo&}; _Tp = rocksdb::IngestedFileInfo; _Alloc = std::allocator<rocksdb::IngestedFileInfo>; std::vector<_Tp, _Alloc>::iterator = std::vector<rocksdb::IngestedFileInfo, std::allocator<rocksdb::IngestedFileInfo> >::iterator]’
/usr/include/c++/11/bits/stl_vector.h:1198:21:   required from ‘void std::vector<_Tp, _Alloc>::push_back(const value_type&) [with _Tp = rocksdb::IngestedFileInfo; _Alloc = std::allocator<rocksdb::IngestedFileInfo>; std::vector<_Tp, _Alloc>::value_type = rocksdb::IngestedFileInfo]’
./util/autovector.h:285:22:   required from ‘void rocksdb::autovector<T, kSize>::push_back(const T&) [with T = rocksdb::IngestedFileInfo; long unsigned int kSize = 8]’
db/external_sst_file_ingestion_job.cc:39:31:   required from here
./db/external_sst_file_ingestion_job.h:23:8: warning: implicitly-declared ‘constexpr rocksdb::FileDescriptor::FileDescriptor(const rocksdb::FileDescriptor&)’ is deprecated [-Wdeprecated-copy]
   23 | struct IngestedFileInfo {
      |        ^~~~~~~~~~~~~~~~
In file included from ./db/memtable.h:21,
                 from ./db/memtable_list.h:17,
                 from ./db/column_family.h:17,
                 from ./db/external_sst_file_ingestion_job.h:11,
                 from db/external_sst_file_ingestion_job.cc:8:
./db/version_edit.h:55:19: note: because ‘rocksdb::FileDescriptor’ has user-provided ‘rocksdb::FileDescriptor& rocksdb::FileDescriptor::operator=(const rocksdb::FileDescriptor&)’
   55 |   FileDescriptor& operator=(const FileDescriptor& fd) {
      |                   ^~~~~~~~
In file included from /usr/include/c++/11/bits/alloc_traits.h:33,
                 from /usr/include/c++/11/ext/alloc_traits.h:34,
                 from /usr/include/c++/11/bits/basic_string.h:40,
                 from /usr/include/c++/11/string:55,
                 from ./db/external_sst_file_ingestion_job.h:7,
                 from db/external_sst_file_ingestion_job.cc:8:
/usr/include/c++/11/bits/stl_construct.h:119:7: note: synthesized method ‘rocksdb::IngestedFileInfo::IngestedFileInfo(rocksdb::IngestedFileInfo&&)’ first required here
  119 |       ::new((void*)__p) _Tp(std::forward<_Args>(__args)...);
      |       ^~~~~~~~~~~~~~~~~~~~~~~~~~~~~~~~~~~~~~~~~~~~~~~~~~~~~
./db/version_edit.h: In instantiation of ‘constexpr std::pair<_T1, _T2>::pair(_U1&&, _U2&&) [with _U1 = int&; _U2 = rocksdb::FileMetaData; typename std::enable_if<(std::_PCC<true, _T1, _T2>::_MoveConstructiblePair<_U1, _U2>() && std::_PCC<true, _T1, _T2>::_ImplicitlyMoveConvertiblePair<_U1, _U2>()), bool>::type <anonymous> = true; _T1 = int; _T2 = rocksdb::FileMetaData]’:
/usr/include/c++/11/ext/new_allocator.h:162:4:   required from ‘void __gnu_cxx::new_allocator<_Tp>::construct(_Up*, _Args&& ...) [with _Up = std::pair<int, rocksdb::FileMetaData>; _Args = {int&, rocksdb::FileMetaData}; _Tp = std::pair<int, rocksdb::FileMetaData>]’
/usr/include/c++/11/bits/alloc_traits.h:516:17:   required from ‘static void std::allocator_traits<std::allocator<_CharT> >::construct(std::allocator_traits<std::allocator<_CharT> >::allocator_type&, _Up*, _Args&& ...) [with _Up = std::pair<int, rocksdb::FileMetaData>; _Args = {int&, rocksdb::FileMetaData}; _Tp = std::pair<int, rocksdb::FileMetaData>; std::allocator_traits<std::allocator<_CharT> >::allocator_type = std::allocator<std::pair<int, rocksdb::FileMetaData> >]’
/usr/include/c++/11/bits/vector.tcc:115:30:   required from ‘void std::vector<_Tp, _Alloc>::emplace_back(_Args&& ...) [with _Args = {int&, rocksdb::FileMetaData}; _Tp = std::pair<int, rocksdb::FileMetaData>; _Alloc = std::allocator<std::pair<int, rocksdb::FileMetaData> >]’
./db/version_edit.h:253:28:   required from here
./db/version_edit.h:86:8: warning: implicitly-declared ‘constexpr rocksdb::FileDescriptor::FileDescriptor(const rocksdb::FileDescriptor&)’ is deprecated [-Wdeprecated-copy]
   86 | struct FileMetaData {
      |        ^~~~~~~~~~~~
./db/version_edit.h:55:19: note: because ‘rocksdb::FileDescriptor’ has user-provided ‘rocksdb::FileDescriptor& rocksdb::FileDescriptor::operator=(const rocksdb::FileDescriptor&)’
   55 |   FileDescriptor& operator=(const FileDescriptor& fd) {
      |                   ^~~~~~~~
In file included from /usr/include/c++/11/utility:70,
                 from /usr/include/c++/11/tuple:38,
                 from /usr/include/c++/11/mutex:38,
                 from ./db/flush_scheduler.h:10,
                 from db/flush_scheduler.cc:6:
/usr/include/c++/11/bits/stl_pair.h:353:42: note: synthesized method ‘rocksdb::FileMetaData::FileMetaData(rocksdb::FileMetaData&&)’ first required here
  353 |         : first(std::forward<_U1>(__x)), second(std::forward<_U2>(__y)) { }
      |                                          ^~~~~~~~~~~~~~~~~~~~~~~~~~~~~~
In file included from ./db/memtable.h:21,
                 from ./db/memtable_list.h:17,
                 from ./db/column_family.h:17,
                 from db/flush_scheduler.cc:10:
./db/version_edit.h: In instantiation of ‘constexpr std::pair<_T1, _T2>::pair(_U1&&, const _T2&) [with _U1 = int&; typename std::enable_if<std::_PCC<true, _T1, _T2>::_MoveCopyPair<true, _U1, _T2>(), bool>::type <anonymous> = true; _T1 = int; _T2 = rocksdb::FileMetaData]’:
/usr/include/c++/11/ext/new_allocator.h:162:4:   required from ‘void __gnu_cxx::new_allocator<_Tp>::construct(_Up*, _Args&& ...) [with _Up = std::pair<int, rocksdb::FileMetaData>; _Args = {int&, const rocksdb::FileMetaData&}; _Tp = std::pair<int, rocksdb::FileMetaData>]’
/usr/include/c++/11/bits/alloc_traits.h:516:17:   required from ‘static void std::allocator_traits<std::allocator<_CharT> >::construct(std::allocator_traits<std::allocator<_CharT> >::allocator_type&, _Up*, _Args&& ...) [with _Up = std::pair<int, rocksdb::FileMetaData>; _Args = {int&, const rocksdb::FileMetaData&}; _Tp = std::pair<int, rocksdb::FileMetaData>; std::allocator_traits<std::allocator<_CharT> >::allocator_type = std::allocator<std::pair<int, rocksdb::FileMetaData> >]’
/usr/include/c++/11/bits/vector.tcc:115:30:   required from ‘void std::vector<_Tp, _Alloc>::emplace_back(_Args&& ...) [with _Args = {int&, const rocksdb::FileMetaData&}; _Tp = std::pair<int, rocksdb::FileMetaData>; _Alloc = std::allocator<std::pair<int, rocksdb::FileMetaData> >]’
./db/version_edit.h:258:28:   required from here
./db/version_edit.h:86:8: warning: implicitly-declared ‘constexpr rocksdb::FileDescriptor::FileDescriptor(const rocksdb::FileDescriptor&)’ is deprecated [-Wdeprecated-copy]
   86 | struct FileMetaData {
      |        ^~~~~~~~~~~~
./db/version_edit.h:55:19: note: because ‘rocksdb::FileDescriptor’ has user-provided ‘rocksdb::FileDescriptor& rocksdb::FileDescriptor::operator=(const rocksdb::FileDescriptor&)’
   55 |   FileDescriptor& operator=(const FileDescriptor& fd) {
      |                   ^~~~~~~~
In file included from /usr/include/c++/11/utility:70,
                 from /usr/include/c++/11/tuple:38,
                 from /usr/include/c++/11/mutex:38,
                 from ./db/flush_scheduler.h:10,
                 from db/flush_scheduler.cc:6:
/usr/include/c++/11/bits/stl_pair.h:323:41: note: synthesized method ‘rocksdb::FileMetaData::FileMetaData(const rocksdb::FileMetaData&)’ first required here
  323 |        : first(std::forward<_U1>(__x)), second(__y) { }
      |                                         ^~~~~~~~~~~
In file included from ./db/memtable.h:21,
                 from ./db/memtable_list.h:17,
                 from ./db/column_family.h:17,
                 from db/forward_iterator.cc:13:
./db/version_edit.h: In constructor ‘rocksdb::FdWithKeyRange::FdWithKeyRange(rocksdb::FileDescriptor, rocksdb::Slice, rocksdb::Slice, rocksdb::FileMetaData*)’:
./db/version_edit.h:175:9: warning: implicitly-declared ‘constexpr rocksdb::FileDescriptor::FileDescriptor(const rocksdb::FileDescriptor&)’ is deprecated [-Wdeprecated-copy]
  175 |       : fd(_fd),
      |         ^~~~~~~
./db/version_edit.h:55:19: note: because ‘rocksdb::FileDescriptor’ has user-provided ‘rocksdb::FileDescriptor& rocksdb::FileDescriptor::operator=(const rocksdb::FileDescriptor&)’
   55 |   FileDescriptor& operator=(const FileDescriptor& fd) {
      |                   ^~~~~~~~
In file included from ./db/memtable.h:21,
                 from ./db/memtable_list.h:17,
                 from ./db/column_family.h:17,
                 from ./db/version_set.h:31,
                 from ./db/internal_stats.h:16,
                 from db/internal_stats.cc:11:
./db/version_edit.h: In constructor ‘rocksdb::FdWithKeyRange::FdWithKeyRange(rocksdb::FileDescriptor, rocksdb::Slice, rocksdb::Slice, rocksdb::FileMetaData*)’:
./db/version_edit.h:175:9: warning: implicitly-declared ‘constexpr rocksdb::FileDescriptor::FileDescriptor(const rocksdb::FileDescriptor&)’ is deprecated [-Wdeprecated-copy]
  175 |       : fd(_fd),
      |         ^~~~~~~
./db/version_edit.h:55:19: note: because ‘rocksdb::FileDescriptor’ has user-provided ‘rocksdb::FileDescriptor& rocksdb::FileDescriptor::operator=(const rocksdb::FileDescriptor&)’
   55 |   FileDescriptor& operator=(const FileDescriptor& fd) {
      |                   ^~~~~~~~
  CC       db/malloc_stats.o
  CC       db/memtable.o
  CC       db/memtable_list.o
  CC       db/merge_helper.o
./db/version_edit.h: In instantiation of ‘constexpr std::pair<_T1, _T2>::pair(_U1&&, _U2&&) [with _U1 = int&; _U2 = rocksdb::FileMetaData; typename std::enable_if<(std::_PCC<true, _T1, _T2>::_MoveConstructiblePair<_U1, _U2>() && std::_PCC<true, _T1, _T2>::_ImplicitlyMoveConvertiblePair<_U1, _U2>()), bool>::type <anonymous> = true; _T1 = int; _T2 = rocksdb::FileMetaData]’:
/usr/include/c++/11/ext/new_allocator.h:162:4:   required from ‘void __gnu_cxx::new_allocator<_Tp>::construct(_Up*, _Args&& ...) [with _Up = std::pair<int, rocksdb::FileMetaData>; _Args = {int&, rocksdb::FileMetaData}; _Tp = std::pair<int, rocksdb::FileMetaData>]’
/usr/include/c++/11/bits/alloc_traits.h:516:17:   required from ‘static void std::allocator_traits<std::allocator<_Tp1> >::construct(std::allocator_traits<std::allocator<_Tp1> >::allocator_type&, _Up*, _Args&& ...) [with _Up = std::pair<int, rocksdb::FileMetaData>; _Args = {int&, rocksdb::FileMetaData}; _Tp = std::pair<int, rocksdb::FileMetaData>; std::allocator_traits<std::allocator<_Tp1> >::allocator_type = std::allocator<std::pair<int, rocksdb::FileMetaData> >]’
/usr/include/c++/11/bits/vector.tcc:115:30:   required from ‘void std::vector<_Tp, _Alloc>::emplace_back(_Args&& ...) [with _Args = {int&, rocksdb::FileMetaData}; _Tp = std::pair<int, rocksdb::FileMetaData>; _Alloc = std::allocator<std::pair<int, rocksdb::FileMetaData> >]’
./db/version_edit.h:253:28:   required from here
./db/version_edit.h:86:8: warning: implicitly-declared ‘constexpr rocksdb::FileDescriptor::FileDescriptor(const rocksdb::FileDescriptor&)’ is deprecated [-Wdeprecated-copy]
   86 | struct FileMetaData {
      |        ^~~~~~~~~~~~
./db/version_edit.h:55:19: note: because ‘rocksdb::FileDescriptor’ has user-provided ‘rocksdb::FileDescriptor& rocksdb::FileDescriptor::operator=(const rocksdb::FileDescriptor&)’
   55 |   FileDescriptor& operator=(const FileDescriptor& fd) {
      |                   ^~~~~~~~
In file included from /usr/include/c++/11/bits/stl_algobase.h:64,
                 from /usr/include/c++/11/deque:60,
                 from ./db/flush_job.h:12,
                 from db/flush_job.cc:10:
/usr/include/c++/11/bits/stl_pair.h:353:42: note: synthesized method ‘rocksdb::FileMetaData::FileMetaData(rocksdb::FileMetaData&&)’ first required here
  353 |         : first(std::forward<_U1>(__x)), second(std::forward<_U2>(__y)) { }
      |                                          ^~~~~~~~~~~~~~~~~~~~~~~~~~~~~~
In file included from ./db/memtable.h:21,
                 from ./db/memtable_list.h:17,
                 from ./db/column_family.h:17,
                 from ./db/flush_job.h:19,
                 from db/flush_job.cc:10:
./db/version_edit.h: In instantiation of ‘constexpr std::pair<_T1, _T2>::pair(_U1&&, const _T2&) [with _U1 = int&; typename std::enable_if<std::_PCC<true, _T1, _T2>::_MoveCopyPair<true, _U1, _T2>(), bool>::type <anonymous> = true; _T1 = int; _T2 = rocksdb::FileMetaData]’:
/usr/include/c++/11/ext/new_allocator.h:162:4:   required from ‘void __gnu_cxx::new_allocator<_Tp>::construct(_Up*, _Args&& ...) [with _Up = std::pair<int, rocksdb::FileMetaData>; _Args = {int&, const rocksdb::FileMetaData&}; _Tp = std::pair<int, rocksdb::FileMetaData>]’
/usr/include/c++/11/bits/alloc_traits.h:516:17:   required from ‘static void std::allocator_traits<std::allocator<_Tp1> >::construct(std::allocator_traits<std::allocator<_Tp1> >::allocator_type&, _Up*, _Args&& ...) [with _Up = std::pair<int, rocksdb::FileMetaData>; _Args = {int&, const rocksdb::FileMetaData&}; _Tp = std::pair<int, rocksdb::FileMetaData>; std::allocator_traits<std::allocator<_Tp1> >::allocator_type = std::allocator<std::pair<int, rocksdb::FileMetaData> >]’
/usr/include/c++/11/bits/vector.tcc:115:30:   required from ‘void std::vector<_Tp, _Alloc>::emplace_back(_Args&& ...) [with _Args = {int&, const rocksdb::FileMetaData&}; _Tp = std::pair<int, rocksdb::FileMetaData>; _Alloc = std::allocator<std::pair<int, rocksdb::FileMetaData> >]’
./db/version_edit.h:258:28:   required from here
./db/version_edit.h:86:8: warning: implicitly-declared ‘constexpr rocksdb::FileDescriptor::FileDescriptor(const rocksdb::FileDescriptor&)’ is deprecated [-Wdeprecated-copy]
   86 | struct FileMetaData {
      |        ^~~~~~~~~~~~
./db/version_edit.h:55:19: note: because ‘rocksdb::FileDescriptor’ has user-provided ‘rocksdb::FileDescriptor& rocksdb::FileDescriptor::operator=(const rocksdb::FileDescriptor&)’
   55 |   FileDescriptor& operator=(const FileDescriptor& fd) {
      |                   ^~~~~~~~
In file included from /usr/include/c++/11/bits/stl_algobase.h:64,
                 from /usr/include/c++/11/deque:60,
                 from ./db/flush_job.h:12,
                 from db/flush_job.cc:10:
/usr/include/c++/11/bits/stl_pair.h:323:41: note: synthesized method ‘rocksdb::FileMetaData::FileMetaData(const rocksdb::FileMetaData&)’ first required here
  323 |        : first(std::forward<_U1>(__x)), second(__y) { }
      |                                         ^~~~~~~~~~~
db/internal_stats.cc: In member function ‘void rocksdb::InternalStats::DumpCFStatsNoFileHistogram(std::string*)’:
db/internal_stats.cc:1380:35: warning: implicitly-declared ‘rocksdb::InternalStats::CompactionStats& rocksdb::InternalStats::CompactionStats::operator=(const rocksdb::InternalStats::CompactionStats&)’ is deprecated [-Wdeprecated-copy]
 1380 |   cf_stats_snapshot_.comp_stats = compaction_stats_sum;
      |                                   ^~~~~~~~~~~~~~~~~~~~
In file included from db/internal_stats.cc:11:
./db/internal_stats.h:220:14: note: because ‘rocksdb::InternalStats::CompactionStats’ has user-provided ‘rocksdb::InternalStats::CompactionStats::CompactionStats(const rocksdb::InternalStats::CompactionStats&)’
  220 |     explicit CompactionStats(const CompactionStats& c)
      |              ^~~~~~~~~~~~~~~
./db/version_edit.h: In instantiation of ‘constexpr std::pair<_T1, _T2>::pair(_U1&&, _U2&&) [with _U1 = int&; _U2 = rocksdb::FileMetaData; typename std::enable_if<(std::_PCC<true, _T1, _T2>::_MoveConstructiblePair<_U1, _U2>() && std::_PCC<true, _T1, _T2>::_ImplicitlyMoveConvertiblePair<_U1, _U2>()), bool>::type <anonymous> = true; _T1 = int; _T2 = rocksdb::FileMetaData]’:
/usr/include/c++/11/ext/new_allocator.h:162:4:   required from ‘void __gnu_cxx::new_allocator<_Tp>::construct(_Up*, _Args&& ...) [with _Up = std::pair<int, rocksdb::FileMetaData>; _Args = {int&, rocksdb::FileMetaData}; _Tp = std::pair<int, rocksdb::FileMetaData>]’
/usr/include/c++/11/bits/alloc_traits.h:516:17:   required from ‘static void std::allocator_traits<std::allocator<_CharT> >::construct(std::allocator_traits<std::allocator<_CharT> >::allocator_type&, _Up*, _Args&& ...) [with _Up = std::pair<int, rocksdb::FileMetaData>; _Args = {int&, rocksdb::FileMetaData}; _Tp = std::pair<int, rocksdb::FileMetaData>; std::allocator_traits<std::allocator<_CharT> >::allocator_type = std::allocator<std::pair<int, rocksdb::FileMetaData> >]’
/usr/include/c++/11/bits/vector.tcc:115:30:   required from ‘void std::vector<_Tp, _Alloc>::emplace_back(_Args&& ...) [with _Args = {int&, rocksdb::FileMetaData}; _Tp = std::pair<int, rocksdb::FileMetaData>; _Alloc = std::allocator<std::pair<int, rocksdb::FileMetaData> >]’
./db/version_edit.h:253:28:   required from here
./db/version_edit.h:86:8: warning: implicitly-declared ‘constexpr rocksdb::FileDescriptor::FileDescriptor(const rocksdb::FileDescriptor&)’ is deprecated [-Wdeprecated-copy]
   86 | struct FileMetaData {
      |        ^~~~~~~~~~~~
./db/version_edit.h:55:19: note: because ‘rocksdb::FileDescriptor’ has user-provided ‘rocksdb::FileDescriptor& rocksdb::FileDescriptor::operator=(const rocksdb::FileDescriptor&)’
   55 |   FileDescriptor& operator=(const FileDescriptor& fd) {
      |                   ^~~~~~~~
In file included from /usr/include/c++/11/bits/stl_algobase.h:64,
                 from /usr/include/c++/11/bits/char_traits.h:39,
                 from /usr/include/c++/11/string:40,
                 from ./db/forward_iterator.h:9,
                 from db/forward_iterator.cc:7:
/usr/include/c++/11/bits/stl_pair.h:353:42: note: synthesized method ‘rocksdb::FileMetaData::FileMetaData(rocksdb::FileMetaData&&)’ first required here
  353 |         : first(std::forward<_U1>(__x)), second(std::forward<_U2>(__y)) { }
      |                                          ^~~~~~~~~~~~~~~~~~~~~~~~~~~~~~
In file included from ./db/memtable.h:21,
                 from ./db/memtable_list.h:17,
                 from ./db/column_family.h:17,
                 from db/forward_iterator.cc:13:
./db/version_edit.h: In instantiation of ‘constexpr std::pair<_T1, _T2>::pair(_U1&&, const _T2&) [with _U1 = int&; typename std::enable_if<std::_PCC<true, _T1, _T2>::_MoveCopyPair<true, _U1, _T2>(), bool>::type <anonymous> = true; _T1 = int; _T2 = rocksdb::FileMetaData]’:
/usr/include/c++/11/ext/new_allocator.h:162:4:   required from ‘void __gnu_cxx::new_allocator<_Tp>::construct(_Up*, _Args&& ...) [with _Up = std::pair<int, rocksdb::FileMetaData>; _Args = {int&, const rocksdb::FileMetaData&}; _Tp = std::pair<int, rocksdb::FileMetaData>]’
/usr/include/c++/11/bits/alloc_traits.h:516:17:   required from ‘static void std::allocator_traits<std::allocator<_CharT> >::construct(std::allocator_traits<std::allocator<_CharT> >::allocator_type&, _Up*, _Args&& ...) [with _Up = std::pair<int, rocksdb::FileMetaData>; _Args = {int&, const rocksdb::FileMetaData&}; _Tp = std::pair<int, rocksdb::FileMetaData>; std::allocator_traits<std::allocator<_CharT> >::allocator_type = std::allocator<std::pair<int, rocksdb::FileMetaData> >]’
/usr/include/c++/11/bits/vector.tcc:115:30:   required from ‘void std::vector<_Tp, _Alloc>::emplace_back(_Args&& ...) [with _Args = {int&, const rocksdb::FileMetaData&}; _Tp = std::pair<int, rocksdb::FileMetaData>; _Alloc = std::allocator<std::pair<int, rocksdb::FileMetaData> >]’
./db/version_edit.h:258:28:   required from here
./db/version_edit.h:86:8: warning: implicitly-declared ‘constexpr rocksdb::FileDescriptor::FileDescriptor(const rocksdb::FileDescriptor&)’ is deprecated [-Wdeprecated-copy]
   86 | struct FileMetaData {
      |        ^~~~~~~~~~~~
./db/version_edit.h:55:19: note: because ‘rocksdb::FileDescriptor’ has user-provided ‘rocksdb::FileDescriptor& rocksdb::FileDescriptor::operator=(const rocksdb::FileDescriptor&)’
   55 |   FileDescriptor& operator=(const FileDescriptor& fd) {
      |                   ^~~~~~~~
In file included from /usr/include/c++/11/bits/stl_algobase.h:64,
                 from /usr/include/c++/11/bits/char_traits.h:39,
                 from /usr/include/c++/11/string:40,
                 from ./db/forward_iterator.h:9,
                 from db/forward_iterator.cc:7:
/usr/include/c++/11/bits/stl_pair.h:323:41: note: synthesized method ‘rocksdb::FileMetaData::FileMetaData(const rocksdb::FileMetaData&)’ first required here
  323 |        : first(std::forward<_U1>(__x)), second(__y) { }
      |                                         ^~~~~~~~~~~
In file included from ./db/memtable.h:21,
                 from db/memtable.cc:10:
./db/version_edit.h: In constructor ‘rocksdb::FdWithKeyRange::FdWithKeyRange(rocksdb::FileDescriptor, rocksdb::Slice, rocksdb::Slice, rocksdb::FileMetaData*)’:
./db/version_edit.h:175:9: warning: implicitly-declared ‘constexpr rocksdb::FileDescriptor::FileDescriptor(const rocksdb::FileDescriptor&)’ is deprecated [-Wdeprecated-copy]
  175 |       : fd(_fd),
      |         ^~~~~~~
./db/version_edit.h:55:19: note: because ‘rocksdb::FileDescriptor’ has user-provided ‘rocksdb::FileDescriptor& rocksdb::FileDescriptor::operator=(const rocksdb::FileDescriptor&)’
   55 |   FileDescriptor& operator=(const FileDescriptor& fd) {
      |                   ^~~~~~~~
In file included from ./db/memtable.h:21,
                 from ./db/memtable_list.h:17,
                 from db/memtable_list.cc:6:
./db/version_edit.h: In constructor ‘rocksdb::FdWithKeyRange::FdWithKeyRange(rocksdb::FileDescriptor, rocksdb::Slice, rocksdb::Slice, rocksdb::FileMetaData*)’:
./db/version_edit.h:175:9: warning: implicitly-declared ‘constexpr rocksdb::FileDescriptor::FileDescriptor(const rocksdb::FileDescriptor&)’ is deprecated [-Wdeprecated-copy]
  175 |       : fd(_fd),
      |         ^~~~~~~
./db/version_edit.h:55:19: note: because ‘rocksdb::FileDescriptor’ has user-provided ‘rocksdb::FileDescriptor& rocksdb::FileDescriptor::operator=(const rocksdb::FileDescriptor&)’
   55 |   FileDescriptor& operator=(const FileDescriptor& fd) {
      |                   ^~~~~~~~
In file included from ./db/range_del_aggregator.h:21,
                 from ./db/merge_helper.h:14,
                 from db/merge_helper.cc:6:
./db/version_edit.h: In constructor ‘rocksdb::FdWithKeyRange::FdWithKeyRange(rocksdb::FileDescriptor, rocksdb::Slice, rocksdb::Slice, rocksdb::FileMetaData*)’:
./db/version_edit.h:175:9: warning: implicitly-declared ‘constexpr rocksdb::FileDescriptor::FileDescriptor(const rocksdb::FileDescriptor&)’ is deprecated [-Wdeprecated-copy]
  175 |       : fd(_fd),
      |         ^~~~~~~
./db/version_edit.h:55:19: note: because ‘rocksdb::FileDescriptor’ has user-provided ‘rocksdb::FileDescriptor& rocksdb::FileDescriptor::operator=(const rocksdb::FileDescriptor&)’
   55 |   FileDescriptor& operator=(const FileDescriptor& fd) {
      |                   ^~~~~~~~
In file included from ./db/memtable.h:21,
                 from ./db/memtable_list.h:17,
                 from ./db/column_family.h:17,
                 from ./db/version_set.h:31,
                 from ./db/internal_stats.h:16,
                 from db/internal_stats.cc:11:
./db/version_edit.h: In instantiation of ‘constexpr std::pair<_T1, _T2>::pair(_U1&&, _U2&&) [with _U1 = int&; _U2 = rocksdb::FileMetaData; typename std::enable_if<(std::_PCC<true, _T1, _T2>::_MoveConstructiblePair<_U1, _U2>() && std::_PCC<true, _T1, _T2>::_ImplicitlyMoveConvertiblePair<_U1, _U2>()), bool>::type <anonymous> = true; _T1 = int; _T2 = rocksdb::FileMetaData]’:
/usr/include/c++/11/ext/new_allocator.h:162:4:   required from ‘void __gnu_cxx::new_allocator<_Tp>::construct(_Up*, _Args&& ...) [with _Up = std::pair<int, rocksdb::FileMetaData>; _Args = {int&, rocksdb::FileMetaData}; _Tp = std::pair<int, rocksdb::FileMetaData>]’
/usr/include/c++/11/bits/alloc_traits.h:516:17:   required from ‘static void std::allocator_traits<std::allocator<_Tp1> >::construct(std::allocator_traits<std::allocator<_Tp1> >::allocator_type&, _Up*, _Args&& ...) [with _Up = std::pair<int, rocksdb::FileMetaData>; _Args = {int&, rocksdb::FileMetaData}; _Tp = std::pair<int, rocksdb::FileMetaData>; std::allocator_traits<std::allocator<_Tp1> >::allocator_type = std::allocator<std::pair<int, rocksdb::FileMetaData> >]’
/usr/include/c++/11/bits/vector.tcc:115:30:   required from ‘void std::vector<_Tp, _Alloc>::emplace_back(_Args&& ...) [with _Args = {int&, rocksdb::FileMetaData}; _Tp = std::pair<int, rocksdb::FileMetaData>; _Alloc = std::allocator<std::pair<int, rocksdb::FileMetaData> >]’
./db/version_edit.h:253:28:   required from here
./db/version_edit.h:86:8: warning: implicitly-declared ‘constexpr rocksdb::FileDescriptor::FileDescriptor(const rocksdb::FileDescriptor&)’ is deprecated [-Wdeprecated-copy]
   86 | struct FileMetaData {
      |        ^~~~~~~~~~~~
./db/version_edit.h:55:19: note: because ‘rocksdb::FileDescriptor’ has user-provided ‘rocksdb::FileDescriptor& rocksdb::FileDescriptor::operator=(const rocksdb::FileDescriptor&)’
   55 |   FileDescriptor& operator=(const FileDescriptor& fd) {
      |                   ^~~~~~~~
In file included from /usr/include/c++/11/bits/stl_algobase.h:64,
                 from /usr/include/c++/11/bits/stl_tree.h:63,
                 from /usr/include/c++/11/map:60,
                 from ./db/internal_stats.h:12,
                 from db/internal_stats.cc:11:
/usr/include/c++/11/bits/stl_pair.h:353:42: note: synthesized method ‘rocksdb::FileMetaData::FileMetaData(rocksdb::FileMetaData&&)’ first required here
  353 |         : first(std::forward<_U1>(__x)), second(std::forward<_U2>(__y)) { }
      |                                          ^~~~~~~~~~~~~~~~~~~~~~~~~~~~~~
In file included from ./db/memtable.h:21,
                 from ./db/memtable_list.h:17,
                 from ./db/column_family.h:17,
                 from ./db/version_set.h:31,
                 from ./db/internal_stats.h:16,
                 from db/internal_stats.cc:11:
./db/version_edit.h: In instantiation of ‘constexpr std::pair<_T1, _T2>::pair(_U1&&, const _T2&) [with _U1 = int&; typename std::enable_if<std::_PCC<true, _T1, _T2>::_MoveCopyPair<true, _U1, _T2>(), bool>::type <anonymous> = true; _T1 = int; _T2 = rocksdb::FileMetaData]’:
/usr/include/c++/11/ext/new_allocator.h:162:4:   required from ‘void __gnu_cxx::new_allocator<_Tp>::construct(_Up*, _Args&& ...) [with _Up = std::pair<int, rocksdb::FileMetaData>; _Args = {int&, const rocksdb::FileMetaData&}; _Tp = std::pair<int, rocksdb::FileMetaData>]’
/usr/include/c++/11/bits/alloc_traits.h:516:17:   required from ‘static void std::allocator_traits<std::allocator<_Tp1> >::construct(std::allocator_traits<std::allocator<_Tp1> >::allocator_type&, _Up*, _Args&& ...) [with _Up = std::pair<int, rocksdb::FileMetaData>; _Args = {int&, const rocksdb::FileMetaData&}; _Tp = std::pair<int, rocksdb::FileMetaData>; std::allocator_traits<std::allocator<_Tp1> >::allocator_type = std::allocator<std::pair<int, rocksdb::FileMetaData> >]’
/usr/include/c++/11/bits/vector.tcc:115:30:   required from ‘void std::vector<_Tp, _Alloc>::emplace_back(_Args&& ...) [with _Args = {int&, const rocksdb::FileMetaData&}; _Tp = std::pair<int, rocksdb::FileMetaData>; _Alloc = std::allocator<std::pair<int, rocksdb::FileMetaData> >]’
./db/version_edit.h:258:28:   required from here
./db/version_edit.h:86:8: warning: implicitly-declared ‘constexpr rocksdb::FileDescriptor::FileDescriptor(const rocksdb::FileDescriptor&)’ is deprecated [-Wdeprecated-copy]
   86 | struct FileMetaData {
      |        ^~~~~~~~~~~~
./db/version_edit.h:55:19: note: because ‘rocksdb::FileDescriptor’ has user-provided ‘rocksdb::FileDescriptor& rocksdb::FileDescriptor::operator=(const rocksdb::FileDescriptor&)’
   55 |   FileDescriptor& operator=(const FileDescriptor& fd) {
      |                   ^~~~~~~~
In file included from /usr/include/c++/11/bits/stl_algobase.h:64,
                 from /usr/include/c++/11/bits/stl_tree.h:63,
                 from /usr/include/c++/11/map:60,
                 from ./db/internal_stats.h:12,
                 from db/internal_stats.cc:11:
/usr/include/c++/11/bits/stl_pair.h:323:41: note: synthesized method ‘rocksdb::FileMetaData::FileMetaData(const rocksdb::FileMetaData&)’ first required here
  323 |        : first(std::forward<_U1>(__x)), second(__y) { }
      |                                         ^~~~~~~~~~~
./db/version_edit.h: In instantiation of ‘constexpr std::pair<_T1, _T2>::pair(_U1&&, _U2&&) [with _U1 = int&; _U2 = rocksdb::FileMetaData; typename std::enable_if<(std::_PCC<true, _T1, _T2>::_MoveConstructiblePair<_U1, _U2>() && std::_PCC<true, _T1, _T2>::_ImplicitlyMoveConvertiblePair<_U1, _U2>()), bool>::type <anonymous> = true; _T1 = int; _T2 = rocksdb::FileMetaData]’:
/usr/include/c++/11/ext/new_allocator.h:162:4:   required from ‘void __gnu_cxx::new_allocator<_Tp>::construct(_Up*, _Args&& ...) [with _Up = std::pair<int, rocksdb::FileMetaData>; _Args = {int&, rocksdb::FileMetaData}; _Tp = std::pair<int, rocksdb::FileMetaData>]’
/usr/include/c++/11/bits/alloc_traits.h:516:17:   required from ‘static void std::allocator_traits<std::allocator<_Tp1> >::construct(std::allocator_traits<std::allocator<_Tp1> >::allocator_type&, _Up*, _Args&& ...) [with _Up = std::pair<int, rocksdb::FileMetaData>; _Args = {int&, rocksdb::FileMetaData}; _Tp = std::pair<int, rocksdb::FileMetaData>; std::allocator_traits<std::allocator<_Tp1> >::allocator_type = std::allocator<std::pair<int, rocksdb::FileMetaData> >]’
/usr/include/c++/11/bits/vector.tcc:115:30:   required from ‘void std::vector<_Tp, _Alloc>::emplace_back(_Args&& ...) [with _Args = {int&, rocksdb::FileMetaData}; _Tp = std::pair<int, rocksdb::FileMetaData>; _Alloc = std::allocator<std::pair<int, rocksdb::FileMetaData> >]’
./db/version_edit.h:253:28:   required from here
./db/version_edit.h:86:8: warning: implicitly-declared ‘constexpr rocksdb::FileDescriptor::FileDescriptor(const rocksdb::FileDescriptor&)’ is deprecated [-Wdeprecated-copy]
   86 | struct FileMetaData {
      |        ^~~~~~~~~~~~
./db/version_edit.h:55:19: note: because ‘rocksdb::FileDescriptor’ has user-provided ‘rocksdb::FileDescriptor& rocksdb::FileDescriptor::operator=(const rocksdb::FileDescriptor&)’
   55 |   FileDescriptor& operator=(const FileDescriptor& fd) {
      |                   ^~~~~~~~
In file included from /usr/include/c++/11/bits/stl_algobase.h:64,
                 from /usr/include/c++/11/deque:60,
                 from ./db/memtable.h:12,
                 from db/memtable.cc:10:
/usr/include/c++/11/bits/stl_pair.h:353:42: note: synthesized method ‘rocksdb::FileMetaData::FileMetaData(rocksdb::FileMetaData&&)’ first required here
  353 |         : first(std::forward<_U1>(__x)), second(std::forward<_U2>(__y)) { }
      |                                          ^~~~~~~~~~~~~~~~~~~~~~~~~~~~~~
In file included from ./db/memtable.h:21,
                 from db/memtable.cc:10:
./db/version_edit.h: In instantiation of ‘constexpr std::pair<_T1, _T2>::pair(_U1&&, const _T2&) [with _U1 = int&; typename std::enable_if<std::_PCC<true, _T1, _T2>::_MoveCopyPair<true, _U1, _T2>(), bool>::type <anonymous> = true; _T1 = int; _T2 = rocksdb::FileMetaData]’:
/usr/include/c++/11/ext/new_allocator.h:162:4:   required from ‘void __gnu_cxx::new_allocator<_Tp>::construct(_Up*, _Args&& ...) [with _Up = std::pair<int, rocksdb::FileMetaData>; _Args = {int&, const rocksdb::FileMetaData&}; _Tp = std::pair<int, rocksdb::FileMetaData>]’
/usr/include/c++/11/bits/alloc_traits.h:516:17:   required from ‘static void std::allocator_traits<std::allocator<_Tp1> >::construct(std::allocator_traits<std::allocator<_Tp1> >::allocator_type&, _Up*, _Args&& ...) [with _Up = std::pair<int, rocksdb::FileMetaData>; _Args = {int&, const rocksdb::FileMetaData&}; _Tp = std::pair<int, rocksdb::FileMetaData>; std::allocator_traits<std::allocator<_Tp1> >::allocator_type = std::allocator<std::pair<int, rocksdb::FileMetaData> >]’
/usr/include/c++/11/bits/vector.tcc:115:30:   required from ‘void std::vector<_Tp, _Alloc>::emplace_back(_Args&& ...) [with _Args = {int&, const rocksdb::FileMetaData&}; _Tp = std::pair<int, rocksdb::FileMetaData>; _Alloc = std::allocator<std::pair<int, rocksdb::FileMetaData> >]’
./db/version_edit.h:258:28:   required from here
./db/version_edit.h:86:8: warning: implicitly-declared ‘constexpr rocksdb::FileDescriptor::FileDescriptor(const rocksdb::FileDescriptor&)’ is deprecated [-Wdeprecated-copy]
   86 | struct FileMetaData {
      |        ^~~~~~~~~~~~
./db/version_edit.h:55:19: note: because ‘rocksdb::FileDescriptor’ has user-provided ‘rocksdb::FileDescriptor& rocksdb::FileDescriptor::operator=(const rocksdb::FileDescriptor&)’
   55 |   FileDescriptor& operator=(const FileDescriptor& fd) {
      |                   ^~~~~~~~
In file included from /usr/include/c++/11/bits/stl_algobase.h:64,
                 from /usr/include/c++/11/deque:60,
                 from ./db/memtable.h:12,
                 from db/memtable.cc:10:
/usr/include/c++/11/bits/stl_pair.h:323:41: note: synthesized method ‘rocksdb::FileMetaData::FileMetaData(const rocksdb::FileMetaData&)’ first required here
  323 |        : first(std::forward<_U1>(__x)), second(__y) { }
      |                                         ^~~~~~~~~~~
./db/version_edit.h: In instantiation of ‘constexpr std::pair<_T1, _T2>::pair(_U1&&, _U2&&) [with _U1 = int&; _U2 = rocksdb::FileMetaData; typename std::enable_if<(std::_PCC<true, _T1, _T2>::_MoveConstructiblePair<_U1, _U2>() && std::_PCC<true, _T1, _T2>::_ImplicitlyMoveConvertiblePair<_U1, _U2>()), bool>::type <anonymous> = true; _T1 = int; _T2 = rocksdb::FileMetaData]’:
/usr/include/c++/11/ext/new_allocator.h:162:4:   required from ‘void __gnu_cxx::new_allocator<_Tp>::construct(_Up*, _Args&& ...) [with _Up = std::pair<int, rocksdb::FileMetaData>; _Args = {int&, rocksdb::FileMetaData}; _Tp = std::pair<int, rocksdb::FileMetaData>]’
/usr/include/c++/11/bits/alloc_traits.h:516:17:   required from ‘static void std::allocator_traits<std::allocator<_Tp1> >::construct(std::allocator_traits<std::allocator<_Tp1> >::allocator_type&, _Up*, _Args&& ...) [with _Up = std::pair<int, rocksdb::FileMetaData>; _Args = {int&, rocksdb::FileMetaData}; _Tp = std::pair<int, rocksdb::FileMetaData>; std::allocator_traits<std::allocator<_Tp1> >::allocator_type = std::allocator<std::pair<int, rocksdb::FileMetaData> >]’
/usr/include/c++/11/bits/vector.tcc:115:30:   required from ‘void std::vector<_Tp, _Alloc>::emplace_back(_Args&& ...) [with _Args = {int&, rocksdb::FileMetaData}; _Tp = std::pair<int, rocksdb::FileMetaData>; _Alloc = std::allocator<std::pair<int, rocksdb::FileMetaData> >]’
./db/version_edit.h:253:28:   required from here
./db/version_edit.h:86:8: warning: implicitly-declared ‘constexpr rocksdb::FileDescriptor::FileDescriptor(const rocksdb::FileDescriptor&)’ is deprecated [-Wdeprecated-copy]
   86 | struct FileMetaData {
      |        ^~~~~~~~~~~~
./db/version_edit.h:55:19: note: because ‘rocksdb::FileDescriptor’ has user-provided ‘rocksdb::FileDescriptor& rocksdb::FileDescriptor::operator=(const rocksdb::FileDescriptor&)’
   55 |   FileDescriptor& operator=(const FileDescriptor& fd) {
      |                   ^~~~~~~~
In file included from /usr/include/c++/11/bits/stl_algobase.h:64,
                 from /usr/include/c++/11/deque:60,
                 from ./db/merge_helper.h:8,
                 from db/merge_helper.cc:6:
/usr/include/c++/11/bits/stl_pair.h:353:42: note: synthesized method ‘rocksdb::FileMetaData::FileMetaData(rocksdb::FileMetaData&&)’ first required here
  353 |         : first(std::forward<_U1>(__x)), second(std::forward<_U2>(__y)) { }
      |                                          ^~~~~~~~~~~~~~~~~~~~~~~~~~~~~~
In file included from ./db/range_del_aggregator.h:21,
                 from ./db/merge_helper.h:14,
                 from db/merge_helper.cc:6:
./db/version_edit.h: In instantiation of ‘constexpr std::pair<_T1, _T2>::pair(_U1&&, const _T2&) [with _U1 = int&; typename std::enable_if<std::_PCC<true, _T1, _T2>::_MoveCopyPair<true, _U1, _T2>(), bool>::type <anonymous> = true; _T1 = int; _T2 = rocksdb::FileMetaData]’:
/usr/include/c++/11/ext/new_allocator.h:162:4:   required from ‘void __gnu_cxx::new_allocator<_Tp>::construct(_Up*, _Args&& ...) [with _Up = std::pair<int, rocksdb::FileMetaData>; _Args = {int&, const rocksdb::FileMetaData&}; _Tp = std::pair<int, rocksdb::FileMetaData>]’
/usr/include/c++/11/bits/alloc_traits.h:516:17:   required from ‘static void std::allocator_traits<std::allocator<_Tp1> >::construct(std::allocator_traits<std::allocator<_Tp1> >::allocator_type&, _Up*, _Args&& ...) [with _Up = std::pair<int, rocksdb::FileMetaData>; _Args = {int&, const rocksdb::FileMetaData&}; _Tp = std::pair<int, rocksdb::FileMetaData>; std::allocator_traits<std::allocator<_Tp1> >::allocator_type = std::allocator<std::pair<int, rocksdb::FileMetaData> >]’
/usr/include/c++/11/bits/vector.tcc:115:30:   required from ‘void std::vector<_Tp, _Alloc>::emplace_back(_Args&& ...) [with _Args = {int&, const rocksdb::FileMetaData&}; _Tp = std::pair<int, rocksdb::FileMetaData>; _Alloc = std::allocator<std::pair<int, rocksdb::FileMetaData> >]’
./db/version_edit.h:258:28:   required from here
./db/version_edit.h:86:8: warning: implicitly-declared ‘constexpr rocksdb::FileDescriptor::FileDescriptor(const rocksdb::FileDescriptor&)’ is deprecated [-Wdeprecated-copy]
   86 | struct FileMetaData {
      |        ^~~~~~~~~~~~
./db/version_edit.h:55:19: note: because ‘rocksdb::FileDescriptor’ has user-provided ‘rocksdb::FileDescriptor& rocksdb::FileDescriptor::operator=(const rocksdb::FileDescriptor&)’
   55 |   FileDescriptor& operator=(const FileDescriptor& fd) {
      |                   ^~~~~~~~
In file included from /usr/include/c++/11/bits/stl_algobase.h:64,
                 from /usr/include/c++/11/deque:60,
                 from ./db/merge_helper.h:8,
                 from db/merge_helper.cc:6:
/usr/include/c++/11/bits/stl_pair.h:323:41: note: synthesized method ‘rocksdb::FileMetaData::FileMetaData(const rocksdb::FileMetaData&)’ first required here
  323 |        : first(std::forward<_U1>(__x)), second(__y) { }
      |                                         ^~~~~~~~~~~
  CC       db/merge_operator.o
  CC       db/range_del_aggregator.o
  CC       db/range_tombstone_fragmenter.o
./db/version_edit.h: In instantiation of ‘constexpr std::pair<_T1, _T2>::pair(_U1&&, _U2&&) [with _U1 = int&; _U2 = rocksdb::FileMetaData; typename std::enable_if<(std::_PCC<true, _T1, _T2>::_MoveConstructiblePair<_U1, _U2>() && std::_PCC<true, _T1, _T2>::_ImplicitlyMoveConvertiblePair<_U1, _U2>()), bool>::type <anonymous> = true; _T1 = int; _T2 = rocksdb::FileMetaData]’:
/usr/include/c++/11/ext/new_allocator.h:162:4:   required from ‘void __gnu_cxx::new_allocator<_Tp>::construct(_Up*, _Args&& ...) [with _Up = std::pair<int, rocksdb::FileMetaData>; _Args = {int&, rocksdb::FileMetaData}; _Tp = std::pair<int, rocksdb::FileMetaData>]’
/usr/include/c++/11/bits/alloc_traits.h:516:17:   required from ‘static void std::allocator_traits<std::allocator<_Tp1> >::construct(std::allocator_traits<std::allocator<_Tp1> >::allocator_type&, _Up*, _Args&& ...) [with _Up = std::pair<int, rocksdb::FileMetaData>; _Args = {int&, rocksdb::FileMetaData}; _Tp = std::pair<int, rocksdb::FileMetaData>; std::allocator_traits<std::allocator<_Tp1> >::allocator_type = std::allocator<std::pair<int, rocksdb::FileMetaData> >]’
/usr/include/c++/11/bits/vector.tcc:115:30:   required from ‘void std::vector<_Tp, _Alloc>::emplace_back(_Args&& ...) [with _Args = {int&, rocksdb::FileMetaData}; _Tp = std::pair<int, rocksdb::FileMetaData>; _Alloc = std::allocator<std::pair<int, rocksdb::FileMetaData> >]’
./db/version_edit.h:253:28:   required from here
./db/version_edit.h:86:8: warning: implicitly-declared ‘constexpr rocksdb::FileDescriptor::FileDescriptor(const rocksdb::FileDescriptor&)’ is deprecated [-Wdeprecated-copy]
   86 | struct FileMetaData {
      |        ^~~~~~~~~~~~
./db/version_edit.h:55:19: note: because ‘rocksdb::FileDescriptor’ has user-provided ‘rocksdb::FileDescriptor& rocksdb::FileDescriptor::operator=(const rocksdb::FileDescriptor&)’
   55 |   FileDescriptor& operator=(const FileDescriptor& fd) {
      |                   ^~~~~~~~
In file included from /usr/include/c++/11/bits/stl_algobase.h:64,
                 from /usr/include/c++/11/deque:60,
                 from ./db/memtable_list.h:8,
                 from db/memtable_list.cc:6:
/usr/include/c++/11/bits/stl_pair.h:353:42: note: synthesized method ‘rocksdb::FileMetaData::FileMetaData(rocksdb::FileMetaData&&)’ first required here
  353 |         : first(std::forward<_U1>(__x)), second(std::forward<_U2>(__y)) { }
      |                                          ^~~~~~~~~~~~~~~~~~~~~~~~~~~~~~
In file included from ./db/memtable.h:21,
                 from ./db/memtable_list.h:17,
                 from db/memtable_list.cc:6:
./db/version_edit.h: In instantiation of ‘constexpr std::pair<_T1, _T2>::pair(_U1&&, const _T2&) [with _U1 = int&; typename std::enable_if<std::_PCC<true, _T1, _T2>::_MoveCopyPair<true, _U1, _T2>(), bool>::type <anonymous> = true; _T1 = int; _T2 = rocksdb::FileMetaData]’:
/usr/include/c++/11/ext/new_allocator.h:162:4:   required from ‘void __gnu_cxx::new_allocator<_Tp>::construct(_Up*, _Args&& ...) [with _Up = std::pair<int, rocksdb::FileMetaData>; _Args = {int&, const rocksdb::FileMetaData&}; _Tp = std::pair<int, rocksdb::FileMetaData>]’
/usr/include/c++/11/bits/alloc_traits.h:516:17:   required from ‘static void std::allocator_traits<std::allocator<_Tp1> >::construct(std::allocator_traits<std::allocator<_Tp1> >::allocator_type&, _Up*, _Args&& ...) [with _Up = std::pair<int, rocksdb::FileMetaData>; _Args = {int&, const rocksdb::FileMetaData&}; _Tp = std::pair<int, rocksdb::FileMetaData>; std::allocator_traits<std::allocator<_Tp1> >::allocator_type = std::allocator<std::pair<int, rocksdb::FileMetaData> >]’
/usr/include/c++/11/bits/vector.tcc:115:30:   required from ‘void std::vector<_Tp, _Alloc>::emplace_back(_Args&& ...) [with _Args = {int&, const rocksdb::FileMetaData&}; _Tp = std::pair<int, rocksdb::FileMetaData>; _Alloc = std::allocator<std::pair<int, rocksdb::FileMetaData> >]’
./db/version_edit.h:258:28:   required from here
./db/version_edit.h:86:8: warning: implicitly-declared ‘constexpr rocksdb::FileDescriptor::FileDescriptor(const rocksdb::FileDescriptor&)’ is deprecated [-Wdeprecated-copy]
   86 | struct FileMetaData {
      |        ^~~~~~~~~~~~
./db/version_edit.h:55:19: note: because ‘rocksdb::FileDescriptor’ has user-provided ‘rocksdb::FileDescriptor& rocksdb::FileDescriptor::operator=(const rocksdb::FileDescriptor&)’
   55 |   FileDescriptor& operator=(const FileDescriptor& fd) {
      |                   ^~~~~~~~
In file included from /usr/include/c++/11/bits/stl_algobase.h:64,
                 from /usr/include/c++/11/deque:60,
                 from ./db/memtable_list.h:8,
                 from db/memtable_list.cc:6:
/usr/include/c++/11/bits/stl_pair.h:323:41: note: synthesized method ‘rocksdb::FileMetaData::FileMetaData(const rocksdb::FileMetaData&)’ first required here
  323 |        : first(std::forward<_U1>(__x)), second(__y) { }
      |                                         ^~~~~~~~~~~
  CC       db/repair.o
  CC       db/snapshot_impl.o
In file included from ./db/range_del_aggregator.h:21,
                 from db/range_del_aggregator.cc:6:
./db/version_edit.h: In constructor ‘rocksdb::FdWithKeyRange::FdWithKeyRange(rocksdb::FileDescriptor, rocksdb::Slice, rocksdb::Slice, rocksdb::FileMetaData*)’:
./db/version_edit.h:175:9: warning: implicitly-declared ‘constexpr rocksdb::FileDescriptor::FileDescriptor(const rocksdb::FileDescriptor&)’ is deprecated [-Wdeprecated-copy]
  175 |       : fd(_fd),
      |         ^~~~~~~
./db/version_edit.h:55:19: note: because ‘rocksdb::FileDescriptor’ has user-provided ‘rocksdb::FileDescriptor& rocksdb::FileDescriptor::operator=(const rocksdb::FileDescriptor&)’
   55 |   FileDescriptor& operator=(const FileDescriptor& fd) {
      |                   ^~~~~~~~
  CC       db/table_cache.o
./db/version_edit.h: In instantiation of ‘constexpr std::pair<_T1, _T2>::pair(_U1&&, _U2&&) [with _U1 = int&; _U2 = rocksdb::FileMetaData; typename std::enable_if<(std::_PCC<true, _T1, _T2>::_MoveConstructiblePair<_U1, _U2>() && std::_PCC<true, _T1, _T2>::_ImplicitlyMoveConvertiblePair<_U1, _U2>()), bool>::type <anonymous> = true; _T1 = int; _T2 = rocksdb::FileMetaData]’:
/usr/include/c++/11/ext/new_allocator.h:162:4:   required from ‘void __gnu_cxx::new_allocator<_Tp>::construct(_Up*, _Args&& ...) [with _Up = std::pair<int, rocksdb::FileMetaData>; _Args = {int&, rocksdb::FileMetaData}; _Tp = std::pair<int, rocksdb::FileMetaData>]’
/usr/include/c++/11/bits/alloc_traits.h:516:17:   required from ‘static void std::allocator_traits<std::allocator<_CharT> >::construct(std::allocator_traits<std::allocator<_CharT> >::allocator_type&, _Up*, _Args&& ...) [with _Up = std::pair<int, rocksdb::FileMetaData>; _Args = {int&, rocksdb::FileMetaData}; _Tp = std::pair<int, rocksdb::FileMetaData>; std::allocator_traits<std::allocator<_CharT> >::allocator_type = std::allocator<std::pair<int, rocksdb::FileMetaData> >]’
/usr/include/c++/11/bits/vector.tcc:115:30:   required from ‘void std::vector<_Tp, _Alloc>::emplace_back(_Args&& ...) [with _Args = {int&, rocksdb::FileMetaData}; _Tp = std::pair<int, rocksdb::FileMetaData>; _Alloc = std::allocator<std::pair<int, rocksdb::FileMetaData> >]’
./db/version_edit.h:253:28:   required from here
./db/version_edit.h:86:8: warning: implicitly-declared ‘constexpr rocksdb::FileDescriptor::FileDescriptor(const rocksdb::FileDescriptor&)’ is deprecated [-Wdeprecated-copy]
   86 | struct FileMetaData {
      |        ^~~~~~~~~~~~
./db/version_edit.h:55:19: note: because ‘rocksdb::FileDescriptor’ has user-provided ‘rocksdb::FileDescriptor& rocksdb::FileDescriptor::operator=(const rocksdb::FileDescriptor&)’
   55 |   FileDescriptor& operator=(const FileDescriptor& fd) {
      |                   ^~~~~~~~
In file included from /usr/include/c++/11/utility:70,
                 from /usr/include/c++/11/algorithm:60,
                 from ./db/range_del_aggregator.h:8,
                 from db/range_del_aggregator.cc:6:
/usr/include/c++/11/bits/stl_pair.h:353:42: note: synthesized method ‘rocksdb::FileMetaData::FileMetaData(rocksdb::FileMetaData&&)’ first required here
  353 |         : first(std::forward<_U1>(__x)), second(std::forward<_U2>(__y)) { }
      |                                          ^~~~~~~~~~~~~~~~~~~~~~~~~~~~~~
In file included from ./db/range_del_aggregator.h:21,
                 from db/range_del_aggregator.cc:6:
./db/version_edit.h: In instantiation of ‘constexpr std::pair<_T1, _T2>::pair(_U1&&, const _T2&) [with _U1 = int&; typename std::enable_if<std::_PCC<true, _T1, _T2>::_MoveCopyPair<true, _U1, _T2>(), bool>::type <anonymous> = true; _T1 = int; _T2 = rocksdb::FileMetaData]’:
/usr/include/c++/11/ext/new_allocator.h:162:4:   required from ‘void __gnu_cxx::new_allocator<_Tp>::construct(_Up*, _Args&& ...) [with _Up = std::pair<int, rocksdb::FileMetaData>; _Args = {int&, const rocksdb::FileMetaData&}; _Tp = std::pair<int, rocksdb::FileMetaData>]’
/usr/include/c++/11/bits/alloc_traits.h:516:17:   required from ‘static void std::allocator_traits<std::allocator<_CharT> >::construct(std::allocator_traits<std::allocator<_CharT> >::allocator_type&, _Up*, _Args&& ...) [with _Up = std::pair<int, rocksdb::FileMetaData>; _Args = {int&, const rocksdb::FileMetaData&}; _Tp = std::pair<int, rocksdb::FileMetaData>; std::allocator_traits<std::allocator<_CharT> >::allocator_type = std::allocator<std::pair<int, rocksdb::FileMetaData> >]’
/usr/include/c++/11/bits/vector.tcc:115:30:   required from ‘void std::vector<_Tp, _Alloc>::emplace_back(_Args&& ...) [with _Args = {int&, const rocksdb::FileMetaData&}; _Tp = std::pair<int, rocksdb::FileMetaData>; _Alloc = std::allocator<std::pair<int, rocksdb::FileMetaData> >]’
./db/version_edit.h:258:28:   required from here
./db/version_edit.h:86:8: warning: implicitly-declared ‘constexpr rocksdb::FileDescriptor::FileDescriptor(const rocksdb::FileDescriptor&)’ is deprecated [-Wdeprecated-copy]
   86 | struct FileMetaData {
      |        ^~~~~~~~~~~~
./db/version_edit.h:55:19: note: because ‘rocksdb::FileDescriptor’ has user-provided ‘rocksdb::FileDescriptor& rocksdb::FileDescriptor::operator=(const rocksdb::FileDescriptor&)’
   55 |   FileDescriptor& operator=(const FileDescriptor& fd) {
      |                   ^~~~~~~~
In file included from /usr/include/c++/11/utility:70,
                 from /usr/include/c++/11/algorithm:60,
                 from ./db/range_del_aggregator.h:8,
                 from db/range_del_aggregator.cc:6:
/usr/include/c++/11/bits/stl_pair.h:323:41: note: synthesized method ‘rocksdb::FileMetaData::FileMetaData(const rocksdb::FileMetaData&)’ first required here
  323 |        : first(std::forward<_U1>(__x)), second(__y) { }
      |                                         ^~~~~~~~~~~
  CC       db/table_properties_collector.o
  CC       db/transaction_log_impl.o
In file included from ./db/memtable.h:21,
                 from ./db/memtable_list.h:17,
                 from ./db/column_family.h:17,
                 from ./db/db_impl/db_impl.h:22,
                 from db/repair.cc:65:
./db/version_edit.h: In constructor ‘rocksdb::FdWithKeyRange::FdWithKeyRange(rocksdb::FileDescriptor, rocksdb::Slice, rocksdb::Slice, rocksdb::FileMetaData*)’:
./db/version_edit.h:175:9: warning: implicitly-declared ‘constexpr rocksdb::FileDescriptor::FileDescriptor(const rocksdb::FileDescriptor&)’ is deprecated [-Wdeprecated-copy]
  175 |       : fd(_fd),
      |         ^~~~~~~
./db/version_edit.h:55:19: note: because ‘rocksdb::FileDescriptor’ has user-provided ‘rocksdb::FileDescriptor& rocksdb::FileDescriptor::operator=(const rocksdb::FileDescriptor&)’
   55 |   FileDescriptor& operator=(const FileDescriptor& fd) {
      |                   ^~~~~~~~
  CC       db/version_builder.o
In file included from ./db/range_del_aggregator.h:21,
                 from ./db/table_cache.h:18,
                 from db/table_cache.cc:10:
./db/version_edit.h: In constructor ‘rocksdb::FdWithKeyRange::FdWithKeyRange(rocksdb::FileDescriptor, rocksdb::Slice, rocksdb::Slice, rocksdb::FileMetaData*)’:
./db/version_edit.h:175:9: warning: implicitly-declared ‘constexpr rocksdb::FileDescriptor::FileDescriptor(const rocksdb::FileDescriptor&)’ is deprecated [-Wdeprecated-copy]
  175 |       : fd(_fd),
      |         ^~~~~~~
./db/version_edit.h:55:19: note: because ‘rocksdb::FileDescriptor’ has user-provided ‘rocksdb::FileDescriptor& rocksdb::FileDescriptor::operator=(const rocksdb::FileDescriptor&)’
   55 |   FileDescriptor& operator=(const FileDescriptor& fd) {
      |                   ^~~~~~~~
./db/version_edit.h: In instantiation of ‘constexpr std::pair<_T1, _T2>::pair(_U1&&, _U2&&) [with _U1 = int&; _U2 = rocksdb::FileMetaData; typename std::enable_if<(std::_PCC<true, _T1, _T2>::_MoveConstructiblePair<_U1, _U2>() && std::_PCC<true, _T1, _T2>::_ImplicitlyMoveConvertiblePair<_U1, _U2>()), bool>::type <anonymous> = true; _T1 = int; _T2 = rocksdb::FileMetaData]’:
/usr/include/c++/11/ext/new_allocator.h:162:4:   required from ‘void __gnu_cxx::new_allocator<_Tp>::construct(_Up*, _Args&& ...) [with _Up = std::pair<int, rocksdb::FileMetaData>; _Args = {int&, rocksdb::FileMetaData}; _Tp = std::pair<int, rocksdb::FileMetaData>]’
/usr/include/c++/11/bits/alloc_traits.h:516:17:   required from ‘static void std::allocator_traits<std::allocator<_CharT> >::construct(std::allocator_traits<std::allocator<_CharT> >::allocator_type&, _Up*, _Args&& ...) [with _Up = std::pair<int, rocksdb::FileMetaData>; _Args = {int&, rocksdb::FileMetaData}; _Tp = std::pair<int, rocksdb::FileMetaData>; std::allocator_traits<std::allocator<_CharT> >::allocator_type = std::allocator<std::pair<int, rocksdb::FileMetaData> >]’
/usr/include/c++/11/bits/vector.tcc:115:30:   required from ‘void std::vector<_Tp, _Alloc>::emplace_back(_Args&& ...) [with _Args = {int&, rocksdb::FileMetaData}; _Tp = std::pair<int, rocksdb::FileMetaData>; _Alloc = std::allocator<std::pair<int, rocksdb::FileMetaData> >]’
./db/version_edit.h:253:28:   required from here
./db/version_edit.h:86:8: warning: implicitly-declared ‘constexpr rocksdb::FileDescriptor::FileDescriptor(const rocksdb::FileDescriptor&)’ is deprecated [-Wdeprecated-copy]
   86 | struct FileMetaData {
      |        ^~~~~~~~~~~~
./db/version_edit.h:55:19: note: because ‘rocksdb::FileDescriptor’ has user-provided ‘rocksdb::FileDescriptor& rocksdb::FileDescriptor::operator=(const rocksdb::FileDescriptor&)’
   55 |   FileDescriptor& operator=(const FileDescriptor& fd) {
      |                   ^~~~~~~~
In file included from /usr/include/c++/11/bits/stl_algobase.h:64,
                 from /usr/include/c++/11/bits/char_traits.h:39,
                 from /usr/include/c++/11/string:40,
                 from ./db/table_cache.h:13,
                 from db/table_cache.cc:10:
/usr/include/c++/11/bits/stl_pair.h:353:42: note: synthesized method ‘rocksdb::FileMetaData::FileMetaData(rocksdb::FileMetaData&&)’ first required here
  353 |         : first(std::forward<_U1>(__x)), second(std::forward<_U2>(__y)) { }
      |                                          ^~~~~~~~~~~~~~~~~~~~~~~~~~~~~~
In file included from ./db/range_del_aggregator.h:21,
                 from ./db/table_cache.h:18,
                 from db/table_cache.cc:10:
./db/version_edit.h: In instantiation of ‘constexpr std::pair<_T1, _T2>::pair(_U1&&, const _T2&) [with _U1 = int&; typename std::enable_if<std::_PCC<true, _T1, _T2>::_MoveCopyPair<true, _U1, _T2>(), bool>::type <anonymous> = true; _T1 = int; _T2 = rocksdb::FileMetaData]’:
/usr/include/c++/11/ext/new_allocator.h:162:4:   required from ‘void __gnu_cxx::new_allocator<_Tp>::construct(_Up*, _Args&& ...) [with _Up = std::pair<int, rocksdb::FileMetaData>; _Args = {int&, const rocksdb::FileMetaData&}; _Tp = std::pair<int, rocksdb::FileMetaData>]’
/usr/include/c++/11/bits/alloc_traits.h:516:17:   required from ‘static void std::allocator_traits<std::allocator<_CharT> >::construct(std::allocator_traits<std::allocator<_CharT> >::allocator_type&, _Up*, _Args&& ...) [with _Up = std::pair<int, rocksdb::FileMetaData>; _Args = {int&, const rocksdb::FileMetaData&}; _Tp = std::pair<int, rocksdb::FileMetaData>; std::allocator_traits<std::allocator<_CharT> >::allocator_type = std::allocator<std::pair<int, rocksdb::FileMetaData> >]’
/usr/include/c++/11/bits/vector.tcc:115:30:   required from ‘void std::vector<_Tp, _Alloc>::emplace_back(_Args&& ...) [with _Args = {int&, const rocksdb::FileMetaData&}; _Tp = std::pair<int, rocksdb::FileMetaData>; _Alloc = std::allocator<std::pair<int, rocksdb::FileMetaData> >]’
./db/version_edit.h:258:28:   required from here
./db/version_edit.h:86:8: warning: implicitly-declared ‘constexpr rocksdb::FileDescriptor::FileDescriptor(const rocksdb::FileDescriptor&)’ is deprecated [-Wdeprecated-copy]
   86 | struct FileMetaData {
      |        ^~~~~~~~~~~~
./db/version_edit.h:55:19: note: because ‘rocksdb::FileDescriptor’ has user-provided ‘rocksdb::FileDescriptor& rocksdb::FileDescriptor::operator=(const rocksdb::FileDescriptor&)’
   55 |   FileDescriptor& operator=(const FileDescriptor& fd) {
      |                   ^~~~~~~~
In file included from /usr/include/c++/11/bits/stl_algobase.h:64,
                 from /usr/include/c++/11/bits/char_traits.h:39,
                 from /usr/include/c++/11/string:40,
                 from ./db/table_cache.h:13,
                 from db/table_cache.cc:10:
/usr/include/c++/11/bits/stl_pair.h:323:41: note: synthesized method ‘rocksdb::FileMetaData::FileMetaData(const rocksdb::FileMetaData&)’ first required here
  323 |        : first(std::forward<_U1>(__x)), second(__y) { }
      |                                         ^~~~~~~~~~~
In file included from ./db/memtable.h:21,
                 from ./db/memtable_list.h:17,
                 from ./db/column_family.h:17,
                 from ./db/version_set.h:31,
                 from ./db/transaction_log_impl.h:11,
                 from db/transaction_log_impl.cc:8:
./db/version_edit.h: In constructor ‘rocksdb::FdWithKeyRange::FdWithKeyRange(rocksdb::FileDescriptor, rocksdb::Slice, rocksdb::Slice, rocksdb::FileMetaData*)’:
./db/version_edit.h:175:9: warning: implicitly-declared ‘constexpr rocksdb::FileDescriptor::FileDescriptor(const rocksdb::FileDescriptor&)’ is deprecated [-Wdeprecated-copy]
  175 |       : fd(_fd),
      |         ^~~~~~~
./db/version_edit.h:55:19: note: because ‘rocksdb::FileDescriptor’ has user-provided ‘rocksdb::FileDescriptor& rocksdb::FileDescriptor::operator=(const rocksdb::FileDescriptor&)’
   55 |   FileDescriptor& operator=(const FileDescriptor& fd) {
      |                   ^~~~~~~~
  CC       db/version_edit.o
  CC       db/version_set.o
In file included from ./db/memtable.h:21,
                 from ./db/memtable_list.h:17,
                 from ./db/column_family.h:17,
                 from ./db/version_set.h:31,
                 from ./db/internal_stats.h:16,
                 from db/version_builder.cc:25:
./db/version_edit.h: In constructor ‘rocksdb::FdWithKeyRange::FdWithKeyRange(rocksdb::FileDescriptor, rocksdb::Slice, rocksdb::Slice, rocksdb::FileMetaData*)’:
./db/version_edit.h:175:9: warning: implicitly-declared ‘constexpr rocksdb::FileDescriptor::FileDescriptor(const rocksdb::FileDescriptor&)’ is deprecated [-Wdeprecated-copy]
  175 |       : fd(_fd),
      |         ^~~~~~~
./db/version_edit.h:55:19: note: because ‘rocksdb::FileDescriptor’ has user-provided ‘rocksdb::FileDescriptor& rocksdb::FileDescriptor::operator=(const rocksdb::FileDescriptor&)’
   55 |   FileDescriptor& operator=(const FileDescriptor& fd) {
      |                   ^~~~~~~~
  CC       db/wal_manager.o
./db/version_edit.h: In instantiation of ‘void __gnu_cxx::new_allocator<_Tp>::construct(_Up*, _Args&& ...) [with _Up = rocksdb::{anonymous}::Repairer::TableInfo; _Args = {const rocksdb::{anonymous}::Repairer::TableInfo&}; _Tp = rocksdb::{anonymous}::Repairer::TableInfo]’:
/usr/include/c++/11/bits/alloc_traits.h:516:17:   required from ‘static void std::allocator_traits<std::allocator<_CharT> >::construct(std::allocator_traits<std::allocator<_CharT> >::allocator_type&, _Up*, _Args&& ...) [with _Up = rocksdb::{anonymous}::Repairer::TableInfo; _Args = {const rocksdb::{anonymous}::Repairer::TableInfo&}; _Tp = rocksdb::{anonymous}::Repairer::TableInfo; std::allocator_traits<std::allocator<_CharT> >::allocator_type = std::allocator<rocksdb::{anonymous}::Repairer::TableInfo>]’
/usr/include/c++/11/bits/stl_vector.h:1192:30:   required from ‘void std::vector<_Tp, _Alloc>::push_back(const value_type&) [with _Tp = rocksdb::{anonymous}::Repairer::TableInfo; _Alloc = std::allocator<rocksdb::{anonymous}::Repairer::TableInfo>; std::vector<_Tp, _Alloc>::value_type = rocksdb::{anonymous}::Repairer::TableInfo]’
db/repair.cc:466:26:   required from here
./db/version_edit.h:86:8: warning: implicitly-declared ‘constexpr rocksdb::FileDescriptor::FileDescriptor(const rocksdb::FileDescriptor&)’ is deprecated [-Wdeprecated-copy]
   86 | struct FileMetaData {
      |        ^~~~~~~~~~~~
./db/version_edit.h:55:19: note: because ‘rocksdb::FileDescriptor’ has user-provided ‘rocksdb::FileDescriptor& rocksdb::FileDescriptor::operator=(const rocksdb::FileDescriptor&)’
   55 |   FileDescriptor& operator=(const FileDescriptor& fd) {
      |                   ^~~~~~~~
db/repair.cc:223:10: note: synthesized method ‘rocksdb::FileMetaData::FileMetaData(const rocksdb::FileMetaData&)’ first required here
  223 |   struct TableInfo {
      |          ^~~~~~~~~
In file included from /usr/include/x86_64-linux-gnu/c++/11/bits/c++allocator.h:33,
                 from /usr/include/c++/11/bits/allocator.h:46,
                 from /usr/include/c++/11/string:41,
                 from ./db/builder.h:9,
                 from db/repair.cc:64:
/usr/include/c++/11/ext/new_allocator.h:162:11: note: synthesized method ‘rocksdb::{anonymous}::Repairer::TableInfo::TableInfo(const rocksdb::{anonymous}::Repairer::TableInfo&)’ first required here
  162 |         { ::new((void *)__p) _Up(std::forward<_Args>(__args)...); }
      |           ^~~~~~~~~~~~~~~~~~~~~~~~~~~~~~~~~~~~~~~~~~~~~~~~~~~~~~
In file included from ./db/memtable.h:21,
                 from ./db/memtable_list.h:17,
                 from ./db/column_family.h:17,
                 from ./db/db_impl/db_impl.h:22,
                 from db/repair.cc:65:
./db/version_edit.h: In instantiation of ‘constexpr std::pair<_T1, _T2>::pair(_U1&&, _U2&&) [with _U1 = int&; _U2 = rocksdb::FileMetaData; typename std::enable_if<(std::_PCC<true, _T1, _T2>::_MoveConstructiblePair<_U1, _U2>() && std::_PCC<true, _T1, _T2>::_ImplicitlyMoveConvertiblePair<_U1, _U2>()), bool>::type <anonymous> = true; _T1 = int; _T2 = rocksdb::FileMetaData]’:
/usr/include/c++/11/ext/new_allocator.h:162:4:   required from ‘void __gnu_cxx::new_allocator<_Tp>::construct(_Up*, _Args&& ...) [with _Up = std::pair<int, rocksdb::FileMetaData>; _Args = {int&, rocksdb::FileMetaData}; _Tp = std::pair<int, rocksdb::FileMetaData>]’
/usr/include/c++/11/bits/alloc_traits.h:516:17:   required from ‘static void std::allocator_traits<std::allocator<_CharT> >::construct(std::allocator_traits<std::allocator<_CharT> >::allocator_type&, _Up*, _Args&& ...) [with _Up = std::pair<int, rocksdb::FileMetaData>; _Args = {int&, rocksdb::FileMetaData}; _Tp = std::pair<int, rocksdb::FileMetaData>; std::allocator_traits<std::allocator<_CharT> >::allocator_type = std::allocator<std::pair<int, rocksdb::FileMetaData> >]’
/usr/include/c++/11/bits/vector.tcc:115:30:   required from ‘void std::vector<_Tp, _Alloc>::emplace_back(_Args&& ...) [with _Args = {int&, rocksdb::FileMetaData}; _Tp = std::pair<int, rocksdb::FileMetaData>; _Alloc = std::allocator<std::pair<int, rocksdb::FileMetaData> >]’
./db/version_edit.h:253:28:   required from here
./db/version_edit.h:86:8: warning: implicitly-declared ‘constexpr rocksdb::FileDescriptor::FileDescriptor(const rocksdb::FileDescriptor&)’ is deprecated [-Wdeprecated-copy]
   86 | struct FileMetaData {
      |        ^~~~~~~~~~~~
./db/version_edit.h:55:19: note: because ‘rocksdb::FileDescriptor’ has user-provided ‘rocksdb::FileDescriptor& rocksdb::FileDescriptor::operator=(const rocksdb::FileDescriptor&)’
   55 |   FileDescriptor& operator=(const FileDescriptor& fd) {
      |                   ^~~~~~~~
In file included from /usr/include/c++/11/bits/stl_algobase.h:64,
                 from /usr/include/c++/11/bits/char_traits.h:39,
                 from /usr/include/c++/11/string:40,
                 from ./db/builder.h:9,
                 from db/repair.cc:64:
/usr/include/c++/11/bits/stl_pair.h:353:42: note: synthesized method ‘rocksdb::FileMetaData::FileMetaData(rocksdb::FileMetaData&&)’ first required here
  353 |         : first(std::forward<_U1>(__x)), second(std::forward<_U2>(__y)) { }
      |                                          ^~~~~~~~~~~~~~~~~~~~~~~~~~~~~~
In file included from db/version_edit.cc:10:
./db/version_edit.h: In constructor ‘rocksdb::FdWithKeyRange::FdWithKeyRange(rocksdb::FileDescriptor, rocksdb::Slice, rocksdb::Slice, rocksdb::FileMetaData*)’:
./db/version_edit.h:175:9: warning: implicitly-declared ‘constexpr rocksdb::FileDescriptor::FileDescriptor(const rocksdb::FileDescriptor&)’ is deprecated [-Wdeprecated-copy]
  175 |       : fd(_fd),
      |         ^~~~~~~
./db/version_edit.h:55:19: note: because ‘rocksdb::FileDescriptor’ has user-provided ‘rocksdb::FileDescriptor& rocksdb::FileDescriptor::operator=(const rocksdb::FileDescriptor&)’
   55 |   FileDescriptor& operator=(const FileDescriptor& fd) {
      |                   ^~~~~~~~
  CC       db/write_batch.o
./db/version_edit.h: In copy constructor ‘rocksdb::FileMetaData::FileMetaData(const rocksdb::FileMetaData&)’:
./db/version_edit.h:86:8: warning: implicitly-declared ‘constexpr rocksdb::FileDescriptor::FileDescriptor(const rocksdb::FileDescriptor&)’ is deprecated [-Wdeprecated-copy]
   86 | struct FileMetaData {
      |        ^~~~~~~~~~~~
./db/version_edit.h:55:19: note: because ‘rocksdb::FileDescriptor’ has user-provided ‘rocksdb::FileDescriptor& rocksdb::FileDescriptor::operator=(const rocksdb::FileDescriptor&)’
   55 |   FileDescriptor& operator=(const FileDescriptor& fd) {
      |                   ^~~~~~~~
db/version_builder.cc: In member function ‘void rocksdb::VersionBuilder::Rep::Apply(rocksdb::VersionEdit*)’:
db/version_builder.cc:294:59: note: synthesized method ‘rocksdb::FileMetaData::FileMetaData(const rocksdb::FileMetaData&)’ first required here
  294 |         FileMetaData* f = new FileMetaData(new_file.second);
      |                                                           ^
./db/version_edit.h: In instantiation of ‘constexpr std::pair<_T1, _T2>::pair(_U1&&, _U2&&) [with _U1 = int&; _U2 = rocksdb::FileMetaData; typename std::enable_if<(std::_PCC<true, _T1, _T2>::_MoveConstructiblePair<_U1, _U2>() && std::_PCC<true, _T1, _T2>::_ImplicitlyMoveConvertiblePair<_U1, _U2>()), bool>::type <anonymous> = true; _T1 = int; _T2 = rocksdb::FileMetaData]’:
/usr/include/c++/11/ext/new_allocator.h:162:4:   required from ‘void __gnu_cxx::new_allocator<_Tp>::construct(_Up*, _Args&& ...) [with _Up = std::pair<int, rocksdb::FileMetaData>; _Args = {int&, rocksdb::FileMetaData}; _Tp = std::pair<int, rocksdb::FileMetaData>]’
/usr/include/c++/11/bits/alloc_traits.h:516:17:   required from ‘static void std::allocator_traits<std::allocator<_Tp1> >::construct(std::allocator_traits<std::allocator<_Tp1> >::allocator_type&, _Up*, _Args&& ...) [with _Up = std::pair<int, rocksdb::FileMetaData>; _Args = {int&, rocksdb::FileMetaData}; _Tp = std::pair<int, rocksdb::FileMetaData>; std::allocator_traits<std::allocator<_Tp1> >::allocator_type = std::allocator<std::pair<int, rocksdb::FileMetaData> >]’
/usr/include/c++/11/bits/vector.tcc:115:30:   required from ‘void std::vector<_Tp, _Alloc>::emplace_back(_Args&& ...) [with _Args = {int&, rocksdb::FileMetaData}; _Tp = std::pair<int, rocksdb::FileMetaData>; _Alloc = std::allocator<std::pair<int, rocksdb::FileMetaData> >]’
./db/version_edit.h:253:28:   required from here
./db/version_edit.h:86:8: warning: implicitly-declared ‘constexpr rocksdb::FileDescriptor::FileDescriptor(const rocksdb::FileDescriptor&)’ is deprecated [-Wdeprecated-copy]
   86 | struct FileMetaData {
      |        ^~~~~~~~~~~~
./db/version_edit.h:55:19: note: because ‘rocksdb::FileDescriptor’ has user-provided ‘rocksdb::FileDescriptor& rocksdb::FileDescriptor::operator=(const rocksdb::FileDescriptor&)’
   55 |   FileDescriptor& operator=(const FileDescriptor& fd) {
      |                   ^~~~~~~~
In file included from /usr/include/c++/11/bits/stl_algobase.h:64,
                 from /usr/include/c++/11/vector:60,
                 from ./db/transaction_log_impl.h:8,
                 from db/transaction_log_impl.cc:8:
/usr/include/c++/11/bits/stl_pair.h:353:42: note: synthesized method ‘rocksdb::FileMetaData::FileMetaData(rocksdb::FileMetaData&&)’ first required here
  353 |         : first(std::forward<_U1>(__x)), second(std::forward<_U2>(__y)) { }
      |                                          ^~~~~~~~~~~~~~~~~~~~~~~~~~~~~~
In file included from ./db/memtable.h:21,
                 from ./db/memtable_list.h:17,
                 from ./db/column_family.h:17,
                 from ./db/version_set.h:31,
                 from ./db/transaction_log_impl.h:11,
                 from db/transaction_log_impl.cc:8:
./db/version_edit.h: In instantiation of ‘constexpr std::pair<_T1, _T2>::pair(_U1&&, const _T2&) [with _U1 = int&; typename std::enable_if<std::_PCC<true, _T1, _T2>::_MoveCopyPair<true, _U1, _T2>(), bool>::type <anonymous> = true; _T1 = int; _T2 = rocksdb::FileMetaData]’:
/usr/include/c++/11/ext/new_allocator.h:162:4:   required from ‘void __gnu_cxx::new_allocator<_Tp>::construct(_Up*, _Args&& ...) [with _Up = std::pair<int, rocksdb::FileMetaData>; _Args = {int&, const rocksdb::FileMetaData&}; _Tp = std::pair<int, rocksdb::FileMetaData>]’
/usr/include/c++/11/bits/alloc_traits.h:516:17:   required from ‘static void std::allocator_traits<std::allocator<_Tp1> >::construct(std::allocator_traits<std::allocator<_Tp1> >::allocator_type&, _Up*, _Args&& ...) [with _Up = std::pair<int, rocksdb::FileMetaData>; _Args = {int&, const rocksdb::FileMetaData&}; _Tp = std::pair<int, rocksdb::FileMetaData>; std::allocator_traits<std::allocator<_Tp1> >::allocator_type = std::allocator<std::pair<int, rocksdb::FileMetaData> >]’
/usr/include/c++/11/bits/vector.tcc:115:30:   required from ‘void std::vector<_Tp, _Alloc>::emplace_back(_Args&& ...) [with _Args = {int&, const rocksdb::FileMetaData&}; _Tp = std::pair<int, rocksdb::FileMetaData>; _Alloc = std::allocator<std::pair<int, rocksdb::FileMetaData> >]’
./db/version_edit.h:258:28:   required from here
./db/version_edit.h:86:8: warning: implicitly-declared ‘constexpr rocksdb::FileDescriptor::FileDescriptor(const rocksdb::FileDescriptor&)’ is deprecated [-Wdeprecated-copy]
   86 | struct FileMetaData {
      |        ^~~~~~~~~~~~
./db/version_edit.h:55:19: note: because ‘rocksdb::FileDescriptor’ has user-provided ‘rocksdb::FileDescriptor& rocksdb::FileDescriptor::operator=(const rocksdb::FileDescriptor&)’
   55 |   FileDescriptor& operator=(const FileDescriptor& fd) {
      |                   ^~~~~~~~
In file included from /usr/include/c++/11/bits/stl_algobase.h:64,
                 from /usr/include/c++/11/vector:60,
                 from ./db/transaction_log_impl.h:8,
                 from db/transaction_log_impl.cc:8:
/usr/include/c++/11/bits/stl_pair.h:323:41: note: synthesized method ‘rocksdb::FileMetaData::FileMetaData(const rocksdb::FileMetaData&)’ first required here
  323 |        : first(std::forward<_U1>(__x)), second(__y) { }
      |                                         ^~~~~~~~~~~
In file included from ./db/memtable.h:21,
                 from ./db/memtable_list.h:17,
                 from ./db/column_family.h:17,
                 from ./db/version_set.h:31,
                 from db/version_set.cc:10:
./db/version_edit.h: In constructor ‘rocksdb::FdWithKeyRange::FdWithKeyRange(rocksdb::FileDescriptor, rocksdb::Slice, rocksdb::Slice, rocksdb::FileMetaData*)’:
./db/version_edit.h:175:9: warning: implicitly-declared ‘constexpr rocksdb::FileDescriptor::FileDescriptor(const rocksdb::FileDescriptor&)’ is deprecated [-Wdeprecated-copy]
  175 |       : fd(_fd),
      |         ^~~~~~~
./db/version_edit.h:55:19: note: because ‘rocksdb::FileDescriptor’ has user-provided ‘rocksdb::FileDescriptor& rocksdb::FileDescriptor::operator=(const rocksdb::FileDescriptor&)’
   55 |   FileDescriptor& operator=(const FileDescriptor& fd) {
      |                   ^~~~~~~~
  CC       db/write_batch_base.o
  CC       db/write_controller.o
In file included from ./db/memtable.h:21,
                 from ./db/memtable_list.h:17,
                 from ./db/column_family.h:17,
                 from ./db/version_set.h:31,
                 from ./db/wal_manager.h:20,
                 from db/wal_manager.cc:10:
./db/version_edit.h: In constructor ‘rocksdb::FdWithKeyRange::FdWithKeyRange(rocksdb::FileDescriptor, rocksdb::Slice, rocksdb::Slice, rocksdb::FileMetaData*)’:
./db/version_edit.h:175:9: warning: implicitly-declared ‘constexpr rocksdb::FileDescriptor::FileDescriptor(const rocksdb::FileDescriptor&)’ is deprecated [-Wdeprecated-copy]
  175 |       : fd(_fd),
      |         ^~~~~~~
./db/version_edit.h:55:19: note: because ‘rocksdb::FileDescriptor’ has user-provided ‘rocksdb::FileDescriptor& rocksdb::FileDescriptor::operator=(const rocksdb::FileDescriptor&)’
   55 |   FileDescriptor& operator=(const FileDescriptor& fd) {
      |                   ^~~~~~~~
In file included from ./db/memtable.h:21,
                 from ./db/memtable_list.h:17,
                 from ./db/column_family.h:17,
                 from ./db/version_set.h:31,
                 from ./db/internal_stats.h:16,
                 from db/version_builder.cc:25:
./db/version_edit.h: In instantiation of ‘constexpr std::pair<_T1, _T2>::pair(_U1&&, _U2&&) [with _U1 = int&; _U2 = rocksdb::FileMetaData; typename std::enable_if<(std::_PCC<true, _T1, _T2>::_MoveConstructiblePair<_U1, _U2>() && std::_PCC<true, _T1, _T2>::_ImplicitlyMoveConvertiblePair<_U1, _U2>()), bool>::type <anonymous> = true; _T1 = int; _T2 = rocksdb::FileMetaData]’:
/usr/include/c++/11/ext/new_allocator.h:162:4:   required from ‘void __gnu_cxx::new_allocator<_Tp>::construct(_Up*, _Args&& ...) [with _Up = std::pair<int, rocksdb::FileMetaData>; _Args = {int&, rocksdb::FileMetaData}; _Tp = std::pair<int, rocksdb::FileMetaData>]’
/usr/include/c++/11/bits/alloc_traits.h:516:17:   required from ‘static void std::allocator_traits<std::allocator<_Tp1> >::construct(std::allocator_traits<std::allocator<_Tp1> >::allocator_type&, _Up*, _Args&& ...) [with _Up = std::pair<int, rocksdb::FileMetaData>; _Args = {int&, rocksdb::FileMetaData}; _Tp = std::pair<int, rocksdb::FileMetaData>; std::allocator_traits<std::allocator<_Tp1> >::allocator_type = std::allocator<std::pair<int, rocksdb::FileMetaData> >]’
/usr/include/c++/11/bits/vector.tcc:115:30:   required from ‘void std::vector<_Tp, _Alloc>::emplace_back(_Args&& ...) [with _Args = {int&, rocksdb::FileMetaData}; _Tp = std::pair<int, rocksdb::FileMetaData>; _Alloc = std::allocator<std::pair<int, rocksdb::FileMetaData> >]’
./db/version_edit.h:253:28:   required from here
./db/version_edit.h:86:8: warning: implicitly-declared ‘constexpr rocksdb::FileDescriptor::FileDescriptor(const rocksdb::FileDescriptor&)’ is deprecated [-Wdeprecated-copy]
   86 | struct FileMetaData {
      |        ^~~~~~~~~~~~
./db/version_edit.h:55:19: note: because ‘rocksdb::FileDescriptor’ has user-provided ‘rocksdb::FileDescriptor& rocksdb::FileDescriptor::operator=(const rocksdb::FileDescriptor&)’
   55 |   FileDescriptor& operator=(const FileDescriptor& fd) {
      |                   ^~~~~~~~
In file included from /usr/include/c++/11/utility:70,
                 from /usr/include/c++/11/tuple:38,
                 from /usr/include/c++/11/functional:54,
                 from ./include/rocksdb/env.h:21,
                 from ./db/version_builder.h:11,
                 from db/version_builder.cc:10:
/usr/include/c++/11/bits/stl_pair.h:353:42: note: synthesized method ‘rocksdb::FileMetaData::FileMetaData(rocksdb::FileMetaData&&)’ first required here
  353 |         : first(std::forward<_U1>(__x)), second(std::forward<_U2>(__y)) { }
      |                                          ^~~~~~~~~~~~~~~~~~~~~~~~~~~~~~
./db/version_edit.h: In instantiation of ‘constexpr std::pair<_T1, _T2>::pair(_U1&&, _U2&&) [with _U1 = int&; _U2 = rocksdb::FileMetaData&; typename std::enable_if<(std::_PCC<true, _T1, _T2>::_MoveConstructiblePair<_U1, _U2>() && std::_PCC<true, _T1, _T2>::_ImplicitlyMoveConvertiblePair<_U1, _U2>()), bool>::type <anonymous> = true; _T1 = int; _T2 = rocksdb::FileMetaData]’:
/usr/include/c++/11/bits/stl_pair.h:572:14:   required from ‘constexpr std::pair<typename std::__strip_reference_wrapper<typename std::decay<_Tp>::type>::__type, typename std::__strip_reference_wrapper<typename std::decay<_Tp2>::type>::__type> std::make_pair(_T1&&, _T2&&) [with _T1 = int&; _T2 = rocksdb::FileMetaData&; typename std::__strip_reference_wrapper<typename std::decay<_Tp2>::type>::__type = rocksdb::FileMetaData; typename std::decay<_Tp2>::type = std::decay<rocksdb::FileMetaData&>::type; typename std::__strip_reference_wrapper<typename std::decay<_Tp>::type>::__type = int; typename std::decay<_Tp>::type = int]’
db/version_edit.cc:308:38:   required from here
./db/version_edit.h:86:8: warning: implicitly-declared ‘constexpr rocksdb::FileDescriptor::FileDescriptor(const rocksdb::FileDescriptor&)’ is deprecated [-Wdeprecated-copy]
   86 | struct FileMetaData {
      |        ^~~~~~~~~~~~
./db/version_edit.h:55:19: note: because ‘rocksdb::FileDescriptor’ has user-provided ‘rocksdb::FileDescriptor& rocksdb::FileDescriptor::operator=(const rocksdb::FileDescriptor&)’
   55 |   FileDescriptor& operator=(const FileDescriptor& fd) {
      |                   ^~~~~~~~
In file included from /usr/include/c++/11/utility:70,
                 from /usr/include/c++/11/algorithm:60,
                 from ./db/version_edit.h:11,
                 from db/version_edit.cc:10:
/usr/include/c++/11/bits/stl_pair.h:353:42: note: synthesized method ‘rocksdb::FileMetaData::FileMetaData(const rocksdb::FileMetaData&)’ first required here
  353 |         : first(std::forward<_U1>(__x)), second(std::forward<_U2>(__y)) { }
      |                                          ^~~~~~~~~~~~~~~~~~~~~~~~~~~~~~
  CC       db/write_thread.o
In file included from ./db/memtable.h:21,
                 from ./db/memtable_list.h:17,
                 from ./db/column_family.h:17,
                 from db/write_batch.cc:44:
./db/version_edit.h: In constructor ‘rocksdb::FdWithKeyRange::FdWithKeyRange(rocksdb::FileDescriptor, rocksdb::Slice, rocksdb::Slice, rocksdb::FileMetaData*)’:
./db/version_edit.h:175:9: warning: implicitly-declared ‘constexpr rocksdb::FileDescriptor::FileDescriptor(const rocksdb::FileDescriptor&)’ is deprecated [-Wdeprecated-copy]
  175 |       : fd(_fd),
      |         ^~~~~~~
./db/version_edit.h:55:19: note: because ‘rocksdb::FileDescriptor’ has user-provided ‘rocksdb::FileDescriptor& rocksdb::FileDescriptor::operator=(const rocksdb::FileDescriptor&)’
   55 |   FileDescriptor& operator=(const FileDescriptor& fd) {
      |                   ^~~~~~~~
  CC       env/env.o
./db/version_edit.h: In instantiation of ‘constexpr std::pair<_T1, _T2>::pair(_U1&&, _U2&&) [with _U1 = int&; _U2 = rocksdb::FileMetaData; typename std::enable_if<(std::_PCC<true, _T1, _T2>::_MoveConstructiblePair<_U1, _U2>() && std::_PCC<true, _T1, _T2>::_ImplicitlyMoveConvertiblePair<_U1, _U2>()), bool>::type <anonymous> = true; _T1 = int; _T2 = rocksdb::FileMetaData]’:
/usr/include/c++/11/ext/new_allocator.h:162:4:   required from ‘void __gnu_cxx::new_allocator<_Tp>::construct(_Up*, _Args&& ...) [with _Up = std::pair<int, rocksdb::FileMetaData>; _Args = {int&, rocksdb::FileMetaData}; _Tp = std::pair<int, rocksdb::FileMetaData>]’
/usr/include/c++/11/bits/alloc_traits.h:516:17:   required from ‘static void std::allocator_traits<std::allocator<_Tp1> >::construct(std::allocator_traits<std::allocator<_Tp1> >::allocator_type&, _Up*, _Args&& ...) [with _Up = std::pair<int, rocksdb::FileMetaData>; _Args = {int&, rocksdb::FileMetaData}; _Tp = std::pair<int, rocksdb::FileMetaData>; std::allocator_traits<std::allocator<_Tp1> >::allocator_type = std::allocator<std::pair<int, rocksdb::FileMetaData> >]’
/usr/include/c++/11/bits/vector.tcc:115:30:   required from ‘void std::vector<_Tp, _Alloc>::emplace_back(_Args&& ...) [with _Args = {int&, rocksdb::FileMetaData}; _Tp = std::pair<int, rocksdb::FileMetaData>; _Alloc = std::allocator<std::pair<int, rocksdb::FileMetaData> >]’
./db/version_edit.h:253:28:   required from here
./db/version_edit.h:86:8: warning: implicitly-declared ‘constexpr rocksdb::FileDescriptor::FileDescriptor(const rocksdb::FileDescriptor&)’ is deprecated [-Wdeprecated-copy]
   86 | struct FileMetaData {
      |        ^~~~~~~~~~~~
./db/version_edit.h:55:19: note: because ‘rocksdb::FileDescriptor’ has user-provided ‘rocksdb::FileDescriptor& rocksdb::FileDescriptor::operator=(const rocksdb::FileDescriptor&)’
   55 |   FileDescriptor& operator=(const FileDescriptor& fd) {
      |                   ^~~~~~~~
In file included from /usr/include/c++/11/bits/stl_algobase.h:64,
                 from /usr/include/c++/11/deque:60,
                 from ./db/wal_manager.h:12,
                 from db/wal_manager.cc:10:
/usr/include/c++/11/bits/stl_pair.h:353:42: note: synthesized method ‘rocksdb::FileMetaData::FileMetaData(rocksdb::FileMetaData&&)’ first required here
  353 |         : first(std::forward<_U1>(__x)), second(std::forward<_U2>(__y)) { }
      |                                          ^~~~~~~~~~~~~~~~~~~~~~~~~~~~~~
In file included from ./db/memtable.h:21,
                 from ./db/memtable_list.h:17,
                 from ./db/column_family.h:17,
                 from ./db/version_set.h:31,
                 from ./db/wal_manager.h:20,
                 from db/wal_manager.cc:10:
./db/version_edit.h: In instantiation of ‘constexpr std::pair<_T1, _T2>::pair(_U1&&, const _T2&) [with _U1 = int&; typename std::enable_if<std::_PCC<true, _T1, _T2>::_MoveCopyPair<true, _U1, _T2>(), bool>::type <anonymous> = true; _T1 = int; _T2 = rocksdb::FileMetaData]’:
/usr/include/c++/11/ext/new_allocator.h:162:4:   required from ‘void __gnu_cxx::new_allocator<_Tp>::construct(_Up*, _Args&& ...) [with _Up = std::pair<int, rocksdb::FileMetaData>; _Args = {int&, const rocksdb::FileMetaData&}; _Tp = std::pair<int, rocksdb::FileMetaData>]’
/usr/include/c++/11/bits/alloc_traits.h:516:17:   required from ‘static void std::allocator_traits<std::allocator<_Tp1> >::construct(std::allocator_traits<std::allocator<_Tp1> >::allocator_type&, _Up*, _Args&& ...) [with _Up = std::pair<int, rocksdb::FileMetaData>; _Args = {int&, const rocksdb::FileMetaData&}; _Tp = std::pair<int, rocksdb::FileMetaData>; std::allocator_traits<std::allocator<_Tp1> >::allocator_type = std::allocator<std::pair<int, rocksdb::FileMetaData> >]’
/usr/include/c++/11/bits/vector.tcc:115:30:   required from ‘void std::vector<_Tp, _Alloc>::emplace_back(_Args&& ...) [with _Args = {int&, const rocksdb::FileMetaData&}; _Tp = std::pair<int, rocksdb::FileMetaData>; _Alloc = std::allocator<std::pair<int, rocksdb::FileMetaData> >]’
./db/version_edit.h:258:28:   required from here
./db/version_edit.h:86:8: warning: implicitly-declared ‘constexpr rocksdb::FileDescriptor::FileDescriptor(const rocksdb::FileDescriptor&)’ is deprecated [-Wdeprecated-copy]
   86 | struct FileMetaData {
      |        ^~~~~~~~~~~~
./db/version_edit.h:55:19: note: because ‘rocksdb::FileDescriptor’ has user-provided ‘rocksdb::FileDescriptor& rocksdb::FileDescriptor::operator=(const rocksdb::FileDescriptor&)’
   55 |   FileDescriptor& operator=(const FileDescriptor& fd) {
      |                   ^~~~~~~~
In file included from /usr/include/c++/11/bits/stl_algobase.h:64,
                 from /usr/include/c++/11/deque:60,
                 from ./db/wal_manager.h:12,
                 from db/wal_manager.cc:10:
/usr/include/c++/11/bits/stl_pair.h:323:41: note: synthesized method ‘rocksdb::FileMetaData::FileMetaData(const rocksdb::FileMetaData&)’ first required here
  323 |        : first(std::forward<_U1>(__x)), second(__y) { }
      |                                         ^~~~~~~~~~~
In file included from ./db/memtable.h:21,
                 from ./db/memtable_list.h:17,
                 from ./db/column_family.h:17,
                 from db/write_thread.cc:9:
./db/version_edit.h: In constructor ‘rocksdb::FdWithKeyRange::FdWithKeyRange(rocksdb::FileDescriptor, rocksdb::Slice, rocksdb::Slice, rocksdb::FileMetaData*)’:
./db/version_edit.h:175:9: warning: implicitly-declared ‘constexpr rocksdb::FileDescriptor::FileDescriptor(const rocksdb::FileDescriptor&)’ is deprecated [-Wdeprecated-copy]
  175 |       : fd(_fd),
      |         ^~~~~~~
./db/version_edit.h:55:19: note: because ‘rocksdb::FileDescriptor’ has user-provided ‘rocksdb::FileDescriptor& rocksdb::FileDescriptor::operator=(const rocksdb::FileDescriptor&)’
   55 |   FileDescriptor& operator=(const FileDescriptor& fd) {
      |                   ^~~~~~~~
  CC       env/env_chroot.o
./db/version_edit.h: In instantiation of ‘constexpr std::pair<_T1, _T2>::pair(_U1&&, _U2&&) [with _U1 = int&; _U2 = rocksdb::FileMetaData; typename std::enable_if<(std::_PCC<true, _T1, _T2>::_MoveConstructiblePair<_U1, _U2>() && std::_PCC<true, _T1, _T2>::_ImplicitlyMoveConvertiblePair<_U1, _U2>()), bool>::type <anonymous> = true; _T1 = int; _T2 = rocksdb::FileMetaData]’:
/usr/include/c++/11/ext/new_allocator.h:162:4:   required from ‘void __gnu_cxx::new_allocator<_Tp>::construct(_Up*, _Args&& ...) [with _Up = std::pair<int, rocksdb::FileMetaData>; _Args = {int&, rocksdb::FileMetaData}; _Tp = std::pair<int, rocksdb::FileMetaData>]’
/usr/include/c++/11/bits/alloc_traits.h:516:17:   required from ‘static void std::allocator_traits<std::allocator<_Tp1> >::construct(std::allocator_traits<std::allocator<_Tp1> >::allocator_type&, _Up*, _Args&& ...) [with _Up = std::pair<int, rocksdb::FileMetaData>; _Args = {int&, rocksdb::FileMetaData}; _Tp = std::pair<int, rocksdb::FileMetaData>; std::allocator_traits<std::allocator<_Tp1> >::allocator_type = std::allocator<std::pair<int, rocksdb::FileMetaData> >]’
/usr/include/c++/11/bits/vector.tcc:115:30:   required from ‘void std::vector<_Tp, _Alloc>::emplace_back(_Args&& ...) [with _Args = {int&, rocksdb::FileMetaData}; _Tp = std::pair<int, rocksdb::FileMetaData>; _Alloc = std::allocator<std::pair<int, rocksdb::FileMetaData> >]’
./db/version_edit.h:253:28:   required from here
./db/version_edit.h:86:8: warning: implicitly-declared ‘constexpr rocksdb::FileDescriptor::FileDescriptor(const rocksdb::FileDescriptor&)’ is deprecated [-Wdeprecated-copy]
   86 | struct FileMetaData {
      |        ^~~~~~~~~~~~
./db/version_edit.h:55:19: note: because ‘rocksdb::FileDescriptor’ has user-provided ‘rocksdb::FileDescriptor& rocksdb::FileDescriptor::operator=(const rocksdb::FileDescriptor&)’
   55 |   FileDescriptor& operator=(const FileDescriptor& fd) {
      |                   ^~~~~~~~
In file included from /usr/include/c++/11/bits/stl_algobase.h:64,
                 from /usr/include/c++/11/deque:60,
                 from ./db/version_set.h:22,
                 from db/version_set.cc:10:
/usr/include/c++/11/bits/stl_pair.h:353:42: note: synthesized method ‘rocksdb::FileMetaData::FileMetaData(rocksdb::FileMetaData&&)’ first required here
  353 |         : first(std::forward<_U1>(__x)), second(std::forward<_U2>(__y)) { }
      |                                          ^~~~~~~~~~~~~~~~~~~~~~~~~~~~~~
In file included from ./db/memtable.h:21,
                 from ./db/memtable_list.h:17,
                 from ./db/column_family.h:17,
                 from ./db/version_set.h:31,
                 from db/version_set.cc:10:
./db/version_edit.h: In instantiation of ‘constexpr std::pair<_T1, _T2>::pair(_U1&&, const _T2&) [with _U1 = int&; typename std::enable_if<std::_PCC<true, _T1, _T2>::_MoveCopyPair<true, _U1, _T2>(), bool>::type <anonymous> = true; _T1 = int; _T2 = rocksdb::FileMetaData]’:
/usr/include/c++/11/ext/new_allocator.h:162:4:   required from ‘void __gnu_cxx::new_allocator<_Tp>::construct(_Up*, _Args&& ...) [with _Up = std::pair<int, rocksdb::FileMetaData>; _Args = {int&, const rocksdb::FileMetaData&}; _Tp = std::pair<int, rocksdb::FileMetaData>]’
/usr/include/c++/11/bits/alloc_traits.h:516:17:   required from ‘static void std::allocator_traits<std::allocator<_Tp1> >::construct(std::allocator_traits<std::allocator<_Tp1> >::allocator_type&, _Up*, _Args&& ...) [with _Up = std::pair<int, rocksdb::FileMetaData>; _Args = {int&, const rocksdb::FileMetaData&}; _Tp = std::pair<int, rocksdb::FileMetaData>; std::allocator_traits<std::allocator<_Tp1> >::allocator_type = std::allocator<std::pair<int, rocksdb::FileMetaData> >]’
/usr/include/c++/11/bits/vector.tcc:115:30:   required from ‘void std::vector<_Tp, _Alloc>::emplace_back(_Args&& ...) [with _Args = {int&, const rocksdb::FileMetaData&}; _Tp = std::pair<int, rocksdb::FileMetaData>; _Alloc = std::allocator<std::pair<int, rocksdb::FileMetaData> >]’
./db/version_edit.h:258:28:   required from here
./db/version_edit.h:86:8: warning: implicitly-declared ‘constexpr rocksdb::FileDescriptor::FileDescriptor(const rocksdb::FileDescriptor&)’ is deprecated [-Wdeprecated-copy]
   86 | struct FileMetaData {
      |        ^~~~~~~~~~~~
./db/version_edit.h:55:19: note: because ‘rocksdb::FileDescriptor’ has user-provided ‘rocksdb::FileDescriptor& rocksdb::FileDescriptor::operator=(const rocksdb::FileDescriptor&)’
   55 |   FileDescriptor& operator=(const FileDescriptor& fd) {
      |                   ^~~~~~~~
In file included from /usr/include/c++/11/bits/stl_algobase.h:64,
                 from /usr/include/c++/11/deque:60,
                 from ./db/version_set.h:22,
                 from db/version_set.cc:10:
/usr/include/c++/11/bits/stl_pair.h:323:41: note: synthesized method ‘rocksdb::FileMetaData::FileMetaData(const rocksdb::FileMetaData&)’ first required here
  323 |        : first(std::forward<_U1>(__x)), second(__y) { }
      |                                         ^~~~~~~~~~~
  CC       env/env_encryption.o
./db/version_edit.h: In instantiation of ‘constexpr std::pair<_T1, _T2>::pair(_U1&&, _U2&&) [with _U1 = int&; _U2 = rocksdb::FileMetaData; typename std::enable_if<(std::_PCC<true, _T1, _T2>::_MoveConstructiblePair<_U1, _U2>() && std::_PCC<true, _T1, _T2>::_ImplicitlyMoveConvertiblePair<_U1, _U2>()), bool>::type <anonymous> = true; _T1 = int; _T2 = rocksdb::FileMetaData]’:
/usr/include/c++/11/ext/new_allocator.h:162:4:   required from ‘void __gnu_cxx::new_allocator<_Tp>::construct(_Up*, _Args&& ...) [with _Up = std::pair<int, rocksdb::FileMetaData>; _Args = {int&, rocksdb::FileMetaData}; _Tp = std::pair<int, rocksdb::FileMetaData>]’
/usr/include/c++/11/bits/alloc_traits.h:516:17:   required from ‘static void std::allocator_traits<std::allocator<_Tp1> >::construct(std::allocator_traits<std::allocator<_Tp1> >::allocator_type&, _Up*, _Args&& ...) [with _Up = std::pair<int, rocksdb::FileMetaData>; _Args = {int&, rocksdb::FileMetaData}; _Tp = std::pair<int, rocksdb::FileMetaData>; std::allocator_traits<std::allocator<_Tp1> >::allocator_type = std::allocator<std::pair<int, rocksdb::FileMetaData> >]’
/usr/include/c++/11/bits/vector.tcc:115:30:   required from ‘void std::vector<_Tp, _Alloc>::emplace_back(_Args&& ...) [with _Args = {int&, rocksdb::FileMetaData}; _Tp = std::pair<int, rocksdb::FileMetaData>; _Alloc = std::allocator<std::pair<int, rocksdb::FileMetaData> >]’
./db/version_edit.h:253:28:   required from here
./db/version_edit.h:86:8: warning: implicitly-declared ‘constexpr rocksdb::FileDescriptor::FileDescriptor(const rocksdb::FileDescriptor&)’ is deprecated [-Wdeprecated-copy]
   86 | struct FileMetaData {
      |        ^~~~~~~~~~~~
./db/version_edit.h:55:19: note: because ‘rocksdb::FileDescriptor’ has user-provided ‘rocksdb::FileDescriptor& rocksdb::FileDescriptor::operator=(const rocksdb::FileDescriptor&)’
   55 |   FileDescriptor& operator=(const FileDescriptor& fd) {
      |                   ^~~~~~~~
In file included from /usr/include/c++/11/bits/stl_algobase.h:64,
                 from /usr/include/c++/11/memory:63,
                 from ./include/rocksdb/write_batch.h:29,
                 from db/write_batch.cc:36:
/usr/include/c++/11/bits/stl_pair.h:353:42: note: synthesized method ‘rocksdb::FileMetaData::FileMetaData(rocksdb::FileMetaData&&)’ first required here
  353 |         : first(std::forward<_U1>(__x)), second(std::forward<_U2>(__y)) { }
      |                                          ^~~~~~~~~~~~~~~~~~~~~~~~~~~~~~
In file included from ./db/memtable.h:21,
                 from ./db/memtable_list.h:17,
                 from ./db/column_family.h:17,
                 from db/write_batch.cc:44:
./db/version_edit.h: In instantiation of ‘constexpr std::pair<_T1, _T2>::pair(_U1&&, const _T2&) [with _U1 = int&; typename std::enable_if<std::_PCC<true, _T1, _T2>::_MoveCopyPair<true, _U1, _T2>(), bool>::type <anonymous> = true; _T1 = int; _T2 = rocksdb::FileMetaData]’:
/usr/include/c++/11/ext/new_allocator.h:162:4:   required from ‘void __gnu_cxx::new_allocator<_Tp>::construct(_Up*, _Args&& ...) [with _Up = std::pair<int, rocksdb::FileMetaData>; _Args = {int&, const rocksdb::FileMetaData&}; _Tp = std::pair<int, rocksdb::FileMetaData>]’
/usr/include/c++/11/bits/alloc_traits.h:516:17:   required from ‘static void std::allocator_traits<std::allocator<_Tp1> >::construct(std::allocator_traits<std::allocator<_Tp1> >::allocator_type&, _Up*, _Args&& ...) [with _Up = std::pair<int, rocksdb::FileMetaData>; _Args = {int&, const rocksdb::FileMetaData&}; _Tp = std::pair<int, rocksdb::FileMetaData>; std::allocator_traits<std::allocator<_Tp1> >::allocator_type = std::allocator<std::pair<int, rocksdb::FileMetaData> >]’
/usr/include/c++/11/bits/vector.tcc:115:30:   required from ‘void std::vector<_Tp, _Alloc>::emplace_back(_Args&& ...) [with _Args = {int&, const rocksdb::FileMetaData&}; _Tp = std::pair<int, rocksdb::FileMetaData>; _Alloc = std::allocator<std::pair<int, rocksdb::FileMetaData> >]’
./db/version_edit.h:258:28:   required from here
./db/version_edit.h:86:8: warning: implicitly-declared ‘constexpr rocksdb::FileDescriptor::FileDescriptor(const rocksdb::FileDescriptor&)’ is deprecated [-Wdeprecated-copy]
   86 | struct FileMetaData {
      |        ^~~~~~~~~~~~
./db/version_edit.h:55:19: note: because ‘rocksdb::FileDescriptor’ has user-provided ‘rocksdb::FileDescriptor& rocksdb::FileDescriptor::operator=(const rocksdb::FileDescriptor&)’
   55 |   FileDescriptor& operator=(const FileDescriptor& fd) {
      |                   ^~~~~~~~
In file included from /usr/include/c++/11/bits/stl_algobase.h:64,
                 from /usr/include/c++/11/memory:63,
                 from ./include/rocksdb/write_batch.h:29,
                 from db/write_batch.cc:36:
/usr/include/c++/11/bits/stl_pair.h:323:41: note: synthesized method ‘rocksdb::FileMetaData::FileMetaData(const rocksdb::FileMetaData&)’ first required here
  323 |        : first(std::forward<_U1>(__x)), second(__y) { }
      |                                         ^~~~~~~~~~~
  CC       env/env_hdfs.o
./db/version_edit.h: In instantiation of ‘constexpr std::pair<_T1, _T2>::pair(_U1&&, _U2&&) [with _U1 = int&; _U2 = rocksdb::FileMetaData; typename std::enable_if<(std::_PCC<true, _T1, _T2>::_MoveConstructiblePair<_U1, _U2>() && std::_PCC<true, _T1, _T2>::_ImplicitlyMoveConvertiblePair<_U1, _U2>()), bool>::type <anonymous> = true; _T1 = int; _T2 = rocksdb::FileMetaData]’:
/usr/include/c++/11/ext/new_allocator.h:162:4:   required from ‘void __gnu_cxx::new_allocator<_Tp>::construct(_Up*, _Args&& ...) [with _Up = std::pair<int, rocksdb::FileMetaData>; _Args = {int&, rocksdb::FileMetaData}; _Tp = std::pair<int, rocksdb::FileMetaData>]’
/usr/include/c++/11/bits/alloc_traits.h:516:17:   required from ‘static void std::allocator_traits<std::allocator<_CharT> >::construct(std::allocator_traits<std::allocator<_CharT> >::allocator_type&, _Up*, _Args&& ...) [with _Up = std::pair<int, rocksdb::FileMetaData>; _Args = {int&, rocksdb::FileMetaData}; _Tp = std::pair<int, rocksdb::FileMetaData>; std::allocator_traits<std::allocator<_CharT> >::allocator_type = std::allocator<std::pair<int, rocksdb::FileMetaData> >]’
/usr/include/c++/11/bits/vector.tcc:115:30:   required from ‘void std::vector<_Tp, _Alloc>::emplace_back(_Args&& ...) [with _Args = {int&, rocksdb::FileMetaData}; _Tp = std::pair<int, rocksdb::FileMetaData>; _Alloc = std::allocator<std::pair<int, rocksdb::FileMetaData> >]’
./db/version_edit.h:253:28:   required from here
./db/version_edit.h:86:8: warning: implicitly-declared ‘constexpr rocksdb::FileDescriptor::FileDescriptor(const rocksdb::FileDescriptor&)’ is deprecated [-Wdeprecated-copy]
   86 | struct FileMetaData {
      |        ^~~~~~~~~~~~
./db/version_edit.h:55:19: note: because ‘rocksdb::FileDescriptor’ has user-provided ‘rocksdb::FileDescriptor& rocksdb::FileDescriptor::operator=(const rocksdb::FileDescriptor&)’
   55 |   FileDescriptor& operator=(const FileDescriptor& fd) {
      |                   ^~~~~~~~
In file included from /usr/include/c++/11/bits/stl_algobase.h:64,
                 from /usr/include/c++/11/bits/char_traits.h:39,
                 from /usr/include/c++/11/string:40,
                 from /usr/include/c++/11/stdexcept:39,
                 from /usr/include/c++/11/system_error:41,
                 from /usr/include/c++/11/bits/std_mutex.h:39,
                 from /usr/include/c++/11/condition_variable:40,
                 from ./db/write_thread.h:12,
                 from db/write_thread.cc:6:
/usr/include/c++/11/bits/stl_pair.h:353:42: note: synthesized method ‘rocksdb::FileMetaData::FileMetaData(rocksdb::FileMetaData&&)’ first required here
  353 |         : first(std::forward<_U1>(__x)), second(std::forward<_U2>(__y)) { }
      |                                          ^~~~~~~~~~~~~~~~~~~~~~~~~~~~~~
In file included from ./db/memtable.h:21,
                 from ./db/memtable_list.h:17,
                 from ./db/column_family.h:17,
                 from db/write_thread.cc:9:
./db/version_edit.h: In instantiation of ‘constexpr std::pair<_T1, _T2>::pair(_U1&&, const _T2&) [with _U1 = int&; typename std::enable_if<std::_PCC<true, _T1, _T2>::_MoveCopyPair<true, _U1, _T2>(), bool>::type <anonymous> = true; _T1 = int; _T2 = rocksdb::FileMetaData]’:
/usr/include/c++/11/ext/new_allocator.h:162:4:   required from ‘void __gnu_cxx::new_allocator<_Tp>::construct(_Up*, _Args&& ...) [with _Up = std::pair<int, rocksdb::FileMetaData>; _Args = {int&, const rocksdb::FileMetaData&}; _Tp = std::pair<int, rocksdb::FileMetaData>]’
/usr/include/c++/11/bits/alloc_traits.h:516:17:   required from ‘static void std::allocator_traits<std::allocator<_CharT> >::construct(std::allocator_traits<std::allocator<_CharT> >::allocator_type&, _Up*, _Args&& ...) [with _Up = std::pair<int, rocksdb::FileMetaData>; _Args = {int&, const rocksdb::FileMetaData&}; _Tp = std::pair<int, rocksdb::FileMetaData>; std::allocator_traits<std::allocator<_CharT> >::allocator_type = std::allocator<std::pair<int, rocksdb::FileMetaData> >]’
/usr/include/c++/11/bits/vector.tcc:115:30:   required from ‘void std::vector<_Tp, _Alloc>::emplace_back(_Args&& ...) [with _Args = {int&, const rocksdb::FileMetaData&}; _Tp = std::pair<int, rocksdb::FileMetaData>; _Alloc = std::allocator<std::pair<int, rocksdb::FileMetaData> >]’
./db/version_edit.h:258:28:   required from here
./db/version_edit.h:86:8: warning: implicitly-declared ‘constexpr rocksdb::FileDescriptor::FileDescriptor(const rocksdb::FileDescriptor&)’ is deprecated [-Wdeprecated-copy]
   86 | struct FileMetaData {
      |        ^~~~~~~~~~~~
./db/version_edit.h:55:19: note: because ‘rocksdb::FileDescriptor’ has user-provided ‘rocksdb::FileDescriptor& rocksdb::FileDescriptor::operator=(const rocksdb::FileDescriptor&)’
   55 |   FileDescriptor& operator=(const FileDescriptor& fd) {
      |                   ^~~~~~~~
In file included from /usr/include/c++/11/bits/stl_algobase.h:64,
                 from /usr/include/c++/11/bits/char_traits.h:39,
                 from /usr/include/c++/11/string:40,
                 from /usr/include/c++/11/stdexcept:39,
                 from /usr/include/c++/11/system_error:41,
                 from /usr/include/c++/11/bits/std_mutex.h:39,
                 from /usr/include/c++/11/condition_variable:40,
                 from ./db/write_thread.h:12,
                 from db/write_thread.cc:6:
/usr/include/c++/11/bits/stl_pair.h:323:41: note: synthesized method ‘rocksdb::FileMetaData::FileMetaData(const rocksdb::FileMetaData&)’ first required here
  323 |        : first(std::forward<_U1>(__x)), second(__y) { }
      |                                         ^~~~~~~~~~~
  CC       env/env_posix.o
  CC       env/io_posix.o
  CC       env/mock_env.o
  CC       file/delete_scheduler.o
  CC       file/file_util.o
  CC       file/filename.o
In file included from ./db/memtable.h:21,
                 from ./db/memtable_list.h:17,
                 from ./db/column_family.h:17,
                 from ./db/version_set.h:31,
                 from ./db/compaction/compaction.h:11,
                 from ./file/sst_file_manager_impl.h:14,
                 from file/delete_scheduler.cc:13:
./db/version_edit.h: In constructor ‘rocksdb::FdWithKeyRange::FdWithKeyRange(rocksdb::FileDescriptor, rocksdb::Slice, rocksdb::Slice, rocksdb::FileMetaData*)’:
./db/version_edit.h:175:9: warning: implicitly-declared ‘constexpr rocksdb::FileDescriptor::FileDescriptor(const rocksdb::FileDescriptor&)’ is deprecated [-Wdeprecated-copy]
  175 |       : fd(_fd),
      |         ^~~~~~~
./db/version_edit.h:55:19: note: because ‘rocksdb::FileDescriptor’ has user-provided ‘rocksdb::FileDescriptor& rocksdb::FileDescriptor::operator=(const rocksdb::FileDescriptor&)’
   55 |   FileDescriptor& operator=(const FileDescriptor& fd) {
      |                   ^~~~~~~~
In file included from ./db/memtable.h:21,
                 from ./db/memtable_list.h:17,
                 from ./db/column_family.h:17,
                 from ./db/version_set.h:31,
                 from ./db/compaction/compaction.h:11,
                 from ./file/sst_file_manager_impl.h:14,
                 from file/file_util.cc:11:
./db/version_edit.h: In constructor ‘rocksdb::FdWithKeyRange::FdWithKeyRange(rocksdb::FileDescriptor, rocksdb::Slice, rocksdb::Slice, rocksdb::FileMetaData*)’:
./db/version_edit.h:175:9: warning: implicitly-declared ‘constexpr rocksdb::FileDescriptor::FileDescriptor(const rocksdb::FileDescriptor&)’ is deprecated [-Wdeprecated-copy]
  175 |       : fd(_fd),
      |         ^~~~~~~
./db/version_edit.h:55:19: note: because ‘rocksdb::FileDescriptor’ has user-provided ‘rocksdb::FileDescriptor& rocksdb::FileDescriptor::operator=(const rocksdb::FileDescriptor&)’
   55 |   FileDescriptor& operator=(const FileDescriptor& fd) {
      |                   ^~~~~~~~
  CC       file/sst_file_manager_impl.o
  CC       logging/auto_roll_logger.o
  CC       logging/event_logger.o
  CC       logging/log_buffer.o
./db/version_edit.h: In instantiation of ‘constexpr std::pair<_T1, _T2>::pair(_U1&&, _U2&&) [with _U1 = int&; _U2 = rocksdb::FileMetaData; typename std::enable_if<(std::_PCC<true, _T1, _T2>::_MoveConstructiblePair<_U1, _U2>() && std::_PCC<true, _T1, _T2>::_ImplicitlyMoveConvertiblePair<_U1, _U2>()), bool>::type <anonymous> = true; _T1 = int; _T2 = rocksdb::FileMetaData]’:
/usr/include/c++/11/ext/new_allocator.h:162:4:   required from ‘void __gnu_cxx::new_allocator<_Tp>::construct(_Up*, _Args&& ...) [with _Up = std::pair<int, rocksdb::FileMetaData>; _Args = {int&, rocksdb::FileMetaData}; _Tp = std::pair<int, rocksdb::FileMetaData>]’
/usr/include/c++/11/bits/alloc_traits.h:516:17:   required from ‘static void std::allocator_traits<std::allocator<_Tp1> >::construct(std::allocator_traits<std::allocator<_Tp1> >::allocator_type&, _Up*, _Args&& ...) [with _Up = std::pair<int, rocksdb::FileMetaData>; _Args = {int&, rocksdb::FileMetaData}; _Tp = std::pair<int, rocksdb::FileMetaData>; std::allocator_traits<std::allocator<_Tp1> >::allocator_type = std::allocator<std::pair<int, rocksdb::FileMetaData> >]’
/usr/include/c++/11/bits/vector.tcc:115:30:   required from ‘void std::vector<_Tp, _Alloc>::emplace_back(_Args&& ...) [with _Args = {int&, rocksdb::FileMetaData}; _Tp = std::pair<int, rocksdb::FileMetaData>; _Alloc = std::allocator<std::pair<int, rocksdb::FileMetaData> >]’
./db/version_edit.h:253:28:   required from here
./db/version_edit.h:86:8: warning: implicitly-declared ‘constexpr rocksdb::FileDescriptor::FileDescriptor(const rocksdb::FileDescriptor&)’ is deprecated [-Wdeprecated-copy]
   86 | struct FileMetaData {
      |        ^~~~~~~~~~~~
./db/version_edit.h:55:19: note: because ‘rocksdb::FileDescriptor’ has user-provided ‘rocksdb::FileDescriptor& rocksdb::FileDescriptor::operator=(const rocksdb::FileDescriptor&)’
   55 |   FileDescriptor& operator=(const FileDescriptor& fd) {
      |                   ^~~~~~~~
In file included from /usr/include/c++/11/bits/stl_algobase.h:64,
                 from /usr/include/c++/11/bits/stl_tree.h:63,
                 from /usr/include/c++/11/map:60,
                 from ./file/delete_scheduler.h:10,
                 from file/delete_scheduler.cc:8:
/usr/include/c++/11/bits/stl_pair.h:353:42: note: synthesized method ‘rocksdb::FileMetaData::FileMetaData(rocksdb::FileMetaData&&)’ first required here
  353 |         : first(std::forward<_U1>(__x)), second(std::forward<_U2>(__y)) { }
      |                                          ^~~~~~~~~~~~~~~~~~~~~~~~~~~~~~
In file included from ./db/memtable.h:21,
                 from ./db/memtable_list.h:17,
                 from ./db/column_family.h:17,
                 from ./db/version_set.h:31,
                 from ./db/compaction/compaction.h:11,
                 from ./file/sst_file_manager_impl.h:14,
                 from file/delete_scheduler.cc:13:
./db/version_edit.h: In instantiation of ‘constexpr std::pair<_T1, _T2>::pair(_U1&&, const _T2&) [with _U1 = int&; typename std::enable_if<std::_PCC<true, _T1, _T2>::_MoveCopyPair<true, _U1, _T2>(), bool>::type <anonymous> = true; _T1 = int; _T2 = rocksdb::FileMetaData]’:
/usr/include/c++/11/ext/new_allocator.h:162:4:   required from ‘void __gnu_cxx::new_allocator<_Tp>::construct(_Up*, _Args&& ...) [with _Up = std::pair<int, rocksdb::FileMetaData>; _Args = {int&, const rocksdb::FileMetaData&}; _Tp = std::pair<int, rocksdb::FileMetaData>]’
/usr/include/c++/11/bits/alloc_traits.h:516:17:   required from ‘static void std::allocator_traits<std::allocator<_Tp1> >::construct(std::allocator_traits<std::allocator<_Tp1> >::allocator_type&, _Up*, _Args&& ...) [with _Up = std::pair<int, rocksdb::FileMetaData>; _Args = {int&, const rocksdb::FileMetaData&}; _Tp = std::pair<int, rocksdb::FileMetaData>; std::allocator_traits<std::allocator<_Tp1> >::allocator_type = std::allocator<std::pair<int, rocksdb::FileMetaData> >]’
/usr/include/c++/11/bits/vector.tcc:115:30:   required from ‘void std::vector<_Tp, _Alloc>::emplace_back(_Args&& ...) [with _Args = {int&, const rocksdb::FileMetaData&}; _Tp = std::pair<int, rocksdb::FileMetaData>; _Alloc = std::allocator<std::pair<int, rocksdb::FileMetaData> >]’
./db/version_edit.h:258:28:   required from here
./db/version_edit.h:86:8: warning: implicitly-declared ‘constexpr rocksdb::FileDescriptor::FileDescriptor(const rocksdb::FileDescriptor&)’ is deprecated [-Wdeprecated-copy]
   86 | struct FileMetaData {
      |        ^~~~~~~~~~~~
./db/version_edit.h:55:19: note: because ‘rocksdb::FileDescriptor’ has user-provided ‘rocksdb::FileDescriptor& rocksdb::FileDescriptor::operator=(const rocksdb::FileDescriptor&)’
   55 |   FileDescriptor& operator=(const FileDescriptor& fd) {
      |                   ^~~~~~~~
In file included from /usr/include/c++/11/bits/stl_algobase.h:64,
                 from /usr/include/c++/11/bits/stl_tree.h:63,
                 from /usr/include/c++/11/map:60,
                 from ./file/delete_scheduler.h:10,
                 from file/delete_scheduler.cc:8:
/usr/include/c++/11/bits/stl_pair.h:323:41: note: synthesized method ‘rocksdb::FileMetaData::FileMetaData(const rocksdb::FileMetaData&)’ first required here
  323 |        : first(std::forward<_U1>(__x)), second(__y) { }
      |                                         ^~~~~~~~~~~
  CC       memory/arena.o
./db/version_edit.h: In instantiation of ‘constexpr std::pair<_T1, _T2>::pair(_U1&&, _U2&&) [with _U1 = int&; _U2 = rocksdb::FileMetaData; typename std::enable_if<(std::_PCC<true, _T1, _T2>::_MoveConstructiblePair<_U1, _U2>() && std::_PCC<true, _T1, _T2>::_ImplicitlyMoveConvertiblePair<_U1, _U2>()), bool>::type <anonymous> = true; _T1 = int; _T2 = rocksdb::FileMetaData]’:
/usr/include/c++/11/ext/new_allocator.h:162:4:   required from ‘void __gnu_cxx::new_allocator<_Tp>::construct(_Up*, _Args&& ...) [with _Up = std::pair<int, rocksdb::FileMetaData>; _Args = {int&, rocksdb::FileMetaData}; _Tp = std::pair<int, rocksdb::FileMetaData>]’
/usr/include/c++/11/bits/alloc_traits.h:516:17:   required from ‘static void std::allocator_traits<std::allocator<_CharT> >::construct(std::allocator_traits<std::allocator<_CharT> >::allocator_type&, _Up*, _Args&& ...) [with _Up = std::pair<int, rocksdb::FileMetaData>; _Args = {int&, rocksdb::FileMetaData}; _Tp = std::pair<int, rocksdb::FileMetaData>; std::allocator_traits<std::allocator<_CharT> >::allocator_type = std::allocator<std::pair<int, rocksdb::FileMetaData> >]’
/usr/include/c++/11/bits/vector.tcc:115:30:   required from ‘void std::vector<_Tp, _Alloc>::emplace_back(_Args&& ...) [with _Args = {int&, rocksdb::FileMetaData}; _Tp = std::pair<int, rocksdb::FileMetaData>; _Alloc = std::allocator<std::pair<int, rocksdb::FileMetaData> >]’
./db/version_edit.h:253:28:   required from here
./db/version_edit.h:86:8: warning: implicitly-declared ‘constexpr rocksdb::FileDescriptor::FileDescriptor(const rocksdb::FileDescriptor&)’ is deprecated [-Wdeprecated-copy]
   86 | struct FileMetaData {
      |        ^~~~~~~~~~~~
./db/version_edit.h:55:19: note: because ‘rocksdb::FileDescriptor’ has user-provided ‘rocksdb::FileDescriptor& rocksdb::FileDescriptor::operator=(const rocksdb::FileDescriptor&)’
   55 |   FileDescriptor& operator=(const FileDescriptor& fd) {
      |                   ^~~~~~~~
In file included from /usr/include/c++/11/bits/stl_algobase.h:64,
                 from /usr/include/c++/11/bits/char_traits.h:39,
                 from /usr/include/c++/11/string:40,
                 from ./file/file_util.h:7,
                 from file/file_util.cc:6:
/usr/include/c++/11/bits/stl_pair.h:353:42: note: synthesized method ‘rocksdb::FileMetaData::FileMetaData(rocksdb::FileMetaData&&)’ first required here
  353 |         : first(std::forward<_U1>(__x)), second(std::forward<_U2>(__y)) { }
      |                                          ^~~~~~~~~~~~~~~~~~~~~~~~~~~~~~
In file included from ./db/memtable.h:21,
                 from ./db/memtable_list.h:17,
                 from ./db/column_family.h:17,
                 from ./db/version_set.h:31,
                 from ./db/compaction/compaction.h:11,
                 from ./file/sst_file_manager_impl.h:14,
                 from file/file_util.cc:11:
./db/version_edit.h: In instantiation of ‘constexpr std::pair<_T1, _T2>::pair(_U1&&, const _T2&) [with _U1 = int&; typename std::enable_if<std::_PCC<true, _T1, _T2>::_MoveCopyPair<true, _U1, _T2>(), bool>::type <anonymous> = true; _T1 = int; _T2 = rocksdb::FileMetaData]’:
/usr/include/c++/11/ext/new_allocator.h:162:4:   required from ‘void __gnu_cxx::new_allocator<_Tp>::construct(_Up*, _Args&& ...) [with _Up = std::pair<int, rocksdb::FileMetaData>; _Args = {int&, const rocksdb::FileMetaData&}; _Tp = std::pair<int, rocksdb::FileMetaData>]’
/usr/include/c++/11/bits/alloc_traits.h:516:17:   required from ‘static void std::allocator_traits<std::allocator<_CharT> >::construct(std::allocator_traits<std::allocator<_CharT> >::allocator_type&, _Up*, _Args&& ...) [with _Up = std::pair<int, rocksdb::FileMetaData>; _Args = {int&, const rocksdb::FileMetaData&}; _Tp = std::pair<int, rocksdb::FileMetaData>; std::allocator_traits<std::allocator<_CharT> >::allocator_type = std::allocator<std::pair<int, rocksdb::FileMetaData> >]’
/usr/include/c++/11/bits/vector.tcc:115:30:   required from ‘void std::vector<_Tp, _Alloc>::emplace_back(_Args&& ...) [with _Args = {int&, const rocksdb::FileMetaData&}; _Tp = std::pair<int, rocksdb::FileMetaData>; _Alloc = std::allocator<std::pair<int, rocksdb::FileMetaData> >]’
./db/version_edit.h:258:28:   required from here
./db/version_edit.h:86:8: warning: implicitly-declared ‘constexpr rocksdb::FileDescriptor::FileDescriptor(const rocksdb::FileDescriptor&)’ is deprecated [-Wdeprecated-copy]
   86 | struct FileMetaData {
      |        ^~~~~~~~~~~~
./db/version_edit.h:55:19: note: because ‘rocksdb::FileDescriptor’ has user-provided ‘rocksdb::FileDescriptor& rocksdb::FileDescriptor::operator=(const rocksdb::FileDescriptor&)’
   55 |   FileDescriptor& operator=(const FileDescriptor& fd) {
      |                   ^~~~~~~~
In file included from /usr/include/c++/11/bits/stl_algobase.h:64,
                 from /usr/include/c++/11/bits/char_traits.h:39,
                 from /usr/include/c++/11/string:40,
                 from ./file/file_util.h:7,
                 from file/file_util.cc:6:
/usr/include/c++/11/bits/stl_pair.h:323:41: note: synthesized method ‘rocksdb::FileMetaData::FileMetaData(const rocksdb::FileMetaData&)’ first required here
  323 |        : first(std::forward<_U1>(__x)), second(__y) { }
      |                                         ^~~~~~~~~~~
  CC       memory/concurrent_arena.o
In file included from ./db/memtable.h:21,
                 from ./db/memtable_list.h:17,
                 from ./db/column_family.h:17,
                 from ./db/version_set.h:31,
                 from ./db/compaction/compaction.h:11,
                 from ./file/sst_file_manager_impl.h:14,
                 from file/sst_file_manager_impl.cc:6:
./db/version_edit.h: In constructor ‘rocksdb::FdWithKeyRange::FdWithKeyRange(rocksdb::FileDescriptor, rocksdb::Slice, rocksdb::Slice, rocksdb::FileMetaData*)’:
./db/version_edit.h:175:9: warning: implicitly-declared ‘constexpr rocksdb::FileDescriptor::FileDescriptor(const rocksdb::FileDescriptor&)’ is deprecated [-Wdeprecated-copy]
  175 |       : fd(_fd),
      |         ^~~~~~~
./db/version_edit.h:55:19: note: because ‘rocksdb::FileDescriptor’ has user-provided ‘rocksdb::FileDescriptor& rocksdb::FileDescriptor::operator=(const rocksdb::FileDescriptor&)’
   55 |   FileDescriptor& operator=(const FileDescriptor& fd) {
      |                   ^~~~~~~~
  CC       memory/jemalloc_nodump_allocator.o
  CC       memtable/alloc_tracker.o
  CC       memtable/hash_linklist_rep.o
  CC       memtable/hash_skiplist_rep.o
  CC       memtable/skiplistrep.o
  CC       memtable/vectorrep.o
  CC       memtable/write_buffer_manager.o
  CC       monitoring/histogram.o
  CC       monitoring/histogram_windowing.o
In file included from ./db/memtable.h:21,
                 from memtable/hash_linklist_rep.cc:12:
./db/version_edit.h: In constructor ‘rocksdb::FdWithKeyRange::FdWithKeyRange(rocksdb::FileDescriptor, rocksdb::Slice, rocksdb::Slice, rocksdb::FileMetaData*)’:
./db/version_edit.h:175:9: warning: implicitly-declared ‘constexpr rocksdb::FileDescriptor::FileDescriptor(const rocksdb::FileDescriptor&)’ is deprecated [-Wdeprecated-copy]
  175 |       : fd(_fd),
      |         ^~~~~~~
./db/version_edit.h:55:19: note: because ‘rocksdb::FileDescriptor’ has user-provided ‘rocksdb::FileDescriptor& rocksdb::FileDescriptor::operator=(const rocksdb::FileDescriptor&)’
   55 |   FileDescriptor& operator=(const FileDescriptor& fd) {
      |                   ^~~~~~~~
./db/version_edit.h: In instantiation of ‘constexpr std::pair<_T1, _T2>::pair(_U1&&, _U2&&) [with _U1 = int&; _U2 = rocksdb::FileMetaData; typename std::enable_if<(std::_PCC<true, _T1, _T2>::_MoveConstructiblePair<_U1, _U2>() && std::_PCC<true, _T1, _T2>::_ImplicitlyMoveConvertiblePair<_U1, _U2>()), bool>::type <anonymous> = true; _T1 = int; _T2 = rocksdb::FileMetaData]’:
/usr/include/c++/11/ext/new_allocator.h:162:4:   required from ‘void __gnu_cxx::new_allocator<_Tp>::construct(_Up*, _Args&& ...) [with _Up = std::pair<int, rocksdb::FileMetaData>; _Args = {int&, rocksdb::FileMetaData}; _Tp = std::pair<int, rocksdb::FileMetaData>]’
/usr/include/c++/11/bits/alloc_traits.h:516:17:   required from ‘static void std::allocator_traits<std::allocator<_CharT> >::construct(std::allocator_traits<std::allocator<_CharT> >::allocator_type&, _Up*, _Args&& ...) [with _Up = std::pair<int, rocksdb::FileMetaData>; _Args = {int&, rocksdb::FileMetaData}; _Tp = std::pair<int, rocksdb::FileMetaData>; std::allocator_traits<std::allocator<_CharT> >::allocator_type = std::allocator<std::pair<int, rocksdb::FileMetaData> >]’
/usr/include/c++/11/bits/vector.tcc:115:30:   required from ‘void std::vector<_Tp, _Alloc>::emplace_back(_Args&& ...) [with _Args = {int&, rocksdb::FileMetaData}; _Tp = std::pair<int, rocksdb::FileMetaData>; _Alloc = std::allocator<std::pair<int, rocksdb::FileMetaData> >]’
./db/version_edit.h:253:28:   required from here
./db/version_edit.h:86:8: warning: implicitly-declared ‘constexpr rocksdb::FileDescriptor::FileDescriptor(const rocksdb::FileDescriptor&)’ is deprecated [-Wdeprecated-copy]
   86 | struct FileMetaData {
      |        ^~~~~~~~~~~~
./db/version_edit.h:55:19: note: because ‘rocksdb::FileDescriptor’ has user-provided ‘rocksdb::FileDescriptor& rocksdb::FileDescriptor::operator=(const rocksdb::FileDescriptor&)’
   55 |   FileDescriptor& operator=(const FileDescriptor& fd) {
      |                   ^~~~~~~~
In file included from /usr/include/c++/11/bits/stl_algobase.h:64,
                 from /usr/include/c++/11/bits/char_traits.h:39,
                 from /usr/include/c++/11/string:40,
                 from ./file/sst_file_manager_impl.h:10,
                 from file/sst_file_manager_impl.cc:6:
/usr/include/c++/11/bits/stl_pair.h:353:42: note: synthesized method ‘rocksdb::FileMetaData::FileMetaData(rocksdb::FileMetaData&&)’ first required here
  353 |         : first(std::forward<_U1>(__x)), second(std::forward<_U2>(__y)) { }
      |                                          ^~~~~~~~~~~~~~~~~~~~~~~~~~~~~~
In file included from ./db/memtable.h:21,
                 from ./db/memtable_list.h:17,
                 from ./db/column_family.h:17,
                 from ./db/version_set.h:31,
                 from ./db/compaction/compaction.h:11,
                 from ./file/sst_file_manager_impl.h:14,
                 from file/sst_file_manager_impl.cc:6:
./db/version_edit.h: In instantiation of ‘constexpr std::pair<_T1, _T2>::pair(_U1&&, const _T2&) [with _U1 = int&; typename std::enable_if<std::_PCC<true, _T1, _T2>::_MoveCopyPair<true, _U1, _T2>(), bool>::type <anonymous> = true; _T1 = int; _T2 = rocksdb::FileMetaData]’:
/usr/include/c++/11/ext/new_allocator.h:162:4:   required from ‘void __gnu_cxx::new_allocator<_Tp>::construct(_Up*, _Args&& ...) [with _Up = std::pair<int, rocksdb::FileMetaData>; _Args = {int&, const rocksdb::FileMetaData&}; _Tp = std::pair<int, rocksdb::FileMetaData>]’
/usr/include/c++/11/bits/alloc_traits.h:516:17:   required from ‘static void std::allocator_traits<std::allocator<_CharT> >::construct(std::allocator_traits<std::allocator<_CharT> >::allocator_type&, _Up*, _Args&& ...) [with _Up = std::pair<int, rocksdb::FileMetaData>; _Args = {int&, const rocksdb::FileMetaData&}; _Tp = std::pair<int, rocksdb::FileMetaData>; std::allocator_traits<std::allocator<_CharT> >::allocator_type = std::allocator<std::pair<int, rocksdb::FileMetaData> >]’
/usr/include/c++/11/bits/vector.tcc:115:30:   required from ‘void std::vector<_Tp, _Alloc>::emplace_back(_Args&& ...) [with _Args = {int&, const rocksdb::FileMetaData&}; _Tp = std::pair<int, rocksdb::FileMetaData>; _Alloc = std::allocator<std::pair<int, rocksdb::FileMetaData> >]’
./db/version_edit.h:258:28:   required from here
./db/version_edit.h:86:8: warning: implicitly-declared ‘constexpr rocksdb::FileDescriptor::FileDescriptor(const rocksdb::FileDescriptor&)’ is deprecated [-Wdeprecated-copy]
   86 | struct FileMetaData {
      |        ^~~~~~~~~~~~
./db/version_edit.h:55:19: note: because ‘rocksdb::FileDescriptor’ has user-provided ‘rocksdb::FileDescriptor& rocksdb::FileDescriptor::operator=(const rocksdb::FileDescriptor&)’
   55 |   FileDescriptor& operator=(const FileDescriptor& fd) {
      |                   ^~~~~~~~
In file included from /usr/include/c++/11/bits/stl_algobase.h:64,
                 from /usr/include/c++/11/bits/char_traits.h:39,
                 from /usr/include/c++/11/string:40,
                 from ./file/sst_file_manager_impl.h:10,
                 from file/sst_file_manager_impl.cc:6:
/usr/include/c++/11/bits/stl_pair.h:323:41: note: synthesized method ‘rocksdb::FileMetaData::FileMetaData(const rocksdb::FileMetaData&)’ first required here
  323 |        : first(std::forward<_U1>(__x)), second(__y) { }
      |                                         ^~~~~~~~~~~
In file included from ./db/memtable.h:21,
                 from memtable/hash_skiplist_rep.cc:12:
./db/version_edit.h: In constructor ‘rocksdb::FdWithKeyRange::FdWithKeyRange(rocksdb::FileDescriptor, rocksdb::Slice, rocksdb::Slice, rocksdb::FileMetaData*)’:
./db/version_edit.h:175:9: warning: implicitly-declared ‘constexpr rocksdb::FileDescriptor::FileDescriptor(const rocksdb::FileDescriptor&)’ is deprecated [-Wdeprecated-copy]
  175 |       : fd(_fd),
      |         ^~~~~~~
./db/version_edit.h:55:19: note: because ‘rocksdb::FileDescriptor’ has user-provided ‘rocksdb::FileDescriptor& rocksdb::FileDescriptor::operator=(const rocksdb::FileDescriptor&)’
   55 |   FileDescriptor& operator=(const FileDescriptor& fd) {
      |                   ^~~~~~~~
  CC       monitoring/in_memory_stats_history.o
In file included from ./db/memtable.h:21,
                 from memtable/skiplistrep.cc:6:
./db/version_edit.h: In constructor ‘rocksdb::FdWithKeyRange::FdWithKeyRange(rocksdb::FileDescriptor, rocksdb::Slice, rocksdb::Slice, rocksdb::FileMetaData*)’:
./db/version_edit.h:175:9: warning: implicitly-declared ‘constexpr rocksdb::FileDescriptor::FileDescriptor(const rocksdb::FileDescriptor&)’ is deprecated [-Wdeprecated-copy]
  175 |       : fd(_fd),
      |         ^~~~~~~
./db/version_edit.h:55:19: note: because ‘rocksdb::FileDescriptor’ has user-provided ‘rocksdb::FileDescriptor& rocksdb::FileDescriptor::operator=(const rocksdb::FileDescriptor&)’
   55 |   FileDescriptor& operator=(const FileDescriptor& fd) {
      |                   ^~~~~~~~
In file included from ./db/memtable.h:21,
                 from memtable/vectorrep.cc:15:
./db/version_edit.h: In constructor ‘rocksdb::FdWithKeyRange::FdWithKeyRange(rocksdb::FileDescriptor, rocksdb::Slice, rocksdb::Slice, rocksdb::FileMetaData*)’:
./db/version_edit.h:175:9: warning: implicitly-declared ‘constexpr rocksdb::FileDescriptor::FileDescriptor(const rocksdb::FileDescriptor&)’ is deprecated [-Wdeprecated-copy]
  175 |       : fd(_fd),
      |         ^~~~~~~
./db/version_edit.h:55:19: note: because ‘rocksdb::FileDescriptor’ has user-provided ‘rocksdb::FileDescriptor& rocksdb::FileDescriptor::operator=(const rocksdb::FileDescriptor&)’
   55 |   FileDescriptor& operator=(const FileDescriptor& fd) {
      |                   ^~~~~~~~
./db/version_edit.h: In instantiation of ‘constexpr std::pair<_T1, _T2>::pair(_U1&&, _U2&&) [with _U1 = int&; _U2 = rocksdb::FileMetaData; typename std::enable_if<(std::_PCC<true, _T1, _T2>::_MoveConstructiblePair<_U1, _U2>() && std::_PCC<true, _T1, _T2>::_ImplicitlyMoveConvertiblePair<_U1, _U2>()), bool>::type <anonymous> = true; _T1 = int; _T2 = rocksdb::FileMetaData]’:
/usr/include/c++/11/ext/new_allocator.h:162:4:   required from ‘void __gnu_cxx::new_allocator<_Tp>::construct(_Up*, _Args&& ...) [with _Up = std::pair<int, rocksdb::FileMetaData>; _Args = {int&, rocksdb::FileMetaData}; _Tp = std::pair<int, rocksdb::FileMetaData>]’
/usr/include/c++/11/bits/alloc_traits.h:516:17:   required from ‘static void std::allocator_traits<std::allocator<_CharT> >::construct(std::allocator_traits<std::allocator<_CharT> >::allocator_type&, _Up*, _Args&& ...) [with _Up = std::pair<int, rocksdb::FileMetaData>; _Args = {int&, rocksdb::FileMetaData}; _Tp = std::pair<int, rocksdb::FileMetaData>; std::allocator_traits<std::allocator<_CharT> >::allocator_type = std::allocator<std::pair<int, rocksdb::FileMetaData> >]’
/usr/include/c++/11/bits/vector.tcc:115:30:   required from ‘void std::vector<_Tp, _Alloc>::emplace_back(_Args&& ...) [with _Args = {int&, rocksdb::FileMetaData}; _Tp = std::pair<int, rocksdb::FileMetaData>; _Alloc = std::allocator<std::pair<int, rocksdb::FileMetaData> >]’
./db/version_edit.h:253:28:   required from here
./db/version_edit.h:86:8: warning: implicitly-declared ‘constexpr rocksdb::FileDescriptor::FileDescriptor(const rocksdb::FileDescriptor&)’ is deprecated [-Wdeprecated-copy]
   86 | struct FileMetaData {
      |        ^~~~~~~~~~~~
./db/version_edit.h:55:19: note: because ‘rocksdb::FileDescriptor’ has user-provided ‘rocksdb::FileDescriptor& rocksdb::FileDescriptor::operator=(const rocksdb::FileDescriptor&)’
   55 |   FileDescriptor& operator=(const FileDescriptor& fd) {
      |                   ^~~~~~~~
In file included from /usr/include/c++/11/bits/stl_algobase.h:64,
                 from /usr/include/c++/11/bits/char_traits.h:39,
                 from /usr/include/c++/11/string:40,
                 from ./include/rocksdb/slice_transform.h:17,
                 from ./memtable/hash_linklist_rep.h:11,
                 from memtable/hash_linklist_rep.cc:8:
/usr/include/c++/11/bits/stl_pair.h:353:42: note: synthesized method ‘rocksdb::FileMetaData::FileMetaData(rocksdb::FileMetaData&&)’ first required here
  353 |         : first(std::forward<_U1>(__x)), second(std::forward<_U2>(__y)) { }
      |                                          ^~~~~~~~~~~~~~~~~~~~~~~~~~~~~~
In file included from ./db/memtable.h:21,
                 from memtable/hash_linklist_rep.cc:12:
./db/version_edit.h: In instantiation of ‘constexpr std::pair<_T1, _T2>::pair(_U1&&, const _T2&) [with _U1 = int&; typename std::enable_if<std::_PCC<true, _T1, _T2>::_MoveCopyPair<true, _U1, _T2>(), bool>::type <anonymous> = true; _T1 = int; _T2 = rocksdb::FileMetaData]’:
/usr/include/c++/11/ext/new_allocator.h:162:4:   required from ‘void __gnu_cxx::new_allocator<_Tp>::construct(_Up*, _Args&& ...) [with _Up = std::pair<int, rocksdb::FileMetaData>; _Args = {int&, const rocksdb::FileMetaData&}; _Tp = std::pair<int, rocksdb::FileMetaData>]’
/usr/include/c++/11/bits/alloc_traits.h:516:17:   required from ‘static void std::allocator_traits<std::allocator<_CharT> >::construct(std::allocator_traits<std::allocator<_CharT> >::allocator_type&, _Up*, _Args&& ...) [with _Up = std::pair<int, rocksdb::FileMetaData>; _Args = {int&, const rocksdb::FileMetaData&}; _Tp = std::pair<int, rocksdb::FileMetaData>; std::allocator_traits<std::allocator<_CharT> >::allocator_type = std::allocator<std::pair<int, rocksdb::FileMetaData> >]’
/usr/include/c++/11/bits/vector.tcc:115:30:   required from ‘void std::vector<_Tp, _Alloc>::emplace_back(_Args&& ...) [with _Args = {int&, const rocksdb::FileMetaData&}; _Tp = std::pair<int, rocksdb::FileMetaData>; _Alloc = std::allocator<std::pair<int, rocksdb::FileMetaData> >]’
./db/version_edit.h:258:28:   required from here
./db/version_edit.h:86:8: warning: implicitly-declared ‘constexpr rocksdb::FileDescriptor::FileDescriptor(const rocksdb::FileDescriptor&)’ is deprecated [-Wdeprecated-copy]
   86 | struct FileMetaData {
      |        ^~~~~~~~~~~~
./db/version_edit.h:55:19: note: because ‘rocksdb::FileDescriptor’ has user-provided ‘rocksdb::FileDescriptor& rocksdb::FileDescriptor::operator=(const rocksdb::FileDescriptor&)’
   55 |   FileDescriptor& operator=(const FileDescriptor& fd) {
      |                   ^~~~~~~~
In file included from /usr/include/c++/11/bits/stl_algobase.h:64,
                 from /usr/include/c++/11/bits/char_traits.h:39,
                 from /usr/include/c++/11/string:40,
                 from ./include/rocksdb/slice_transform.h:17,
                 from ./memtable/hash_linklist_rep.h:11,
                 from memtable/hash_linklist_rep.cc:8:
/usr/include/c++/11/bits/stl_pair.h:323:41: note: synthesized method ‘rocksdb::FileMetaData::FileMetaData(const rocksdb::FileMetaData&)’ first required here
  323 |        : first(std::forward<_U1>(__x)), second(__y) { }
      |                                         ^~~~~~~~~~~
  CC       monitoring/instrumented_mutex.o
./db/version_edit.h: In instantiation of ‘constexpr std::pair<_T1, _T2>::pair(_U1&&, _U2&&) [with _U1 = int&; _U2 = rocksdb::FileMetaData; typename std::enable_if<(std::_PCC<true, _T1, _T2>::_MoveConstructiblePair<_U1, _U2>() && std::_PCC<true, _T1, _T2>::_ImplicitlyMoveConvertiblePair<_U1, _U2>()), bool>::type <anonymous> = true; _T1 = int; _T2 = rocksdb::FileMetaData]’:
/usr/include/c++/11/ext/new_allocator.h:162:4:   required from ‘void __gnu_cxx::new_allocator<_Tp>::construct(_Up*, _Args&& ...) [with _Up = std::pair<int, rocksdb::FileMetaData>; _Args = {int&, rocksdb::FileMetaData}; _Tp = std::pair<int, rocksdb::FileMetaData>]’
/usr/include/c++/11/bits/alloc_traits.h:516:17:   required from ‘static void std::allocator_traits<std::allocator<_CharT> >::construct(std::allocator_traits<std::allocator<_CharT> >::allocator_type&, _Up*, _Args&& ...) [with _Up = std::pair<int, rocksdb::FileMetaData>; _Args = {int&, rocksdb::FileMetaData}; _Tp = std::pair<int, rocksdb::FileMetaData>; std::allocator_traits<std::allocator<_CharT> >::allocator_type = std::allocator<std::pair<int, rocksdb::FileMetaData> >]’
/usr/include/c++/11/bits/vector.tcc:115:30:   required from ‘void std::vector<_Tp, _Alloc>::emplace_back(_Args&& ...) [with _Args = {int&, rocksdb::FileMetaData}; _Tp = std::pair<int, rocksdb::FileMetaData>; _Alloc = std::allocator<std::pair<int, rocksdb::FileMetaData> >]’
./db/version_edit.h:253:28:   required from here
./db/version_edit.h:86:8: warning: implicitly-declared ‘constexpr rocksdb::FileDescriptor::FileDescriptor(const rocksdb::FileDescriptor&)’ is deprecated [-Wdeprecated-copy]
   86 | struct FileMetaData {
      |        ^~~~~~~~~~~~
./db/version_edit.h:55:19: note: because ‘rocksdb::FileDescriptor’ has user-provided ‘rocksdb::FileDescriptor& rocksdb::FileDescriptor::operator=(const rocksdb::FileDescriptor&)’
   55 |   FileDescriptor& operator=(const FileDescriptor& fd) {
      |                   ^~~~~~~~
In file included from /usr/include/c++/11/bits/stl_algobase.h:64,
                 from /usr/include/c++/11/bits/char_traits.h:39,
                 from /usr/include/c++/11/string:40,
                 from ./include/rocksdb/slice_transform.h:17,
                 from ./memtable/hash_skiplist_rep.h:11,
                 from memtable/hash_skiplist_rep.cc:8:
/usr/include/c++/11/bits/stl_pair.h:353:42: note: synthesized method ‘rocksdb::FileMetaData::FileMetaData(rocksdb::FileMetaData&&)’ first required here
  353 |         : first(std::forward<_U1>(__x)), second(std::forward<_U2>(__y)) { }
      |                                          ^~~~~~~~~~~~~~~~~~~~~~~~~~~~~~
In file included from ./db/memtable.h:21,
                 from memtable/hash_skiplist_rep.cc:12:
./db/version_edit.h: In instantiation of ‘constexpr std::pair<_T1, _T2>::pair(_U1&&, const _T2&) [with _U1 = int&; typename std::enable_if<std::_PCC<true, _T1, _T2>::_MoveCopyPair<true, _U1, _T2>(), bool>::type <anonymous> = true; _T1 = int; _T2 = rocksdb::FileMetaData]’:
/usr/include/c++/11/ext/new_allocator.h:162:4:   required from ‘void __gnu_cxx::new_allocator<_Tp>::construct(_Up*, _Args&& ...) [with _Up = std::pair<int, rocksdb::FileMetaData>; _Args = {int&, const rocksdb::FileMetaData&}; _Tp = std::pair<int, rocksdb::FileMetaData>]’
/usr/include/c++/11/bits/alloc_traits.h:516:17:   required from ‘static void std::allocator_traits<std::allocator<_CharT> >::construct(std::allocator_traits<std::allocator<_CharT> >::allocator_type&, _Up*, _Args&& ...) [with _Up = std::pair<int, rocksdb::FileMetaData>; _Args = {int&, const rocksdb::FileMetaData&}; _Tp = std::pair<int, rocksdb::FileMetaData>; std::allocator_traits<std::allocator<_CharT> >::allocator_type = std::allocator<std::pair<int, rocksdb::FileMetaData> >]’
/usr/include/c++/11/bits/vector.tcc:115:30:   required from ‘void std::vector<_Tp, _Alloc>::emplace_back(_Args&& ...) [with _Args = {int&, const rocksdb::FileMetaData&}; _Tp = std::pair<int, rocksdb::FileMetaData>; _Alloc = std::allocator<std::pair<int, rocksdb::FileMetaData> >]’
./db/version_edit.h:258:28:   required from here
./db/version_edit.h:86:8: warning: implicitly-declared ‘constexpr rocksdb::FileDescriptor::FileDescriptor(const rocksdb::FileDescriptor&)’ is deprecated [-Wdeprecated-copy]
   86 | struct FileMetaData {
      |        ^~~~~~~~~~~~
./db/version_edit.h:55:19: note: because ‘rocksdb::FileDescriptor’ has user-provided ‘rocksdb::FileDescriptor& rocksdb::FileDescriptor::operator=(const rocksdb::FileDescriptor&)’
   55 |   FileDescriptor& operator=(const FileDescriptor& fd) {
      |                   ^~~~~~~~
In file included from /usr/include/c++/11/bits/stl_algobase.h:64,
                 from /usr/include/c++/11/bits/char_traits.h:39,
                 from /usr/include/c++/11/string:40,
                 from ./include/rocksdb/slice_transform.h:17,
                 from ./memtable/hash_skiplist_rep.h:11,
                 from memtable/hash_skiplist_rep.cc:8:
/usr/include/c++/11/bits/stl_pair.h:323:41: note: synthesized method ‘rocksdb::FileMetaData::FileMetaData(const rocksdb::FileMetaData&)’ first required here
  323 |        : first(std::forward<_U1>(__x)), second(__y) { }
      |                                         ^~~~~~~~~~~
./db/version_edit.h: In instantiation of ‘constexpr std::pair<_T1, _T2>::pair(_U1&&, _U2&&) [with _U1 = int&; _U2 = rocksdb::FileMetaData; typename std::enable_if<(std::_PCC<true, _T1, _T2>::_MoveConstructiblePair<_U1, _U2>() && std::_PCC<true, _T1, _T2>::_ImplicitlyMoveConvertiblePair<_U1, _U2>()), bool>::type <anonymous> = true; _T1 = int; _T2 = rocksdb::FileMetaData]’:
/usr/include/c++/11/ext/new_allocator.h:162:4:   required from ‘void __gnu_cxx::new_allocator<_Tp>::construct(_Up*, _Args&& ...) [with _Up = std::pair<int, rocksdb::FileMetaData>; _Args = {int&, rocksdb::FileMetaData}; _Tp = std::pair<int, rocksdb::FileMetaData>]’
/usr/include/c++/11/bits/alloc_traits.h:516:17:   required from ‘static void std::allocator_traits<std::allocator<_Tp1> >::construct(std::allocator_traits<std::allocator<_Tp1> >::allocator_type&, _Up*, _Args&& ...) [with _Up = std::pair<int, rocksdb::FileMetaData>; _Args = {int&, rocksdb::FileMetaData}; _Tp = std::pair<int, rocksdb::FileMetaData>; std::allocator_traits<std::allocator<_Tp1> >::allocator_type = std::allocator<std::pair<int, rocksdb::FileMetaData> >]’
/usr/include/c++/11/bits/vector.tcc:115:30:   required from ‘void std::vector<_Tp, _Alloc>::emplace_back(_Args&& ...) [with _Args = {int&, rocksdb::FileMetaData}; _Tp = std::pair<int, rocksdb::FileMetaData>; _Alloc = std::allocator<std::pair<int, rocksdb::FileMetaData> >]’
./db/version_edit.h:253:28:   required from here
./db/version_edit.h:86:8: warning: implicitly-declared ‘constexpr rocksdb::FileDescriptor::FileDescriptor(const rocksdb::FileDescriptor&)’ is deprecated [-Wdeprecated-copy]
   86 | struct FileMetaData {
      |        ^~~~~~~~~~~~
./db/version_edit.h:55:19: note: because ‘rocksdb::FileDescriptor’ has user-provided ‘rocksdb::FileDescriptor& rocksdb::FileDescriptor::operator=(const rocksdb::FileDescriptor&)’
   55 |   FileDescriptor& operator=(const FileDescriptor& fd) {
      |                   ^~~~~~~~
In file included from /usr/include/c++/11/bits/stl_algobase.h:64,
                 from /usr/include/c++/11/deque:60,
                 from ./db/memtable.h:12,
                 from memtable/skiplistrep.cc:6:
/usr/include/c++/11/bits/stl_pair.h:353:42: note: synthesized method ‘rocksdb::FileMetaData::FileMetaData(rocksdb::FileMetaData&&)’ first required here
  353 |         : first(std::forward<_U1>(__x)), second(std::forward<_U2>(__y)) { }
      |                                          ^~~~~~~~~~~~~~~~~~~~~~~~~~~~~~
In file included from ./db/memtable.h:21,
                 from memtable/skiplistrep.cc:6:
./db/version_edit.h: In instantiation of ‘constexpr std::pair<_T1, _T2>::pair(_U1&&, const _T2&) [with _U1 = int&; typename std::enable_if<std::_PCC<true, _T1, _T2>::_MoveCopyPair<true, _U1, _T2>(), bool>::type <anonymous> = true; _T1 = int; _T2 = rocksdb::FileMetaData]’:
/usr/include/c++/11/ext/new_allocator.h:162:4:   required from ‘void __gnu_cxx::new_allocator<_Tp>::construct(_Up*, _Args&& ...) [with _Up = std::pair<int, rocksdb::FileMetaData>; _Args = {int&, const rocksdb::FileMetaData&}; _Tp = std::pair<int, rocksdb::FileMetaData>]’
/usr/include/c++/11/bits/alloc_traits.h:516:17:   required from ‘static void std::allocator_traits<std::allocator<_Tp1> >::construct(std::allocator_traits<std::allocator<_Tp1> >::allocator_type&, _Up*, _Args&& ...) [with _Up = std::pair<int, rocksdb::FileMetaData>; _Args = {int&, const rocksdb::FileMetaData&}; _Tp = std::pair<int, rocksdb::FileMetaData>; std::allocator_traits<std::allocator<_Tp1> >::allocator_type = std::allocator<std::pair<int, rocksdb::FileMetaData> >]’
/usr/include/c++/11/bits/vector.tcc:115:30:   required from ‘void std::vector<_Tp, _Alloc>::emplace_back(_Args&& ...) [with _Args = {int&, const rocksdb::FileMetaData&}; _Tp = std::pair<int, rocksdb::FileMetaData>; _Alloc = std::allocator<std::pair<int, rocksdb::FileMetaData> >]’
./db/version_edit.h:258:28:   required from here
./db/version_edit.h:86:8: warning: implicitly-declared ‘constexpr rocksdb::FileDescriptor::FileDescriptor(const rocksdb::FileDescriptor&)’ is deprecated [-Wdeprecated-copy]
   86 | struct FileMetaData {
      |        ^~~~~~~~~~~~
./db/version_edit.h:55:19: note: because ‘rocksdb::FileDescriptor’ has user-provided ‘rocksdb::FileDescriptor& rocksdb::FileDescriptor::operator=(const rocksdb::FileDescriptor&)’
   55 |   FileDescriptor& operator=(const FileDescriptor& fd) {
      |                   ^~~~~~~~
In file included from /usr/include/c++/11/bits/stl_algobase.h:64,
                 from /usr/include/c++/11/deque:60,
                 from ./db/memtable.h:12,
                 from memtable/skiplistrep.cc:6:
/usr/include/c++/11/bits/stl_pair.h:323:41: note: synthesized method ‘rocksdb::FileMetaData::FileMetaData(const rocksdb::FileMetaData&)’ first required here
  323 |        : first(std::forward<_U1>(__x)), second(__y) { }
      |                                         ^~~~~~~~~~~
./db/version_edit.h: In instantiation of ‘constexpr std::pair<_T1, _T2>::pair(_U1&&, _U2&&) [with _U1 = int&; _U2 = rocksdb::FileMetaData; typename std::enable_if<(std::_PCC<true, _T1, _T2>::_MoveConstructiblePair<_U1, _U2>() && std::_PCC<true, _T1, _T2>::_ImplicitlyMoveConvertiblePair<_U1, _U2>()), bool>::type <anonymous> = true; _T1 = int; _T2 = rocksdb::FileMetaData]’:
/usr/include/c++/11/ext/new_allocator.h:162:4:   required from ‘void __gnu_cxx::new_allocator<_Tp>::construct(_Up*, _Args&& ...) [with _Up = std::pair<int, rocksdb::FileMetaData>; _Args = {int&, rocksdb::FileMetaData}; _Tp = std::pair<int, rocksdb::FileMetaData>]’
/usr/include/c++/11/bits/alloc_traits.h:516:17:   required from ‘static void std::allocator_traits<std::allocator<_CharT> >::construct(std::allocator_traits<std::allocator<_CharT> >::allocator_type&, _Up*, _Args&& ...) [with _Up = std::pair<int, rocksdb::FileMetaData>; _Args = {int&, rocksdb::FileMetaData}; _Tp = std::pair<int, rocksdb::FileMetaData>; std::allocator_traits<std::allocator<_CharT> >::allocator_type = std::allocator<std::pair<int, rocksdb::FileMetaData> >]’
/usr/include/c++/11/bits/vector.tcc:115:30:   required from ‘void std::vector<_Tp, _Alloc>::emplace_back(_Args&& ...) [with _Args = {int&, rocksdb::FileMetaData}; _Tp = std::pair<int, rocksdb::FileMetaData>; _Alloc = std::allocator<std::pair<int, rocksdb::FileMetaData> >]’
./db/version_edit.h:253:28:   required from here
./db/version_edit.h:86:8: warning: implicitly-declared ‘constexpr rocksdb::FileDescriptor::FileDescriptor(const rocksdb::FileDescriptor&)’ is deprecated [-Wdeprecated-copy]
   86 | struct FileMetaData {
      |        ^~~~~~~~~~~~
./db/version_edit.h:55:19: note: because ‘rocksdb::FileDescriptor’ has user-provided ‘rocksdb::FileDescriptor& rocksdb::FileDescriptor::operator=(const rocksdb::FileDescriptor&)’
   55 |   FileDescriptor& operator=(const FileDescriptor& fd) {
      |                   ^~~~~~~~
In file included from /usr/include/c++/11/bits/stl_algobase.h:64,
                 from /usr/include/c++/11/bits/char_traits.h:39,
                 from /usr/include/c++/11/string:40,
                 from ./include/rocksdb/slice.h:25,
                 from ./include/rocksdb/memtablerep.h:38,
                 from memtable/vectorrep.cc:7:
/usr/include/c++/11/bits/stl_pair.h:353:42: note: synthesized method ‘rocksdb::FileMetaData::FileMetaData(rocksdb::FileMetaData&&)’ first required here
  353 |         : first(std::forward<_U1>(__x)), second(std::forward<_U2>(__y)) { }
      |                                          ^~~~~~~~~~~~~~~~~~~~~~~~~~~~~~
In file included from ./db/memtable.h:21,
                 from memtable/vectorrep.cc:15:
./db/version_edit.h: In instantiation of ‘constexpr std::pair<_T1, _T2>::pair(_U1&&, const _T2&) [with _U1 = int&; typename std::enable_if<std::_PCC<true, _T1, _T2>::_MoveCopyPair<true, _U1, _T2>(), bool>::type <anonymous> = true; _T1 = int; _T2 = rocksdb::FileMetaData]’:
/usr/include/c++/11/ext/new_allocator.h:162:4:   required from ‘void __gnu_cxx::new_allocator<_Tp>::construct(_Up*, _Args&& ...) [with _Up = std::pair<int, rocksdb::FileMetaData>; _Args = {int&, const rocksdb::FileMetaData&}; _Tp = std::pair<int, rocksdb::FileMetaData>]’
/usr/include/c++/11/bits/alloc_traits.h:516:17:   required from ‘static void std::allocator_traits<std::allocator<_CharT> >::construct(std::allocator_traits<std::allocator<_CharT> >::allocator_type&, _Up*, _Args&& ...) [with _Up = std::pair<int, rocksdb::FileMetaData>; _Args = {int&, const rocksdb::FileMetaData&}; _Tp = std::pair<int, rocksdb::FileMetaData>; std::allocator_traits<std::allocator<_CharT> >::allocator_type = std::allocator<std::pair<int, rocksdb::FileMetaData> >]’
/usr/include/c++/11/bits/vector.tcc:115:30:   required from ‘void std::vector<_Tp, _Alloc>::emplace_back(_Args&& ...) [with _Args = {int&, const rocksdb::FileMetaData&}; _Tp = std::pair<int, rocksdb::FileMetaData>; _Alloc = std::allocator<std::pair<int, rocksdb::FileMetaData> >]’
./db/version_edit.h:258:28:   required from here
./db/version_edit.h:86:8: warning: implicitly-declared ‘constexpr rocksdb::FileDescriptor::FileDescriptor(const rocksdb::FileDescriptor&)’ is deprecated [-Wdeprecated-copy]
   86 | struct FileMetaData {
      |        ^~~~~~~~~~~~
./db/version_edit.h:55:19: note: because ‘rocksdb::FileDescriptor’ has user-provided ‘rocksdb::FileDescriptor& rocksdb::FileDescriptor::operator=(const rocksdb::FileDescriptor&)’
   55 |   FileDescriptor& operator=(const FileDescriptor& fd) {
      |                   ^~~~~~~~
In file included from /usr/include/c++/11/bits/stl_algobase.h:64,
                 from /usr/include/c++/11/bits/char_traits.h:39,
                 from /usr/include/c++/11/string:40,
                 from ./include/rocksdb/slice.h:25,
                 from ./include/rocksdb/memtablerep.h:38,
                 from memtable/vectorrep.cc:7:
/usr/include/c++/11/bits/stl_pair.h:323:41: note: synthesized method ‘rocksdb::FileMetaData::FileMetaData(const rocksdb::FileMetaData&)’ first required here
  323 |        : first(std::forward<_U1>(__x)), second(__y) { }
      |                                         ^~~~~~~~~~~
  CC       monitoring/iostats_context.o
  CC       monitoring/perf_context.o
  CC       monitoring/perf_level.o
In file included from ./db/memtable.h:21,
                 from ./db/memtable_list.h:17,
                 from ./db/column_family.h:17,
                 from ./db/db_impl/db_impl.h:22,
                 from monitoring/in_memory_stats_history.cc:10:
./db/version_edit.h: In constructor ‘rocksdb::FdWithKeyRange::FdWithKeyRange(rocksdb::FileDescriptor, rocksdb::Slice, rocksdb::Slice, rocksdb::FileMetaData*)’:
./db/version_edit.h:175:9: warning: implicitly-declared ‘constexpr rocksdb::FileDescriptor::FileDescriptor(const rocksdb::FileDescriptor&)’ is deprecated [-Wdeprecated-copy]
  175 |       : fd(_fd),
      |         ^~~~~~~
./db/version_edit.h:55:19: note: because ‘rocksdb::FileDescriptor’ has user-provided ‘rocksdb::FileDescriptor& rocksdb::FileDescriptor::operator=(const rocksdb::FileDescriptor&)’
   55 |   FileDescriptor& operator=(const FileDescriptor& fd) {
      |                   ^~~~~~~~
  CC       monitoring/persistent_stats_history.o
  CC       monitoring/statistics.o
  CC       monitoring/thread_status_impl.o
  CC       monitoring/thread_status_updater.o
  CC       monitoring/thread_status_updater_debug.o
  CC       monitoring/thread_status_util.o
In file included from ./db/memtable.h:21,
                 from ./db/memtable_list.h:17,
                 from ./db/column_family.h:17,
                 from ./db/db_impl/db_impl.h:22,
                 from ./monitoring/persistent_stats_history.h:11,
                 from monitoring/persistent_stats_history.cc:9:
./db/version_edit.h: In constructor ‘rocksdb::FdWithKeyRange::FdWithKeyRange(rocksdb::FileDescriptor, rocksdb::Slice, rocksdb::Slice, rocksdb::FileMetaData*)’:
./db/version_edit.h:175:9: warning: implicitly-declared ‘constexpr rocksdb::FileDescriptor::FileDescriptor(const rocksdb::FileDescriptor&)’ is deprecated [-Wdeprecated-copy]
  175 |       : fd(_fd),
      |         ^~~~~~~
./db/version_edit.h:55:19: note: because ‘rocksdb::FileDescriptor’ has user-provided ‘rocksdb::FileDescriptor& rocksdb::FileDescriptor::operator=(const rocksdb::FileDescriptor&)’
   55 |   FileDescriptor& operator=(const FileDescriptor& fd) {
      |                   ^~~~~~~~
  CC       monitoring/thread_status_util_debug.o
./db/version_edit.h: In instantiation of ‘constexpr std::pair<_T1, _T2>::pair(_U1&&, _U2&&) [with _U1 = int&; _U2 = rocksdb::FileMetaData; typename std::enable_if<(std::_PCC<true, _T1, _T2>::_MoveConstructiblePair<_U1, _U2>() && std::_PCC<true, _T1, _T2>::_ImplicitlyMoveConvertiblePair<_U1, _U2>()), bool>::type <anonymous> = true; _T1 = int; _T2 = rocksdb::FileMetaData]’:
/usr/include/c++/11/ext/new_allocator.h:162:4:   required from ‘void __gnu_cxx::new_allocator<_Tp>::construct(_Up*, _Args&& ...) [with _Up = std::pair<int, rocksdb::FileMetaData>; _Args = {int&, rocksdb::FileMetaData}; _Tp = std::pair<int, rocksdb::FileMetaData>]’
/usr/include/c++/11/bits/alloc_traits.h:516:17:   required from ‘static void std::allocator_traits<std::allocator<_Tp1> >::construct(std::allocator_traits<std::allocator<_Tp1> >::allocator_type&, _Up*, _Args&& ...) [with _Up = std::pair<int, rocksdb::FileMetaData>; _Args = {int&, rocksdb::FileMetaData}; _Tp = std::pair<int, rocksdb::FileMetaData>; std::allocator_traits<std::allocator<_Tp1> >::allocator_type = std::allocator<std::pair<int, rocksdb::FileMetaData> >]’
/usr/include/c++/11/bits/vector.tcc:115:30:   required from ‘void std::vector<_Tp, _Alloc>::emplace_back(_Args&& ...) [with _Args = {int&, rocksdb::FileMetaData}; _Tp = std::pair<int, rocksdb::FileMetaData>; _Alloc = std::allocator<std::pair<int, rocksdb::FileMetaData> >]’
./db/version_edit.h:253:28:   required from here
./db/version_edit.h:86:8: warning: implicitly-declared ‘constexpr rocksdb::FileDescriptor::FileDescriptor(const rocksdb::FileDescriptor&)’ is deprecated [-Wdeprecated-copy]
   86 | struct FileMetaData {
      |        ^~~~~~~~~~~~
./db/version_edit.h:55:19: note: because ‘rocksdb::FileDescriptor’ has user-provided ‘rocksdb::FileDescriptor& rocksdb::FileDescriptor::operator=(const rocksdb::FileDescriptor&)’
   55 |   FileDescriptor& operator=(const FileDescriptor& fd) {
      |                   ^~~~~~~~
In file included from /usr/include/c++/11/bits/stl_algobase.h:64,
                 from /usr/include/c++/11/bits/stl_tree.h:63,
                 from /usr/include/c++/11/map:60,
                 from ./include/rocksdb/stats_history.h:11,
                 from ./monitoring/in_memory_stats_history.h:11,
                 from monitoring/in_memory_stats_history.cc:9:
/usr/include/c++/11/bits/stl_pair.h:353:42: note: synthesized method ‘rocksdb::FileMetaData::FileMetaData(rocksdb::FileMetaData&&)’ first required here
  353 |         : first(std::forward<_U1>(__x)), second(std::forward<_U2>(__y)) { }
      |                                          ^~~~~~~~~~~~~~~~~~~~~~~~~~~~~~
In file included from ./db/memtable.h:21,
                 from ./db/memtable_list.h:17,
                 from ./db/column_family.h:17,
                 from ./db/db_impl/db_impl.h:22,
                 from monitoring/in_memory_stats_history.cc:10:
./db/version_edit.h: In instantiation of ‘constexpr std::pair<_T1, _T2>::pair(_U1&&, const _T2&) [with _U1 = int&; typename std::enable_if<std::_PCC<true, _T1, _T2>::_MoveCopyPair<true, _U1, _T2>(), bool>::type <anonymous> = true; _T1 = int; _T2 = rocksdb::FileMetaData]’:
/usr/include/c++/11/ext/new_allocator.h:162:4:   required from ‘void __gnu_cxx::new_allocator<_Tp>::construct(_Up*, _Args&& ...) [with _Up = std::pair<int, rocksdb::FileMetaData>; _Args = {int&, const rocksdb::FileMetaData&}; _Tp = std::pair<int, rocksdb::FileMetaData>]’
/usr/include/c++/11/bits/alloc_traits.h:516:17:   required from ‘static void std::allocator_traits<std::allocator<_Tp1> >::construct(std::allocator_traits<std::allocator<_Tp1> >::allocator_type&, _Up*, _Args&& ...) [with _Up = std::pair<int, rocksdb::FileMetaData>; _Args = {int&, const rocksdb::FileMetaData&}; _Tp = std::pair<int, rocksdb::FileMetaData>; std::allocator_traits<std::allocator<_Tp1> >::allocator_type = std::allocator<std::pair<int, rocksdb::FileMetaData> >]’
/usr/include/c++/11/bits/vector.tcc:115:30:   required from ‘void std::vector<_Tp, _Alloc>::emplace_back(_Args&& ...) [with _Args = {int&, const rocksdb::FileMetaData&}; _Tp = std::pair<int, rocksdb::FileMetaData>; _Alloc = std::allocator<std::pair<int, rocksdb::FileMetaData> >]’
./db/version_edit.h:258:28:   required from here
./db/version_edit.h:86:8: warning: implicitly-declared ‘constexpr rocksdb::FileDescriptor::FileDescriptor(const rocksdb::FileDescriptor&)’ is deprecated [-Wdeprecated-copy]
   86 | struct FileMetaData {
      |        ^~~~~~~~~~~~
./db/version_edit.h:55:19: note: because ‘rocksdb::FileDescriptor’ has user-provided ‘rocksdb::FileDescriptor& rocksdb::FileDescriptor::operator=(const rocksdb::FileDescriptor&)’
   55 |   FileDescriptor& operator=(const FileDescriptor& fd) {
      |                   ^~~~~~~~
In file included from /usr/include/c++/11/bits/stl_algobase.h:64,
                 from /usr/include/c++/11/bits/stl_tree.h:63,
                 from /usr/include/c++/11/map:60,
                 from ./include/rocksdb/stats_history.h:11,
                 from ./monitoring/in_memory_stats_history.h:11,
                 from monitoring/in_memory_stats_history.cc:9:
/usr/include/c++/11/bits/stl_pair.h:323:41: note: synthesized method ‘rocksdb::FileMetaData::FileMetaData(const rocksdb::FileMetaData&)’ first required here
  323 |        : first(std::forward<_U1>(__x)), second(__y) { }
      |                                         ^~~~~~~~~~~
In file included from ./db/memtable.h:21,
                 from ./db/memtable_list.h:17,
                 from ./db/column_family.h:17,
                 from monitoring/thread_status_updater_debug.cc:8:
./db/version_edit.h: In constructor ‘rocksdb::FdWithKeyRange::FdWithKeyRange(rocksdb::FileDescriptor, rocksdb::Slice, rocksdb::Slice, rocksdb::FileMetaData*)’:
./db/version_edit.h:175:9: warning: implicitly-declared ‘constexpr rocksdb::FileDescriptor::FileDescriptor(const rocksdb::FileDescriptor&)’ is deprecated [-Wdeprecated-copy]
  175 |       : fd(_fd),
      |         ^~~~~~~
./db/version_edit.h:55:19: note: because ‘rocksdb::FileDescriptor’ has user-provided ‘rocksdb::FileDescriptor& rocksdb::FileDescriptor::operator=(const rocksdb::FileDescriptor&)’
   55 |   FileDescriptor& operator=(const FileDescriptor& fd) {
      |                   ^~~~~~~~
  CC       options/cf_options.o
  CC       options/db_options.o
  CC       options/options.o
  CC       options/options_helper.o
  CC       options/options_parser.o
./db/version_edit.h: In instantiation of ‘constexpr std::pair<_T1, _T2>::pair(_U1&&, _U2&&) [with _U1 = int&; _U2 = rocksdb::FileMetaData; typename std::enable_if<(std::_PCC<true, _T1, _T2>::_MoveConstructiblePair<_U1, _U2>() && std::_PCC<true, _T1, _T2>::_ImplicitlyMoveConvertiblePair<_U1, _U2>()), bool>::type <anonymous> = true; _T1 = int; _T2 = rocksdb::FileMetaData]’:
/usr/include/c++/11/ext/new_allocator.h:162:4:   required from ‘void __gnu_cxx::new_allocator<_Tp>::construct(_Up*, _Args&& ...) [with _Up = std::pair<int, rocksdb::FileMetaData>; _Args = {int&, rocksdb::FileMetaData}; _Tp = std::pair<int, rocksdb::FileMetaData>]’
/usr/include/c++/11/bits/alloc_traits.h:516:17:   required from ‘static void std::allocator_traits<std::allocator<_CharT> >::construct(std::allocator_traits<std::allocator<_CharT> >::allocator_type&, _Up*, _Args&& ...) [with _Up = std::pair<int, rocksdb::FileMetaData>; _Args = {int&, rocksdb::FileMetaData}; _Tp = std::pair<int, rocksdb::FileMetaData>; std::allocator_traits<std::allocator<_CharT> >::allocator_type = std::allocator<std::pair<int, rocksdb::FileMetaData> >]’
/usr/include/c++/11/bits/vector.tcc:115:30:   required from ‘void std::vector<_Tp, _Alloc>::emplace_back(_Args&& ...) [with _Args = {int&, rocksdb::FileMetaData}; _Tp = std::pair<int, rocksdb::FileMetaData>; _Alloc = std::allocator<std::pair<int, rocksdb::FileMetaData> >]’
./db/version_edit.h:253:28:   required from here
./db/version_edit.h:86:8: warning: implicitly-declared ‘constexpr rocksdb::FileDescriptor::FileDescriptor(const rocksdb::FileDescriptor&)’ is deprecated [-Wdeprecated-copy]
   86 | struct FileMetaData {
      |        ^~~~~~~~~~~~
./db/version_edit.h:55:19: note: because ‘rocksdb::FileDescriptor’ has user-provided ‘rocksdb::FileDescriptor& rocksdb::FileDescriptor::operator=(const rocksdb::FileDescriptor&)’
   55 |   FileDescriptor& operator=(const FileDescriptor& fd) {
      |                   ^~~~~~~~
In file included from /usr/include/c++/11/utility:70,
                 from /usr/include/c++/11/tuple:38,
                 from /usr/include/c++/11/mutex:38,
                 from monitoring/thread_status_updater_debug.cc:6:
/usr/include/c++/11/bits/stl_pair.h:353:42: note: synthesized method ‘rocksdb::FileMetaData::FileMetaData(rocksdb::FileMetaData&&)’ first required here
  353 |         : first(std::forward<_U1>(__x)), second(std::forward<_U2>(__y)) { }
      |                                          ^~~~~~~~~~~~~~~~~~~~~~~~~~~~~~
In file included from ./db/memtable.h:21,
                 from ./db/memtable_list.h:17,
                 from ./db/column_family.h:17,
                 from monitoring/thread_status_updater_debug.cc:8:
./db/version_edit.h: In instantiation of ‘constexpr std::pair<_T1, _T2>::pair(_U1&&, const _T2&) [with _U1 = int&; typename std::enable_if<std::_PCC<true, _T1, _T2>::_MoveCopyPair<true, _U1, _T2>(), bool>::type <anonymous> = true; _T1 = int; _T2 = rocksdb::FileMetaData]’:
/usr/include/c++/11/ext/new_allocator.h:162:4:   required from ‘void __gnu_cxx::new_allocator<_Tp>::construct(_Up*, _Args&& ...) [with _Up = std::pair<int, rocksdb::FileMetaData>; _Args = {int&, const rocksdb::FileMetaData&}; _Tp = std::pair<int, rocksdb::FileMetaData>]’
/usr/include/c++/11/bits/alloc_traits.h:516:17:   required from ‘static void std::allocator_traits<std::allocator<_CharT> >::construct(std::allocator_traits<std::allocator<_CharT> >::allocator_type&, _Up*, _Args&& ...) [with _Up = std::pair<int, rocksdb::FileMetaData>; _Args = {int&, const rocksdb::FileMetaData&}; _Tp = std::pair<int, rocksdb::FileMetaData>; std::allocator_traits<std::allocator<_CharT> >::allocator_type = std::allocator<std::pair<int, rocksdb::FileMetaData> >]’
/usr/include/c++/11/bits/vector.tcc:115:30:   required from ‘void std::vector<_Tp, _Alloc>::emplace_back(_Args&& ...) [with _Args = {int&, const rocksdb::FileMetaData&}; _Tp = std::pair<int, rocksdb::FileMetaData>; _Alloc = std::allocator<std::pair<int, rocksdb::FileMetaData> >]’
./db/version_edit.h:258:28:   required from here
./db/version_edit.h:86:8: warning: implicitly-declared ‘constexpr rocksdb::FileDescriptor::FileDescriptor(const rocksdb::FileDescriptor&)’ is deprecated [-Wdeprecated-copy]
   86 | struct FileMetaData {
      |        ^~~~~~~~~~~~
./db/version_edit.h:55:19: note: because ‘rocksdb::FileDescriptor’ has user-provided ‘rocksdb::FileDescriptor& rocksdb::FileDescriptor::operator=(const rocksdb::FileDescriptor&)’
   55 |   FileDescriptor& operator=(const FileDescriptor& fd) {
      |                   ^~~~~~~~
In file included from /usr/include/c++/11/utility:70,
                 from /usr/include/c++/11/tuple:38,
                 from /usr/include/c++/11/mutex:38,
                 from monitoring/thread_status_updater_debug.cc:6:
/usr/include/c++/11/bits/stl_pair.h:323:41: note: synthesized method ‘rocksdb::FileMetaData::FileMetaData(const rocksdb::FileMetaData&)’ first required here
  323 |        : first(std::forward<_U1>(__x)), second(__y) { }
      |                                         ^~~~~~~~~~~
./db/version_edit.h: In instantiation of ‘constexpr std::pair<_T1, _T2>::pair(_U1&&, _U2&&) [with _U1 = int&; _U2 = rocksdb::FileMetaData; typename std::enable_if<(std::_PCC<true, _T1, _T2>::_MoveConstructiblePair<_U1, _U2>() && std::_PCC<true, _T1, _T2>::_ImplicitlyMoveConvertiblePair<_U1, _U2>()), bool>::type <anonymous> = true; _T1 = int; _T2 = rocksdb::FileMetaData]’:
/usr/include/c++/11/ext/new_allocator.h:162:4:   required from ‘void __gnu_cxx::new_allocator<_Tp>::construct(_Up*, _Args&& ...) [with _Up = std::pair<int, rocksdb::FileMetaData>; _Args = {int&, rocksdb::FileMetaData}; _Tp = std::pair<int, rocksdb::FileMetaData>]’
/usr/include/c++/11/bits/alloc_traits.h:516:17:   required from ‘static void std::allocator_traits<std::allocator<_Tp1> >::construct(std::allocator_traits<std::allocator<_Tp1> >::allocator_type&, _Up*, _Args&& ...) [with _Up = std::pair<int, rocksdb::FileMetaData>; _Args = {int&, rocksdb::FileMetaData}; _Tp = std::pair<int, rocksdb::FileMetaData>; std::allocator_traits<std::allocator<_Tp1> >::allocator_type = std::allocator<std::pair<int, rocksdb::FileMetaData> >]’
/usr/include/c++/11/bits/vector.tcc:115:30:   required from ‘void std::vector<_Tp, _Alloc>::emplace_back(_Args&& ...) [with _Args = {int&, rocksdb::FileMetaData}; _Tp = std::pair<int, rocksdb::FileMetaData>; _Alloc = std::allocator<std::pair<int, rocksdb::FileMetaData> >]’
./db/version_edit.h:253:28:   required from here
./db/version_edit.h:86:8: warning: implicitly-declared ‘constexpr rocksdb::FileDescriptor::FileDescriptor(const rocksdb::FileDescriptor&)’ is deprecated [-Wdeprecated-copy]
   86 | struct FileMetaData {
      |        ^~~~~~~~~~~~
./db/version_edit.h:55:19: note: because ‘rocksdb::FileDescriptor’ has user-provided ‘rocksdb::FileDescriptor& rocksdb::FileDescriptor::operator=(const rocksdb::FileDescriptor&)’
   55 |   FileDescriptor& operator=(const FileDescriptor& fd) {
      |                   ^~~~~~~~
In file included from /usr/include/c++/11/bits/stl_algobase.h:64,
                 from /usr/include/c++/11/deque:60,
                 from ./db/db_impl/db_impl.h:12,
                 from ./monitoring/persistent_stats_history.h:11,
                 from monitoring/persistent_stats_history.cc:9:
/usr/include/c++/11/bits/stl_pair.h:353:42: note: synthesized method ‘rocksdb::FileMetaData::FileMetaData(rocksdb::FileMetaData&&)’ first required here
  353 |         : first(std::forward<_U1>(__x)), second(std::forward<_U2>(__y)) { }
      |                                          ^~~~~~~~~~~~~~~~~~~~~~~~~~~~~~
In file included from ./db/memtable.h:21,
                 from ./db/memtable_list.h:17,
                 from ./db/column_family.h:17,
                 from ./db/db_impl/db_impl.h:22,
                 from ./monitoring/persistent_stats_history.h:11,
                 from monitoring/persistent_stats_history.cc:9:
./db/version_edit.h: In instantiation of ‘constexpr std::pair<_T1, _T2>::pair(_U1&&, const _T2&) [with _U1 = int&; typename std::enable_if<std::_PCC<true, _T1, _T2>::_MoveCopyPair<true, _U1, _T2>(), bool>::type <anonymous> = true; _T1 = int; _T2 = rocksdb::FileMetaData]’:
/usr/include/c++/11/ext/new_allocator.h:162:4:   required from ‘void __gnu_cxx::new_allocator<_Tp>::construct(_Up*, _Args&& ...) [with _Up = std::pair<int, rocksdb::FileMetaData>; _Args = {int&, const rocksdb::FileMetaData&}; _Tp = std::pair<int, rocksdb::FileMetaData>]’
/usr/include/c++/11/bits/alloc_traits.h:516:17:   required from ‘static void std::allocator_traits<std::allocator<_Tp1> >::construct(std::allocator_traits<std::allocator<_Tp1> >::allocator_type&, _Up*, _Args&& ...) [with _Up = std::pair<int, rocksdb::FileMetaData>; _Args = {int&, const rocksdb::FileMetaData&}; _Tp = std::pair<int, rocksdb::FileMetaData>; std::allocator_traits<std::allocator<_Tp1> >::allocator_type = std::allocator<std::pair<int, rocksdb::FileMetaData> >]’
/usr/include/c++/11/bits/vector.tcc:115:30:   required from ‘void std::vector<_Tp, _Alloc>::emplace_back(_Args&& ...) [with _Args = {int&, const rocksdb::FileMetaData&}; _Tp = std::pair<int, rocksdb::FileMetaData>; _Alloc = std::allocator<std::pair<int, rocksdb::FileMetaData> >]’
./db/version_edit.h:258:28:   required from here
./db/version_edit.h:86:8: warning: implicitly-declared ‘constexpr rocksdb::FileDescriptor::FileDescriptor(const rocksdb::FileDescriptor&)’ is deprecated [-Wdeprecated-copy]
   86 | struct FileMetaData {
      |        ^~~~~~~~~~~~
./db/version_edit.h:55:19: note: because ‘rocksdb::FileDescriptor’ has user-provided ‘rocksdb::FileDescriptor& rocksdb::FileDescriptor::operator=(const rocksdb::FileDescriptor&)’
   55 |   FileDescriptor& operator=(const FileDescriptor& fd) {
      |                   ^~~~~~~~
In file included from /usr/include/c++/11/bits/stl_algobase.h:64,
                 from /usr/include/c++/11/deque:60,
                 from ./db/db_impl/db_impl.h:12,
                 from ./monitoring/persistent_stats_history.h:11,
                 from monitoring/persistent_stats_history.cc:9:
/usr/include/c++/11/bits/stl_pair.h:323:41: note: synthesized method ‘rocksdb::FileMetaData::FileMetaData(const rocksdb::FileMetaData&)’ first required here
  323 |        : first(std::forward<_U1>(__x)), second(__y) { }
      |                                         ^~~~~~~~~~~
  CC       options/options_sanity_check.o
  CC       port/port_posix.o
  CC       port/stack_trace.o
  CC       table/adaptive/adaptive_table_factory.o
  CC       table/block_based/block.o
  CC       table/block_based/block_based_filter_block.o
  CC       table/block_based/block_based_table_builder.o
  CC       table/block_based/block_based_table_factory.o
  CC       table/block_based/block_based_table_reader.o
  CC       table/block_based/block_builder.o
  CC       table/block_based/block_prefix_index.o
  CC       table/block_based/data_block_hash_index.o
  CC       table/block_based/data_block_footer.o
  CC       table/block_based/flush_block_policy.o
  CC       table/block_based/full_filter_block.o
  CC       table/block_based/index_builder.o
  CC       table/block_based/partitioned_filter_block.o
  CC       table/block_fetcher.o
  CC       table/bloom_block.o
  CC       table/cuckoo/cuckoo_table_builder.o
  CC       table/cuckoo/cuckoo_table_factory.o
  CC       table/cuckoo/cuckoo_table_reader.o
  CC       table/format.o
  CC       table/get_context.o
  CC       table/iterator.o
  CC       table/merging_iterator.o
  CC       table/meta_blocks.o
  CC       table/persistent_cache_helper.o
In file included from ./db/range_del_aggregator.h:21,
                 from ./db/merge_helper.h:14,
                 from table/get_context.cc:7:
./db/version_edit.h: In constructor ‘rocksdb::FdWithKeyRange::FdWithKeyRange(rocksdb::FileDescriptor, rocksdb::Slice, rocksdb::Slice, rocksdb::FileMetaData*)’:
./db/version_edit.h:175:9: warning: implicitly-declared ‘constexpr rocksdb::FileDescriptor::FileDescriptor(const rocksdb::FileDescriptor&)’ is deprecated [-Wdeprecated-copy]
  175 |       : fd(_fd),
      |         ^~~~~~~
./db/version_edit.h:55:19: note: because ‘rocksdb::FileDescriptor’ has user-provided ‘rocksdb::FileDescriptor& rocksdb::FileDescriptor::operator=(const rocksdb::FileDescriptor&)’
   55 |   FileDescriptor& operator=(const FileDescriptor& fd) {
      |                   ^~~~~~~~
./db/version_edit.h: In instantiation of ‘constexpr std::pair<_T1, _T2>::pair(_U1&&, _U2&&) [with _U1 = int&; _U2 = rocksdb::FileMetaData; typename std::enable_if<(std::_PCC<true, _T1, _T2>::_MoveConstructiblePair<_U1, _U2>() && std::_PCC<true, _T1, _T2>::_ImplicitlyMoveConvertiblePair<_U1, _U2>()), bool>::type <anonymous> = true; _T1 = int; _T2 = rocksdb::FileMetaData]’:
/usr/include/c++/11/ext/new_allocator.h:162:4:   required from ‘void __gnu_cxx::new_allocator<_Tp>::construct(_Up*, _Args&& ...) [with _Up = std::pair<int, rocksdb::FileMetaData>; _Args = {int&, rocksdb::FileMetaData}; _Tp = std::pair<int, rocksdb::FileMetaData>]’
/usr/include/c++/11/bits/alloc_traits.h:516:17:   required from ‘static void std::allocator_traits<std::allocator<_Tp1> >::construct(std::allocator_traits<std::allocator<_Tp1> >::allocator_type&, _Up*, _Args&& ...) [with _Up = std::pair<int, rocksdb::FileMetaData>; _Args = {int&, rocksdb::FileMetaData}; _Tp = std::pair<int, rocksdb::FileMetaData>; std::allocator_traits<std::allocator<_Tp1> >::allocator_type = std::allocator<std::pair<int, rocksdb::FileMetaData> >]’
/usr/include/c++/11/bits/vector.tcc:115:30:   required from ‘void std::vector<_Tp, _Alloc>::emplace_back(_Args&& ...) [with _Args = {int&, rocksdb::FileMetaData}; _Tp = std::pair<int, rocksdb::FileMetaData>; _Alloc = std::allocator<std::pair<int, rocksdb::FileMetaData> >]’
./db/version_edit.h:253:28:   required from here
./db/version_edit.h:86:8: warning: implicitly-declared ‘constexpr rocksdb::FileDescriptor::FileDescriptor(const rocksdb::FileDescriptor&)’ is deprecated [-Wdeprecated-copy]
   86 | struct FileMetaData {
      |        ^~~~~~~~~~~~
./db/version_edit.h:55:19: note: because ‘rocksdb::FileDescriptor’ has user-provided ‘rocksdb::FileDescriptor& rocksdb::FileDescriptor::operator=(const rocksdb::FileDescriptor&)’
   55 |   FileDescriptor& operator=(const FileDescriptor& fd) {
      |                   ^~~~~~~~
In file included from /usr/include/c++/11/bits/stl_algobase.h:64,
                 from /usr/include/c++/11/memory:63,
                 from ./db/dbformat.h:12,
                 from ./table/get_context.h:7,
                 from table/get_context.cc:6:
/usr/include/c++/11/bits/stl_pair.h:353:42: note: synthesized method ‘rocksdb::FileMetaData::FileMetaData(rocksdb::FileMetaData&&)’ first required here
  353 |         : first(std::forward<_U1>(__x)), second(std::forward<_U2>(__y)) { }
      |                                          ^~~~~~~~~~~~~~~~~~~~~~~~~~~~~~
In file included from ./db/range_del_aggregator.h:21,
                 from ./db/merge_helper.h:14,
                 from table/get_context.cc:7:
./db/version_edit.h: In instantiation of ‘constexpr std::pair<_T1, _T2>::pair(_U1&&, const _T2&) [with _U1 = int&; typename std::enable_if<std::_PCC<true, _T1, _T2>::_MoveCopyPair<true, _U1, _T2>(), bool>::type <anonymous> = true; _T1 = int; _T2 = rocksdb::FileMetaData]’:
/usr/include/c++/11/ext/new_allocator.h:162:4:   required from ‘void __gnu_cxx::new_allocator<_Tp>::construct(_Up*, _Args&& ...) [with _Up = std::pair<int, rocksdb::FileMetaData>; _Args = {int&, const rocksdb::FileMetaData&}; _Tp = std::pair<int, rocksdb::FileMetaData>]’
/usr/include/c++/11/bits/alloc_traits.h:516:17:   required from ‘static void std::allocator_traits<std::allocator<_Tp1> >::construct(std::allocator_traits<std::allocator<_Tp1> >::allocator_type&, _Up*, _Args&& ...) [with _Up = std::pair<int, rocksdb::FileMetaData>; _Args = {int&, const rocksdb::FileMetaData&}; _Tp = std::pair<int, rocksdb::FileMetaData>; std::allocator_traits<std::allocator<_Tp1> >::allocator_type = std::allocator<std::pair<int, rocksdb::FileMetaData> >]’
/usr/include/c++/11/bits/vector.tcc:115:30:   required from ‘void std::vector<_Tp, _Alloc>::emplace_back(_Args&& ...) [with _Args = {int&, const rocksdb::FileMetaData&}; _Tp = std::pair<int, rocksdb::FileMetaData>; _Alloc = std::allocator<std::pair<int, rocksdb::FileMetaData> >]’
./db/version_edit.h:258:28:   required from here
./db/version_edit.h:86:8: warning: implicitly-declared ‘constexpr rocksdb::FileDescriptor::FileDescriptor(const rocksdb::FileDescriptor&)’ is deprecated [-Wdeprecated-copy]
   86 | struct FileMetaData {
      |        ^~~~~~~~~~~~
./db/version_edit.h:55:19: note: because ‘rocksdb::FileDescriptor’ has user-provided ‘rocksdb::FileDescriptor& rocksdb::FileDescriptor::operator=(const rocksdb::FileDescriptor&)’
   55 |   FileDescriptor& operator=(const FileDescriptor& fd) {
      |                   ^~~~~~~~
In file included from /usr/include/c++/11/bits/stl_algobase.h:64,
                 from /usr/include/c++/11/memory:63,
                 from ./db/dbformat.h:12,
                 from ./table/get_context.h:7,
                 from table/get_context.cc:6:
/usr/include/c++/11/bits/stl_pair.h:323:41: note: synthesized method ‘rocksdb::FileMetaData::FileMetaData(const rocksdb::FileMetaData&)’ first required here
  323 |        : first(std::forward<_U1>(__x)), second(__y) { }
      |                                         ^~~~~~~~~~~
  CC       table/plain/plain_table_builder.o
  CC       table/plain/plain_table_factory.o
  CC       table/plain/plain_table_index.o
  CC       table/plain/plain_table_key_coding.o
  CC       table/plain/plain_table_reader.o
  CC       table/sst_file_reader.o
  CC       table/sst_file_writer.o
  CC       table/table_properties.o
In file included from ./db/memtable.h:21,
                 from ./db/memtable_list.h:17,
                 from ./db/column_family.h:17,
                 from ./db/db_impl/db_impl.h:22,
                 from ./db/db_iter.h:13,
                 from table/sst_file_reader.cc:10:
./db/version_edit.h: In constructor ‘rocksdb::FdWithKeyRange::FdWithKeyRange(rocksdb::FileDescriptor, rocksdb::Slice, rocksdb::Slice, rocksdb::FileMetaData*)’:
./db/version_edit.h:175:9: warning: implicitly-declared ‘constexpr rocksdb::FileDescriptor::FileDescriptor(const rocksdb::FileDescriptor&)’ is deprecated [-Wdeprecated-copy]
  175 |       : fd(_fd),
      |         ^~~~~~~
./db/version_edit.h:55:19: note: because ‘rocksdb::FileDescriptor’ has user-provided ‘rocksdb::FileDescriptor& rocksdb::FileDescriptor::operator=(const rocksdb::FileDescriptor&)’
   55 |   FileDescriptor& operator=(const FileDescriptor& fd) {
      |                   ^~~~~~~~
  CC       table/two_level_iterator.o
  CC       test_util/sync_point.o
  CC       test_util/sync_point_impl.o
  CC       test_util/transaction_test_util.o
  CC       tools/dump/db_dump_tool.o
  CC       trace_replay/trace_replay.o
./db/version_edit.h: In instantiation of ‘constexpr std::pair<_T1, _T2>::pair(_U1&&, _U2&&) [with _U1 = int&; _U2 = rocksdb::FileMetaData; typename std::enable_if<(std::_PCC<true, _T1, _T2>::_MoveConstructiblePair<_U1, _U2>() && std::_PCC<true, _T1, _T2>::_ImplicitlyMoveConvertiblePair<_U1, _U2>()), bool>::type <anonymous> = true; _T1 = int; _T2 = rocksdb::FileMetaData]’:
/usr/include/c++/11/ext/new_allocator.h:162:4:   required from ‘void __gnu_cxx::new_allocator<_Tp>::construct(_Up*, _Args&& ...) [with _Up = std::pair<int, rocksdb::FileMetaData>; _Args = {int&, rocksdb::FileMetaData}; _Tp = std::pair<int, rocksdb::FileMetaData>]’
/usr/include/c++/11/bits/alloc_traits.h:516:17:   required from ‘static void std::allocator_traits<std::allocator<_CharT> >::construct(std::allocator_traits<std::allocator<_CharT> >::allocator_type&, _Up*, _Args&& ...) [with _Up = std::pair<int, rocksdb::FileMetaData>; _Args = {int&, rocksdb::FileMetaData}; _Tp = std::pair<int, rocksdb::FileMetaData>; std::allocator_traits<std::allocator<_CharT> >::allocator_type = std::allocator<std::pair<int, rocksdb::FileMetaData> >]’
/usr/include/c++/11/bits/vector.tcc:115:30:   required from ‘void std::vector<_Tp, _Alloc>::emplace_back(_Args&& ...) [with _Args = {int&, rocksdb::FileMetaData}; _Tp = std::pair<int, rocksdb::FileMetaData>; _Alloc = std::allocator<std::pair<int, rocksdb::FileMetaData> >]’
./db/version_edit.h:253:28:   required from here
./db/version_edit.h:86:8: warning: implicitly-declared ‘constexpr rocksdb::FileDescriptor::FileDescriptor(const rocksdb::FileDescriptor&)’ is deprecated [-Wdeprecated-copy]
   86 | struct FileMetaData {
      |        ^~~~~~~~~~~~
./db/version_edit.h:55:19: note: because ‘rocksdb::FileDescriptor’ has user-provided ‘rocksdb::FileDescriptor& rocksdb::FileDescriptor::operator=(const rocksdb::FileDescriptor&)’
   55 |   FileDescriptor& operator=(const FileDescriptor& fd) {
      |                   ^~~~~~~~
In file included from /usr/include/c++/11/bits/stl_algobase.h:64,
                 from /usr/include/c++/11/bits/char_traits.h:39,
                 from /usr/include/c++/11/string:40,
                 from ./include/rocksdb/iterator.h:21,
                 from ./include/rocksdb/sst_file_reader.h:10,
                 from table/sst_file_reader.cc:8:
/usr/include/c++/11/bits/stl_pair.h:353:42: note: synthesized method ‘rocksdb::FileMetaData::FileMetaData(rocksdb::FileMetaData&&)’ first required here
  353 |         : first(std::forward<_U1>(__x)), second(std::forward<_U2>(__y)) { }
      |                                          ^~~~~~~~~~~~~~~~~~~~~~~~~~~~~~
In file included from ./db/memtable.h:21,
                 from ./db/memtable_list.h:17,
                 from ./db/column_family.h:17,
                 from ./db/db_impl/db_impl.h:22,
                 from ./db/db_iter.h:13,
                 from table/sst_file_reader.cc:10:
./db/version_edit.h: In instantiation of ‘constexpr std::pair<_T1, _T2>::pair(_U1&&, const _T2&) [with _U1 = int&; typename std::enable_if<std::_PCC<true, _T1, _T2>::_MoveCopyPair<true, _U1, _T2>(), bool>::type <anonymous> = true; _T1 = int; _T2 = rocksdb::FileMetaData]’:
/usr/include/c++/11/ext/new_allocator.h:162:4:   required from ‘void __gnu_cxx::new_allocator<_Tp>::construct(_Up*, _Args&& ...) [with _Up = std::pair<int, rocksdb::FileMetaData>; _Args = {int&, const rocksdb::FileMetaData&}; _Tp = std::pair<int, rocksdb::FileMetaData>]’
/usr/include/c++/11/bits/alloc_traits.h:516:17:   required from ‘static void std::allocator_traits<std::allocator<_CharT> >::construct(std::allocator_traits<std::allocator<_CharT> >::allocator_type&, _Up*, _Args&& ...) [with _Up = std::pair<int, rocksdb::FileMetaData>; _Args = {int&, const rocksdb::FileMetaData&}; _Tp = std::pair<int, rocksdb::FileMetaData>; std::allocator_traits<std::allocator<_CharT> >::allocator_type = std::allocator<std::pair<int, rocksdb::FileMetaData> >]’
/usr/include/c++/11/bits/vector.tcc:115:30:   required from ‘void std::vector<_Tp, _Alloc>::emplace_back(_Args&& ...) [with _Args = {int&, const rocksdb::FileMetaData&}; _Tp = std::pair<int, rocksdb::FileMetaData>; _Alloc = std::allocator<std::pair<int, rocksdb::FileMetaData> >]’
./db/version_edit.h:258:28:   required from here
./db/version_edit.h:86:8: warning: implicitly-declared ‘constexpr rocksdb::FileDescriptor::FileDescriptor(const rocksdb::FileDescriptor&)’ is deprecated [-Wdeprecated-copy]
   86 | struct FileMetaData {
      |        ^~~~~~~~~~~~
./db/version_edit.h:55:19: note: because ‘rocksdb::FileDescriptor’ has user-provided ‘rocksdb::FileDescriptor& rocksdb::FileDescriptor::operator=(const rocksdb::FileDescriptor&)’
   55 |   FileDescriptor& operator=(const FileDescriptor& fd) {
      |                   ^~~~~~~~
In file included from /usr/include/c++/11/bits/stl_algobase.h:64,
                 from /usr/include/c++/11/bits/char_traits.h:39,
                 from /usr/include/c++/11/string:40,
                 from ./include/rocksdb/iterator.h:21,
                 from ./include/rocksdb/sst_file_reader.h:10,
                 from table/sst_file_reader.cc:8:
/usr/include/c++/11/bits/stl_pair.h:323:41: note: synthesized method ‘rocksdb::FileMetaData::FileMetaData(const rocksdb::FileMetaData&)’ first required here
  323 |        : first(std::forward<_U1>(__x)), second(__y) { }
      |                                         ^~~~~~~~~~~
  CC       trace_replay/block_cache_tracer.o
  CC       util/bloom.o
In file included from ./db/memtable.h:21,
                 from ./db/memtable_list.h:17,
                 from ./db/column_family.h:17,
                 from ./db/db_impl/db_impl.h:22,
                 from trace_replay/trace_replay.cc:11:
./db/version_edit.h: In constructor ‘rocksdb::FdWithKeyRange::FdWithKeyRange(rocksdb::FileDescriptor, rocksdb::Slice, rocksdb::Slice, rocksdb::FileMetaData*)’:
./db/version_edit.h:175:9: warning: implicitly-declared ‘constexpr rocksdb::FileDescriptor::FileDescriptor(const rocksdb::FileDescriptor&)’ is deprecated [-Wdeprecated-copy]
  175 |       : fd(_fd),
      |         ^~~~~~~
./db/version_edit.h:55:19: note: because ‘rocksdb::FileDescriptor’ has user-provided ‘rocksdb::FileDescriptor& rocksdb::FileDescriptor::operator=(const rocksdb::FileDescriptor&)’
   55 |   FileDescriptor& operator=(const FileDescriptor& fd) {
      |                   ^~~~~~~~
  CC       util/build_version.o
  CC       util/coding.o
  CC       util/compaction_job_stats_impl.o
  CC       util/comparator.o
  CC       util/compression_context_cache.o
  CC       util/concurrent_task_limiter_impl.o
  CC       util/crc32c.o
  CC       util/dynamic_bloom.o
In file included from ./db/memtable.h:21,
                 from ./db/memtable_list.h:17,
                 from ./db/column_family.h:17,
                 from ./db/db_impl/db_impl.h:22,
                 from trace_replay/block_cache_tracer.cc:8:
./db/version_edit.h: In constructor ‘rocksdb::FdWithKeyRange::FdWithKeyRange(rocksdb::FileDescriptor, rocksdb::Slice, rocksdb::Slice, rocksdb::FileMetaData*)’:
./db/version_edit.h:175:9: warning: implicitly-declared ‘constexpr rocksdb::FileDescriptor::FileDescriptor(const rocksdb::FileDescriptor&)’ is deprecated [-Wdeprecated-copy]
  175 |       : fd(_fd),
      |         ^~~~~~~
./db/version_edit.h:55:19: note: because ‘rocksdb::FileDescriptor’ has user-provided ‘rocksdb::FileDescriptor& rocksdb::FileDescriptor::operator=(const rocksdb::FileDescriptor&)’
   55 |   FileDescriptor& operator=(const FileDescriptor& fd) {
      |                   ^~~~~~~~
  CC       util/file_reader_writer.o
  CC       util/filter_policy.o
  CC       util/hash.o
  CC       util/murmurhash.o
  CC       util/random.o
  CC       util/rate_limiter.o
  CC       util/slice.o
  CC       util/status.o
  CC       util/string_util.o
./db/version_edit.h: In instantiation of ‘constexpr std::pair<_T1, _T2>::pair(_U1&&, _U2&&) [with _U1 = int&; _U2 = rocksdb::FileMetaData; typename std::enable_if<(std::_PCC<true, _T1, _T2>::_MoveConstructiblePair<_U1, _U2>() && std::_PCC<true, _T1, _T2>::_ImplicitlyMoveConvertiblePair<_U1, _U2>()), bool>::type <anonymous> = true; _T1 = int; _T2 = rocksdb::FileMetaData]’:
/usr/include/c++/11/ext/new_allocator.h:162:4:   required from ‘void __gnu_cxx::new_allocator<_Tp>::construct(_Up*, _Args&& ...) [with _Up = std::pair<int, rocksdb::FileMetaData>; _Args = {int&, rocksdb::FileMetaData}; _Tp = std::pair<int, rocksdb::FileMetaData>]’
/usr/include/c++/11/bits/alloc_traits.h:516:17:   required from ‘static void std::allocator_traits<std::allocator<_Tp1> >::construct(std::allocator_traits<std::allocator<_Tp1> >::allocator_type&, _Up*, _Args&& ...) [with _Up = std::pair<int, rocksdb::FileMetaData>; _Args = {int&, rocksdb::FileMetaData}; _Tp = std::pair<int, rocksdb::FileMetaData>; std::allocator_traits<std::allocator<_Tp1> >::allocator_type = std::allocator<std::pair<int, rocksdb::FileMetaData> >]’
/usr/include/c++/11/bits/vector.tcc:115:30:   required from ‘void std::vector<_Tp, _Alloc>::emplace_back(_Args&& ...) [with _Args = {int&, rocksdb::FileMetaData}; _Tp = std::pair<int, rocksdb::FileMetaData>; _Alloc = std::allocator<std::pair<int, rocksdb::FileMetaData> >]’
./db/version_edit.h:253:28:   required from here
./db/version_edit.h:86:8: warning: implicitly-declared ‘constexpr rocksdb::FileDescriptor::FileDescriptor(const rocksdb::FileDescriptor&)’ is deprecated [-Wdeprecated-copy]
   86 | struct FileMetaData {
      |        ^~~~~~~~~~~~
./db/version_edit.h:55:19: note: because ‘rocksdb::FileDescriptor’ has user-provided ‘rocksdb::FileDescriptor& rocksdb::FileDescriptor::operator=(const rocksdb::FileDescriptor&)’
   55 |   FileDescriptor& operator=(const FileDescriptor& fd) {
      |                   ^~~~~~~~
In file included from /usr/include/c++/11/bits/stl_algobase.h:64,
                 from /usr/include/c++/11/memory:63,
                 from ./trace_replay/trace_replay.h:8,
                 from trace_replay/trace_replay.cc:6:
/usr/include/c++/11/bits/stl_pair.h:353:42: note: synthesized method ‘rocksdb::FileMetaData::FileMetaData(rocksdb::FileMetaData&&)’ first required here
  353 |         : first(std::forward<_U1>(__x)), second(std::forward<_U2>(__y)) { }
      |                                          ^~~~~~~~~~~~~~~~~~~~~~~~~~~~~~
In file included from ./db/memtable.h:21,
                 from ./db/memtable_list.h:17,
                 from ./db/column_family.h:17,
                 from ./db/db_impl/db_impl.h:22,
                 from trace_replay/trace_replay.cc:11:
./db/version_edit.h: In instantiation of ‘constexpr std::pair<_T1, _T2>::pair(_U1&&, const _T2&) [with _U1 = int&; typename std::enable_if<std::_PCC<true, _T1, _T2>::_MoveCopyPair<true, _U1, _T2>(), bool>::type <anonymous> = true; _T1 = int; _T2 = rocksdb::FileMetaData]’:
/usr/include/c++/11/ext/new_allocator.h:162:4:   required from ‘void __gnu_cxx::new_allocator<_Tp>::construct(_Up*, _Args&& ...) [with _Up = std::pair<int, rocksdb::FileMetaData>; _Args = {int&, const rocksdb::FileMetaData&}; _Tp = std::pair<int, rocksdb::FileMetaData>]’
/usr/include/c++/11/bits/alloc_traits.h:516:17:   required from ‘static void std::allocator_traits<std::allocator<_Tp1> >::construct(std::allocator_traits<std::allocator<_Tp1> >::allocator_type&, _Up*, _Args&& ...) [with _Up = std::pair<int, rocksdb::FileMetaData>; _Args = {int&, const rocksdb::FileMetaData&}; _Tp = std::pair<int, rocksdb::FileMetaData>; std::allocator_traits<std::allocator<_Tp1> >::allocator_type = std::allocator<std::pair<int, rocksdb::FileMetaData> >]’
/usr/include/c++/11/bits/vector.tcc:115:30:   required from ‘void std::vector<_Tp, _Alloc>::emplace_back(_Args&& ...) [with _Args = {int&, const rocksdb::FileMetaData&}; _Tp = std::pair<int, rocksdb::FileMetaData>; _Alloc = std::allocator<std::pair<int, rocksdb::FileMetaData> >]’
./db/version_edit.h:258:28:   required from here
./db/version_edit.h:86:8: warning: implicitly-declared ‘constexpr rocksdb::FileDescriptor::FileDescriptor(const rocksdb::FileDescriptor&)’ is deprecated [-Wdeprecated-copy]
   86 | struct FileMetaData {
      |        ^~~~~~~~~~~~
./db/version_edit.h:55:19: note: because ‘rocksdb::FileDescriptor’ has user-provided ‘rocksdb::FileDescriptor& rocksdb::FileDescriptor::operator=(const rocksdb::FileDescriptor&)’
   55 |   FileDescriptor& operator=(const FileDescriptor& fd) {
      |                   ^~~~~~~~
In file included from /usr/include/c++/11/bits/stl_algobase.h:64,
                 from /usr/include/c++/11/memory:63,
                 from ./trace_replay/trace_replay.h:8,
                 from trace_replay/trace_replay.cc:6:
/usr/include/c++/11/bits/stl_pair.h:323:41: note: synthesized method ‘rocksdb::FileMetaData::FileMetaData(const rocksdb::FileMetaData&)’ first required here
  323 |        : first(std::forward<_U1>(__x)), second(__y) { }
      |                                         ^~~~~~~~~~~
  CC       util/thread_local.o
  CC       util/threadpool_imp.o
  CC       util/xxhash.o
./db/version_edit.h: In instantiation of ‘constexpr std::pair<_T1, _T2>::pair(_U1&&, _U2&&) [with _U1 = int&; _U2 = rocksdb::FileMetaData; typename std::enable_if<(std::_PCC<true, _T1, _T2>::_MoveConstructiblePair<_U1, _U2>() && std::_PCC<true, _T1, _T2>::_ImplicitlyMoveConvertiblePair<_U1, _U2>()), bool>::type <anonymous> = true; _T1 = int; _T2 = rocksdb::FileMetaData]’:
/usr/include/c++/11/ext/new_allocator.h:162:4:   required from ‘void __gnu_cxx::new_allocator<_Tp>::construct(_Up*, _Args&& ...) [with _Up = std::pair<int, rocksdb::FileMetaData>; _Args = {int&, rocksdb::FileMetaData}; _Tp = std::pair<int, rocksdb::FileMetaData>]’
/usr/include/c++/11/bits/alloc_traits.h:516:17:   required from ‘static void std::allocator_traits<std::allocator<_Tp1> >::construct(std::allocator_traits<std::allocator<_Tp1> >::allocator_type&, _Up*, _Args&& ...) [with _Up = std::pair<int, rocksdb::FileMetaData>; _Args = {int&, rocksdb::FileMetaData}; _Tp = std::pair<int, rocksdb::FileMetaData>; std::allocator_traits<std::allocator<_Tp1> >::allocator_type = std::allocator<std::pair<int, rocksdb::FileMetaData> >]’
/usr/include/c++/11/bits/vector.tcc:115:30:   required from ‘void std::vector<_Tp, _Alloc>::emplace_back(_Args&& ...) [with _Args = {int&, rocksdb::FileMetaData}; _Tp = std::pair<int, rocksdb::FileMetaData>; _Alloc = std::allocator<std::pair<int, rocksdb::FileMetaData> >]’
./db/version_edit.h:253:28:   required from here
./db/version_edit.h:86:8: warning: implicitly-declared ‘constexpr rocksdb::FileDescriptor::FileDescriptor(const rocksdb::FileDescriptor&)’ is deprecated [-Wdeprecated-copy]
   86 | struct FileMetaData {
      |        ^~~~~~~~~~~~
./db/version_edit.h:55:19: note: because ‘rocksdb::FileDescriptor’ has user-provided ‘rocksdb::FileDescriptor& rocksdb::FileDescriptor::operator=(const rocksdb::FileDescriptor&)’
   55 |   FileDescriptor& operator=(const FileDescriptor& fd) {
      |                   ^~~~~~~~
In file included from /usr/include/c++/11/bits/stl_algobase.h:64,
                 from /usr/include/c++/11/bits/stl_tree.h:63,
                 from /usr/include/c++/11/map:60,
                 from ./include/rocksdb/statistics.h:11,
                 from ./monitoring/statistics.h:7,
                 from ./monitoring/instrumented_mutex.h:8,
                 from ./trace_replay/block_cache_tracer.h:10,
                 from trace_replay/block_cache_tracer.cc:6:
/usr/include/c++/11/bits/stl_pair.h:353:42: note: synthesized method ‘rocksdb::FileMetaData::FileMetaData(rocksdb::FileMetaData&&)’ first required here
  353 |         : first(std::forward<_U1>(__x)), second(std::forward<_U2>(__y)) { }
      |                                          ^~~~~~~~~~~~~~~~~~~~~~~~~~~~~~
In file included from ./db/memtable.h:21,
                 from ./db/memtable_list.h:17,
                 from ./db/column_family.h:17,
                 from ./db/db_impl/db_impl.h:22,
                 from trace_replay/block_cache_tracer.cc:8:
./db/version_edit.h: In instantiation of ‘constexpr std::pair<_T1, _T2>::pair(_U1&&, const _T2&) [with _U1 = int&; typename std::enable_if<std::_PCC<true, _T1, _T2>::_MoveCopyPair<true, _U1, _T2>(), bool>::type <anonymous> = true; _T1 = int; _T2 = rocksdb::FileMetaData]’:
/usr/include/c++/11/ext/new_allocator.h:162:4:   required from ‘void __gnu_cxx::new_allocator<_Tp>::construct(_Up*, _Args&& ...) [with _Up = std::pair<int, rocksdb::FileMetaData>; _Args = {int&, const rocksdb::FileMetaData&}; _Tp = std::pair<int, rocksdb::FileMetaData>]’
/usr/include/c++/11/bits/alloc_traits.h:516:17:   required from ‘static void std::allocator_traits<std::allocator<_Tp1> >::construct(std::allocator_traits<std::allocator<_Tp1> >::allocator_type&, _Up*, _Args&& ...) [with _Up = std::pair<int, rocksdb::FileMetaData>; _Args = {int&, const rocksdb::FileMetaData&}; _Tp = std::pair<int, rocksdb::FileMetaData>; std::allocator_traits<std::allocator<_Tp1> >::allocator_type = std::allocator<std::pair<int, rocksdb::FileMetaData> >]’
/usr/include/c++/11/bits/vector.tcc:115:30:   required from ‘void std::vector<_Tp, _Alloc>::emplace_back(_Args&& ...) [with _Args = {int&, const rocksdb::FileMetaData&}; _Tp = std::pair<int, rocksdb::FileMetaData>; _Alloc = std::allocator<std::pair<int, rocksdb::FileMetaData> >]’
./db/version_edit.h:258:28:   required from here
./db/version_edit.h:86:8: warning: implicitly-declared ‘constexpr rocksdb::FileDescriptor::FileDescriptor(const rocksdb::FileDescriptor&)’ is deprecated [-Wdeprecated-copy]
   86 | struct FileMetaData {
      |        ^~~~~~~~~~~~
./db/version_edit.h:55:19: note: because ‘rocksdb::FileDescriptor’ has user-provided ‘rocksdb::FileDescriptor& rocksdb::FileDescriptor::operator=(const rocksdb::FileDescriptor&)’
   55 |   FileDescriptor& operator=(const FileDescriptor& fd) {
      |                   ^~~~~~~~
In file included from /usr/include/c++/11/bits/stl_algobase.h:64,
                 from /usr/include/c++/11/bits/stl_tree.h:63,
                 from /usr/include/c++/11/map:60,
                 from ./include/rocksdb/statistics.h:11,
                 from ./monitoring/statistics.h:7,
                 from ./monitoring/instrumented_mutex.h:8,
                 from ./trace_replay/block_cache_tracer.h:10,
                 from trace_replay/block_cache_tracer.cc:6:
/usr/include/c++/11/bits/stl_pair.h:323:41: note: synthesized method ‘rocksdb::FileMetaData::FileMetaData(const rocksdb::FileMetaData&)’ first required here
  323 |        : first(std::forward<_U1>(__x)), second(__y) { }
      |                                         ^~~~~~~~~~~
  CC       utilities/backupable/backupable_db.o
  CC       utilities/blob_db/blob_compaction_filter.o
  CC       utilities/blob_db/blob_db.o
  CC       utilities/blob_db/blob_db_impl.o
  CC       utilities/blob_db/blob_db_impl_filesnapshot.o
  CC       utilities/blob_db/blob_file.o
  CC       utilities/blob_db/blob_log_format.o
In file included from ./db/memtable.h:21,
                 from ./db/memtable_list.h:17,
                 from ./db/column_family.h:17,
                 from ./db/db_impl/db_impl.h:22,
                 from ./db/db_iter.h:13,
                 from ./utilities/blob_db/blob_db_impl.h:22,
                 from ./utilities/blob_db/blob_compaction_filter.h:13,
                 from utilities/blob_db/blob_compaction_filter.cc:8:
./db/version_edit.h: In constructor ‘rocksdb::FdWithKeyRange::FdWithKeyRange(rocksdb::FileDescriptor, rocksdb::Slice, rocksdb::Slice, rocksdb::FileMetaData*)’:
./db/version_edit.h:175:9: warning: implicitly-declared ‘constexpr rocksdb::FileDescriptor::FileDescriptor(const rocksdb::FileDescriptor&)’ is deprecated [-Wdeprecated-copy]
  175 |       : fd(_fd),
      |         ^~~~~~~
./db/version_edit.h:55:19: note: because ‘rocksdb::FileDescriptor’ has user-provided ‘rocksdb::FileDescriptor& rocksdb::FileDescriptor::operator=(const rocksdb::FileDescriptor&)’
   55 |   FileDescriptor& operator=(const FileDescriptor& fd) {
      |                   ^~~~~~~~
In file included from ./db/memtable.h:21,
                 from ./db/memtable_list.h:17,
                 from ./db/column_family.h:17,
                 from ./db/db_impl/db_impl.h:22,
                 from ./db/db_iter.h:13,
                 from ./utilities/blob_db/blob_db_impl.h:22,
                 from utilities/blob_db/blob_db.cc:11:
./db/version_edit.h: In constructor ‘rocksdb::FdWithKeyRange::FdWithKeyRange(rocksdb::FileDescriptor, rocksdb::Slice, rocksdb::Slice, rocksdb::FileMetaData*)’:
./db/version_edit.h:175:9: warning: implicitly-declared ‘constexpr rocksdb::FileDescriptor::FileDescriptor(const rocksdb::FileDescriptor&)’ is deprecated [-Wdeprecated-copy]
  175 |       : fd(_fd),
      |         ^~~~~~~
./db/version_edit.h:55:19: note: because ‘rocksdb::FileDescriptor’ has user-provided ‘rocksdb::FileDescriptor& rocksdb::FileDescriptor::operator=(const rocksdb::FileDescriptor&)’
   55 |   FileDescriptor& operator=(const FileDescriptor& fd) {
      |                   ^~~~~~~~
In file included from ./db/memtable.h:21,
                 from ./db/memtable_list.h:17,
                 from ./db/column_family.h:17,
                 from ./db/db_impl/db_impl.h:22,
                 from ./db/db_iter.h:13,
                 from ./utilities/blob_db/blob_db_impl.h:22,
                 from utilities/blob_db/blob_db_impl_filesnapshot.cc:8:
./db/version_edit.h: In constructor ‘rocksdb::FdWithKeyRange::FdWithKeyRange(rocksdb::FileDescriptor, rocksdb::Slice, rocksdb::Slice, rocksdb::FileMetaData*)’:
./db/version_edit.h:175:9: warning: implicitly-declared ‘constexpr rocksdb::FileDescriptor::FileDescriptor(const rocksdb::FileDescriptor&)’ is deprecated [-Wdeprecated-copy]
  175 |       : fd(_fd),
      |         ^~~~~~~
./db/version_edit.h:55:19: note: because ‘rocksdb::FileDescriptor’ has user-provided ‘rocksdb::FileDescriptor& rocksdb::FileDescriptor::operator=(const rocksdb::FileDescriptor&)’
   55 |   FileDescriptor& operator=(const FileDescriptor& fd) {
      |                   ^~~~~~~~
In file included from ./db/memtable.h:21,
                 from ./db/memtable_list.h:17,
                 from ./db/column_family.h:17,
                 from ./db/db_impl/db_impl.h:22,
                 from ./db/db_iter.h:13,
                 from ./utilities/blob_db/blob_db_impl.h:22,
                 from utilities/blob_db/blob_db_impl.cc:8:
./db/version_edit.h: In constructor ‘rocksdb::FdWithKeyRange::FdWithKeyRange(rocksdb::FileDescriptor, rocksdb::Slice, rocksdb::Slice, rocksdb::FileMetaData*)’:
./db/version_edit.h:175:9: warning: implicitly-declared ‘constexpr rocksdb::FileDescriptor::FileDescriptor(const rocksdb::FileDescriptor&)’ is deprecated [-Wdeprecated-copy]
  175 |       : fd(_fd),
      |         ^~~~~~~
./db/version_edit.h:55:19: note: because ‘rocksdb::FileDescriptor’ has user-provided ‘rocksdb::FileDescriptor& rocksdb::FileDescriptor::operator=(const rocksdb::FileDescriptor&)’
   55 |   FileDescriptor& operator=(const FileDescriptor& fd) {
      |                   ^~~~~~~~
In file included from ./db/memtable.h:21,
                 from ./db/memtable_list.h:17,
                 from ./db/column_family.h:17,
                 from utilities/blob_db/blob_file.cc:16:
./db/version_edit.h: In constructor ‘rocksdb::FdWithKeyRange::FdWithKeyRange(rocksdb::FileDescriptor, rocksdb::Slice, rocksdb::Slice, rocksdb::FileMetaData*)’:
./db/version_edit.h:175:9: warning: implicitly-declared ‘constexpr rocksdb::FileDescriptor::FileDescriptor(const rocksdb::FileDescriptor&)’ is deprecated [-Wdeprecated-copy]
  175 |       : fd(_fd),
      |         ^~~~~~~
./db/version_edit.h:55:19: note: because ‘rocksdb::FileDescriptor’ has user-provided ‘rocksdb::FileDescriptor& rocksdb::FileDescriptor::operator=(const rocksdb::FileDescriptor&)’
   55 |   FileDescriptor& operator=(const FileDescriptor& fd) {
      |                   ^~~~~~~~
  CC       utilities/blob_db/blob_log_reader.o
  CC       utilities/blob_db/blob_log_writer.o
  CC       utilities/cassandra/cassandra_compaction_filter.o
./db/version_edit.h: In instantiation of ‘constexpr std::pair<_T1, _T2>::pair(_U1&&, _U2&&) [with _U1 = int&; _U2 = rocksdb::FileMetaData; typename std::enable_if<(std::_PCC<true, _T1, _T2>::_MoveConstructiblePair<_U1, _U2>() && std::_PCC<true, _T1, _T2>::_ImplicitlyMoveConvertiblePair<_U1, _U2>()), bool>::type <anonymous> = true; _T1 = int; _T2 = rocksdb::FileMetaData]’:
/usr/include/c++/11/ext/new_allocator.h:162:4:   required from ‘void __gnu_cxx::new_allocator<_Tp>::construct(_Up*, _Args&& ...) [with _Up = std::pair<int, rocksdb::FileMetaData>; _Args = {int&, rocksdb::FileMetaData}; _Tp = std::pair<int, rocksdb::FileMetaData>]’
/usr/include/c++/11/bits/alloc_traits.h:516:17:   required from ‘static void std::allocator_traits<std::allocator<_Tp1> >::construct(std::allocator_traits<std::allocator<_Tp1> >::allocator_type&, _Up*, _Args&& ...) [with _Up = std::pair<int, rocksdb::FileMetaData>; _Args = {int&, rocksdb::FileMetaData}; _Tp = std::pair<int, rocksdb::FileMetaData>; std::allocator_traits<std::allocator<_Tp1> >::allocator_type = std::allocator<std::pair<int, rocksdb::FileMetaData> >]’
/usr/include/c++/11/bits/vector.tcc:115:30:   required from ‘void std::vector<_Tp, _Alloc>::emplace_back(_Args&& ...) [with _Args = {int&, rocksdb::FileMetaData}; _Tp = std::pair<int, rocksdb::FileMetaData>; _Alloc = std::allocator<std::pair<int, rocksdb::FileMetaData> >]’
./db/version_edit.h:253:28:   required from here
./db/version_edit.h:86:8: warning: implicitly-declared ‘constexpr rocksdb::FileDescriptor::FileDescriptor(const rocksdb::FileDescriptor&)’ is deprecated [-Wdeprecated-copy]
   86 | struct FileMetaData {
      |        ^~~~~~~~~~~~
./db/version_edit.h:55:19: note: because ‘rocksdb::FileDescriptor’ has user-provided ‘rocksdb::FileDescriptor& rocksdb::FileDescriptor::operator=(const rocksdb::FileDescriptor&)’
   55 |   FileDescriptor& operator=(const FileDescriptor& fd) {
      |                   ^~~~~~~~
In file included from /usr/include/c++/11/unordered_set:43,
                 from ./utilities/blob_db/blob_compaction_filter.h:8,
                 from utilities/blob_db/blob_compaction_filter.cc:8:
/usr/include/c++/11/bits/stl_pair.h:353:42: note: synthesized method ‘rocksdb::FileMetaData::FileMetaData(rocksdb::FileMetaData&&)’ first required here
  353 |         : first(std::forward<_U1>(__x)), second(std::forward<_U2>(__y)) { }
      |                                          ^~~~~~~~~~~~~~~~~~~~~~~~~~~~~~
In file included from ./db/memtable.h:21,
                 from ./db/memtable_list.h:17,
                 from ./db/column_family.h:17,
                 from ./db/db_impl/db_impl.h:22,
                 from ./db/db_iter.h:13,
                 from ./utilities/blob_db/blob_db_impl.h:22,
                 from ./utilities/blob_db/blob_compaction_filter.h:13,
                 from utilities/blob_db/blob_compaction_filter.cc:8:
./db/version_edit.h: In instantiation of ‘constexpr std::pair<_T1, _T2>::pair(_U1&&, const _T2&) [with _U1 = int&; typename std::enable_if<std::_PCC<true, _T1, _T2>::_MoveCopyPair<true, _U1, _T2>(), bool>::type <anonymous> = true; _T1 = int; _T2 = rocksdb::FileMetaData]’:
/usr/include/c++/11/ext/new_allocator.h:162:4:   required from ‘void __gnu_cxx::new_allocator<_Tp>::construct(_Up*, _Args&& ...) [with _Up = std::pair<int, rocksdb::FileMetaData>; _Args = {int&, const rocksdb::FileMetaData&}; _Tp = std::pair<int, rocksdb::FileMetaData>]’
/usr/include/c++/11/bits/alloc_traits.h:516:17:   required from ‘static void std::allocator_traits<std::allocator<_Tp1> >::construct(std::allocator_traits<std::allocator<_Tp1> >::allocator_type&, _Up*, _Args&& ...) [with _Up = std::pair<int, rocksdb::FileMetaData>; _Args = {int&, const rocksdb::FileMetaData&}; _Tp = std::pair<int, rocksdb::FileMetaData>; std::allocator_traits<std::allocator<_Tp1> >::allocator_type = std::allocator<std::pair<int, rocksdb::FileMetaData> >]’
/usr/include/c++/11/bits/vector.tcc:115:30:   required from ‘void std::vector<_Tp, _Alloc>::emplace_back(_Args&& ...) [with _Args = {int&, const rocksdb::FileMetaData&}; _Tp = std::pair<int, rocksdb::FileMetaData>; _Alloc = std::allocator<std::pair<int, rocksdb::FileMetaData> >]’
./db/version_edit.h:258:28:   required from here
./db/version_edit.h:86:8: warning: implicitly-declared ‘constexpr rocksdb::FileDescriptor::FileDescriptor(const rocksdb::FileDescriptor&)’ is deprecated [-Wdeprecated-copy]
   86 | struct FileMetaData {
      |        ^~~~~~~~~~~~
./db/version_edit.h:55:19: note: because ‘rocksdb::FileDescriptor’ has user-provided ‘rocksdb::FileDescriptor& rocksdb::FileDescriptor::operator=(const rocksdb::FileDescriptor&)’
   55 |   FileDescriptor& operator=(const FileDescriptor& fd) {
      |                   ^~~~~~~~
In file included from /usr/include/c++/11/unordered_set:43,
                 from ./utilities/blob_db/blob_compaction_filter.h:8,
                 from utilities/blob_db/blob_compaction_filter.cc:8:
/usr/include/c++/11/bits/stl_pair.h:323:41: note: synthesized method ‘rocksdb::FileMetaData::FileMetaData(const rocksdb::FileMetaData&)’ first required here
  323 |        : first(std::forward<_U1>(__x)), second(__y) { }
      |                                         ^~~~~~~~~~~
  CC       utilities/cassandra/format.o
./db/version_edit.h: In instantiation of ‘constexpr std::pair<_T1, _T2>::pair(_U1&&, _U2&&) [with _U1 = int&; _U2 = rocksdb::FileMetaData; typename std::enable_if<(std::_PCC<true, _T1, _T2>::_MoveConstructiblePair<_U1, _U2>() && std::_PCC<true, _T1, _T2>::_ImplicitlyMoveConvertiblePair<_U1, _U2>()), bool>::type <anonymous> = true; _T1 = int; _T2 = rocksdb::FileMetaData]’:
/usr/include/c++/11/ext/new_allocator.h:162:4:   required from ‘void __gnu_cxx::new_allocator<_Tp>::construct(_Up*, _Args&& ...) [with _Up = std::pair<int, rocksdb::FileMetaData>; _Args = {int&, rocksdb::FileMetaData}; _Tp = std::pair<int, rocksdb::FileMetaData>]’
/usr/include/c++/11/bits/alloc_traits.h:516:17:   required from ‘static void std::allocator_traits<std::allocator<_CharT> >::construct(std::allocator_traits<std::allocator<_CharT> >::allocator_type&, _Up*, _Args&& ...) [with _Up = std::pair<int, rocksdb::FileMetaData>; _Args = {int&, rocksdb::FileMetaData}; _Tp = std::pair<int, rocksdb::FileMetaData>; std::allocator_traits<std::allocator<_CharT> >::allocator_type = std::allocator<std::pair<int, rocksdb::FileMetaData> >]’
/usr/include/c++/11/bits/vector.tcc:115:30:   required from ‘void std::vector<_Tp, _Alloc>::emplace_back(_Args&& ...) [with _Args = {int&, rocksdb::FileMetaData}; _Tp = std::pair<int, rocksdb::FileMetaData>; _Alloc = std::allocator<std::pair<int, rocksdb::FileMetaData> >]’
./db/version_edit.h:253:28:   required from here
./db/version_edit.h:86:8: warning: implicitly-declared ‘constexpr rocksdb::FileDescriptor::FileDescriptor(const rocksdb::FileDescriptor&)’ is deprecated [-Wdeprecated-copy]
   86 | struct FileMetaData {
      |        ^~~~~~~~~~~~
./db/version_edit.h:55:19: note: because ‘rocksdb::FileDescriptor’ has user-provided ‘rocksdb::FileDescriptor& rocksdb::FileDescriptor::operator=(const rocksdb::FileDescriptor&)’
   55 |   FileDescriptor& operator=(const FileDescriptor& fd) {
      |                   ^~~~~~~~
In file included from /usr/include/c++/11/utility:70,
                 from /usr/include/c++/11/tuple:38,
                 from /usr/include/c++/11/functional:54,
                 from ./utilities/blob_db/blob_db.h:10,
                 from utilities/blob_db/blob_db.cc:8:
/usr/include/c++/11/bits/stl_pair.h:353:42: note: synthesized method ‘rocksdb::FileMetaData::FileMetaData(rocksdb::FileMetaData&&)’ first required here
  353 |         : first(std::forward<_U1>(__x)), second(std::forward<_U2>(__y)) { }
      |                                          ^~~~~~~~~~~~~~~~~~~~~~~~~~~~~~
In file included from ./db/memtable.h:21,
                 from ./db/memtable_list.h:17,
                 from ./db/column_family.h:17,
                 from ./db/db_impl/db_impl.h:22,
                 from ./db/db_iter.h:13,
                 from ./utilities/blob_db/blob_db_impl.h:22,
                 from utilities/blob_db/blob_db.cc:11:
./db/version_edit.h: In instantiation of ‘constexpr std::pair<_T1, _T2>::pair(_U1&&, const _T2&) [with _U1 = int&; typename std::enable_if<std::_PCC<true, _T1, _T2>::_MoveCopyPair<true, _U1, _T2>(), bool>::type <anonymous> = true; _T1 = int; _T2 = rocksdb::FileMetaData]’:
/usr/include/c++/11/ext/new_allocator.h:162:4:   required from ‘void __gnu_cxx::new_allocator<_Tp>::construct(_Up*, _Args&& ...) [with _Up = std::pair<int, rocksdb::FileMetaData>; _Args = {int&, const rocksdb::FileMetaData&}; _Tp = std::pair<int, rocksdb::FileMetaData>]’
/usr/include/c++/11/bits/alloc_traits.h:516:17:   required from ‘static void std::allocator_traits<std::allocator<_CharT> >::construct(std::allocator_traits<std::allocator<_CharT> >::allocator_type&, _Up*, _Args&& ...) [with _Up = std::pair<int, rocksdb::FileMetaData>; _Args = {int&, const rocksdb::FileMetaData&}; _Tp = std::pair<int, rocksdb::FileMetaData>; std::allocator_traits<std::allocator<_CharT> >::allocator_type = std::allocator<std::pair<int, rocksdb::FileMetaData> >]’
/usr/include/c++/11/bits/vector.tcc:115:30:   required from ‘void std::vector<_Tp, _Alloc>::emplace_back(_Args&& ...) [with _Args = {int&, const rocksdb::FileMetaData&}; _Tp = std::pair<int, rocksdb::FileMetaData>; _Alloc = std::allocator<std::pair<int, rocksdb::FileMetaData> >]’
./db/version_edit.h:258:28:   required from here
./db/version_edit.h:86:8: warning: implicitly-declared ‘constexpr rocksdb::FileDescriptor::FileDescriptor(const rocksdb::FileDescriptor&)’ is deprecated [-Wdeprecated-copy]
   86 | struct FileMetaData {
      |        ^~~~~~~~~~~~
./db/version_edit.h:55:19: note: because ‘rocksdb::FileDescriptor’ has user-provided ‘rocksdb::FileDescriptor& rocksdb::FileDescriptor::operator=(const rocksdb::FileDescriptor&)’
   55 |   FileDescriptor& operator=(const FileDescriptor& fd) {
      |                   ^~~~~~~~
In file included from /usr/include/c++/11/utility:70,
                 from /usr/include/c++/11/tuple:38,
                 from /usr/include/c++/11/functional:54,
                 from ./utilities/blob_db/blob_db.h:10,
                 from utilities/blob_db/blob_db.cc:8:
/usr/include/c++/11/bits/stl_pair.h:323:41: note: synthesized method ‘rocksdb::FileMetaData::FileMetaData(const rocksdb::FileMetaData&)’ first required here
  323 |        : first(std::forward<_U1>(__x)), second(__y) { }
      |                                         ^~~~~~~~~~~
./db/version_edit.h: In instantiation of ‘constexpr std::pair<_T1, _T2>::pair(_U1&&, _U2&&) [with _U1 = int&; _U2 = rocksdb::FileMetaData; typename std::enable_if<(std::_PCC<true, _T1, _T2>::_MoveConstructiblePair<_U1, _U2>() && std::_PCC<true, _T1, _T2>::_ImplicitlyMoveConvertiblePair<_U1, _U2>()), bool>::type <anonymous> = true; _T1 = int; _T2 = rocksdb::FileMetaData]’:
/usr/include/c++/11/ext/new_allocator.h:162:4:   required from ‘void __gnu_cxx::new_allocator<_Tp>::construct(_Up*, _Args&& ...) [with _Up = std::pair<int, rocksdb::FileMetaData>; _Args = {int&, rocksdb::FileMetaData}; _Tp = std::pair<int, rocksdb::FileMetaData>]’
/usr/include/c++/11/bits/alloc_traits.h:516:17:   required from ‘static void std::allocator_traits<std::allocator<_Tp1> >::construct(std::allocator_traits<std::allocator<_Tp1> >::allocator_type&, _Up*, _Args&& ...) [with _Up = std::pair<int, rocksdb::FileMetaData>; _Args = {int&, rocksdb::FileMetaData}; _Tp = std::pair<int, rocksdb::FileMetaData>; std::allocator_traits<std::allocator<_Tp1> >::allocator_type = std::allocator<std::pair<int, rocksdb::FileMetaData> >]’
/usr/include/c++/11/bits/vector.tcc:115:30:   required from ‘void std::vector<_Tp, _Alloc>::emplace_back(_Args&& ...) [with _Args = {int&, rocksdb::FileMetaData}; _Tp = std::pair<int, rocksdb::FileMetaData>; _Alloc = std::allocator<std::pair<int, rocksdb::FileMetaData> >]’
./db/version_edit.h:253:28:   required from here
./db/version_edit.h:86:8: warning: implicitly-declared ‘constexpr rocksdb::FileDescriptor::FileDescriptor(const rocksdb::FileDescriptor&)’ is deprecated [-Wdeprecated-copy]
   86 | struct FileMetaData {
      |        ^~~~~~~~~~~~
./db/version_edit.h:55:19: note: because ‘rocksdb::FileDescriptor’ has user-provided ‘rocksdb::FileDescriptor& rocksdb::FileDescriptor::operator=(const rocksdb::FileDescriptor&)’
   55 |   FileDescriptor& operator=(const FileDescriptor& fd) {
      |                   ^~~~~~~~
In file included from /usr/include/c++/11/bits/stl_algobase.h:64,
                 from /usr/include/c++/11/memory:63,
                 from ./utilities/blob_db/blob_file.h:9,
                 from utilities/blob_db/blob_file.cc:7:
/usr/include/c++/11/bits/stl_pair.h:353:42: note: synthesized method ‘rocksdb::FileMetaData::FileMetaData(rocksdb::FileMetaData&&)’ first required here
  353 |         : first(std::forward<_U1>(__x)), second(std::forward<_U2>(__y)) { }
      |                                          ^~~~~~~~~~~~~~~~~~~~~~~~~~~~~~
In file included from ./db/memtable.h:21,
                 from ./db/memtable_list.h:17,
                 from ./db/column_family.h:17,
                 from utilities/blob_db/blob_file.cc:16:
./db/version_edit.h: In instantiation of ‘constexpr std::pair<_T1, _T2>::pair(_U1&&, const _T2&) [with _U1 = int&; typename std::enable_if<std::_PCC<true, _T1, _T2>::_MoveCopyPair<true, _U1, _T2>(), bool>::type <anonymous> = true; _T1 = int; _T2 = rocksdb::FileMetaData]’:
/usr/include/c++/11/ext/new_allocator.h:162:4:   required from ‘void __gnu_cxx::new_allocator<_Tp>::construct(_Up*, _Args&& ...) [with _Up = std::pair<int, rocksdb::FileMetaData>; _Args = {int&, const rocksdb::FileMetaData&}; _Tp = std::pair<int, rocksdb::FileMetaData>]’
/usr/include/c++/11/bits/alloc_traits.h:516:17:   required from ‘static void std::allocator_traits<std::allocator<_Tp1> >::construct(std::allocator_traits<std::allocator<_Tp1> >::allocator_type&, _Up*, _Args&& ...) [with _Up = std::pair<int, rocksdb::FileMetaData>; _Args = {int&, const rocksdb::FileMetaData&}; _Tp = std::pair<int, rocksdb::FileMetaData>; std::allocator_traits<std::allocator<_Tp1> >::allocator_type = std::allocator<std::pair<int, rocksdb::FileMetaData> >]’
/usr/include/c++/11/bits/vector.tcc:115:30:   required from ‘void std::vector<_Tp, _Alloc>::emplace_back(_Args&& ...) [with _Args = {int&, const rocksdb::FileMetaData&}; _Tp = std::pair<int, rocksdb::FileMetaData>; _Alloc = std::allocator<std::pair<int, rocksdb::FileMetaData> >]’
./db/version_edit.h:258:28:   required from here
./db/version_edit.h:86:8: warning: implicitly-declared ‘constexpr rocksdb::FileDescriptor::FileDescriptor(const rocksdb::FileDescriptor&)’ is deprecated [-Wdeprecated-copy]
   86 | struct FileMetaData {
      |        ^~~~~~~~~~~~
./db/version_edit.h:55:19: note: because ‘rocksdb::FileDescriptor’ has user-provided ‘rocksdb::FileDescriptor& rocksdb::FileDescriptor::operator=(const rocksdb::FileDescriptor&)’
   55 |   FileDescriptor& operator=(const FileDescriptor& fd) {
      |                   ^~~~~~~~
In file included from /usr/include/c++/11/bits/stl_algobase.h:64,
                 from /usr/include/c++/11/memory:63,
                 from ./utilities/blob_db/blob_file.h:9,
                 from utilities/blob_db/blob_file.cc:7:
/usr/include/c++/11/bits/stl_pair.h:323:41: note: synthesized method ‘rocksdb::FileMetaData::FileMetaData(const rocksdb::FileMetaData&)’ first required here
  323 |        : first(std::forward<_U1>(__x)), second(__y) { }
      |                                         ^~~~~~~~~~~
./db/version_edit.h: In instantiation of ‘constexpr std::pair<_T1, _T2>::pair(_U1&&, _U2&&) [with _U1 = int&; _U2 = rocksdb::FileMetaData; typename std::enable_if<(std::_PCC<true, _T1, _T2>::_MoveConstructiblePair<_U1, _U2>() && std::_PCC<true, _T1, _T2>::_ImplicitlyMoveConvertiblePair<_U1, _U2>()), bool>::type <anonymous> = true; _T1 = int; _T2 = rocksdb::FileMetaData]’:
/usr/include/c++/11/ext/new_allocator.h:162:4:   required from ‘void __gnu_cxx::new_allocator<_Tp>::construct(_Up*, _Args&& ...) [with _Up = std::pair<int, rocksdb::FileMetaData>; _Args = {int&, rocksdb::FileMetaData}; _Tp = std::pair<int, rocksdb::FileMetaData>]’
/usr/include/c++/11/bits/alloc_traits.h:516:17:   required from ‘static void std::allocator_traits<std::allocator<_CharT> >::construct(std::allocator_traits<std::allocator<_CharT> >::allocator_type&, _Up*, _Args&& ...) [with _Up = std::pair<int, rocksdb::FileMetaData>; _Args = {int&, rocksdb::FileMetaData}; _Tp = std::pair<int, rocksdb::FileMetaData>; std::allocator_traits<std::allocator<_CharT> >::allocator_type = std::allocator<std::pair<int, rocksdb::FileMetaData> >]’
/usr/include/c++/11/bits/vector.tcc:115:30:   required from ‘void std::vector<_Tp, _Alloc>::emplace_back(_Args&& ...) [with _Args = {int&, rocksdb::FileMetaData}; _Tp = std::pair<int, rocksdb::FileMetaData>; _Alloc = std::allocator<std::pair<int, rocksdb::FileMetaData> >]’
./db/version_edit.h:253:28:   required from here
./db/version_edit.h:86:8: warning: implicitly-declared ‘constexpr rocksdb::FileDescriptor::FileDescriptor(const rocksdb::FileDescriptor&)’ is deprecated [-Wdeprecated-copy]
   86 | struct FileMetaData {
      |        ^~~~~~~~~~~~
./db/version_edit.h:55:19: note: because ‘rocksdb::FileDescriptor’ has user-provided ‘rocksdb::FileDescriptor& rocksdb::FileDescriptor::operator=(const rocksdb::FileDescriptor&)’
   55 |   FileDescriptor& operator=(const FileDescriptor& fd) {
      |                   ^~~~~~~~
In file included from /usr/include/c++/11/bits/stl_algobase.h:64,
                 from /usr/include/c++/11/bits/char_traits.h:39,
                 from /usr/include/c++/11/string:40,
                 from /usr/include/c++/11/stdexcept:39,
                 from /usr/include/c++/11/system_error:41,
                 from /usr/include/c++/11/bits/std_mutex.h:39,
                 from /usr/include/c++/11/condition_variable:40,
                 from ./utilities/blob_db/blob_db_impl.h:11,
                 from utilities/blob_db/blob_db_impl_filesnapshot.cc:8:
/usr/include/c++/11/bits/stl_pair.h:353:42: note: synthesized method ‘rocksdb::FileMetaData::FileMetaData(rocksdb::FileMetaData&&)’ first required here
  353 |         : first(std::forward<_U1>(__x)), second(std::forward<_U2>(__y)) { }
      |                                          ^~~~~~~~~~~~~~~~~~~~~~~~~~~~~~
In file included from ./db/memtable.h:21,
                 from ./db/memtable_list.h:17,
                 from ./db/column_family.h:17,
                 from ./db/db_impl/db_impl.h:22,
                 from ./db/db_iter.h:13,
                 from ./utilities/blob_db/blob_db_impl.h:22,
                 from utilities/blob_db/blob_db_impl_filesnapshot.cc:8:
./db/version_edit.h: In instantiation of ‘constexpr std::pair<_T1, _T2>::pair(_U1&&, const _T2&) [with _U1 = int&; typename std::enable_if<std::_PCC<true, _T1, _T2>::_MoveCopyPair<true, _U1, _T2>(), bool>::type <anonymous> = true; _T1 = int; _T2 = rocksdb::FileMetaData]’:
/usr/include/c++/11/ext/new_allocator.h:162:4:   required from ‘void __gnu_cxx::new_allocator<_Tp>::construct(_Up*, _Args&& ...) [with _Up = std::pair<int, rocksdb::FileMetaData>; _Args = {int&, const rocksdb::FileMetaData&}; _Tp = std::pair<int, rocksdb::FileMetaData>]’
/usr/include/c++/11/bits/alloc_traits.h:516:17:   required from ‘static void std::allocator_traits<std::allocator<_CharT> >::construct(std::allocator_traits<std::allocator<_CharT> >::allocator_type&, _Up*, _Args&& ...) [with _Up = std::pair<int, rocksdb::FileMetaData>; _Args = {int&, const rocksdb::FileMetaData&}; _Tp = std::pair<int, rocksdb::FileMetaData>; std::allocator_traits<std::allocator<_CharT> >::allocator_type = std::allocator<std::pair<int, rocksdb::FileMetaData> >]’
/usr/include/c++/11/bits/vector.tcc:115:30:   required from ‘void std::vector<_Tp, _Alloc>::emplace_back(_Args&& ...) [with _Args = {int&, const rocksdb::FileMetaData&}; _Tp = std::pair<int, rocksdb::FileMetaData>; _Alloc = std::allocator<std::pair<int, rocksdb::FileMetaData> >]’
./db/version_edit.h:258:28:   required from here
./db/version_edit.h:86:8: warning: implicitly-declared ‘constexpr rocksdb::FileDescriptor::FileDescriptor(const rocksdb::FileDescriptor&)’ is deprecated [-Wdeprecated-copy]
   86 | struct FileMetaData {
      |        ^~~~~~~~~~~~
./db/version_edit.h:55:19: note: because ‘rocksdb::FileDescriptor’ has user-provided ‘rocksdb::FileDescriptor& rocksdb::FileDescriptor::operator=(const rocksdb::FileDescriptor&)’
   55 |   FileDescriptor& operator=(const FileDescriptor& fd) {
      |                   ^~~~~~~~
In file included from /usr/include/c++/11/bits/stl_algobase.h:64,
                 from /usr/include/c++/11/bits/char_traits.h:39,
                 from /usr/include/c++/11/string:40,
                 from /usr/include/c++/11/stdexcept:39,
                 from /usr/include/c++/11/system_error:41,
                 from /usr/include/c++/11/bits/std_mutex.h:39,
                 from /usr/include/c++/11/condition_variable:40,
                 from ./utilities/blob_db/blob_db_impl.h:11,
                 from utilities/blob_db/blob_db_impl_filesnapshot.cc:8:
/usr/include/c++/11/bits/stl_pair.h:323:41: note: synthesized method ‘rocksdb::FileMetaData::FileMetaData(const rocksdb::FileMetaData&)’ first required here
  323 |        : first(std::forward<_U1>(__x)), second(__y) { }
      |                                         ^~~~~~~~~~~
./db/version_edit.h: In instantiation of ‘constexpr std::pair<_T1, _T2>::pair(_U1&&, _U2&&) [with _U1 = int&; _U2 = rocksdb::FileMetaData; typename std::enable_if<(std::_PCC<true, _T1, _T2>::_MoveConstructiblePair<_U1, _U2>() && std::_PCC<true, _T1, _T2>::_ImplicitlyMoveConvertiblePair<_U1, _U2>()), bool>::type <anonymous> = true; _T1 = int; _T2 = rocksdb::FileMetaData]’:
/usr/include/c++/11/ext/new_allocator.h:162:4:   required from ‘void __gnu_cxx::new_allocator<_Tp>::construct(_Up*, _Args&& ...) [with _Up = std::pair<int, rocksdb::FileMetaData>; _Args = {int&, rocksdb::FileMetaData}; _Tp = std::pair<int, rocksdb::FileMetaData>]’
/usr/include/c++/11/bits/alloc_traits.h:516:17:   required from ‘static void std::allocator_traits<std::allocator<_CharT> >::construct(std::allocator_traits<std::allocator<_CharT> >::allocator_type&, _Up*, _Args&& ...) [with _Up = std::pair<int, rocksdb::FileMetaData>; _Args = {int&, rocksdb::FileMetaData}; _Tp = std::pair<int, rocksdb::FileMetaData>; std::allocator_traits<std::allocator<_CharT> >::allocator_type = std::allocator<std::pair<int, rocksdb::FileMetaData> >]’
/usr/include/c++/11/bits/vector.tcc:115:30:   required from ‘void std::vector<_Tp, _Alloc>::emplace_back(_Args&& ...) [with _Args = {int&, rocksdb::FileMetaData}; _Tp = std::pair<int, rocksdb::FileMetaData>; _Alloc = std::allocator<std::pair<int, rocksdb::FileMetaData> >]’
./db/version_edit.h:253:28:   required from here
./db/version_edit.h:86:8: warning: implicitly-declared ‘constexpr rocksdb::FileDescriptor::FileDescriptor(const rocksdb::FileDescriptor&)’ is deprecated [-Wdeprecated-copy]
   86 | struct FileMetaData {
      |        ^~~~~~~~~~~~
./db/version_edit.h:55:19: note: because ‘rocksdb::FileDescriptor’ has user-provided ‘rocksdb::FileDescriptor& rocksdb::FileDescriptor::operator=(const rocksdb::FileDescriptor&)’
   55 |   FileDescriptor& operator=(const FileDescriptor& fd) {
      |                   ^~~~~~~~
In file included from /usr/include/c++/11/bits/stl_algobase.h:64,
                 from /usr/include/c++/11/bits/char_traits.h:39,
                 from /usr/include/c++/11/string:40,
                 from /usr/include/c++/11/stdexcept:39,
                 from /usr/include/c++/11/system_error:41,
                 from /usr/include/c++/11/bits/std_mutex.h:39,
                 from /usr/include/c++/11/condition_variable:40,
                 from ./utilities/blob_db/blob_db_impl.h:11,
                 from utilities/blob_db/blob_db_impl.cc:8:
/usr/include/c++/11/bits/stl_pair.h:353:42: note: synthesized method ‘rocksdb::FileMetaData::FileMetaData(rocksdb::FileMetaData&&)’ first required here
  353 |         : first(std::forward<_U1>(__x)), second(std::forward<_U2>(__y)) { }
      |                                          ^~~~~~~~~~~~~~~~~~~~~~~~~~~~~~
In file included from ./db/memtable.h:21,
                 from ./db/memtable_list.h:17,
                 from ./db/column_family.h:17,
                 from ./db/db_impl/db_impl.h:22,
                 from ./db/db_iter.h:13,
                 from ./utilities/blob_db/blob_db_impl.h:22,
                 from utilities/blob_db/blob_db_impl.cc:8:
./db/version_edit.h: In instantiation of ‘constexpr std::pair<_T1, _T2>::pair(_U1&&, const _T2&) [with _U1 = int&; typename std::enable_if<std::_PCC<true, _T1, _T2>::_MoveCopyPair<true, _U1, _T2>(), bool>::type <anonymous> = true; _T1 = int; _T2 = rocksdb::FileMetaData]’:
/usr/include/c++/11/ext/new_allocator.h:162:4:   required from ‘void __gnu_cxx::new_allocator<_Tp>::construct(_Up*, _Args&& ...) [with _Up = std::pair<int, rocksdb::FileMetaData>; _Args = {int&, const rocksdb::FileMetaData&}; _Tp = std::pair<int, rocksdb::FileMetaData>]’
/usr/include/c++/11/bits/alloc_traits.h:516:17:   required from ‘static void std::allocator_traits<std::allocator<_CharT> >::construct(std::allocator_traits<std::allocator<_CharT> >::allocator_type&, _Up*, _Args&& ...) [with _Up = std::pair<int, rocksdb::FileMetaData>; _Args = {int&, const rocksdb::FileMetaData&}; _Tp = std::pair<int, rocksdb::FileMetaData>; std::allocator_traits<std::allocator<_CharT> >::allocator_type = std::allocator<std::pair<int, rocksdb::FileMetaData> >]’
/usr/include/c++/11/bits/vector.tcc:115:30:   required from ‘void std::vector<_Tp, _Alloc>::emplace_back(_Args&& ...) [with _Args = {int&, const rocksdb::FileMetaData&}; _Tp = std::pair<int, rocksdb::FileMetaData>; _Alloc = std::allocator<std::pair<int, rocksdb::FileMetaData> >]’
./db/version_edit.h:258:28:   required from here
./db/version_edit.h:86:8: warning: implicitly-declared ‘constexpr rocksdb::FileDescriptor::FileDescriptor(const rocksdb::FileDescriptor&)’ is deprecated [-Wdeprecated-copy]
   86 | struct FileMetaData {
      |        ^~~~~~~~~~~~
./db/version_edit.h:55:19: note: because ‘rocksdb::FileDescriptor’ has user-provided ‘rocksdb::FileDescriptor& rocksdb::FileDescriptor::operator=(const rocksdb::FileDescriptor&)’
   55 |   FileDescriptor& operator=(const FileDescriptor& fd) {
      |                   ^~~~~~~~
In file included from /usr/include/c++/11/bits/stl_algobase.h:64,
                 from /usr/include/c++/11/bits/char_traits.h:39,
                 from /usr/include/c++/11/string:40,
                 from /usr/include/c++/11/stdexcept:39,
                 from /usr/include/c++/11/system_error:41,
                 from /usr/include/c++/11/bits/std_mutex.h:39,
                 from /usr/include/c++/11/condition_variable:40,
                 from ./utilities/blob_db/blob_db_impl.h:11,
                 from utilities/blob_db/blob_db_impl.cc:8:
/usr/include/c++/11/bits/stl_pair.h:323:41: note: synthesized method ‘rocksdb::FileMetaData::FileMetaData(const rocksdb::FileMetaData&)’ first required here
  323 |        : first(std::forward<_U1>(__x)), second(__y) { }
      |                                         ^~~~~~~~~~~
  CC       utilities/cassandra/merge_operator.o
  CC       utilities/checkpoint/checkpoint_impl.o
  CC       utilities/compaction_filters/remove_emptyvalue_compactionfilter.o
  CC       utilities/convenience/info_log_finder.o
  CC       utilities/debug.o
In file included from ./db/memtable.h:21,
                 from ./db/memtable_list.h:17,
                 from ./db/column_family.h:17,
                 from ./db/version_set.h:31,
                 from ./db/wal_manager.h:20,
                 from utilities/checkpoint/checkpoint_impl.cc:19:
./db/version_edit.h: In constructor ‘rocksdb::FdWithKeyRange::FdWithKeyRange(rocksdb::FileDescriptor, rocksdb::Slice, rocksdb::Slice, rocksdb::FileMetaData*)’:
./db/version_edit.h:175:9: warning: implicitly-declared ‘constexpr rocksdb::FileDescriptor::FileDescriptor(const rocksdb::FileDescriptor&)’ is deprecated [-Wdeprecated-copy]
  175 |       : fd(_fd),
      |         ^~~~~~~
./db/version_edit.h:55:19: note: because ‘rocksdb::FileDescriptor’ has user-provided ‘rocksdb::FileDescriptor& rocksdb::FileDescriptor::operator=(const rocksdb::FileDescriptor&)’
   55 |   FileDescriptor& operator=(const FileDescriptor& fd) {
      |                   ^~~~~~~~
  CC       utilities/env_mirror.o
  CC       utilities/env_timed.o
  CC       utilities/leveldb_options/leveldb_options.o
In file included from ./db/memtable.h:21,
                 from ./db/memtable_list.h:17,
                 from ./db/column_family.h:17,
                 from ./db/db_impl/db_impl.h:22,
                 from utilities/debug.cc:10:
./db/version_edit.h: In constructor ‘rocksdb::FdWithKeyRange::FdWithKeyRange(rocksdb::FileDescriptor, rocksdb::Slice, rocksdb::Slice, rocksdb::FileMetaData*)’:
./db/version_edit.h:175:9: warning: implicitly-declared ‘constexpr rocksdb::FileDescriptor::FileDescriptor(const rocksdb::FileDescriptor&)’ is deprecated [-Wdeprecated-copy]
  175 |       : fd(_fd),
      |         ^~~~~~~
./db/version_edit.h:55:19: note: because ‘rocksdb::FileDescriptor’ has user-provided ‘rocksdb::FileDescriptor& rocksdb::FileDescriptor::operator=(const rocksdb::FileDescriptor&)’
   55 |   FileDescriptor& operator=(const FileDescriptor& fd) {
      |                   ^~~~~~~~
  CC       utilities/memory/memory_util.o
./db/version_edit.h: In instantiation of ‘constexpr std::pair<_T1, _T2>::pair(_U1&&, _U2&&) [with _U1 = int&; _U2 = rocksdb::FileMetaData; typename std::enable_if<(std::_PCC<true, _T1, _T2>::_MoveConstructiblePair<_U1, _U2>() && std::_PCC<true, _T1, _T2>::_ImplicitlyMoveConvertiblePair<_U1, _U2>()), bool>::type <anonymous> = true; _T1 = int; _T2 = rocksdb::FileMetaData]’:
/usr/include/c++/11/ext/new_allocator.h:162:4:   required from ‘void __gnu_cxx::new_allocator<_Tp>::construct(_Up*, _Args&& ...) [with _Up = std::pair<int, rocksdb::FileMetaData>; _Args = {int&, rocksdb::FileMetaData}; _Tp = std::pair<int, rocksdb::FileMetaData>]’
/usr/include/c++/11/bits/alloc_traits.h:516:17:   required from ‘static void std::allocator_traits<std::allocator<_CharT> >::construct(std::allocator_traits<std::allocator<_CharT> >::allocator_type&, _Up*, _Args&& ...) [with _Up = std::pair<int, rocksdb::FileMetaData>; _Args = {int&, rocksdb::FileMetaData}; _Tp = std::pair<int, rocksdb::FileMetaData>; std::allocator_traits<std::allocator<_CharT> >::allocator_type = std::allocator<std::pair<int, rocksdb::FileMetaData> >]’
/usr/include/c++/11/bits/vector.tcc:115:30:   required from ‘void std::vector<_Tp, _Alloc>::emplace_back(_Args&& ...) [with _Args = {int&, rocksdb::FileMetaData}; _Tp = std::pair<int, rocksdb::FileMetaData>; _Alloc = std::allocator<std::pair<int, rocksdb::FileMetaData> >]’
./db/version_edit.h:253:28:   required from here
./db/version_edit.h:86:8: warning: implicitly-declared ‘constexpr rocksdb::FileDescriptor::FileDescriptor(const rocksdb::FileDescriptor&)’ is deprecated [-Wdeprecated-copy]
   86 | struct FileMetaData {
      |        ^~~~~~~~~~~~
./db/version_edit.h:55:19: note: because ‘rocksdb::FileDescriptor’ has user-provided ‘rocksdb::FileDescriptor& rocksdb::FileDescriptor::operator=(const rocksdb::FileDescriptor&)’
   55 |   FileDescriptor& operator=(const FileDescriptor& fd) {
      |                   ^~~~~~~~
In file included from /usr/include/c++/11/bits/stl_algobase.h:64,
                 from /usr/include/c++/11/bits/char_traits.h:39,
                 from /usr/include/c++/11/string:40,
                 from ./include/rocksdb/utilities/checkpoint.h:11,
                 from ./utilities/checkpoint/checkpoint_impl.h:9,
                 from utilities/checkpoint/checkpoint_impl.cc:12:
/usr/include/c++/11/bits/stl_pair.h:353:42: note: synthesized method ‘rocksdb::FileMetaData::FileMetaData(rocksdb::FileMetaData&&)’ first required here
  353 |         : first(std::forward<_U1>(__x)), second(std::forward<_U2>(__y)) { }
      |                                          ^~~~~~~~~~~~~~~~~~~~~~~~~~~~~~
In file included from ./db/memtable.h:21,
                 from ./db/memtable_list.h:17,
                 from ./db/column_family.h:17,
                 from ./db/version_set.h:31,
                 from ./db/wal_manager.h:20,
                 from utilities/checkpoint/checkpoint_impl.cc:19:
./db/version_edit.h: In instantiation of ‘constexpr std::pair<_T1, _T2>::pair(_U1&&, const _T2&) [with _U1 = int&; typename std::enable_if<std::_PCC<true, _T1, _T2>::_MoveCopyPair<true, _U1, _T2>(), bool>::type <anonymous> = true; _T1 = int; _T2 = rocksdb::FileMetaData]’:
/usr/include/c++/11/ext/new_allocator.h:162:4:   required from ‘void __gnu_cxx::new_allocator<_Tp>::construct(_Up*, _Args&& ...) [with _Up = std::pair<int, rocksdb::FileMetaData>; _Args = {int&, const rocksdb::FileMetaData&}; _Tp = std::pair<int, rocksdb::FileMetaData>]’
/usr/include/c++/11/bits/alloc_traits.h:516:17:   required from ‘static void std::allocator_traits<std::allocator<_CharT> >::construct(std::allocator_traits<std::allocator<_CharT> >::allocator_type&, _Up*, _Args&& ...) [with _Up = std::pair<int, rocksdb::FileMetaData>; _Args = {int&, const rocksdb::FileMetaData&}; _Tp = std::pair<int, rocksdb::FileMetaData>; std::allocator_traits<std::allocator<_CharT> >::allocator_type = std::allocator<std::pair<int, rocksdb::FileMetaData> >]’
/usr/include/c++/11/bits/vector.tcc:115:30:   required from ‘void std::vector<_Tp, _Alloc>::emplace_back(_Args&& ...) [with _Args = {int&, const rocksdb::FileMetaData&}; _Tp = std::pair<int, rocksdb::FileMetaData>; _Alloc = std::allocator<std::pair<int, rocksdb::FileMetaData> >]’
./db/version_edit.h:258:28:   required from here
./db/version_edit.h:86:8: warning: implicitly-declared ‘constexpr rocksdb::FileDescriptor::FileDescriptor(const rocksdb::FileDescriptor&)’ is deprecated [-Wdeprecated-copy]
   86 | struct FileMetaData {
      |        ^~~~~~~~~~~~
./db/version_edit.h:55:19: note: because ‘rocksdb::FileDescriptor’ has user-provided ‘rocksdb::FileDescriptor& rocksdb::FileDescriptor::operator=(const rocksdb::FileDescriptor&)’
   55 |   FileDescriptor& operator=(const FileDescriptor& fd) {
      |                   ^~~~~~~~
In file included from /usr/include/c++/11/bits/stl_algobase.h:64,
                 from /usr/include/c++/11/bits/char_traits.h:39,
                 from /usr/include/c++/11/string:40,
                 from ./include/rocksdb/utilities/checkpoint.h:11,
                 from ./utilities/checkpoint/checkpoint_impl.h:9,
                 from utilities/checkpoint/checkpoint_impl.cc:12:
/usr/include/c++/11/bits/stl_pair.h:323:41: note: synthesized method ‘rocksdb::FileMetaData::FileMetaData(const rocksdb::FileMetaData&)’ first required here
  323 |        : first(std::forward<_U1>(__x)), second(__y) { }
      |                                         ^~~~~~~~~~~
  CC       utilities/merge_operators/max.o
  CC       utilities/merge_operators/put.o
  CC       utilities/merge_operators/string_append/stringappend.o
  CC       utilities/merge_operators/string_append/stringappend2.o
In file included from ./db/memtable.h:21,
                 from ./db/memtable_list.h:17,
                 from ./db/column_family.h:17,
                 from ./db/db_impl/db_impl.h:22,
                 from utilities/memory/memory_util.cc:10:
./db/version_edit.h: In constructor ‘rocksdb::FdWithKeyRange::FdWithKeyRange(rocksdb::FileDescriptor, rocksdb::Slice, rocksdb::Slice, rocksdb::FileMetaData*)’:
./db/version_edit.h:175:9: warning: implicitly-declared ‘constexpr rocksdb::FileDescriptor::FileDescriptor(const rocksdb::FileDescriptor&)’ is deprecated [-Wdeprecated-copy]
  175 |       : fd(_fd),
      |         ^~~~~~~
./db/version_edit.h:55:19: note: because ‘rocksdb::FileDescriptor’ has user-provided ‘rocksdb::FileDescriptor& rocksdb::FileDescriptor::operator=(const rocksdb::FileDescriptor&)’
   55 |   FileDescriptor& operator=(const FileDescriptor& fd) {
      |                   ^~~~~~~~
  CC       utilities/merge_operators/uint64add.o
  CC       utilities/merge_operators/bytesxor.o
  CC       utilities/option_change_migration/option_change_migration.o
  CC       utilities/options/options_util.o
  CC       utilities/persistent_cache/block_cache_tier.o
./db/version_edit.h: In instantiation of ‘constexpr std::pair<_T1, _T2>::pair(_U1&&, _U2&&) [with _U1 = int&; _U2 = rocksdb::FileMetaData; typename std::enable_if<(std::_PCC<true, _T1, _T2>::_MoveConstructiblePair<_U1, _U2>() && std::_PCC<true, _T1, _T2>::_ImplicitlyMoveConvertiblePair<_U1, _U2>()), bool>::type <anonymous> = true; _T1 = int; _T2 = rocksdb::FileMetaData]’:
/usr/include/c++/11/ext/new_allocator.h:162:4:   required from ‘void __gnu_cxx::new_allocator<_Tp>::construct(_Up*, _Args&& ...) [with _Up = std::pair<int, rocksdb::FileMetaData>; _Args = {int&, rocksdb::FileMetaData}; _Tp = std::pair<int, rocksdb::FileMetaData>]’
/usr/include/c++/11/bits/alloc_traits.h:516:17:   required from ‘static void std::allocator_traits<std::allocator<_Tp1> >::construct(std::allocator_traits<std::allocator<_Tp1> >::allocator_type&, _Up*, _Args&& ...) [with _Up = std::pair<int, rocksdb::FileMetaData>; _Args = {int&, rocksdb::FileMetaData}; _Tp = std::pair<int, rocksdb::FileMetaData>; std::allocator_traits<std::allocator<_Tp1> >::allocator_type = std::allocator<std::pair<int, rocksdb::FileMetaData> >]’
/usr/include/c++/11/bits/vector.tcc:115:30:   required from ‘void std::vector<_Tp, _Alloc>::emplace_back(_Args&& ...) [with _Args = {int&, rocksdb::FileMetaData}; _Tp = std::pair<int, rocksdb::FileMetaData>; _Alloc = std::allocator<std::pair<int, rocksdb::FileMetaData> >]’
./db/version_edit.h:253:28:   required from here
./db/version_edit.h:86:8: warning: implicitly-declared ‘constexpr rocksdb::FileDescriptor::FileDescriptor(const rocksdb::FileDescriptor&)’ is deprecated [-Wdeprecated-copy]
   86 | struct FileMetaData {
      |        ^~~~~~~~~~~~
./db/version_edit.h:55:19: note: because ‘rocksdb::FileDescriptor’ has user-provided ‘rocksdb::FileDescriptor& rocksdb::FileDescriptor::operator=(const rocksdb::FileDescriptor&)’
   55 |   FileDescriptor& operator=(const FileDescriptor& fd) {
      |                   ^~~~~~~~
In file included from /usr/include/c++/11/bits/stl_algobase.h:64,
                 from /usr/include/c++/11/bits/stl_tree.h:63,
                 from /usr/include/c++/11/map:60,
                 from ./include/rocksdb/db.h:13,
                 from ./include/rocksdb/utilities/debug.h:10,
                 from utilities/debug.cc:8:
/usr/include/c++/11/bits/stl_pair.h:353:42: note: synthesized method ‘rocksdb::FileMetaData::FileMetaData(rocksdb::FileMetaData&&)’ first required here
  353 |         : first(std::forward<_U1>(__x)), second(std::forward<_U2>(__y)) { }
      |                                          ^~~~~~~~~~~~~~~~~~~~~~~~~~~~~~
In file included from ./db/memtable.h:21,
                 from ./db/memtable_list.h:17,
                 from ./db/column_family.h:17,
                 from ./db/db_impl/db_impl.h:22,
                 from utilities/debug.cc:10:
./db/version_edit.h: In instantiation of ‘constexpr std::pair<_T1, _T2>::pair(_U1&&, const _T2&) [with _U1 = int&; typename std::enable_if<std::_PCC<true, _T1, _T2>::_MoveCopyPair<true, _U1, _T2>(), bool>::type <anonymous> = true; _T1 = int; _T2 = rocksdb::FileMetaData]’:
/usr/include/c++/11/ext/new_allocator.h:162:4:   required from ‘void __gnu_cxx::new_allocator<_Tp>::construct(_Up*, _Args&& ...) [with _Up = std::pair<int, rocksdb::FileMetaData>; _Args = {int&, const rocksdb::FileMetaData&}; _Tp = std::pair<int, rocksdb::FileMetaData>]’
/usr/include/c++/11/bits/alloc_traits.h:516:17:   required from ‘static void std::allocator_traits<std::allocator<_Tp1> >::construct(std::allocator_traits<std::allocator<_Tp1> >::allocator_type&, _Up*, _Args&& ...) [with _Up = std::pair<int, rocksdb::FileMetaData>; _Args = {int&, const rocksdb::FileMetaData&}; _Tp = std::pair<int, rocksdb::FileMetaData>; std::allocator_traits<std::allocator<_Tp1> >::allocator_type = std::allocator<std::pair<int, rocksdb::FileMetaData> >]’
/usr/include/c++/11/bits/vector.tcc:115:30:   required from ‘void std::vector<_Tp, _Alloc>::emplace_back(_Args&& ...) [with _Args = {int&, const rocksdb::FileMetaData&}; _Tp = std::pair<int, rocksdb::FileMetaData>; _Alloc = std::allocator<std::pair<int, rocksdb::FileMetaData> >]’
./db/version_edit.h:258:28:   required from here
./db/version_edit.h:86:8: warning: implicitly-declared ‘constexpr rocksdb::FileDescriptor::FileDescriptor(const rocksdb::FileDescriptor&)’ is deprecated [-Wdeprecated-copy]
   86 | struct FileMetaData {
      |        ^~~~~~~~~~~~
./db/version_edit.h:55:19: note: because ‘rocksdb::FileDescriptor’ has user-provided ‘rocksdb::FileDescriptor& rocksdb::FileDescriptor::operator=(const rocksdb::FileDescriptor&)’
   55 |   FileDescriptor& operator=(const FileDescriptor& fd) {
      |                   ^~~~~~~~
In file included from /usr/include/c++/11/bits/stl_algobase.h:64,
                 from /usr/include/c++/11/bits/stl_tree.h:63,
                 from /usr/include/c++/11/map:60,
                 from ./include/rocksdb/db.h:13,
                 from ./include/rocksdb/utilities/debug.h:10,
                 from utilities/debug.cc:8:
/usr/include/c++/11/bits/stl_pair.h:323:41: note: synthesized method ‘rocksdb::FileMetaData::FileMetaData(const rocksdb::FileMetaData&)’ first required here
  323 |        : first(std::forward<_U1>(__x)), second(__y) { }
      |                                         ^~~~~~~~~~~
  CC       utilities/persistent_cache/block_cache_tier_metadata.o
  CC       utilities/persistent_cache/block_cache_tier_file.o
In file included from ./utilities/persistent_cache/block_cache_tier_file.h:20,
                 from utilities/persistent_cache/block_cache_tier_file.cc:7:
./utilities/persistent_cache/persistent_cache_util.h: In instantiation of ‘T rocksdb::BoundedQueue<T>::Pop() [with T = rocksdb::ThreadedWriter::IO]’:
utilities/persistent_cache/block_cache_tier_file.cc:556:17:   required from here
./utilities/persistent_cache/persistent_cache_util.h:51:23: warning: moving a local object in a return statement prevents copy elision [-Wpessimizing-move]
   51 |     return std::move(t);
      |                       ^
./utilities/persistent_cache/persistent_cache_util.h:51:23: note: remove ‘std::move’ call
./db/version_edit.h: In instantiation of ‘constexpr std::pair<_T1, _T2>::pair(_U1&&, _U2&&) [with _U1 = int&; _U2 = rocksdb::FileMetaData; typename std::enable_if<(std::_PCC<true, _T1, _T2>::_MoveConstructiblePair<_U1, _U2>() && std::_PCC<true, _T1, _T2>::_ImplicitlyMoveConvertiblePair<_U1, _U2>()), bool>::type <anonymous> = true; _T1 = int; _T2 = rocksdb::FileMetaData]’:
/usr/include/c++/11/ext/new_allocator.h:162:4:   required from ‘void __gnu_cxx::new_allocator<_Tp>::construct(_Up*, _Args&& ...) [with _Up = std::pair<int, rocksdb::FileMetaData>; _Args = {int&, rocksdb::FileMetaData}; _Tp = std::pair<int, rocksdb::FileMetaData>]’
/usr/include/c++/11/bits/alloc_traits.h:516:17:   required from ‘static void std::allocator_traits<std::allocator<_Tp1> >::construct(std::allocator_traits<std::allocator<_Tp1> >::allocator_type&, _Up*, _Args&& ...) [with _Up = std::pair<int, rocksdb::FileMetaData>; _Args = {int&, rocksdb::FileMetaData}; _Tp = std::pair<int, rocksdb::FileMetaData>; std::allocator_traits<std::allocator<_Tp1> >::allocator_type = std::allocator<std::pair<int, rocksdb::FileMetaData> >]’
/usr/include/c++/11/bits/vector.tcc:115:30:   required from ‘void std::vector<_Tp, _Alloc>::emplace_back(_Args&& ...) [with _Args = {int&, rocksdb::FileMetaData}; _Tp = std::pair<int, rocksdb::FileMetaData>; _Alloc = std::allocator<std::pair<int, rocksdb::FileMetaData> >]’
./db/version_edit.h:253:28:   required from here
./db/version_edit.h:86:8: warning: implicitly-declared ‘constexpr rocksdb::FileDescriptor::FileDescriptor(const rocksdb::FileDescriptor&)’ is deprecated [-Wdeprecated-copy]
   86 | struct FileMetaData {
      |        ^~~~~~~~~~~~
./db/version_edit.h:55:19: note: because ‘rocksdb::FileDescriptor’ has user-provided ‘rocksdb::FileDescriptor& rocksdb::FileDescriptor::operator=(const rocksdb::FileDescriptor&)’
   55 |   FileDescriptor& operator=(const FileDescriptor& fd) {
      |                   ^~~~~~~~
In file included from /usr/include/c++/11/bits/stl_algobase.h:64,
                 from /usr/include/c++/11/bits/stl_tree.h:63,
                 from /usr/include/c++/11/map:60,
                 from ./include/rocksdb/utilities/memory_util.h:10,
                 from utilities/memory/memory_util.cc:8:
/usr/include/c++/11/bits/stl_pair.h:353:42: note: synthesized method ‘rocksdb::FileMetaData::FileMetaData(rocksdb::FileMetaData&&)’ first required here
  353 |         : first(std::forward<_U1>(__x)), second(std::forward<_U2>(__y)) { }
      |                                          ^~~~~~~~~~~~~~~~~~~~~~~~~~~~~~
In file included from ./db/memtable.h:21,
                 from ./db/memtable_list.h:17,
                 from ./db/column_family.h:17,
                 from ./db/db_impl/db_impl.h:22,
                 from utilities/memory/memory_util.cc:10:
./db/version_edit.h: In instantiation of ‘constexpr std::pair<_T1, _T2>::pair(_U1&&, const _T2&) [with _U1 = int&; typename std::enable_if<std::_PCC<true, _T1, _T2>::_MoveCopyPair<true, _U1, _T2>(), bool>::type <anonymous> = true; _T1 = int; _T2 = rocksdb::FileMetaData]’:
/usr/include/c++/11/ext/new_allocator.h:162:4:   required from ‘void __gnu_cxx::new_allocator<_Tp>::construct(_Up*, _Args&& ...) [with _Up = std::pair<int, rocksdb::FileMetaData>; _Args = {int&, const rocksdb::FileMetaData&}; _Tp = std::pair<int, rocksdb::FileMetaData>]’
/usr/include/c++/11/bits/alloc_traits.h:516:17:   required from ‘static void std::allocator_traits<std::allocator<_Tp1> >::construct(std::allocator_traits<std::allocator<_Tp1> >::allocator_type&, _Up*, _Args&& ...) [with _Up = std::pair<int, rocksdb::FileMetaData>; _Args = {int&, const rocksdb::FileMetaData&}; _Tp = std::pair<int, rocksdb::FileMetaData>; std::allocator_traits<std::allocator<_Tp1> >::allocator_type = std::allocator<std::pair<int, rocksdb::FileMetaData> >]’
/usr/include/c++/11/bits/vector.tcc:115:30:   required from ‘void std::vector<_Tp, _Alloc>::emplace_back(_Args&& ...) [with _Args = {int&, const rocksdb::FileMetaData&}; _Tp = std::pair<int, rocksdb::FileMetaData>; _Alloc = std::allocator<std::pair<int, rocksdb::FileMetaData> >]’
./db/version_edit.h:258:28:   required from here
./db/version_edit.h:86:8: warning: implicitly-declared ‘constexpr rocksdb::FileDescriptor::FileDescriptor(const rocksdb::FileDescriptor&)’ is deprecated [-Wdeprecated-copy]
   86 | struct FileMetaData {
      |        ^~~~~~~~~~~~
./db/version_edit.h:55:19: note: because ‘rocksdb::FileDescriptor’ has user-provided ‘rocksdb::FileDescriptor& rocksdb::FileDescriptor::operator=(const rocksdb::FileDescriptor&)’
   55 |   FileDescriptor& operator=(const FileDescriptor& fd) {
      |                   ^~~~~~~~
In file included from /usr/include/c++/11/bits/stl_algobase.h:64,
                 from /usr/include/c++/11/bits/stl_tree.h:63,
                 from /usr/include/c++/11/map:60,
                 from ./include/rocksdb/utilities/memory_util.h:10,
                 from utilities/memory/memory_util.cc:8:
/usr/include/c++/11/bits/stl_pair.h:323:41: note: synthesized method ‘rocksdb::FileMetaData::FileMetaData(const rocksdb::FileMetaData&)’ first required here
  323 |        : first(std::forward<_U1>(__x)), second(__y) { }
      |                                         ^~~~~~~~~~~
  CC       utilities/persistent_cache/persistent_cache_tier.o
In file included from ./utilities/persistent_cache/block_cache_tier_file.h:20,
                 from ./utilities/persistent_cache/block_cache_tier.h:26,
                 from utilities/persistent_cache/block_cache_tier.cc:7:
./utilities/persistent_cache/persistent_cache_util.h: In instantiation of ‘T rocksdb::BoundedQueue<T>::Pop() [with T = rocksdb::BlockCacheTier::InsertOp]’:
utilities/persistent_cache/block_cache_tier.cc:192:32:   required from here
./utilities/persistent_cache/persistent_cache_util.h:51:23: warning: moving a local object in a return statement prevents copy elision [-Wpessimizing-move]
   51 |     return std::move(t);
      |                       ^
./utilities/persistent_cache/persistent_cache_util.h:51:23: note: remove ‘std::move’ call
  CC       utilities/persistent_cache/volatile_tier_impl.o
  CC       utilities/simulator_cache/sim_cache.o
  CC       utilities/table_properties_collectors/compact_on_deletion_collector.o
  CC       utilities/trace/file_trace_reader_writer.o
  CC       utilities/transactions/optimistic_transaction.o
  CC       utilities/transactions/optimistic_transaction_db_impl.o
  CC       utilities/transactions/pessimistic_transaction.o
  CC       utilities/transactions/pessimistic_transaction_db.o
  CC       utilities/transactions/snapshot_checker.o
  CC       utilities/transactions/transaction_base.o
In file included from ./db/memtable.h:21,
                 from ./db/memtable_list.h:17,
                 from ./db/column_family.h:17,
                 from utilities/transactions/optimistic_transaction.cc:12:
./db/version_edit.h: In constructor ‘rocksdb::FdWithKeyRange::FdWithKeyRange(rocksdb::FileDescriptor, rocksdb::Slice, rocksdb::Slice, rocksdb::FileMetaData*)’:
./db/version_edit.h:175:9: warning: implicitly-declared ‘constexpr rocksdb::FileDescriptor::FileDescriptor(const rocksdb::FileDescriptor&)’ is deprecated [-Wdeprecated-copy]
  175 |       : fd(_fd),
      |         ^~~~~~~
./db/version_edit.h:55:19: note: because ‘rocksdb::FileDescriptor’ has user-provided ‘rocksdb::FileDescriptor& rocksdb::FileDescriptor::operator=(const rocksdb::FileDescriptor&)’
   55 |   FileDescriptor& operator=(const FileDescriptor& fd) {
      |                   ^~~~~~~~
In file included from ./db/memtable.h:21,
                 from ./db/memtable_list.h:17,
                 from ./db/column_family.h:17,
                 from ./db/db_impl/db_impl.h:22,
                 from utilities/transactions/optimistic_transaction_db_impl.cc:13:
./db/version_edit.h: In constructor ‘rocksdb::FdWithKeyRange::FdWithKeyRange(rocksdb::FileDescriptor, rocksdb::Slice, rocksdb::Slice, rocksdb::FileMetaData*)’:
./db/version_edit.h:175:9: warning: implicitly-declared ‘constexpr rocksdb::FileDescriptor::FileDescriptor(const rocksdb::FileDescriptor&)’ is deprecated [-Wdeprecated-copy]
  175 |       : fd(_fd),
      |         ^~~~~~~
./db/version_edit.h:55:19: note: because ‘rocksdb::FileDescriptor’ has user-provided ‘rocksdb::FileDescriptor& rocksdb::FileDescriptor::operator=(const rocksdb::FileDescriptor&)’
   55 |   FileDescriptor& operator=(const FileDescriptor& fd) {
      |                   ^~~~~~~~
  CC       utilities/transactions/transaction_db_mutex_impl.o
  CC       utilities/transactions/transaction_lock_mgr.o
In file included from ./db/memtable.h:21,
                 from ./db/memtable_list.h:17,
                 from ./db/column_family.h:17,
                 from utilities/transactions/pessimistic_transaction.cc:15:
./db/version_edit.h: In constructor ‘rocksdb::FdWithKeyRange::FdWithKeyRange(rocksdb::FileDescriptor, rocksdb::Slice, rocksdb::Slice, rocksdb::FileMetaData*)’:
./db/version_edit.h:175:9: warning: implicitly-declared ‘constexpr rocksdb::FileDescriptor::FileDescriptor(const rocksdb::FileDescriptor&)’ is deprecated [-Wdeprecated-copy]
  175 |       : fd(_fd),
      |         ^~~~~~~
./db/version_edit.h:55:19: note: because ‘rocksdb::FileDescriptor’ has user-provided ‘rocksdb::FileDescriptor& rocksdb::FileDescriptor::operator=(const rocksdb::FileDescriptor&)’
   55 |   FileDescriptor& operator=(const FileDescriptor& fd) {
      |                   ^~~~~~~~
In file included from ./db/memtable.h:21,
                 from ./db/memtable_list.h:17,
                 from ./db/column_family.h:17,
                 from ./db/db_impl/db_impl.h:22,
                 from ./db/db_iter.h:13,
                 from ./utilities/transactions/pessimistic_transaction_db.h:16,
                 from utilities/transactions/pessimistic_transaction_db.cc:8:
./db/version_edit.h: In constructor ‘rocksdb::FdWithKeyRange::FdWithKeyRange(rocksdb::FileDescriptor, rocksdb::Slice, rocksdb::Slice, rocksdb::FileMetaData*)’:
./db/version_edit.h:175:9: warning: implicitly-declared ‘constexpr rocksdb::FileDescriptor::FileDescriptor(const rocksdb::FileDescriptor&)’ is deprecated [-Wdeprecated-copy]
  175 |       : fd(_fd),
      |         ^~~~~~~
./db/version_edit.h:55:19: note: because ‘rocksdb::FileDescriptor’ has user-provided ‘rocksdb::FileDescriptor& rocksdb::FileDescriptor::operator=(const rocksdb::FileDescriptor&)’
   55 |   FileDescriptor& operator=(const FileDescriptor& fd) {
      |                   ^~~~~~~~
  CC       utilities/transactions/transaction_util.o
In file included from ./db/memtable.h:21,
                 from ./db/memtable_list.h:17,
                 from ./db/column_family.h:17,
                 from ./db/db_impl/db_impl.h:22,
                 from ./db/db_iter.h:13,
                 from ./utilities/transactions/write_prepared_txn_db.h:17,
                 from utilities/transactions/snapshot_checker.cc:12:
./db/version_edit.h: In constructor ‘rocksdb::FdWithKeyRange::FdWithKeyRange(rocksdb::FileDescriptor, rocksdb::Slice, rocksdb::Slice, rocksdb::FileMetaData*)’:
./db/version_edit.h:175:9: warning: implicitly-declared ‘constexpr rocksdb::FileDescriptor::FileDescriptor(const rocksdb::FileDescriptor&)’ is deprecated [-Wdeprecated-copy]
  175 |       : fd(_fd),
      |         ^~~~~~~
./db/version_edit.h:55:19: note: because ‘rocksdb::FileDescriptor’ has user-provided ‘rocksdb::FileDescriptor& rocksdb::FileDescriptor::operator=(const rocksdb::FileDescriptor&)’
   55 |   FileDescriptor& operator=(const FileDescriptor& fd) {
      |                   ^~~~~~~~
In file included from ./db/memtable.h:21,
                 from ./db/memtable_list.h:17,
                 from ./db/column_family.h:17,
                 from utilities/transactions/transaction_base.cc:12:
./db/version_edit.h: In constructor ‘rocksdb::FdWithKeyRange::FdWithKeyRange(rocksdb::FileDescriptor, rocksdb::Slice, rocksdb::Slice, rocksdb::FileMetaData*)’:
./db/version_edit.h:175:9: warning: implicitly-declared ‘constexpr rocksdb::FileDescriptor::FileDescriptor(const rocksdb::FileDescriptor&)’ is deprecated [-Wdeprecated-copy]
  175 |       : fd(_fd),
      |         ^~~~~~~
./db/version_edit.h:55:19: note: because ‘rocksdb::FileDescriptor’ has user-provided ‘rocksdb::FileDescriptor& rocksdb::FileDescriptor::operator=(const rocksdb::FileDescriptor&)’
   55 |   FileDescriptor& operator=(const FileDescriptor& fd) {
      |                   ^~~~~~~~
./db/version_edit.h: In instantiation of ‘constexpr std::pair<_T1, _T2>::pair(_U1&&, _U2&&) [with _U1 = int&; _U2 = rocksdb::FileMetaData; typename std::enable_if<(std::_PCC<true, _T1, _T2>::_MoveConstructiblePair<_U1, _U2>() && std::_PCC<true, _T1, _T2>::_ImplicitlyMoveConvertiblePair<_U1, _U2>()), bool>::type <anonymous> = true; _T1 = int; _T2 = rocksdb::FileMetaData]’:
/usr/include/c++/11/ext/new_allocator.h:162:4:   required from ‘void __gnu_cxx::new_allocator<_Tp>::construct(_Up*, _Args&& ...) [with _Up = std::pair<int, rocksdb::FileMetaData>; _Args = {int&, rocksdb::FileMetaData}; _Tp = std::pair<int, rocksdb::FileMetaData>]’
/usr/include/c++/11/bits/alloc_traits.h:516:17:   required from ‘static void std::allocator_traits<std::allocator<_Tp1> >::construct(std::allocator_traits<std::allocator<_Tp1> >::allocator_type&, _Up*, _Args&& ...) [with _Up = std::pair<int, rocksdb::FileMetaData>; _Args = {int&, rocksdb::FileMetaData}; _Tp = std::pair<int, rocksdb::FileMetaData>; std::allocator_traits<std::allocator<_Tp1> >::allocator_type = std::allocator<std::pair<int, rocksdb::FileMetaData> >]’
/usr/include/c++/11/bits/vector.tcc:115:30:   required from ‘void std::vector<_Tp, _Alloc>::emplace_back(_Args&& ...) [with _Args = {int&, rocksdb::FileMetaData}; _Tp = std::pair<int, rocksdb::FileMetaData>; _Alloc = std::allocator<std::pair<int, rocksdb::FileMetaData> >]’
./db/version_edit.h:253:28:   required from here
./db/version_edit.h:86:8: warning: implicitly-declared ‘constexpr rocksdb::FileDescriptor::FileDescriptor(const rocksdb::FileDescriptor&)’ is deprecated [-Wdeprecated-copy]
   86 | struct FileMetaData {
      |        ^~~~~~~~~~~~
./db/version_edit.h:55:19: note: because ‘rocksdb::FileDescriptor’ has user-provided ‘rocksdb::FileDescriptor& rocksdb::FileDescriptor::operator=(const rocksdb::FileDescriptor&)’
   55 |   FileDescriptor& operator=(const FileDescriptor& fd) {
      |                   ^~~~~~~~
In file included from /usr/include/c++/11/bits/stl_algobase.h:64,
                 from /usr/include/c++/11/deque:60,
                 from /usr/include/c++/11/stack:60,
                 from ./utilities/transactions/optimistic_transaction.h:10,
                 from utilities/transactions/optimistic_transaction.cc:8:
/usr/include/c++/11/bits/stl_pair.h:353:42: note: synthesized method ‘rocksdb::FileMetaData::FileMetaData(rocksdb::FileMetaData&&)’ first required here
  353 |         : first(std::forward<_U1>(__x)), second(std::forward<_U2>(__y)) { }
      |                                          ^~~~~~~~~~~~~~~~~~~~~~~~~~~~~~
In file included from ./db/memtable.h:21,
                 from ./db/memtable_list.h:17,
                 from ./db/column_family.h:17,
                 from utilities/transactions/optimistic_transaction.cc:12:
./db/version_edit.h: In instantiation of ‘constexpr std::pair<_T1, _T2>::pair(_U1&&, const _T2&) [with _U1 = int&; typename std::enable_if<std::_PCC<true, _T1, _T2>::_MoveCopyPair<true, _U1, _T2>(), bool>::type <anonymous> = true; _T1 = int; _T2 = rocksdb::FileMetaData]’:
/usr/include/c++/11/ext/new_allocator.h:162:4:   required from ‘void __gnu_cxx::new_allocator<_Tp>::construct(_Up*, _Args&& ...) [with _Up = std::pair<int, rocksdb::FileMetaData>; _Args = {int&, const rocksdb::FileMetaData&}; _Tp = std::pair<int, rocksdb::FileMetaData>]’
/usr/include/c++/11/bits/alloc_traits.h:516:17:   required from ‘static void std::allocator_traits<std::allocator<_Tp1> >::construct(std::allocator_traits<std::allocator<_Tp1> >::allocator_type&, _Up*, _Args&& ...) [with _Up = std::pair<int, rocksdb::FileMetaData>; _Args = {int&, const rocksdb::FileMetaData&}; _Tp = std::pair<int, rocksdb::FileMetaData>; std::allocator_traits<std::allocator<_Tp1> >::allocator_type = std::allocator<std::pair<int, rocksdb::FileMetaData> >]’
/usr/include/c++/11/bits/vector.tcc:115:30:   required from ‘void std::vector<_Tp, _Alloc>::emplace_back(_Args&& ...) [with _Args = {int&, const rocksdb::FileMetaData&}; _Tp = std::pair<int, rocksdb::FileMetaData>; _Alloc = std::allocator<std::pair<int, rocksdb::FileMetaData> >]’
./db/version_edit.h:258:28:   required from here
./db/version_edit.h:86:8: warning: implicitly-declared ‘constexpr rocksdb::FileDescriptor::FileDescriptor(const rocksdb::FileDescriptor&)’ is deprecated [-Wdeprecated-copy]
   86 | struct FileMetaData {
      |        ^~~~~~~~~~~~
./db/version_edit.h:55:19: note: because ‘rocksdb::FileDescriptor’ has user-provided ‘rocksdb::FileDescriptor& rocksdb::FileDescriptor::operator=(const rocksdb::FileDescriptor&)’
   55 |   FileDescriptor& operator=(const FileDescriptor& fd) {
      |                   ^~~~~~~~
In file included from /usr/include/c++/11/bits/stl_algobase.h:64,
                 from /usr/include/c++/11/deque:60,
                 from /usr/include/c++/11/stack:60,
                 from ./utilities/transactions/optimistic_transaction.h:10,
                 from utilities/transactions/optimistic_transaction.cc:8:
/usr/include/c++/11/bits/stl_pair.h:323:41: note: synthesized method ‘rocksdb::FileMetaData::FileMetaData(const rocksdb::FileMetaData&)’ first required here
  323 |        : first(std::forward<_U1>(__x)), second(__y) { }
      |                                         ^~~~~~~~~~~
In file included from ./db/memtable.h:21,
                 from ./db/memtable_list.h:17,
                 from ./db/column_family.h:17,
                 from ./db/db_impl/db_impl.h:22,
                 from ./db/db_iter.h:13,
                 from ./utilities/transactions/pessimistic_transaction_db.h:16,
                 from utilities/transactions/transaction_lock_mgr.cc:26:
./db/version_edit.h: In constructor ‘rocksdb::FdWithKeyRange::FdWithKeyRange(rocksdb::FileDescriptor, rocksdb::Slice, rocksdb::Slice, rocksdb::FileMetaData*)’:
./db/version_edit.h:175:9: warning: implicitly-declared ‘constexpr rocksdb::FileDescriptor::FileDescriptor(const rocksdb::FileDescriptor&)’ is deprecated [-Wdeprecated-copy]
  175 |       : fd(_fd),
      |         ^~~~~~~
./db/version_edit.h:55:19: note: because ‘rocksdb::FileDescriptor’ has user-provided ‘rocksdb::FileDescriptor& rocksdb::FileDescriptor::operator=(const rocksdb::FileDescriptor&)’
   55 |   FileDescriptor& operator=(const FileDescriptor& fd) {
      |                   ^~~~~~~~
./db/version_edit.h: In instantiation of ‘constexpr std::pair<_T1, _T2>::pair(_U1&&, _U2&&) [with _U1 = int&; _U2 = rocksdb::FileMetaData; typename std::enable_if<(std::_PCC<true, _T1, _T2>::_MoveConstructiblePair<_U1, _U2>() && std::_PCC<true, _T1, _T2>::_ImplicitlyMoveConvertiblePair<_U1, _U2>()), bool>::type <anonymous> = true; _T1 = int; _T2 = rocksdb::FileMetaData]’:
/usr/include/c++/11/ext/new_allocator.h:162:4:   required from ‘void __gnu_cxx::new_allocator<_Tp>::construct(_Up*, _Args&& ...) [with _Up = std::pair<int, rocksdb::FileMetaData>; _Args = {int&, rocksdb::FileMetaData}; _Tp = std::pair<int, rocksdb::FileMetaData>]’
/usr/include/c++/11/bits/alloc_traits.h:516:17:   required from ‘static void std::allocator_traits<std::allocator<_Tp1> >::construct(std::allocator_traits<std::allocator<_Tp1> >::allocator_type&, _Up*, _Args&& ...) [with _Up = std::pair<int, rocksdb::FileMetaData>; _Args = {int&, rocksdb::FileMetaData}; _Tp = std::pair<int, rocksdb::FileMetaData>; std::allocator_traits<std::allocator<_Tp1> >::allocator_type = std::allocator<std::pair<int, rocksdb::FileMetaData> >]’
/usr/include/c++/11/bits/vector.tcc:115:30:   required from ‘void std::vector<_Tp, _Alloc>::emplace_back(_Args&& ...) [with _Args = {int&, rocksdb::FileMetaData}; _Tp = std::pair<int, rocksdb::FileMetaData>; _Alloc = std::allocator<std::pair<int, rocksdb::FileMetaData> >]’
./db/version_edit.h:253:28:   required from here
./db/version_edit.h:86:8: warning: implicitly-declared ‘constexpr rocksdb::FileDescriptor::FileDescriptor(const rocksdb::FileDescriptor&)’ is deprecated [-Wdeprecated-copy]
   86 | struct FileMetaData {
      |        ^~~~~~~~~~~~
./db/version_edit.h:55:19: note: because ‘rocksdb::FileDescriptor’ has user-provided ‘rocksdb::FileDescriptor& rocksdb::FileDescriptor::operator=(const rocksdb::FileDescriptor&)’
   55 |   FileDescriptor& operator=(const FileDescriptor& fd) {
      |                   ^~~~~~~~
In file included from /usr/include/c++/11/bits/stl_algobase.h:64,
                 from /usr/include/c++/11/bits/stl_tree.h:63,
                 from /usr/include/c++/11/map:60,
                 from ./include/rocksdb/db.h:13,
                 from ./utilities/transactions/optimistic_transaction_db_impl.h:9,
                 from utilities/transactions/optimistic_transaction_db_impl.cc:8:
/usr/include/c++/11/bits/stl_pair.h:353:42: note: synthesized method ‘rocksdb::FileMetaData::FileMetaData(rocksdb::FileMetaData&&)’ first required here
  353 |         : first(std::forward<_U1>(__x)), second(std::forward<_U2>(__y)) { }
      |                                          ^~~~~~~~~~~~~~~~~~~~~~~~~~~~~~
In file included from ./db/memtable.h:21,
                 from ./db/memtable_list.h:17,
                 from ./db/column_family.h:17,
                 from ./db/db_impl/db_impl.h:22,
                 from utilities/transactions/optimistic_transaction_db_impl.cc:13:
./db/version_edit.h: In instantiation of ‘constexpr std::pair<_T1, _T2>::pair(_U1&&, const _T2&) [with _U1 = int&; typename std::enable_if<std::_PCC<true, _T1, _T2>::_MoveCopyPair<true, _U1, _T2>(), bool>::type <anonymous> = true; _T1 = int; _T2 = rocksdb::FileMetaData]’:
/usr/include/c++/11/ext/new_allocator.h:162:4:   required from ‘void __gnu_cxx::new_allocator<_Tp>::construct(_Up*, _Args&& ...) [with _Up = std::pair<int, rocksdb::FileMetaData>; _Args = {int&, const rocksdb::FileMetaData&}; _Tp = std::pair<int, rocksdb::FileMetaData>]’
/usr/include/c++/11/bits/alloc_traits.h:516:17:   required from ‘static void std::allocator_traits<std::allocator<_Tp1> >::construct(std::allocator_traits<std::allocator<_Tp1> >::allocator_type&, _Up*, _Args&& ...) [with _Up = std::pair<int, rocksdb::FileMetaData>; _Args = {int&, const rocksdb::FileMetaData&}; _Tp = std::pair<int, rocksdb::FileMetaData>; std::allocator_traits<std::allocator<_Tp1> >::allocator_type = std::allocator<std::pair<int, rocksdb::FileMetaData> >]’
/usr/include/c++/11/bits/vector.tcc:115:30:   required from ‘void std::vector<_Tp, _Alloc>::emplace_back(_Args&& ...) [with _Args = {int&, const rocksdb::FileMetaData&}; _Tp = std::pair<int, rocksdb::FileMetaData>; _Alloc = std::allocator<std::pair<int, rocksdb::FileMetaData> >]’
./db/version_edit.h:258:28:   required from here
./db/version_edit.h:86:8: warning: implicitly-declared ‘constexpr rocksdb::FileDescriptor::FileDescriptor(const rocksdb::FileDescriptor&)’ is deprecated [-Wdeprecated-copy]
   86 | struct FileMetaData {
      |        ^~~~~~~~~~~~
./db/version_edit.h:55:19: note: because ‘rocksdb::FileDescriptor’ has user-provided ‘rocksdb::FileDescriptor& rocksdb::FileDescriptor::operator=(const rocksdb::FileDescriptor&)’
   55 |   FileDescriptor& operator=(const FileDescriptor& fd) {
      |                   ^~~~~~~~
In file included from /usr/include/c++/11/bits/stl_algobase.h:64,
                 from /usr/include/c++/11/bits/stl_tree.h:63,
                 from /usr/include/c++/11/map:60,
                 from ./include/rocksdb/db.h:13,
                 from ./utilities/transactions/optimistic_transaction_db_impl.h:9,
                 from utilities/transactions/optimistic_transaction_db_impl.cc:8:
/usr/include/c++/11/bits/stl_pair.h:323:41: note: synthesized method ‘rocksdb::FileMetaData::FileMetaData(const rocksdb::FileMetaData&)’ first required here
  323 |        : first(std::forward<_U1>(__x)), second(__y) { }
      |                                         ^~~~~~~~~~~
In file included from ./db/memtable.h:21,
                 from ./db/memtable_list.h:17,
                 from ./db/column_family.h:17,
                 from ./db/db_impl/db_impl.h:22,
                 from utilities/transactions/transaction_util.cc:14:
./db/version_edit.h: In constructor ‘rocksdb::FdWithKeyRange::FdWithKeyRange(rocksdb::FileDescriptor, rocksdb::Slice, rocksdb::Slice, rocksdb::FileMetaData*)’:
./db/version_edit.h:175:9: warning: implicitly-declared ‘constexpr rocksdb::FileDescriptor::FileDescriptor(const rocksdb::FileDescriptor&)’ is deprecated [-Wdeprecated-copy]
  175 |       : fd(_fd),
      |         ^~~~~~~
./db/version_edit.h:55:19: note: because ‘rocksdb::FileDescriptor’ has user-provided ‘rocksdb::FileDescriptor& rocksdb::FileDescriptor::operator=(const rocksdb::FileDescriptor&)’
   55 |   FileDescriptor& operator=(const FileDescriptor& fd) {
      |                   ^~~~~~~~
./db/version_edit.h: In instantiation of ‘constexpr std::pair<_T1, _T2>::pair(_U1&&, _U2&&) [with _U1 = int&; _U2 = rocksdb::FileMetaData; typename std::enable_if<(std::_PCC<true, _T1, _T2>::_MoveConstructiblePair<_U1, _U2>() && std::_PCC<true, _T1, _T2>::_ImplicitlyMoveConvertiblePair<_U1, _U2>()), bool>::type <anonymous> = true; _T1 = int; _T2 = rocksdb::FileMetaData]’:
/usr/include/c++/11/ext/new_allocator.h:162:4:   required from ‘void __gnu_cxx::new_allocator<_Tp>::construct(_Up*, _Args&& ...) [with _Up = std::pair<int, rocksdb::FileMetaData>; _Args = {int&, rocksdb::FileMetaData}; _Tp = std::pair<int, rocksdb::FileMetaData>]’
/usr/include/c++/11/bits/alloc_traits.h:516:17:   required from ‘static void std::allocator_traits<std::allocator<_CharT> >::construct(std::allocator_traits<std::allocator<_CharT> >::allocator_type&, _Up*, _Args&& ...) [with _Up = std::pair<int, rocksdb::FileMetaData>; _Args = {int&, rocksdb::FileMetaData}; _Tp = std::pair<int, rocksdb::FileMetaData>; std::allocator_traits<std::allocator<_CharT> >::allocator_type = std::allocator<std::pair<int, rocksdb::FileMetaData> >]’
/usr/include/c++/11/bits/vector.tcc:115:30:   required from ‘void std::vector<_Tp, _Alloc>::emplace_back(_Args&& ...) [with _Args = {int&, rocksdb::FileMetaData}; _Tp = std::pair<int, rocksdb::FileMetaData>; _Alloc = std::allocator<std::pair<int, rocksdb::FileMetaData> >]’
./db/version_edit.h:253:28:   required from here
./db/version_edit.h:86:8: warning: implicitly-declared ‘constexpr rocksdb::FileDescriptor::FileDescriptor(const rocksdb::FileDescriptor&)’ is deprecated [-Wdeprecated-copy]
   86 | struct FileMetaData {
      |        ^~~~~~~~~~~~
./db/version_edit.h:55:19: note: because ‘rocksdb::FileDescriptor’ has user-provided ‘rocksdb::FileDescriptor& rocksdb::FileDescriptor::operator=(const rocksdb::FileDescriptor&)’
   55 |   FileDescriptor& operator=(const FileDescriptor& fd) {
      |                   ^~~~~~~~
In file included from /usr/include/c++/11/utility:70,
                 from /usr/include/c++/11/algorithm:60,
                 from ./utilities/transactions/pessimistic_transaction.h:10,
                 from utilities/transactions/pessimistic_transaction.cc:8:
/usr/include/c++/11/bits/stl_pair.h:353:42: note: synthesized method ‘rocksdb::FileMetaData::FileMetaData(rocksdb::FileMetaData&&)’ first required here
  353 |         : first(std::forward<_U1>(__x)), second(std::forward<_U2>(__y)) { }
      |                                          ^~~~~~~~~~~~~~~~~~~~~~~~~~~~~~
In file included from ./db/memtable.h:21,
                 from ./db/memtable_list.h:17,
                 from ./db/column_family.h:17,
                 from utilities/transactions/pessimistic_transaction.cc:15:
./db/version_edit.h: In instantiation of ‘constexpr std::pair<_T1, _T2>::pair(_U1&&, const _T2&) [with _U1 = int&; typename std::enable_if<std::_PCC<true, _T1, _T2>::_MoveCopyPair<true, _U1, _T2>(), bool>::type <anonymous> = true; _T1 = int; _T2 = rocksdb::FileMetaData]’:
/usr/include/c++/11/ext/new_allocator.h:162:4:   required from ‘void __gnu_cxx::new_allocator<_Tp>::construct(_Up*, _Args&& ...) [with _Up = std::pair<int, rocksdb::FileMetaData>; _Args = {int&, const rocksdb::FileMetaData&}; _Tp = std::pair<int, rocksdb::FileMetaData>]’
/usr/include/c++/11/bits/alloc_traits.h:516:17:   required from ‘static void std::allocator_traits<std::allocator<_CharT> >::construct(std::allocator_traits<std::allocator<_CharT> >::allocator_type&, _Up*, _Args&& ...) [with _Up = std::pair<int, rocksdb::FileMetaData>; _Args = {int&, const rocksdb::FileMetaData&}; _Tp = std::pair<int, rocksdb::FileMetaData>; std::allocator_traits<std::allocator<_CharT> >::allocator_type = std::allocator<std::pair<int, rocksdb::FileMetaData> >]’
/usr/include/c++/11/bits/vector.tcc:115:30:   required from ‘void std::vector<_Tp, _Alloc>::emplace_back(_Args&& ...) [with _Args = {int&, const rocksdb::FileMetaData&}; _Tp = std::pair<int, rocksdb::FileMetaData>; _Alloc = std::allocator<std::pair<int, rocksdb::FileMetaData> >]’
./db/version_edit.h:258:28:   required from here
./db/version_edit.h:86:8: warning: implicitly-declared ‘constexpr rocksdb::FileDescriptor::FileDescriptor(const rocksdb::FileDescriptor&)’ is deprecated [-Wdeprecated-copy]
   86 | struct FileMetaData {
      |        ^~~~~~~~~~~~
./db/version_edit.h:55:19: note: because ‘rocksdb::FileDescriptor’ has user-provided ‘rocksdb::FileDescriptor& rocksdb::FileDescriptor::operator=(const rocksdb::FileDescriptor&)’
   55 |   FileDescriptor& operator=(const FileDescriptor& fd) {
      |                   ^~~~~~~~
In file included from /usr/include/c++/11/utility:70,
                 from /usr/include/c++/11/algorithm:60,
                 from ./utilities/transactions/pessimistic_transaction.h:10,
                 from utilities/transactions/pessimistic_transaction.cc:8:
/usr/include/c++/11/bits/stl_pair.h:323:41: note: synthesized method ‘rocksdb::FileMetaData::FileMetaData(const rocksdb::FileMetaData&)’ first required here
  323 |        : first(std::forward<_U1>(__x)), second(__y) { }
      |                                         ^~~~~~~~~~~
  CC       utilities/transactions/write_prepared_txn.o
./db/version_edit.h: In instantiation of ‘constexpr std::pair<_T1, _T2>::pair(_U1&&, _U2&&) [with _U1 = int&; _U2 = rocksdb::FileMetaData; typename std::enable_if<(std::_PCC<true, _T1, _T2>::_MoveConstructiblePair<_U1, _U2>() && std::_PCC<true, _T1, _T2>::_ImplicitlyMoveConvertiblePair<_U1, _U2>()), bool>::type <anonymous> = true; _T1 = int; _T2 = rocksdb::FileMetaData]’:
/usr/include/c++/11/ext/new_allocator.h:162:4:   required from ‘void __gnu_cxx::new_allocator<_Tp>::construct(_Up*, _Args&& ...) [with _Up = std::pair<int, rocksdb::FileMetaData>; _Args = {int&, rocksdb::FileMetaData}; _Tp = std::pair<int, rocksdb::FileMetaData>]’
/usr/include/c++/11/bits/alloc_traits.h:516:17:   required from ‘static void std::allocator_traits<std::allocator<_CharT> >::construct(std::allocator_traits<std::allocator<_CharT> >::allocator_type&, _Up*, _Args&& ...) [with _Up = std::pair<int, rocksdb::FileMetaData>; _Args = {int&, rocksdb::FileMetaData}; _Tp = std::pair<int, rocksdb::FileMetaData>; std::allocator_traits<std::allocator<_CharT> >::allocator_type = std::allocator<std::pair<int, rocksdb::FileMetaData> >]’
/usr/include/c++/11/bits/vector.tcc:115:30:   required from ‘void std::vector<_Tp, _Alloc>::emplace_back(_Args&& ...) [with _Args = {int&, rocksdb::FileMetaData}; _Tp = std::pair<int, rocksdb::FileMetaData>; _Alloc = std::allocator<std::pair<int, rocksdb::FileMetaData> >]’
./db/version_edit.h:253:28:   required from here
./db/version_edit.h:86:8: warning: implicitly-declared ‘constexpr rocksdb::FileDescriptor::FileDescriptor(const rocksdb::FileDescriptor&)’ is deprecated [-Wdeprecated-copy]
   86 | struct FileMetaData {
      |        ^~~~~~~~~~~~
./db/version_edit.h:55:19: note: because ‘rocksdb::FileDescriptor’ has user-provided ‘rocksdb::FileDescriptor& rocksdb::FileDescriptor::operator=(const rocksdb::FileDescriptor&)’
   55 |   FileDescriptor& operator=(const FileDescriptor& fd) {
      |                   ^~~~~~~~
In file included from /usr/include/c++/11/bits/stl_algobase.h:64,
                 from /usr/include/c++/11/bits/char_traits.h:39,
                 from /usr/include/c++/11/string:40,
                 from ./include/rocksdb/slice.h:25,
                 from ./include/rocksdb/types.h:9,
                 from ./db/snapshot_checker.h:7,
                 from utilities/transactions/snapshot_checker.cc:6:
/usr/include/c++/11/bits/stl_pair.h:353:42: note: synthesized method ‘rocksdb::FileMetaData::FileMetaData(rocksdb::FileMetaData&&)’ first required here
  353 |         : first(std::forward<_U1>(__x)), second(std::forward<_U2>(__y)) { }
      |                                          ^~~~~~~~~~~~~~~~~~~~~~~~~~~~~~
In file included from ./db/memtable.h:21,
                 from ./db/memtable_list.h:17,
                 from ./db/column_family.h:17,
                 from ./db/db_impl/db_impl.h:22,
                 from ./db/db_iter.h:13,
                 from ./utilities/transactions/write_prepared_txn_db.h:17,
                 from utilities/transactions/snapshot_checker.cc:12:
./db/version_edit.h: In instantiation of ‘constexpr std::pair<_T1, _T2>::pair(_U1&&, const _T2&) [with _U1 = int&; typename std::enable_if<std::_PCC<true, _T1, _T2>::_MoveCopyPair<true, _U1, _T2>(), bool>::type <anonymous> = true; _T1 = int; _T2 = rocksdb::FileMetaData]’:
/usr/include/c++/11/ext/new_allocator.h:162:4:   required from ‘void __gnu_cxx::new_allocator<_Tp>::construct(_Up*, _Args&& ...) [with _Up = std::pair<int, rocksdb::FileMetaData>; _Args = {int&, const rocksdb::FileMetaData&}; _Tp = std::pair<int, rocksdb::FileMetaData>]’
/usr/include/c++/11/bits/alloc_traits.h:516:17:   required from ‘static void std::allocator_traits<std::allocator<_CharT> >::construct(std::allocator_traits<std::allocator<_CharT> >::allocator_type&, _Up*, _Args&& ...) [with _Up = std::pair<int, rocksdb::FileMetaData>; _Args = {int&, const rocksdb::FileMetaData&}; _Tp = std::pair<int, rocksdb::FileMetaData>; std::allocator_traits<std::allocator<_CharT> >::allocator_type = std::allocator<std::pair<int, rocksdb::FileMetaData> >]’
/usr/include/c++/11/bits/vector.tcc:115:30:   required from ‘void std::vector<_Tp, _Alloc>::emplace_back(_Args&& ...) [with _Args = {int&, const rocksdb::FileMetaData&}; _Tp = std::pair<int, rocksdb::FileMetaData>; _Alloc = std::allocator<std::pair<int, rocksdb::FileMetaData> >]’
./db/version_edit.h:258:28:   required from here
./db/version_edit.h:86:8: warning: implicitly-declared ‘constexpr rocksdb::FileDescriptor::FileDescriptor(const rocksdb::FileDescriptor&)’ is deprecated [-Wdeprecated-copy]
   86 | struct FileMetaData {
      |        ^~~~~~~~~~~~
./db/version_edit.h:55:19: note: because ‘rocksdb::FileDescriptor’ has user-provided ‘rocksdb::FileDescriptor& rocksdb::FileDescriptor::operator=(const rocksdb::FileDescriptor&)’
   55 |   FileDescriptor& operator=(const FileDescriptor& fd) {
      |                   ^~~~~~~~
In file included from /usr/include/c++/11/bits/stl_algobase.h:64,
                 from /usr/include/c++/11/bits/char_traits.h:39,
                 from /usr/include/c++/11/string:40,
                 from ./include/rocksdb/slice.h:25,
                 from ./include/rocksdb/types.h:9,
                 from ./db/snapshot_checker.h:7,
                 from utilities/transactions/snapshot_checker.cc:6:
/usr/include/c++/11/bits/stl_pair.h:323:41: note: synthesized method ‘rocksdb::FileMetaData::FileMetaData(const rocksdb::FileMetaData&)’ first required here
  323 |        : first(std::forward<_U1>(__x)), second(__y) { }
      |                                         ^~~~~~~~~~~
./db/version_edit.h: In instantiation of ‘constexpr std::pair<_T1, _T2>::pair(_U1&&, _U2&&) [with _U1 = int&; _U2 = rocksdb::FileMetaData; typename std::enable_if<(std::_PCC<true, _T1, _T2>::_MoveConstructiblePair<_U1, _U2>() && std::_PCC<true, _T1, _T2>::_ImplicitlyMoveConvertiblePair<_U1, _U2>()), bool>::type <anonymous> = true; _T1 = int; _T2 = rocksdb::FileMetaData]’:
/usr/include/c++/11/ext/new_allocator.h:162:4:   required from ‘void __gnu_cxx::new_allocator<_Tp>::construct(_Up*, _Args&& ...) [with _Up = std::pair<int, rocksdb::FileMetaData>; _Args = {int&, rocksdb::FileMetaData}; _Tp = std::pair<int, rocksdb::FileMetaData>]’
/usr/include/c++/11/bits/alloc_traits.h:516:17:   required from ‘static void std::allocator_traits<std::allocator<_CharT> >::construct(std::allocator_traits<std::allocator<_CharT> >::allocator_type&, _Up*, _Args&& ...) [with _Up = std::pair<int, rocksdb::FileMetaData>; _Args = {int&, rocksdb::FileMetaData}; _Tp = std::pair<int, rocksdb::FileMetaData>; std::allocator_traits<std::allocator<_CharT> >::allocator_type = std::allocator<std::pair<int, rocksdb::FileMetaData> >]’
/usr/include/c++/11/bits/vector.tcc:115:30:   required from ‘void std::vector<_Tp, _Alloc>::emplace_back(_Args&& ...) [with _Args = {int&, rocksdb::FileMetaData}; _Tp = std::pair<int, rocksdb::FileMetaData>; _Alloc = std::allocator<std::pair<int, rocksdb::FileMetaData> >]’
./db/version_edit.h:253:28:   required from here
./db/version_edit.h:86:8: warning: implicitly-declared ‘constexpr rocksdb::FileDescriptor::FileDescriptor(const rocksdb::FileDescriptor&)’ is deprecated [-Wdeprecated-copy]
   86 | struct FileMetaData {
      |        ^~~~~~~~~~~~
./db/version_edit.h:55:19: note: because ‘rocksdb::FileDescriptor’ has user-provided ‘rocksdb::FileDescriptor& rocksdb::FileDescriptor::operator=(const rocksdb::FileDescriptor&)’
   55 |   FileDescriptor& operator=(const FileDescriptor& fd) {
      |                   ^~~~~~~~
In file included from /usr/include/c++/11/utility:70,
                 from /usr/include/c++/11/tuple:38,
                 from /usr/include/c++/11/mutex:38,
                 from ./utilities/transactions/pessimistic_transaction_db.h:9,
                 from utilities/transactions/pessimistic_transaction_db.cc:8:
/usr/include/c++/11/bits/stl_pair.h:353:42: note: synthesized method ‘rocksdb::FileMetaData::FileMetaData(rocksdb::FileMetaData&&)’ first required here
  353 |         : first(std::forward<_U1>(__x)), second(std::forward<_U2>(__y)) { }
      |                                          ^~~~~~~~~~~~~~~~~~~~~~~~~~~~~~
In file included from ./db/memtable.h:21,
                 from ./db/memtable_list.h:17,
                 from ./db/column_family.h:17,
                 from ./db/db_impl/db_impl.h:22,
                 from ./db/db_iter.h:13,
                 from ./utilities/transactions/pessimistic_transaction_db.h:16,
                 from utilities/transactions/pessimistic_transaction_db.cc:8:
./db/version_edit.h: In instantiation of ‘constexpr std::pair<_T1, _T2>::pair(_U1&&, const _T2&) [with _U1 = int&; typename std::enable_if<std::_PCC<true, _T1, _T2>::_MoveCopyPair<true, _U1, _T2>(), bool>::type <anonymous> = true; _T1 = int; _T2 = rocksdb::FileMetaData]’:
/usr/include/c++/11/ext/new_allocator.h:162:4:   required from ‘void __gnu_cxx::new_allocator<_Tp>::construct(_Up*, _Args&& ...) [with _Up = std::pair<int, rocksdb::FileMetaData>; _Args = {int&, const rocksdb::FileMetaData&}; _Tp = std::pair<int, rocksdb::FileMetaData>]’
/usr/include/c++/11/bits/alloc_traits.h:516:17:   required from ‘static void std::allocator_traits<std::allocator<_CharT> >::construct(std::allocator_traits<std::allocator<_CharT> >::allocator_type&, _Up*, _Args&& ...) [with _Up = std::pair<int, rocksdb::FileMetaData>; _Args = {int&, const rocksdb::FileMetaData&}; _Tp = std::pair<int, rocksdb::FileMetaData>; std::allocator_traits<std::allocator<_CharT> >::allocator_type = std::allocator<std::pair<int, rocksdb::FileMetaData> >]’
/usr/include/c++/11/bits/vector.tcc:115:30:   required from ‘void std::vector<_Tp, _Alloc>::emplace_back(_Args&& ...) [with _Args = {int&, const rocksdb::FileMetaData&}; _Tp = std::pair<int, rocksdb::FileMetaData>; _Alloc = std::allocator<std::pair<int, rocksdb::FileMetaData> >]’
./db/version_edit.h:258:28:   required from here
./db/version_edit.h:86:8: warning: implicitly-declared ‘constexpr rocksdb::FileDescriptor::FileDescriptor(const rocksdb::FileDescriptor&)’ is deprecated [-Wdeprecated-copy]
   86 | struct FileMetaData {
      |        ^~~~~~~~~~~~
./db/version_edit.h:55:19: note: because ‘rocksdb::FileDescriptor’ has user-provided ‘rocksdb::FileDescriptor& rocksdb::FileDescriptor::operator=(const rocksdb::FileDescriptor&)’
   55 |   FileDescriptor& operator=(const FileDescriptor& fd) {
      |                   ^~~~~~~~
In file included from /usr/include/c++/11/utility:70,
                 from /usr/include/c++/11/tuple:38,
                 from /usr/include/c++/11/mutex:38,
                 from ./utilities/transactions/pessimistic_transaction_db.h:9,
                 from utilities/transactions/pessimistic_transaction_db.cc:8:
/usr/include/c++/11/bits/stl_pair.h:323:41: note: synthesized method ‘rocksdb::FileMetaData::FileMetaData(const rocksdb::FileMetaData&)’ first required here
  323 |        : first(std::forward<_U1>(__x)), second(__y) { }
      |                                         ^~~~~~~~~~~
./db/version_edit.h: In instantiation of ‘constexpr std::pair<_T1, _T2>::pair(_U1&&, _U2&&) [with _U1 = int&; _U2 = rocksdb::FileMetaData; typename std::enable_if<(std::_PCC<true, _T1, _T2>::_MoveConstructiblePair<_U1, _U2>() && std::_PCC<true, _T1, _T2>::_ImplicitlyMoveConvertiblePair<_U1, _U2>()), bool>::type <anonymous> = true; _T1 = int; _T2 = rocksdb::FileMetaData]’:
/usr/include/c++/11/ext/new_allocator.h:162:4:   required from ‘void __gnu_cxx::new_allocator<_Tp>::construct(_Up*, _Args&& ...) [with _Up = std::pair<int, rocksdb::FileMetaData>; _Args = {int&, rocksdb::FileMetaData}; _Tp = std::pair<int, rocksdb::FileMetaData>]’
/usr/include/c++/11/bits/alloc_traits.h:516:17:   required from ‘static void std::allocator_traits<std::allocator<_Tp1> >::construct(std::allocator_traits<std::allocator<_Tp1> >::allocator_type&, _Up*, _Args&& ...) [with _Up = std::pair<int, rocksdb::FileMetaData>; _Args = {int&, rocksdb::FileMetaData}; _Tp = std::pair<int, rocksdb::FileMetaData>; std::allocator_traits<std::allocator<_Tp1> >::allocator_type = std::allocator<std::pair<int, rocksdb::FileMetaData> >]’
/usr/include/c++/11/bits/vector.tcc:115:30:   required from ‘void std::vector<_Tp, _Alloc>::emplace_back(_Args&& ...) [with _Args = {int&, rocksdb::FileMetaData}; _Tp = std::pair<int, rocksdb::FileMetaData>; _Alloc = std::allocator<std::pair<int, rocksdb::FileMetaData> >]’
./db/version_edit.h:253:28:   required from here
./db/version_edit.h:86:8: warning: implicitly-declared ‘constexpr rocksdb::FileDescriptor::FileDescriptor(const rocksdb::FileDescriptor&)’ is deprecated [-Wdeprecated-copy]
   86 | struct FileMetaData {
      |        ^~~~~~~~~~~~
./db/version_edit.h:55:19: note: because ‘rocksdb::FileDescriptor’ has user-provided ‘rocksdb::FileDescriptor& rocksdb::FileDescriptor::operator=(const rocksdb::FileDescriptor&)’
   55 |   FileDescriptor& operator=(const FileDescriptor& fd) {
      |                   ^~~~~~~~
In file included from /usr/include/c++/11/bits/stl_algobase.h:64,
                 from /usr/include/c++/11/deque:60,
                 from /usr/include/c++/11/stack:60,
                 from ./utilities/transactions/transaction_base.h:10,
                 from utilities/transactions/transaction_base.cc:8:
/usr/include/c++/11/bits/stl_pair.h:353:42: note: synthesized method ‘rocksdb::FileMetaData::FileMetaData(rocksdb::FileMetaData&&)’ first required here
  353 |         : first(std::forward<_U1>(__x)), second(std::forward<_U2>(__y)) { }
      |                                          ^~~~~~~~~~~~~~~~~~~~~~~~~~~~~~
In file included from ./db/memtable.h:21,
                 from ./db/memtable_list.h:17,
                 from ./db/column_family.h:17,
                 from utilities/transactions/transaction_base.cc:12:
./db/version_edit.h: In instantiation of ‘constexpr std::pair<_T1, _T2>::pair(_U1&&, const _T2&) [with _U1 = int&; typename std::enable_if<std::_PCC<true, _T1, _T2>::_MoveCopyPair<true, _U1, _T2>(), bool>::type <anonymous> = true; _T1 = int; _T2 = rocksdb::FileMetaData]’:
/usr/include/c++/11/ext/new_allocator.h:162:4:   required from ‘void __gnu_cxx::new_allocator<_Tp>::construct(_Up*, _Args&& ...) [with _Up = std::pair<int, rocksdb::FileMetaData>; _Args = {int&, const rocksdb::FileMetaData&}; _Tp = std::pair<int, rocksdb::FileMetaData>]’
/usr/include/c++/11/bits/alloc_traits.h:516:17:   required from ‘static void std::allocator_traits<std::allocator<_Tp1> >::construct(std::allocator_traits<std::allocator<_Tp1> >::allocator_type&, _Up*, _Args&& ...) [with _Up = std::pair<int, rocksdb::FileMetaData>; _Args = {int&, const rocksdb::FileMetaData&}; _Tp = std::pair<int, rocksdb::FileMetaData>; std::allocator_traits<std::allocator<_Tp1> >::allocator_type = std::allocator<std::pair<int, rocksdb::FileMetaData> >]’
/usr/include/c++/11/bits/vector.tcc:115:30:   required from ‘void std::vector<_Tp, _Alloc>::emplace_back(_Args&& ...) [with _Args = {int&, const rocksdb::FileMetaData&}; _Tp = std::pair<int, rocksdb::FileMetaData>; _Alloc = std::allocator<std::pair<int, rocksdb::FileMetaData> >]’
./db/version_edit.h:258:28:   required from here
./db/version_edit.h:86:8: warning: implicitly-declared ‘constexpr rocksdb::FileDescriptor::FileDescriptor(const rocksdb::FileDescriptor&)’ is deprecated [-Wdeprecated-copy]
   86 | struct FileMetaData {
      |        ^~~~~~~~~~~~
./db/version_edit.h:55:19: note: because ‘rocksdb::FileDescriptor’ has user-provided ‘rocksdb::FileDescriptor& rocksdb::FileDescriptor::operator=(const rocksdb::FileDescriptor&)’
   55 |   FileDescriptor& operator=(const FileDescriptor& fd) {
      |                   ^~~~~~~~
In file included from /usr/include/c++/11/bits/stl_algobase.h:64,
                 from /usr/include/c++/11/deque:60,
                 from /usr/include/c++/11/stack:60,
                 from ./utilities/transactions/transaction_base.h:10,
                 from utilities/transactions/transaction_base.cc:8:
/usr/include/c++/11/bits/stl_pair.h:323:41: note: synthesized method ‘rocksdb::FileMetaData::FileMetaData(const rocksdb::FileMetaData&)’ first required here
  323 |        : first(std::forward<_U1>(__x)), second(__y) { }
      |                                         ^~~~~~~~~~~
  CC       utilities/transactions/write_prepared_txn_db.o
./db/version_edit.h: In instantiation of ‘constexpr std::pair<_T1, _T2>::pair(_U1&&, _U2&&) [with _U1 = int&; _U2 = rocksdb::FileMetaData; typename std::enable_if<(std::_PCC<true, _T1, _T2>::_MoveConstructiblePair<_U1, _U2>() && std::_PCC<true, _T1, _T2>::_ImplicitlyMoveConvertiblePair<_U1, _U2>()), bool>::type <anonymous> = true; _T1 = int; _T2 = rocksdb::FileMetaData]’:
/usr/include/c++/11/ext/new_allocator.h:162:4:   required from ‘void __gnu_cxx::new_allocator<_Tp>::construct(_Up*, _Args&& ...) [with _Up = std::pair<int, rocksdb::FileMetaData>; _Args = {int&, rocksdb::FileMetaData}; _Tp = std::pair<int, rocksdb::FileMetaData>]’
/usr/include/c++/11/bits/alloc_traits.h:516:17:   required from ‘static void std::allocator_traits<std::allocator<_CharT> >::construct(std::allocator_traits<std::allocator<_CharT> >::allocator_type&, _Up*, _Args&& ...) [with _Up = std::pair<int, rocksdb::FileMetaData>; _Args = {int&, rocksdb::FileMetaData}; _Tp = std::pair<int, rocksdb::FileMetaData>; std::allocator_traits<std::allocator<_CharT> >::allocator_type = std::allocator<std::pair<int, rocksdb::FileMetaData> >]’
/usr/include/c++/11/bits/vector.tcc:115:30:   required from ‘void std::vector<_Tp, _Alloc>::emplace_back(_Args&& ...) [with _Args = {int&, rocksdb::FileMetaData}; _Tp = std::pair<int, rocksdb::FileMetaData>; _Alloc = std::allocator<std::pair<int, rocksdb::FileMetaData> >]’
./db/version_edit.h:253:28:   required from here
./db/version_edit.h:86:8: warning: implicitly-declared ‘constexpr rocksdb::FileDescriptor::FileDescriptor(const rocksdb::FileDescriptor&)’ is deprecated [-Wdeprecated-copy]
   86 | struct FileMetaData {
      |        ^~~~~~~~~~~~
./db/version_edit.h:55:19: note: because ‘rocksdb::FileDescriptor’ has user-provided ‘rocksdb::FileDescriptor& rocksdb::FileDescriptor::operator=(const rocksdb::FileDescriptor&)’
   55 |   FileDescriptor& operator=(const FileDescriptor& fd) {
      |                   ^~~~~~~~
In file included from /usr/include/c++/11/bits/stl_algobase.h:64,
                 from /usr/include/c++/11/bits/char_traits.h:39,
                 from /usr/include/c++/11/string:40,
                 from ./utilities/transactions/transaction_util.h:10,
                 from utilities/transactions/transaction_util.cc:8:
/usr/include/c++/11/bits/stl_pair.h:353:42: note: synthesized method ‘rocksdb::FileMetaData::FileMetaData(rocksdb::FileMetaData&&)’ first required here
  353 |         : first(std::forward<_U1>(__x)), second(std::forward<_U2>(__y)) { }
      |                                          ^~~~~~~~~~~~~~~~~~~~~~~~~~~~~~
In file included from ./db/memtable.h:21,
                 from ./db/memtable_list.h:17,
                 from ./db/column_family.h:17,
                 from ./db/db_impl/db_impl.h:22,
                 from utilities/transactions/transaction_util.cc:14:
./db/version_edit.h: In instantiation of ‘constexpr std::pair<_T1, _T2>::pair(_U1&&, const _T2&) [with _U1 = int&; typename std::enable_if<std::_PCC<true, _T1, _T2>::_MoveCopyPair<true, _U1, _T2>(), bool>::type <anonymous> = true; _T1 = int; _T2 = rocksdb::FileMetaData]’:
/usr/include/c++/11/ext/new_allocator.h:162:4:   required from ‘void __gnu_cxx::new_allocator<_Tp>::construct(_Up*, _Args&& ...) [with _Up = std::pair<int, rocksdb::FileMetaData>; _Args = {int&, const rocksdb::FileMetaData&}; _Tp = std::pair<int, rocksdb::FileMetaData>]’
/usr/include/c++/11/bits/alloc_traits.h:516:17:   required from ‘static void std::allocator_traits<std::allocator<_CharT> >::construct(std::allocator_traits<std::allocator<_CharT> >::allocator_type&, _Up*, _Args&& ...) [with _Up = std::pair<int, rocksdb::FileMetaData>; _Args = {int&, const rocksdb::FileMetaData&}; _Tp = std::pair<int, rocksdb::FileMetaData>; std::allocator_traits<std::allocator<_CharT> >::allocator_type = std::allocator<std::pair<int, rocksdb::FileMetaData> >]’
/usr/include/c++/11/bits/vector.tcc:115:30:   required from ‘void std::vector<_Tp, _Alloc>::emplace_back(_Args&& ...) [with _Args = {int&, const rocksdb::FileMetaData&}; _Tp = std::pair<int, rocksdb::FileMetaData>; _Alloc = std::allocator<std::pair<int, rocksdb::FileMetaData> >]’
./db/version_edit.h:258:28:   required from here
./db/version_edit.h:86:8: warning: implicitly-declared ‘constexpr rocksdb::FileDescriptor::FileDescriptor(const rocksdb::FileDescriptor&)’ is deprecated [-Wdeprecated-copy]
   86 | struct FileMetaData {
      |        ^~~~~~~~~~~~
./db/version_edit.h:55:19: note: because ‘rocksdb::FileDescriptor’ has user-provided ‘rocksdb::FileDescriptor& rocksdb::FileDescriptor::operator=(const rocksdb::FileDescriptor&)’
   55 |   FileDescriptor& operator=(const FileDescriptor& fd) {
      |                   ^~~~~~~~
In file included from /usr/include/c++/11/bits/stl_algobase.h:64,
                 from /usr/include/c++/11/bits/char_traits.h:39,
                 from /usr/include/c++/11/string:40,
                 from ./utilities/transactions/transaction_util.h:10,
                 from utilities/transactions/transaction_util.cc:8:
/usr/include/c++/11/bits/stl_pair.h:323:41: note: synthesized method ‘rocksdb::FileMetaData::FileMetaData(const rocksdb::FileMetaData&)’ first required here
  323 |        : first(std::forward<_U1>(__x)), second(__y) { }
      |                                         ^~~~~~~~~~~
./db/version_edit.h: In instantiation of ‘constexpr std::pair<_T1, _T2>::pair(_U1&&, _U2&&) [with _U1 = int&; _U2 = rocksdb::FileMetaData; typename std::enable_if<(std::_PCC<true, _T1, _T2>::_MoveConstructiblePair<_U1, _U2>() && std::_PCC<true, _T1, _T2>::_ImplicitlyMoveConvertiblePair<_U1, _U2>()), bool>::type <anonymous> = true; _T1 = int; _T2 = rocksdb::FileMetaData]’:
/usr/include/c++/11/ext/new_allocator.h:162:4:   required from ‘void __gnu_cxx::new_allocator<_Tp>::construct(_Up*, _Args&& ...) [with _Up = std::pair<int, rocksdb::FileMetaData>; _Args = {int&, rocksdb::FileMetaData}; _Tp = std::pair<int, rocksdb::FileMetaData>]’
/usr/include/c++/11/bits/alloc_traits.h:516:17:   required from ‘static void std::allocator_traits<std::allocator<_CharT> >::construct(std::allocator_traits<std::allocator<_CharT> >::allocator_type&, _Up*, _Args&& ...) [with _Up = std::pair<int, rocksdb::FileMetaData>; _Args = {int&, rocksdb::FileMetaData}; _Tp = std::pair<int, rocksdb::FileMetaData>; std::allocator_traits<std::allocator<_CharT> >::allocator_type = std::allocator<std::pair<int, rocksdb::FileMetaData> >]’
/usr/include/c++/11/bits/vector.tcc:115:30:   required from ‘void std::vector<_Tp, _Alloc>::emplace_back(_Args&& ...) [with _Args = {int&, rocksdb::FileMetaData}; _Tp = std::pair<int, rocksdb::FileMetaData>; _Alloc = std::allocator<std::pair<int, rocksdb::FileMetaData> >]’
./db/version_edit.h:253:28:   required from here
./db/version_edit.h:86:8: warning: implicitly-declared ‘constexpr rocksdb::FileDescriptor::FileDescriptor(const rocksdb::FileDescriptor&)’ is deprecated [-Wdeprecated-copy]
   86 | struct FileMetaData {
      |        ^~~~~~~~~~~~
./db/version_edit.h:55:19: note: because ‘rocksdb::FileDescriptor’ has user-provided ‘rocksdb::FileDescriptor& rocksdb::FileDescriptor::operator=(const rocksdb::FileDescriptor&)’
   55 |   FileDescriptor& operator=(const FileDescriptor& fd) {
      |                   ^~~~~~~~
In file included from /usr/include/c++/11/bits/stl_algobase.h:64,
                 from /usr/include/c++/11/bits/char_traits.h:39,
                 from /usr/include/c++/11/string:40,
                 from ./utilities/transactions/transaction_lock_mgr.h:10,
                 from utilities/transactions/transaction_lock_mgr.cc:8:
/usr/include/c++/11/bits/stl_pair.h:353:42: note: synthesized method ‘rocksdb::FileMetaData::FileMetaData(rocksdb::FileMetaData&&)’ first required here
  353 |         : first(std::forward<_U1>(__x)), second(std::forward<_U2>(__y)) { }
      |                                          ^~~~~~~~~~~~~~~~~~~~~~~~~~~~~~
In file included from ./db/memtable.h:21,
                 from ./db/memtable_list.h:17,
                 from ./db/column_family.h:17,
                 from ./db/db_impl/db_impl.h:22,
                 from ./db/db_iter.h:13,
                 from ./utilities/transactions/pessimistic_transaction_db.h:16,
                 from utilities/transactions/transaction_lock_mgr.cc:26:
./db/version_edit.h: In instantiation of ‘constexpr std::pair<_T1, _T2>::pair(_U1&&, const _T2&) [with _U1 = int&; typename std::enable_if<std::_PCC<true, _T1, _T2>::_MoveCopyPair<true, _U1, _T2>(), bool>::type <anonymous> = true; _T1 = int; _T2 = rocksdb::FileMetaData]’:
/usr/include/c++/11/ext/new_allocator.h:162:4:   required from ‘void __gnu_cxx::new_allocator<_Tp>::construct(_Up*, _Args&& ...) [with _Up = std::pair<int, rocksdb::FileMetaData>; _Args = {int&, const rocksdb::FileMetaData&}; _Tp = std::pair<int, rocksdb::FileMetaData>]’
/usr/include/c++/11/bits/alloc_traits.h:516:17:   required from ‘static void std::allocator_traits<std::allocator<_CharT> >::construct(std::allocator_traits<std::allocator<_CharT> >::allocator_type&, _Up*, _Args&& ...) [with _Up = std::pair<int, rocksdb::FileMetaData>; _Args = {int&, const rocksdb::FileMetaData&}; _Tp = std::pair<int, rocksdb::FileMetaData>; std::allocator_traits<std::allocator<_CharT> >::allocator_type = std::allocator<std::pair<int, rocksdb::FileMetaData> >]’
/usr/include/c++/11/bits/vector.tcc:115:30:   required from ‘void std::vector<_Tp, _Alloc>::emplace_back(_Args&& ...) [with _Args = {int&, const rocksdb::FileMetaData&}; _Tp = std::pair<int, rocksdb::FileMetaData>; _Alloc = std::allocator<std::pair<int, rocksdb::FileMetaData> >]’
./db/version_edit.h:258:28:   required from here
./db/version_edit.h:86:8: warning: implicitly-declared ‘constexpr rocksdb::FileDescriptor::FileDescriptor(const rocksdb::FileDescriptor&)’ is deprecated [-Wdeprecated-copy]
   86 | struct FileMetaData {
      |        ^~~~~~~~~~~~
./db/version_edit.h:55:19: note: because ‘rocksdb::FileDescriptor’ has user-provided ‘rocksdb::FileDescriptor& rocksdb::FileDescriptor::operator=(const rocksdb::FileDescriptor&)’
   55 |   FileDescriptor& operator=(const FileDescriptor& fd) {
      |                   ^~~~~~~~
In file included from /usr/include/c++/11/bits/stl_algobase.h:64,
                 from /usr/include/c++/11/bits/char_traits.h:39,
                 from /usr/include/c++/11/string:40,
                 from ./utilities/transactions/transaction_lock_mgr.h:10,
                 from utilities/transactions/transaction_lock_mgr.cc:8:
/usr/include/c++/11/bits/stl_pair.h:323:41: note: synthesized method ‘rocksdb::FileMetaData::FileMetaData(const rocksdb::FileMetaData&)’ first required here
  323 |        : first(std::forward<_U1>(__x)), second(__y) { }
      |                                         ^~~~~~~~~~~
In file included from ./db/memtable.h:21,
                 from ./db/memtable_list.h:17,
                 from ./db/column_family.h:17,
                 from ./db/db_impl/db_impl.h:22,
                 from ./db/db_iter.h:13,
                 from ./utilities/transactions/pessimistic_transaction_db.h:16,
                 from ./utilities/transactions/write_prepared_txn.h:29,
                 from utilities/transactions/write_prepared_txn.cc:8:
./db/version_edit.h: In constructor ‘rocksdb::FdWithKeyRange::FdWithKeyRange(rocksdb::FileDescriptor, rocksdb::Slice, rocksdb::Slice, rocksdb::FileMetaData*)’:
./db/version_edit.h:175:9: warning: implicitly-declared ‘constexpr rocksdb::FileDescriptor::FileDescriptor(const rocksdb::FileDescriptor&)’ is deprecated [-Wdeprecated-copy]
  175 |       : fd(_fd),
      |         ^~~~~~~
./db/version_edit.h:55:19: note: because ‘rocksdb::FileDescriptor’ has user-provided ‘rocksdb::FileDescriptor& rocksdb::FileDescriptor::operator=(const rocksdb::FileDescriptor&)’
   55 |   FileDescriptor& operator=(const FileDescriptor& fd) {
      |                   ^~~~~~~~
  CC       utilities/transactions/write_unprepared_txn.o
  CC       utilities/transactions/write_unprepared_txn_db.o
In file included from ./db/memtable.h:21,
                 from ./db/memtable_list.h:17,
                 from ./db/column_family.h:17,
                 from ./db/db_impl/db_impl.h:22,
                 from ./db/db_iter.h:13,
                 from ./utilities/transactions/write_prepared_txn_db.h:17,
                 from utilities/transactions/write_prepared_txn_db.cc:8:
./db/version_edit.h: In constructor ‘rocksdb::FdWithKeyRange::FdWithKeyRange(rocksdb::FileDescriptor, rocksdb::Slice, rocksdb::Slice, rocksdb::FileMetaData*)’:
./db/version_edit.h:175:9: warning: implicitly-declared ‘constexpr rocksdb::FileDescriptor::FileDescriptor(const rocksdb::FileDescriptor&)’ is deprecated [-Wdeprecated-copy]
  175 |       : fd(_fd),
      |         ^~~~~~~
./db/version_edit.h:55:19: note: because ‘rocksdb::FileDescriptor’ has user-provided ‘rocksdb::FileDescriptor& rocksdb::FileDescriptor::operator=(const rocksdb::FileDescriptor&)’
   55 |   FileDescriptor& operator=(const FileDescriptor& fd) {
      |                   ^~~~~~~~
  CC       utilities/ttl/db_ttl_impl.o
In file included from ./db/memtable.h:21,
                 from ./db/memtable_list.h:17,
                 from ./db/column_family.h:17,
                 from ./db/db_impl/db_impl.h:22,
                 from ./db/db_iter.h:13,
                 from ./utilities/transactions/pessimistic_transaction_db.h:16,
                 from ./utilities/transactions/write_prepared_txn.h:29,
                 from ./utilities/transactions/write_unprepared_txn.h:12,
                 from utilities/transactions/write_unprepared_txn.cc:8:
./db/version_edit.h: In constructor ‘rocksdb::FdWithKeyRange::FdWithKeyRange(rocksdb::FileDescriptor, rocksdb::Slice, rocksdb::Slice, rocksdb::FileMetaData*)’:
./db/version_edit.h:175:9: warning: implicitly-declared ‘constexpr rocksdb::FileDescriptor::FileDescriptor(const rocksdb::FileDescriptor&)’ is deprecated [-Wdeprecated-copy]
  175 |       : fd(_fd),
      |         ^~~~~~~
./db/version_edit.h:55:19: note: because ‘rocksdb::FileDescriptor’ has user-provided ‘rocksdb::FileDescriptor& rocksdb::FileDescriptor::operator=(const rocksdb::FileDescriptor&)’
   55 |   FileDescriptor& operator=(const FileDescriptor& fd) {
      |                   ^~~~~~~~
  CC       utilities/write_batch_with_index/write_batch_with_index.o
In file included from ./db/memtable.h:21,
                 from ./db/memtable_list.h:17,
                 from ./db/column_family.h:17,
                 from ./db/db_impl/db_impl.h:22,
                 from ./db/db_iter.h:13,
                 from ./utilities/transactions/write_prepared_txn_db.h:17,
                 from ./utilities/transactions/write_unprepared_txn_db.h:9,
                 from utilities/transactions/write_unprepared_txn_db.cc:8:
./db/version_edit.h: In constructor ‘rocksdb::FdWithKeyRange::FdWithKeyRange(rocksdb::FileDescriptor, rocksdb::Slice, rocksdb::Slice, rocksdb::FileMetaData*)’:
./db/version_edit.h:175:9: warning: implicitly-declared ‘constexpr rocksdb::FileDescriptor::FileDescriptor(const rocksdb::FileDescriptor&)’ is deprecated [-Wdeprecated-copy]
  175 |       : fd(_fd),
      |         ^~~~~~~
./db/version_edit.h:55:19: note: because ‘rocksdb::FileDescriptor’ has user-provided ‘rocksdb::FileDescriptor& rocksdb::FileDescriptor::operator=(const rocksdb::FileDescriptor&)’
   55 |   FileDescriptor& operator=(const FileDescriptor& fd) {
      |                   ^~~~~~~~
./db/version_edit.h: In instantiation of ‘constexpr std::pair<_T1, _T2>::pair(_U1&&, _U2&&) [with _U1 = int&; _U2 = rocksdb::FileMetaData; typename std::enable_if<(std::_PCC<true, _T1, _T2>::_MoveConstructiblePair<_U1, _U2>() && std::_PCC<true, _T1, _T2>::_ImplicitlyMoveConvertiblePair<_U1, _U2>()), bool>::type <anonymous> = true; _T1 = int; _T2 = rocksdb::FileMetaData]’:
/usr/include/c++/11/ext/new_allocator.h:162:4:   required from ‘void __gnu_cxx::new_allocator<_Tp>::construct(_Up*, _Args&& ...) [with _Up = std::pair<int, rocksdb::FileMetaData>; _Args = {int&, rocksdb::FileMetaData}; _Tp = std::pair<int, rocksdb::FileMetaData>]’
/usr/include/c++/11/bits/alloc_traits.h:516:17:   required from ‘static void std::allocator_traits<std::allocator<_CharT> >::construct(std::allocator_traits<std::allocator<_CharT> >::allocator_type&, _Up*, _Args&& ...) [with _Up = std::pair<int, rocksdb::FileMetaData>; _Args = {int&, rocksdb::FileMetaData}; _Tp = std::pair<int, rocksdb::FileMetaData>; std::allocator_traits<std::allocator<_CharT> >::allocator_type = std::allocator<std::pair<int, rocksdb::FileMetaData> >]’
/usr/include/c++/11/bits/vector.tcc:115:30:   required from ‘void std::vector<_Tp, _Alloc>::emplace_back(_Args&& ...) [with _Args = {int&, rocksdb::FileMetaData}; _Tp = std::pair<int, rocksdb::FileMetaData>; _Alloc = std::allocator<std::pair<int, rocksdb::FileMetaData> >]’
./db/version_edit.h:253:28:   required from here
./db/version_edit.h:86:8: warning: implicitly-declared ‘constexpr rocksdb::FileDescriptor::FileDescriptor(const rocksdb::FileDescriptor&)’ is deprecated [-Wdeprecated-copy]
   86 | struct FileMetaData {
      |        ^~~~~~~~~~~~
./db/version_edit.h:55:19: note: because ‘rocksdb::FileDescriptor’ has user-provided ‘rocksdb::FileDescriptor& rocksdb::FileDescriptor::operator=(const rocksdb::FileDescriptor&)’
   55 |   FileDescriptor& operator=(const FileDescriptor& fd) {
      |                   ^~~~~~~~
In file included from /usr/include/c++/11/utility:70,
                 from /usr/include/c++/11/algorithm:60,
                 from ./utilities/transactions/write_prepared_txn.h:10,
                 from utilities/transactions/write_prepared_txn.cc:8:
/usr/include/c++/11/bits/stl_pair.h:353:42: note: synthesized method ‘rocksdb::FileMetaData::FileMetaData(rocksdb::FileMetaData&&)’ first required here
  353 |         : first(std::forward<_U1>(__x)), second(std::forward<_U2>(__y)) { }
      |                                          ^~~~~~~~~~~~~~~~~~~~~~~~~~~~~~
In file included from ./db/memtable.h:21,
                 from ./db/memtable_list.h:17,
                 from ./db/column_family.h:17,
                 from ./db/db_impl/db_impl.h:22,
                 from ./db/db_iter.h:13,
                 from ./utilities/transactions/pessimistic_transaction_db.h:16,
                 from ./utilities/transactions/write_prepared_txn.h:29,
                 from utilities/transactions/write_prepared_txn.cc:8:
./db/version_edit.h: In instantiation of ‘constexpr std::pair<_T1, _T2>::pair(_U1&&, const _T2&) [with _U1 = int&; typename std::enable_if<std::_PCC<true, _T1, _T2>::_MoveCopyPair<true, _U1, _T2>(), bool>::type <anonymous> = true; _T1 = int; _T2 = rocksdb::FileMetaData]’:
/usr/include/c++/11/ext/new_allocator.h:162:4:   required from ‘void __gnu_cxx::new_allocator<_Tp>::construct(_Up*, _Args&& ...) [with _Up = std::pair<int, rocksdb::FileMetaData>; _Args = {int&, const rocksdb::FileMetaData&}; _Tp = std::pair<int, rocksdb::FileMetaData>]’
/usr/include/c++/11/bits/alloc_traits.h:516:17:   required from ‘static void std::allocator_traits<std::allocator<_CharT> >::construct(std::allocator_traits<std::allocator<_CharT> >::allocator_type&, _Up*, _Args&& ...) [with _Up = std::pair<int, rocksdb::FileMetaData>; _Args = {int&, const rocksdb::FileMetaData&}; _Tp = std::pair<int, rocksdb::FileMetaData>; std::allocator_traits<std::allocator<_CharT> >::allocator_type = std::allocator<std::pair<int, rocksdb::FileMetaData> >]’
/usr/include/c++/11/bits/vector.tcc:115:30:   required from ‘void std::vector<_Tp, _Alloc>::emplace_back(_Args&& ...) [with _Args = {int&, const rocksdb::FileMetaData&}; _Tp = std::pair<int, rocksdb::FileMetaData>; _Alloc = std::allocator<std::pair<int, rocksdb::FileMetaData> >]’
./db/version_edit.h:258:28:   required from here
./db/version_edit.h:86:8: warning: implicitly-declared ‘constexpr rocksdb::FileDescriptor::FileDescriptor(const rocksdb::FileDescriptor&)’ is deprecated [-Wdeprecated-copy]
   86 | struct FileMetaData {
      |        ^~~~~~~~~~~~
./db/version_edit.h:55:19: note: because ‘rocksdb::FileDescriptor’ has user-provided ‘rocksdb::FileDescriptor& rocksdb::FileDescriptor::operator=(const rocksdb::FileDescriptor&)’
   55 |   FileDescriptor& operator=(const FileDescriptor& fd) {
      |                   ^~~~~~~~
In file included from /usr/include/c++/11/utility:70,
                 from /usr/include/c++/11/algorithm:60,
                 from ./utilities/transactions/write_prepared_txn.h:10,
                 from utilities/transactions/write_prepared_txn.cc:8:
/usr/include/c++/11/bits/stl_pair.h:323:41: note: synthesized method ‘rocksdb::FileMetaData::FileMetaData(const rocksdb::FileMetaData&)’ first required here
  323 |        : first(std::forward<_U1>(__x)), second(__y) { }
      |                                         ^~~~~~~~~~~
In file included from ./db/memtable.h:21,
                 from ./db/memtable_list.h:17,
                 from ./db/column_family.h:17,
                 from ./db/db_impl/db_impl.h:22,
                 from ./utilities/ttl/db_ttl_impl.h:13,
                 from utilities/ttl/db_ttl_impl.cc:7:
./db/version_edit.h: In constructor ‘rocksdb::FdWithKeyRange::FdWithKeyRange(rocksdb::FileDescriptor, rocksdb::Slice, rocksdb::Slice, rocksdb::FileMetaData*)’:
./db/version_edit.h:175:9: warning: implicitly-declared ‘constexpr rocksdb::FileDescriptor::FileDescriptor(const rocksdb::FileDescriptor&)’ is deprecated [-Wdeprecated-copy]
  175 |       : fd(_fd),
      |         ^~~~~~~
./db/version_edit.h:55:19: note: because ‘rocksdb::FileDescriptor’ has user-provided ‘rocksdb::FileDescriptor& rocksdb::FileDescriptor::operator=(const rocksdb::FileDescriptor&)’
   55 |   FileDescriptor& operator=(const FileDescriptor& fd) {
      |                   ^~~~~~~~
In file included from ./db/memtable.h:21,
                 from ./db/memtable_list.h:17,
                 from ./db/column_family.h:17,
                 from utilities/write_batch_with_index/write_batch_with_index.cc:12:
./db/version_edit.h: In constructor ‘rocksdb::FdWithKeyRange::FdWithKeyRange(rocksdb::FileDescriptor, rocksdb::Slice, rocksdb::Slice, rocksdb::FileMetaData*)’:
./db/version_edit.h:175:9: warning: implicitly-declared ‘constexpr rocksdb::FileDescriptor::FileDescriptor(const rocksdb::FileDescriptor&)’ is deprecated [-Wdeprecated-copy]
  175 |       : fd(_fd),
      |         ^~~~~~~
./db/version_edit.h:55:19: note: because ‘rocksdb::FileDescriptor’ has user-provided ‘rocksdb::FileDescriptor& rocksdb::FileDescriptor::operator=(const rocksdb::FileDescriptor&)’
   55 |   FileDescriptor& operator=(const FileDescriptor& fd) {
      |                   ^~~~~~~~
./db/version_edit.h: In instantiation of ‘constexpr std::pair<_T1, _T2>::pair(_U1&&, _U2&&) [with _U1 = int&; _U2 = rocksdb::FileMetaData; typename std::enable_if<(std::_PCC<true, _T1, _T2>::_MoveConstructiblePair<_U1, _U2>() && std::_PCC<true, _T1, _T2>::_ImplicitlyMoveConvertiblePair<_U1, _U2>()), bool>::type <anonymous> = true; _T1 = int; _T2 = rocksdb::FileMetaData]’:
/usr/include/c++/11/ext/new_allocator.h:162:4:   required from ‘void __gnu_cxx::new_allocator<_Tp>::construct(_Up*, _Args&& ...) [with _Up = std::pair<int, rocksdb::FileMetaData>; _Args = {int&, rocksdb::FileMetaData}; _Tp = std::pair<int, rocksdb::FileMetaData>]’
/usr/include/c++/11/bits/alloc_traits.h:516:17:   required from ‘static void std::allocator_traits<std::allocator<_CharT> >::construct(std::allocator_traits<std::allocator<_CharT> >::allocator_type&, _Up*, _Args&& ...) [with _Up = std::pair<int, rocksdb::FileMetaData>; _Args = {int&, rocksdb::FileMetaData}; _Tp = std::pair<int, rocksdb::FileMetaData>; std::allocator_traits<std::allocator<_CharT> >::allocator_type = std::allocator<std::pair<int, rocksdb::FileMetaData> >]’
/usr/include/c++/11/bits/vector.tcc:115:30:   required from ‘void std::vector<_Tp, _Alloc>::emplace_back(_Args&& ...) [with _Args = {int&, rocksdb::FileMetaData}; _Tp = std::pair<int, rocksdb::FileMetaData>; _Alloc = std::allocator<std::pair<int, rocksdb::FileMetaData> >]’
./db/version_edit.h:253:28:   required from here
./db/version_edit.h:86:8: warning: implicitly-declared ‘constexpr rocksdb::FileDescriptor::FileDescriptor(const rocksdb::FileDescriptor&)’ is deprecated [-Wdeprecated-copy]
   86 | struct FileMetaData {
      |        ^~~~~~~~~~~~
./db/version_edit.h:55:19: note: because ‘rocksdb::FileDescriptor’ has user-provided ‘rocksdb::FileDescriptor& rocksdb::FileDescriptor::operator=(const rocksdb::FileDescriptor&)’
   55 |   FileDescriptor& operator=(const FileDescriptor& fd) {
      |                   ^~~~~~~~
In file included from /usr/include/c++/11/utility:70,
                 from /usr/include/c++/11/tuple:38,
                 from /usr/include/c++/11/mutex:38,
                 from ./utilities/transactions/write_prepared_txn_db.h:10,
                 from utilities/transactions/write_prepared_txn_db.cc:8:
/usr/include/c++/11/bits/stl_pair.h:353:42: note: synthesized method ‘rocksdb::FileMetaData::FileMetaData(rocksdb::FileMetaData&&)’ first required here
  353 |         : first(std::forward<_U1>(__x)), second(std::forward<_U2>(__y)) { }
      |                                          ^~~~~~~~~~~~~~~~~~~~~~~~~~~~~~
In file included from ./db/memtable.h:21,
                 from ./db/memtable_list.h:17,
                 from ./db/column_family.h:17,
                 from ./db/db_impl/db_impl.h:22,
                 from ./db/db_iter.h:13,
                 from ./utilities/transactions/write_prepared_txn_db.h:17,
                 from utilities/transactions/write_prepared_txn_db.cc:8:
./db/version_edit.h: In instantiation of ‘constexpr std::pair<_T1, _T2>::pair(_U1&&, const _T2&) [with _U1 = int&; typename std::enable_if<std::_PCC<true, _T1, _T2>::_MoveCopyPair<true, _U1, _T2>(), bool>::type <anonymous> = true; _T1 = int; _T2 = rocksdb::FileMetaData]’:
/usr/include/c++/11/ext/new_allocator.h:162:4:   required from ‘void __gnu_cxx::new_allocator<_Tp>::construct(_Up*, _Args&& ...) [with _Up = std::pair<int, rocksdb::FileMetaData>; _Args = {int&, const rocksdb::FileMetaData&}; _Tp = std::pair<int, rocksdb::FileMetaData>]’
/usr/include/c++/11/bits/alloc_traits.h:516:17:   required from ‘static void std::allocator_traits<std::allocator<_CharT> >::construct(std::allocator_traits<std::allocator<_CharT> >::allocator_type&, _Up*, _Args&& ...) [with _Up = std::pair<int, rocksdb::FileMetaData>; _Args = {int&, const rocksdb::FileMetaData&}; _Tp = std::pair<int, rocksdb::FileMetaData>; std::allocator_traits<std::allocator<_CharT> >::allocator_type = std::allocator<std::pair<int, rocksdb::FileMetaData> >]’
/usr/include/c++/11/bits/vector.tcc:115:30:   required from ‘void std::vector<_Tp, _Alloc>::emplace_back(_Args&& ...) [with _Args = {int&, const rocksdb::FileMetaData&}; _Tp = std::pair<int, rocksdb::FileMetaData>; _Alloc = std::allocator<std::pair<int, rocksdb::FileMetaData> >]’
./db/version_edit.h:258:28:   required from here
./db/version_edit.h:86:8: warning: implicitly-declared ‘constexpr rocksdb::FileDescriptor::FileDescriptor(const rocksdb::FileDescriptor&)’ is deprecated [-Wdeprecated-copy]
   86 | struct FileMetaData {
      |        ^~~~~~~~~~~~
./db/version_edit.h:55:19: note: because ‘rocksdb::FileDescriptor’ has user-provided ‘rocksdb::FileDescriptor& rocksdb::FileDescriptor::operator=(const rocksdb::FileDescriptor&)’
   55 |   FileDescriptor& operator=(const FileDescriptor& fd) {
      |                   ^~~~~~~~
In file included from /usr/include/c++/11/utility:70,
                 from /usr/include/c++/11/tuple:38,
                 from /usr/include/c++/11/mutex:38,
                 from ./utilities/transactions/write_prepared_txn_db.h:10,
                 from utilities/transactions/write_prepared_txn_db.cc:8:
/usr/include/c++/11/bits/stl_pair.h:323:41: note: synthesized method ‘rocksdb::FileMetaData::FileMetaData(const rocksdb::FileMetaData&)’ first required here
  323 |        : first(std::forward<_U1>(__x)), second(__y) { }
      |                                         ^~~~~~~~~~~
  CC       utilities/write_batch_with_index/write_batch_with_index_internal.o
./db/version_edit.h: In instantiation of ‘constexpr std::pair<_T1, _T2>::pair(_U1&&, _U2&&) [with _U1 = int&; _U2 = rocksdb::FileMetaData; typename std::enable_if<(std::_PCC<true, _T1, _T2>::_MoveConstructiblePair<_U1, _U2>() && std::_PCC<true, _T1, _T2>::_ImplicitlyMoveConvertiblePair<_U1, _U2>()), bool>::type <anonymous> = true; _T1 = int; _T2 = rocksdb::FileMetaData]’:
/usr/include/c++/11/ext/new_allocator.h:162:4:   required from ‘void __gnu_cxx::new_allocator<_Tp>::construct(_Up*, _Args&& ...) [with _Up = std::pair<int, rocksdb::FileMetaData>; _Args = {int&, rocksdb::FileMetaData}; _Tp = std::pair<int, rocksdb::FileMetaData>]’
/usr/include/c++/11/bits/alloc_traits.h:516:17:   required from ‘static void std::allocator_traits<std::allocator<_Tp1> >::construct(std::allocator_traits<std::allocator<_Tp1> >::allocator_type&, _Up*, _Args&& ...) [with _Up = std::pair<int, rocksdb::FileMetaData>; _Args = {int&, rocksdb::FileMetaData}; _Tp = std::pair<int, rocksdb::FileMetaData>; std::allocator_traits<std::allocator<_Tp1> >::allocator_type = std::allocator<std::pair<int, rocksdb::FileMetaData> >]’
/usr/include/c++/11/bits/vector.tcc:115:30:   required from ‘void std::vector<_Tp, _Alloc>::emplace_back(_Args&& ...) [with _Args = {int&, rocksdb::FileMetaData}; _Tp = std::pair<int, rocksdb::FileMetaData>; _Alloc = std::allocator<std::pair<int, rocksdb::FileMetaData> >]’
./db/version_edit.h:253:28:   required from here
./db/version_edit.h:86:8: warning: implicitly-declared ‘constexpr rocksdb::FileDescriptor::FileDescriptor(const rocksdb::FileDescriptor&)’ is deprecated [-Wdeprecated-copy]
   86 | struct FileMetaData {
      |        ^~~~~~~~~~~~
./db/version_edit.h:55:19: note: because ‘rocksdb::FileDescriptor’ has user-provided ‘rocksdb::FileDescriptor& rocksdb::FileDescriptor::operator=(const rocksdb::FileDescriptor&)’
   55 |   FileDescriptor& operator=(const FileDescriptor& fd) {
      |                   ^~~~~~~~
In file included from /usr/include/c++/11/bits/stl_algobase.h:64,
                 from /usr/include/c++/11/bits/stl_tree.h:63,
                 from /usr/include/c++/11/set:60,
                 from ./utilities/transactions/write_unprepared_txn.h:10,
                 from utilities/transactions/write_unprepared_txn.cc:8:
/usr/include/c++/11/bits/stl_pair.h:353:42: note: synthesized method ‘rocksdb::FileMetaData::FileMetaData(rocksdb::FileMetaData&&)’ first required here
  353 |         : first(std::forward<_U1>(__x)), second(std::forward<_U2>(__y)) { }
      |                                          ^~~~~~~~~~~~~~~~~~~~~~~~~~~~~~
In file included from ./db/memtable.h:21,
                 from ./db/memtable_list.h:17,
                 from ./db/column_family.h:17,
                 from ./db/db_impl/db_impl.h:22,
                 from ./db/db_iter.h:13,
                 from ./utilities/transactions/pessimistic_transaction_db.h:16,
                 from ./utilities/transactions/write_prepared_txn.h:29,
                 from ./utilities/transactions/write_unprepared_txn.h:12,
                 from utilities/transactions/write_unprepared_txn.cc:8:
./db/version_edit.h: In instantiation of ‘constexpr std::pair<_T1, _T2>::pair(_U1&&, const _T2&) [with _U1 = int&; typename std::enable_if<std::_PCC<true, _T1, _T2>::_MoveCopyPair<true, _U1, _T2>(), bool>::type <anonymous> = true; _T1 = int; _T2 = rocksdb::FileMetaData]’:
/usr/include/c++/11/ext/new_allocator.h:162:4:   required from ‘void __gnu_cxx::new_allocator<_Tp>::construct(_Up*, _Args&& ...) [with _Up = std::pair<int, rocksdb::FileMetaData>; _Args = {int&, const rocksdb::FileMetaData&}; _Tp = std::pair<int, rocksdb::FileMetaData>]’
/usr/include/c++/11/bits/alloc_traits.h:516:17:   required from ‘static void std::allocator_traits<std::allocator<_Tp1> >::construct(std::allocator_traits<std::allocator<_Tp1> >::allocator_type&, _Up*, _Args&& ...) [with _Up = std::pair<int, rocksdb::FileMetaData>; _Args = {int&, const rocksdb::FileMetaData&}; _Tp = std::pair<int, rocksdb::FileMetaData>; std::allocator_traits<std::allocator<_Tp1> >::allocator_type = std::allocator<std::pair<int, rocksdb::FileMetaData> >]’
/usr/include/c++/11/bits/vector.tcc:115:30:   required from ‘void std::vector<_Tp, _Alloc>::emplace_back(_Args&& ...) [with _Args = {int&, const rocksdb::FileMetaData&}; _Tp = std::pair<int, rocksdb::FileMetaData>; _Alloc = std::allocator<std::pair<int, rocksdb::FileMetaData> >]’
./db/version_edit.h:258:28:   required from here
./db/version_edit.h:86:8: warning: implicitly-declared ‘constexpr rocksdb::FileDescriptor::FileDescriptor(const rocksdb::FileDescriptor&)’ is deprecated [-Wdeprecated-copy]
   86 | struct FileMetaData {
      |        ^~~~~~~~~~~~
./db/version_edit.h:55:19: note: because ‘rocksdb::FileDescriptor’ has user-provided ‘rocksdb::FileDescriptor& rocksdb::FileDescriptor::operator=(const rocksdb::FileDescriptor&)’
   55 |   FileDescriptor& operator=(const FileDescriptor& fd) {
      |                   ^~~~~~~~
In file included from /usr/include/c++/11/bits/stl_algobase.h:64,
                 from /usr/include/c++/11/bits/stl_tree.h:63,
                 from /usr/include/c++/11/set:60,
                 from ./utilities/transactions/write_unprepared_txn.h:10,
                 from utilities/transactions/write_unprepared_txn.cc:8:
/usr/include/c++/11/bits/stl_pair.h:323:41: note: synthesized method ‘rocksdb::FileMetaData::FileMetaData(const rocksdb::FileMetaData&)’ first required here
  323 |        : first(std::forward<_U1>(__x)), second(__y) { }
      |                                         ^~~~~~~~~~~
  CC       tools/ldb_cmd.o
  CC       tools/ldb_tool.o
./db/version_edit.h: In instantiation of ‘constexpr std::pair<_T1, _T2>::pair(_U1&&, _U2&&) [with _U1 = int&; _U2 = rocksdb::FileMetaData; typename std::enable_if<(std::_PCC<true, _T1, _T2>::_MoveConstructiblePair<_U1, _U2>() && std::_PCC<true, _T1, _T2>::_ImplicitlyMoveConvertiblePair<_U1, _U2>()), bool>::type <anonymous> = true; _T1 = int; _T2 = rocksdb::FileMetaData]’:
/usr/include/c++/11/ext/new_allocator.h:162:4:   required from ‘void __gnu_cxx::new_allocator<_Tp>::construct(_Up*, _Args&& ...) [with _Up = std::pair<int, rocksdb::FileMetaData>; _Args = {int&, rocksdb::FileMetaData}; _Tp = std::pair<int, rocksdb::FileMetaData>]’
/usr/include/c++/11/bits/alloc_traits.h:516:17:   required from ‘static void std::allocator_traits<std::allocator<_CharT> >::construct(std::allocator_traits<std::allocator<_CharT> >::allocator_type&, _Up*, _Args&& ...) [with _Up = std::pair<int, rocksdb::FileMetaData>; _Args = {int&, rocksdb::FileMetaData}; _Tp = std::pair<int, rocksdb::FileMetaData>; std::allocator_traits<std::allocator<_CharT> >::allocator_type = std::allocator<std::pair<int, rocksdb::FileMetaData> >]’
/usr/include/c++/11/bits/vector.tcc:115:30:   required from ‘void std::vector<_Tp, _Alloc>::emplace_back(_Args&& ...) [with _Args = {int&, rocksdb::FileMetaData}; _Tp = std::pair<int, rocksdb::FileMetaData>; _Alloc = std::allocator<std::pair<int, rocksdb::FileMetaData> >]’
./db/version_edit.h:253:28:   required from here
./db/version_edit.h:86:8: warning: implicitly-declared ‘constexpr rocksdb::FileDescriptor::FileDescriptor(const rocksdb::FileDescriptor&)’ is deprecated [-Wdeprecated-copy]
   86 | struct FileMetaData {
      |        ^~~~~~~~~~~~
./db/version_edit.h:55:19: note: because ‘rocksdb::FileDescriptor’ has user-provided ‘rocksdb::FileDescriptor& rocksdb::FileDescriptor::operator=(const rocksdb::FileDescriptor&)’
   55 |   FileDescriptor& operator=(const FileDescriptor& fd) {
      |                   ^~~~~~~~
In file included from /usr/include/c++/11/utility:70,
                 from /usr/include/c++/11/tuple:38,
                 from /usr/include/c++/11/mutex:38,
                 from ./utilities/transactions/write_prepared_txn_db.h:10,
                 from ./utilities/transactions/write_unprepared_txn_db.h:9,
                 from utilities/transactions/write_unprepared_txn_db.cc:8:
/usr/include/c++/11/bits/stl_pair.h:353:42: note: synthesized method ‘rocksdb::FileMetaData::FileMetaData(rocksdb::FileMetaData&&)’ first required here
  353 |         : first(std::forward<_U1>(__x)), second(std::forward<_U2>(__y)) { }
      |                                          ^~~~~~~~~~~~~~~~~~~~~~~~~~~~~~
In file included from ./db/memtable.h:21,
                 from ./db/memtable_list.h:17,
                 from ./db/column_family.h:17,
                 from ./db/db_impl/db_impl.h:22,
                 from ./db/db_iter.h:13,
                 from ./utilities/transactions/write_prepared_txn_db.h:17,
                 from ./utilities/transactions/write_unprepared_txn_db.h:9,
                 from utilities/transactions/write_unprepared_txn_db.cc:8:
./db/version_edit.h: In instantiation of ‘constexpr std::pair<_T1, _T2>::pair(_U1&&, const _T2&) [with _U1 = int&; typename std::enable_if<std::_PCC<true, _T1, _T2>::_MoveCopyPair<true, _U1, _T2>(), bool>::type <anonymous> = true; _T1 = int; _T2 = rocksdb::FileMetaData]’:
/usr/include/c++/11/ext/new_allocator.h:162:4:   required from ‘void __gnu_cxx::new_allocator<_Tp>::construct(_Up*, _Args&& ...) [with _Up = std::pair<int, rocksdb::FileMetaData>; _Args = {int&, const rocksdb::FileMetaData&}; _Tp = std::pair<int, rocksdb::FileMetaData>]’
/usr/include/c++/11/bits/alloc_traits.h:516:17:   required from ‘static void std::allocator_traits<std::allocator<_CharT> >::construct(std::allocator_traits<std::allocator<_CharT> >::allocator_type&, _Up*, _Args&& ...) [with _Up = std::pair<int, rocksdb::FileMetaData>; _Args = {int&, const rocksdb::FileMetaData&}; _Tp = std::pair<int, rocksdb::FileMetaData>; std::allocator_traits<std::allocator<_CharT> >::allocator_type = std::allocator<std::pair<int, rocksdb::FileMetaData> >]’
/usr/include/c++/11/bits/vector.tcc:115:30:   required from ‘void std::vector<_Tp, _Alloc>::emplace_back(_Args&& ...) [with _Args = {int&, const rocksdb::FileMetaData&}; _Tp = std::pair<int, rocksdb::FileMetaData>; _Alloc = std::allocator<std::pair<int, rocksdb::FileMetaData> >]’
./db/version_edit.h:258:28:   required from here
./db/version_edit.h:86:8: warning: implicitly-declared ‘constexpr rocksdb::FileDescriptor::FileDescriptor(const rocksdb::FileDescriptor&)’ is deprecated [-Wdeprecated-copy]
   86 | struct FileMetaData {
      |        ^~~~~~~~~~~~
./db/version_edit.h:55:19: note: because ‘rocksdb::FileDescriptor’ has user-provided ‘rocksdb::FileDescriptor& rocksdb::FileDescriptor::operator=(const rocksdb::FileDescriptor&)’
   55 |   FileDescriptor& operator=(const FileDescriptor& fd) {
      |                   ^~~~~~~~
In file included from /usr/include/c++/11/utility:70,
                 from /usr/include/c++/11/tuple:38,
                 from /usr/include/c++/11/mutex:38,
                 from ./utilities/transactions/write_prepared_txn_db.h:10,
                 from ./utilities/transactions/write_unprepared_txn_db.h:9,
                 from utilities/transactions/write_unprepared_txn_db.cc:8:
/usr/include/c++/11/bits/stl_pair.h:323:41: note: synthesized method ‘rocksdb::FileMetaData::FileMetaData(const rocksdb::FileMetaData&)’ first required here
  323 |        : first(std::forward<_U1>(__x)), second(__y) { }
      |                                         ^~~~~~~~~~~
./db/version_edit.h: In instantiation of ‘constexpr std::pair<_T1, _T2>::pair(_U1&&, _U2&&) [with _U1 = int&; _U2 = rocksdb::FileMetaData; typename std::enable_if<(std::_PCC<true, _T1, _T2>::_MoveConstructiblePair<_U1, _U2>() && std::_PCC<true, _T1, _T2>::_ImplicitlyMoveConvertiblePair<_U1, _U2>()), bool>::type <anonymous> = true; _T1 = int; _T2 = rocksdb::FileMetaData]’:
/usr/include/c++/11/ext/new_allocator.h:162:4:   required from ‘void __gnu_cxx::new_allocator<_Tp>::construct(_Up*, _Args&& ...) [with _Up = std::pair<int, rocksdb::FileMetaData>; _Args = {int&, rocksdb::FileMetaData}; _Tp = std::pair<int, rocksdb::FileMetaData>]’
/usr/include/c++/11/bits/alloc_traits.h:516:17:   required from ‘static void std::allocator_traits<std::allocator<_Tp1> >::construct(std::allocator_traits<std::allocator<_Tp1> >::allocator_type&, _Up*, _Args&& ...) [with _Up = std::pair<int, rocksdb::FileMetaData>; _Args = {int&, rocksdb::FileMetaData}; _Tp = std::pair<int, rocksdb::FileMetaData>; std::allocator_traits<std::allocator<_Tp1> >::allocator_type = std::allocator<std::pair<int, rocksdb::FileMetaData> >]’
/usr/include/c++/11/bits/vector.tcc:115:30:   required from ‘void std::vector<_Tp, _Alloc>::emplace_back(_Args&& ...) [with _Args = {int&, rocksdb::FileMetaData}; _Tp = std::pair<int, rocksdb::FileMetaData>; _Alloc = std::allocator<std::pair<int, rocksdb::FileMetaData> >]’
./db/version_edit.h:253:28:   required from here
./db/version_edit.h:86:8: warning: implicitly-declared ‘constexpr rocksdb::FileDescriptor::FileDescriptor(const rocksdb::FileDescriptor&)’ is deprecated [-Wdeprecated-copy]
   86 | struct FileMetaData {
      |        ^~~~~~~~~~~~
./db/version_edit.h:55:19: note: because ‘rocksdb::FileDescriptor’ has user-provided ‘rocksdb::FileDescriptor& rocksdb::FileDescriptor::operator=(const rocksdb::FileDescriptor&)’
   55 |   FileDescriptor& operator=(const FileDescriptor& fd) {
      |                   ^~~~~~~~
In file included from /usr/include/c++/11/bits/stl_algobase.h:64,
                 from /usr/include/c++/11/deque:60,
                 from ./utilities/ttl/db_ttl_impl.h:9,
                 from utilities/ttl/db_ttl_impl.cc:7:
/usr/include/c++/11/bits/stl_pair.h:353:42: note: synthesized method ‘rocksdb::FileMetaData::FileMetaData(rocksdb::FileMetaData&&)’ first required here
  353 |         : first(std::forward<_U1>(__x)), second(std::forward<_U2>(__y)) { }
      |                                          ^~~~~~~~~~~~~~~~~~~~~~~~~~~~~~
In file included from ./db/memtable.h:21,
                 from ./db/memtable_list.h:17,
                 from ./db/column_family.h:17,
                 from ./db/db_impl/db_impl.h:22,
                 from ./utilities/ttl/db_ttl_impl.h:13,
                 from utilities/ttl/db_ttl_impl.cc:7:
./db/version_edit.h: In instantiation of ‘constexpr std::pair<_T1, _T2>::pair(_U1&&, const _T2&) [with _U1 = int&; typename std::enable_if<std::_PCC<true, _T1, _T2>::_MoveCopyPair<true, _U1, _T2>(), bool>::type <anonymous> = true; _T1 = int; _T2 = rocksdb::FileMetaData]’:
/usr/include/c++/11/ext/new_allocator.h:162:4:   required from ‘void __gnu_cxx::new_allocator<_Tp>::construct(_Up*, _Args&& ...) [with _Up = std::pair<int, rocksdb::FileMetaData>; _Args = {int&, const rocksdb::FileMetaData&}; _Tp = std::pair<int, rocksdb::FileMetaData>]’
/usr/include/c++/11/bits/alloc_traits.h:516:17:   required from ‘static void std::allocator_traits<std::allocator<_Tp1> >::construct(std::allocator_traits<std::allocator<_Tp1> >::allocator_type&, _Up*, _Args&& ...) [with _Up = std::pair<int, rocksdb::FileMetaData>; _Args = {int&, const rocksdb::FileMetaData&}; _Tp = std::pair<int, rocksdb::FileMetaData>; std::allocator_traits<std::allocator<_Tp1> >::allocator_type = std::allocator<std::pair<int, rocksdb::FileMetaData> >]’
/usr/include/c++/11/bits/vector.tcc:115:30:   required from ‘void std::vector<_Tp, _Alloc>::emplace_back(_Args&& ...) [with _Args = {int&, const rocksdb::FileMetaData&}; _Tp = std::pair<int, rocksdb::FileMetaData>; _Alloc = std::allocator<std::pair<int, rocksdb::FileMetaData> >]’
./db/version_edit.h:258:28:   required from here
./db/version_edit.h:86:8: warning: implicitly-declared ‘constexpr rocksdb::FileDescriptor::FileDescriptor(const rocksdb::FileDescriptor&)’ is deprecated [-Wdeprecated-copy]
   86 | struct FileMetaData {
      |        ^~~~~~~~~~~~
./db/version_edit.h:55:19: note: because ‘rocksdb::FileDescriptor’ has user-provided ‘rocksdb::FileDescriptor& rocksdb::FileDescriptor::operator=(const rocksdb::FileDescriptor&)’
   55 |   FileDescriptor& operator=(const FileDescriptor& fd) {
      |                   ^~~~~~~~
In file included from /usr/include/c++/11/bits/stl_algobase.h:64,
                 from /usr/include/c++/11/deque:60,
                 from ./utilities/ttl/db_ttl_impl.h:9,
                 from utilities/ttl/db_ttl_impl.cc:7:
/usr/include/c++/11/bits/stl_pair.h:323:41: note: synthesized method ‘rocksdb::FileMetaData::FileMetaData(const rocksdb::FileMetaData&)’ first required here
  323 |        : first(std::forward<_U1>(__x)), second(__y) { }
      |                                         ^~~~~~~~~~~
In file included from ./db/memtable.h:21,
                 from ./db/memtable_list.h:17,
                 from ./db/column_family.h:17,
                 from utilities/write_batch_with_index/write_batch_with_index_internal.cc:10:
./db/version_edit.h: In constructor ‘rocksdb::FdWithKeyRange::FdWithKeyRange(rocksdb::FileDescriptor, rocksdb::Slice, rocksdb::Slice, rocksdb::FileMetaData*)’:
./db/version_edit.h:175:9: warning: implicitly-declared ‘constexpr rocksdb::FileDescriptor::FileDescriptor(const rocksdb::FileDescriptor&)’ is deprecated [-Wdeprecated-copy]
  175 |       : fd(_fd),
      |         ^~~~~~~
./db/version_edit.h:55:19: note: because ‘rocksdb::FileDescriptor’ has user-provided ‘rocksdb::FileDescriptor& rocksdb::FileDescriptor::operator=(const rocksdb::FileDescriptor&)’
   55 |   FileDescriptor& operator=(const FileDescriptor& fd) {
      |                   ^~~~~~~~
./db/version_edit.h: In instantiation of ‘constexpr std::pair<_T1, _T2>::pair(_U1&&, _U2&&) [with _U1 = int&; _U2 = rocksdb::FileMetaData; typename std::enable_if<(std::_PCC<true, _T1, _T2>::_MoveConstructiblePair<_U1, _U2>() && std::_PCC<true, _T1, _T2>::_ImplicitlyMoveConvertiblePair<_U1, _U2>()), bool>::type <anonymous> = true; _T1 = int; _T2 = rocksdb::FileMetaData]’:
/usr/include/c++/11/ext/new_allocator.h:162:4:   required from ‘void __gnu_cxx::new_allocator<_Tp>::construct(_Up*, _Args&& ...) [with _Up = std::pair<int, rocksdb::FileMetaData>; _Args = {int&, rocksdb::FileMetaData}; _Tp = std::pair<int, rocksdb::FileMetaData>]’
/usr/include/c++/11/bits/alloc_traits.h:516:17:   required from ‘static void std::allocator_traits<std::allocator<_Tp1> >::construct(std::allocator_traits<std::allocator<_Tp1> >::allocator_type&, _Up*, _Args&& ...) [with _Up = std::pair<int, rocksdb::FileMetaData>; _Args = {int&, rocksdb::FileMetaData}; _Tp = std::pair<int, rocksdb::FileMetaData>; std::allocator_traits<std::allocator<_Tp1> >::allocator_type = std::allocator<std::pair<int, rocksdb::FileMetaData> >]’
/usr/include/c++/11/bits/vector.tcc:115:30:   required from ‘void std::vector<_Tp, _Alloc>::emplace_back(_Args&& ...) [with _Args = {int&, rocksdb::FileMetaData}; _Tp = std::pair<int, rocksdb::FileMetaData>; _Alloc = std::allocator<std::pair<int, rocksdb::FileMetaData> >]’
./db/version_edit.h:253:28:   required from here
./db/version_edit.h:86:8: warning: implicitly-declared ‘constexpr rocksdb::FileDescriptor::FileDescriptor(const rocksdb::FileDescriptor&)’ is deprecated [-Wdeprecated-copy]
   86 | struct FileMetaData {
      |        ^~~~~~~~~~~~
./db/version_edit.h:55:19: note: because ‘rocksdb::FileDescriptor’ has user-provided ‘rocksdb::FileDescriptor& rocksdb::FileDescriptor::operator=(const rocksdb::FileDescriptor&)’
   55 |   FileDescriptor& operator=(const FileDescriptor& fd) {
      |                   ^~~~~~~~
In file included from /usr/include/c++/11/bits/stl_algobase.h:64,
                 from /usr/include/c++/11/memory:63,
                 from ./include/rocksdb/utilities/write_batch_with_index.h:15,
                 from utilities/write_batch_with_index/write_batch_with_index.cc:8:
/usr/include/c++/11/bits/stl_pair.h:353:42: note: synthesized method ‘rocksdb::FileMetaData::FileMetaData(rocksdb::FileMetaData&&)’ first required here
  353 |         : first(std::forward<_U1>(__x)), second(std::forward<_U2>(__y)) { }
      |                                          ^~~~~~~~~~~~~~~~~~~~~~~~~~~~~~
In file included from ./db/memtable.h:21,
                 from ./db/memtable_list.h:17,
                 from ./db/column_family.h:17,
                 from utilities/write_batch_with_index/write_batch_with_index.cc:12:
./db/version_edit.h: In instantiation of ‘constexpr std::pair<_T1, _T2>::pair(_U1&&, const _T2&) [with _U1 = int&; typename std::enable_if<std::_PCC<true, _T1, _T2>::_MoveCopyPair<true, _U1, _T2>(), bool>::type <anonymous> = true; _T1 = int; _T2 = rocksdb::FileMetaData]’:
/usr/include/c++/11/ext/new_allocator.h:162:4:   required from ‘void __gnu_cxx::new_allocator<_Tp>::construct(_Up*, _Args&& ...) [with _Up = std::pair<int, rocksdb::FileMetaData>; _Args = {int&, const rocksdb::FileMetaData&}; _Tp = std::pair<int, rocksdb::FileMetaData>]’
/usr/include/c++/11/bits/alloc_traits.h:516:17:   required from ‘static void std::allocator_traits<std::allocator<_Tp1> >::construct(std::allocator_traits<std::allocator<_Tp1> >::allocator_type&, _Up*, _Args&& ...) [with _Up = std::pair<int, rocksdb::FileMetaData>; _Args = {int&, const rocksdb::FileMetaData&}; _Tp = std::pair<int, rocksdb::FileMetaData>; std::allocator_traits<std::allocator<_Tp1> >::allocator_type = std::allocator<std::pair<int, rocksdb::FileMetaData> >]’
/usr/include/c++/11/bits/vector.tcc:115:30:   required from ‘void std::vector<_Tp, _Alloc>::emplace_back(_Args&& ...) [with _Args = {int&, const rocksdb::FileMetaData&}; _Tp = std::pair<int, rocksdb::FileMetaData>; _Alloc = std::allocator<std::pair<int, rocksdb::FileMetaData> >]’
./db/version_edit.h:258:28:   required from here
./db/version_edit.h:86:8: warning: implicitly-declared ‘constexpr rocksdb::FileDescriptor::FileDescriptor(const rocksdb::FileDescriptor&)’ is deprecated [-Wdeprecated-copy]
   86 | struct FileMetaData {
      |        ^~~~~~~~~~~~
./db/version_edit.h:55:19: note: because ‘rocksdb::FileDescriptor’ has user-provided ‘rocksdb::FileDescriptor& rocksdb::FileDescriptor::operator=(const rocksdb::FileDescriptor&)’
   55 |   FileDescriptor& operator=(const FileDescriptor& fd) {
      |                   ^~~~~~~~
In file included from /usr/include/c++/11/bits/stl_algobase.h:64,
                 from /usr/include/c++/11/memory:63,
                 from ./include/rocksdb/utilities/write_batch_with_index.h:15,
                 from utilities/write_batch_with_index/write_batch_with_index.cc:8:
/usr/include/c++/11/bits/stl_pair.h:323:41: note: synthesized method ‘rocksdb::FileMetaData::FileMetaData(const rocksdb::FileMetaData&)’ first required here
  323 |        : first(std::forward<_U1>(__x)), second(__y) { }
      |                                         ^~~~~~~~~~~
In file included from ./db/memtable.h:21,
                 from ./db/memtable_list.h:17,
                 from ./db/column_family.h:17,
                 from ./db/db_impl/db_impl.h:22,
                 from tools/ldb_cmd.cc:12:
./db/version_edit.h: In constructor ‘rocksdb::FdWithKeyRange::FdWithKeyRange(rocksdb::FileDescriptor, rocksdb::Slice, rocksdb::Slice, rocksdb::FileMetaData*)’:
./db/version_edit.h:175:9: warning: implicitly-declared ‘constexpr rocksdb::FileDescriptor::FileDescriptor(const rocksdb::FileDescriptor&)’ is deprecated [-Wdeprecated-copy]
  175 |       : fd(_fd),
      |         ^~~~~~~
./db/version_edit.h:55:19: note: because ‘rocksdb::FileDescriptor’ has user-provided ‘rocksdb::FileDescriptor& rocksdb::FileDescriptor::operator=(const rocksdb::FileDescriptor&)’
   55 |   FileDescriptor& operator=(const FileDescriptor& fd) {
      |                   ^~~~~~~~
./db/version_edit.h: In instantiation of ‘constexpr std::pair<_T1, _T2>::pair(_U1&&, _U2&&) [with _U1 = int&; _U2 = rocksdb::FileMetaData; typename std::enable_if<(std::_PCC<true, _T1, _T2>::_MoveConstructiblePair<_U1, _U2>() && std::_PCC<true, _T1, _T2>::_ImplicitlyMoveConvertiblePair<_U1, _U2>()), bool>::type <anonymous> = true; _T1 = int; _T2 = rocksdb::FileMetaData]’:
/usr/include/c++/11/ext/new_allocator.h:162:4:   required from ‘void __gnu_cxx::new_allocator<_Tp>::construct(_Up*, _Args&& ...) [with _Up = std::pair<int, rocksdb::FileMetaData>; _Args = {int&, rocksdb::FileMetaData}; _Tp = std::pair<int, rocksdb::FileMetaData>]’
/usr/include/c++/11/bits/alloc_traits.h:516:17:   required from ‘static void std::allocator_traits<std::allocator<_CharT> >::construct(std::allocator_traits<std::allocator<_CharT> >::allocator_type&, _Up*, _Args&& ...) [with _Up = std::pair<int, rocksdb::FileMetaData>; _Args = {int&, rocksdb::FileMetaData}; _Tp = std::pair<int, rocksdb::FileMetaData>; std::allocator_traits<std::allocator<_CharT> >::allocator_type = std::allocator<std::pair<int, rocksdb::FileMetaData> >]’
/usr/include/c++/11/bits/vector.tcc:115:30:   required from ‘void std::vector<_Tp, _Alloc>::emplace_back(_Args&& ...) [with _Args = {int&, rocksdb::FileMetaData}; _Tp = std::pair<int, rocksdb::FileMetaData>; _Alloc = std::allocator<std::pair<int, rocksdb::FileMetaData> >]’
./db/version_edit.h:253:28:   required from here
./db/version_edit.h:86:8: warning: implicitly-declared ‘constexpr rocksdb::FileDescriptor::FileDescriptor(const rocksdb::FileDescriptor&)’ is deprecated [-Wdeprecated-copy]
   86 | struct FileMetaData {
      |        ^~~~~~~~~~~~
./db/version_edit.h:55:19: note: because ‘rocksdb::FileDescriptor’ has user-provided ‘rocksdb::FileDescriptor& rocksdb::FileDescriptor::operator=(const rocksdb::FileDescriptor&)’
   55 |   FileDescriptor& operator=(const FileDescriptor& fd) {
      |                   ^~~~~~~~
In file included from /usr/include/c++/11/bits/stl_algobase.h:64,
                 from /usr/include/c++/11/bits/char_traits.h:39,
                 from /usr/include/c++/11/string:40,
                 from ./utilities/write_batch_with_index/write_batch_with_index_internal.h:10,
                 from utilities/write_batch_with_index/write_batch_with_index_internal.cc:8:
/usr/include/c++/11/bits/stl_pair.h:353:42: note: synthesized method ‘rocksdb::FileMetaData::FileMetaData(rocksdb::FileMetaData&&)’ first required here
  353 |         : first(std::forward<_U1>(__x)), second(std::forward<_U2>(__y)) { }
      |                                          ^~~~~~~~~~~~~~~~~~~~~~~~~~~~~~
In file included from ./db/memtable.h:21,
                 from ./db/memtable_list.h:17,
                 from ./db/column_family.h:17,
                 from utilities/write_batch_with_index/write_batch_with_index_internal.cc:10:
./db/version_edit.h: In instantiation of ‘constexpr std::pair<_T1, _T2>::pair(_U1&&, const _T2&) [with _U1 = int&; typename std::enable_if<std::_PCC<true, _T1, _T2>::_MoveCopyPair<true, _U1, _T2>(), bool>::type <anonymous> = true; _T1 = int; _T2 = rocksdb::FileMetaData]’:
/usr/include/c++/11/ext/new_allocator.h:162:4:   required from ‘void __gnu_cxx::new_allocator<_Tp>::construct(_Up*, _Args&& ...) [with _Up = std::pair<int, rocksdb::FileMetaData>; _Args = {int&, const rocksdb::FileMetaData&}; _Tp = std::pair<int, rocksdb::FileMetaData>]’
/usr/include/c++/11/bits/alloc_traits.h:516:17:   required from ‘static void std::allocator_traits<std::allocator<_CharT> >::construct(std::allocator_traits<std::allocator<_CharT> >::allocator_type&, _Up*, _Args&& ...) [with _Up = std::pair<int, rocksdb::FileMetaData>; _Args = {int&, const rocksdb::FileMetaData&}; _Tp = std::pair<int, rocksdb::FileMetaData>; std::allocator_traits<std::allocator<_CharT> >::allocator_type = std::allocator<std::pair<int, rocksdb::FileMetaData> >]’
/usr/include/c++/11/bits/vector.tcc:115:30:   required from ‘void std::vector<_Tp, _Alloc>::emplace_back(_Args&& ...) [with _Args = {int&, const rocksdb::FileMetaData&}; _Tp = std::pair<int, rocksdb::FileMetaData>; _Alloc = std::allocator<std::pair<int, rocksdb::FileMetaData> >]’
./db/version_edit.h:258:28:   required from here
./db/version_edit.h:86:8: warning: implicitly-declared ‘constexpr rocksdb::FileDescriptor::FileDescriptor(const rocksdb::FileDescriptor&)’ is deprecated [-Wdeprecated-copy]
   86 | struct FileMetaData {
      |        ^~~~~~~~~~~~
./db/version_edit.h:55:19: note: because ‘rocksdb::FileDescriptor’ has user-provided ‘rocksdb::FileDescriptor& rocksdb::FileDescriptor::operator=(const rocksdb::FileDescriptor&)’
   55 |   FileDescriptor& operator=(const FileDescriptor& fd) {
      |                   ^~~~~~~~
In file included from /usr/include/c++/11/bits/stl_algobase.h:64,
                 from /usr/include/c++/11/bits/char_traits.h:39,
                 from /usr/include/c++/11/string:40,
                 from ./utilities/write_batch_with_index/write_batch_with_index_internal.h:10,
                 from utilities/write_batch_with_index/write_batch_with_index_internal.cc:8:
/usr/include/c++/11/bits/stl_pair.h:323:41: note: synthesized method ‘rocksdb::FileMetaData::FileMetaData(const rocksdb::FileMetaData&)’ first required here
  323 |        : first(std::forward<_U1>(__x)), second(__y) { }
      |                                         ^~~~~~~~~~~
  CC       tools/sst_dump_tool.o
  CC       utilities/blob_db/blob_dump_tool.o
In file included from ./db/memtable.h:21,
                 from tools/sst_dump_tool.cc:18:
./db/version_edit.h: In constructor ‘rocksdb::FdWithKeyRange::FdWithKeyRange(rocksdb::FileDescriptor, rocksdb::Slice, rocksdb::Slice, rocksdb::FileMetaData*)’:
./db/version_edit.h:175:9: warning: implicitly-declared ‘constexpr rocksdb::FileDescriptor::FileDescriptor(const rocksdb::FileDescriptor&)’ is deprecated [-Wdeprecated-copy]
  175 |       : fd(_fd),
      |         ^~~~~~~
./db/version_edit.h:55:19: note: because ‘rocksdb::FileDescriptor’ has user-provided ‘rocksdb::FileDescriptor& rocksdb::FileDescriptor::operator=(const rocksdb::FileDescriptor&)’
   55 |   FileDescriptor& operator=(const FileDescriptor& fd) {
      |                   ^~~~~~~~
./db/version_edit.h: In instantiation of ‘constexpr std::pair<_T1, _T2>::pair(_U1&&, _U2&&) [with _U1 = int&; _U2 = rocksdb::FileMetaData; typename std::enable_if<(std::_PCC<true, _T1, _T2>::_MoveConstructiblePair<_U1, _U2>() && std::_PCC<true, _T1, _T2>::_ImplicitlyMoveConvertiblePair<_U1, _U2>()), bool>::type <anonymous> = true; _T1 = int; _T2 = rocksdb::FileMetaData]’:
/usr/include/c++/11/ext/new_allocator.h:162:4:   required from ‘void __gnu_cxx::new_allocator<_Tp>::construct(_Up*, _Args&& ...) [with _Up = std::pair<int, rocksdb::FileMetaData>; _Args = {int&, rocksdb::FileMetaData}; _Tp = std::pair<int, rocksdb::FileMetaData>]’
/usr/include/c++/11/bits/alloc_traits.h:516:17:   required from ‘static void std::allocator_traits<std::allocator<_Tp1> >::construct(std::allocator_traits<std::allocator<_Tp1> >::allocator_type&, _Up*, _Args&& ...) [with _Up = std::pair<int, rocksdb::FileMetaData>; _Args = {int&, rocksdb::FileMetaData}; _Tp = std::pair<int, rocksdb::FileMetaData>; std::allocator_traits<std::allocator<_Tp1> >::allocator_type = std::allocator<std::pair<int, rocksdb::FileMetaData> >]’
/usr/include/c++/11/bits/vector.tcc:115:30:   required from ‘void std::vector<_Tp, _Alloc>::emplace_back(_Args&& ...) [with _Args = {int&, rocksdb::FileMetaData}; _Tp = std::pair<int, rocksdb::FileMetaData>; _Alloc = std::allocator<std::pair<int, rocksdb::FileMetaData> >]’
./db/version_edit.h:253:28:   required from here
./db/version_edit.h:86:8: warning: implicitly-declared ‘constexpr rocksdb::FileDescriptor::FileDescriptor(const rocksdb::FileDescriptor&)’ is deprecated [-Wdeprecated-copy]
   86 | struct FileMetaData {
      |        ^~~~~~~~~~~~
./db/version_edit.h:55:19: note: because ‘rocksdb::FileDescriptor’ has user-provided ‘rocksdb::FileDescriptor& rocksdb::FileDescriptor::operator=(const rocksdb::FileDescriptor&)’
   55 |   FileDescriptor& operator=(const FileDescriptor& fd) {
      |                   ^~~~~~~~
In file included from /usr/include/c++/11/utility:70,
                 from /usr/include/c++/11/algorithm:60,
                 from ./include/rocksdb/utilities/ldb_cmd.h:12,
                 from tools/ldb_cmd.cc:8:
/usr/include/c++/11/bits/stl_pair.h:353:42: note: synthesized method ‘rocksdb::FileMetaData::FileMetaData(rocksdb::FileMetaData&&)’ first required here
  353 |         : first(std::forward<_U1>(__x)), second(std::forward<_U2>(__y)) { }
      |                                          ^~~~~~~~~~~~~~~~~~~~~~~~~~~~~~
In file included from ./db/memtable.h:21,
                 from ./db/memtable_list.h:17,
                 from ./db/column_family.h:17,
                 from ./db/db_impl/db_impl.h:22,
                 from tools/ldb_cmd.cc:12:
./db/version_edit.h: In instantiation of ‘constexpr std::pair<_T1, _T2>::pair(_U1&&, const _T2&) [with _U1 = int&; typename std::enable_if<std::_PCC<true, _T1, _T2>::_MoveCopyPair<true, _U1, _T2>(), bool>::type <anonymous> = true; _T1 = int; _T2 = rocksdb::FileMetaData]’:
/usr/include/c++/11/ext/new_allocator.h:162:4:   required from ‘void __gnu_cxx::new_allocator<_Tp>::construct(_Up*, _Args&& ...) [with _Up = std::pair<int, rocksdb::FileMetaData>; _Args = {int&, const rocksdb::FileMetaData&}; _Tp = std::pair<int, rocksdb::FileMetaData>]’
/usr/include/c++/11/bits/alloc_traits.h:516:17:   required from ‘static void std::allocator_traits<std::allocator<_Tp1> >::construct(std::allocator_traits<std::allocator<_Tp1> >::allocator_type&, _Up*, _Args&& ...) [with _Up = std::pair<int, rocksdb::FileMetaData>; _Args = {int&, const rocksdb::FileMetaData&}; _Tp = std::pair<int, rocksdb::FileMetaData>; std::allocator_traits<std::allocator<_Tp1> >::allocator_type = std::allocator<std::pair<int, rocksdb::FileMetaData> >]’
/usr/include/c++/11/bits/vector.tcc:115:30:   required from ‘void std::vector<_Tp, _Alloc>::emplace_back(_Args&& ...) [with _Args = {int&, const rocksdb::FileMetaData&}; _Tp = std::pair<int, rocksdb::FileMetaData>; _Alloc = std::allocator<std::pair<int, rocksdb::FileMetaData> >]’
./db/version_edit.h:258:28:   required from here
./db/version_edit.h:86:8: warning: implicitly-declared ‘constexpr rocksdb::FileDescriptor::FileDescriptor(const rocksdb::FileDescriptor&)’ is deprecated [-Wdeprecated-copy]
   86 | struct FileMetaData {
      |        ^~~~~~~~~~~~
./db/version_edit.h:55:19: note: because ‘rocksdb::FileDescriptor’ has user-provided ‘rocksdb::FileDescriptor& rocksdb::FileDescriptor::operator=(const rocksdb::FileDescriptor&)’
   55 |   FileDescriptor& operator=(const FileDescriptor& fd) {
      |                   ^~~~~~~~
In file included from /usr/include/c++/11/utility:70,
                 from /usr/include/c++/11/algorithm:60,
                 from ./include/rocksdb/utilities/ldb_cmd.h:12,
                 from tools/ldb_cmd.cc:8:
/usr/include/c++/11/bits/stl_pair.h:323:41: note: synthesized method ‘rocksdb::FileMetaData::FileMetaData(const rocksdb::FileMetaData&)’ first required here
  323 |        : first(std::forward<_U1>(__x)), second(__y) { }
      |                                         ^~~~~~~~~~~
./db/version_edit.h: In instantiation of ‘constexpr std::pair<_T1, _T2>::pair(_U1&&, _U2&&) [with _U1 = int&; _U2 = rocksdb::FileMetaData; typename std::enable_if<(std::_PCC<true, _T1, _T2>::_MoveConstructiblePair<_U1, _U2>() && std::_PCC<true, _T1, _T2>::_ImplicitlyMoveConvertiblePair<_U1, _U2>()), bool>::type <anonymous> = true; _T1 = int; _T2 = rocksdb::FileMetaData]’:
/usr/include/c++/11/ext/new_allocator.h:162:4:   required from ‘void __gnu_cxx::new_allocator<_Tp>::construct(_Up*, _Args&& ...) [with _Up = std::pair<int, rocksdb::FileMetaData>; _Args = {int&, rocksdb::FileMetaData}; _Tp = std::pair<int, rocksdb::FileMetaData>]’
/usr/include/c++/11/bits/alloc_traits.h:516:17:   required from ‘static void std::allocator_traits<std::allocator<_Tp1> >::construct(std::allocator_traits<std::allocator<_Tp1> >::allocator_type&, _Up*, _Args&& ...) [with _Up = std::pair<int, rocksdb::FileMetaData>; _Args = {int&, rocksdb::FileMetaData}; _Tp = std::pair<int, rocksdb::FileMetaData>; std::allocator_traits<std::allocator<_Tp1> >::allocator_type = std::allocator<std::pair<int, rocksdb::FileMetaData> >]’
/usr/include/c++/11/bits/vector.tcc:115:30:   required from ‘void std::vector<_Tp, _Alloc>::emplace_back(_Args&& ...) [with _Args = {int&, rocksdb::FileMetaData}; _Tp = std::pair<int, rocksdb::FileMetaData>; _Alloc = std::allocator<std::pair<int, rocksdb::FileMetaData> >]’
./db/version_edit.h:253:28:   required from here
./db/version_edit.h:86:8: warning: implicitly-declared ‘constexpr rocksdb::FileDescriptor::FileDescriptor(const rocksdb::FileDescriptor&)’ is deprecated [-Wdeprecated-copy]
   86 | struct FileMetaData {
      |        ^~~~~~~~~~~~
./db/version_edit.h:55:19: note: because ‘rocksdb::FileDescriptor’ has user-provided ‘rocksdb::FileDescriptor& rocksdb::FileDescriptor::operator=(const rocksdb::FileDescriptor&)’
   55 |   FileDescriptor& operator=(const FileDescriptor& fd) {
      |                   ^~~~~~~~
In file included from /usr/include/c++/11/bits/stl_algobase.h:64,
                 from /usr/include/c++/11/memory:63,
                 from ./include/rocksdb/options.h:14,
                 from ./include/rocksdb/sst_dump_tool.h:8,
                 from ./tools/sst_dump_tool_imp.h:8,
                 from tools/sst_dump_tool.cc:9:
/usr/include/c++/11/bits/stl_pair.h:353:42: note: synthesized method ‘rocksdb::FileMetaData::FileMetaData(rocksdb::FileMetaData&&)’ first required here
  353 |         : first(std::forward<_U1>(__x)), second(std::forward<_U2>(__y)) { }
      |                                          ^~~~~~~~~~~~~~~~~~~~~~~~~~~~~~
In file included from ./db/memtable.h:21,
                 from tools/sst_dump_tool.cc:18:
./db/version_edit.h: In instantiation of ‘constexpr std::pair<_T1, _T2>::pair(_U1&&, const _T2&) [with _U1 = int&; typename std::enable_if<std::_PCC<true, _T1, _T2>::_MoveCopyPair<true, _U1, _T2>(), bool>::type <anonymous> = true; _T1 = int; _T2 = rocksdb::FileMetaData]’:
/usr/include/c++/11/ext/new_allocator.h:162:4:   required from ‘void __gnu_cxx::new_allocator<_Tp>::construct(_Up*, _Args&& ...) [with _Up = std::pair<int, rocksdb::FileMetaData>; _Args = {int&, const rocksdb::FileMetaData&}; _Tp = std::pair<int, rocksdb::FileMetaData>]’
/usr/include/c++/11/bits/alloc_traits.h:516:17:   required from ‘static void std::allocator_traits<std::allocator<_Tp1> >::construct(std::allocator_traits<std::allocator<_Tp1> >::allocator_type&, _Up*, _Args&& ...) [with _Up = std::pair<int, rocksdb::FileMetaData>; _Args = {int&, const rocksdb::FileMetaData&}; _Tp = std::pair<int, rocksdb::FileMetaData>; std::allocator_traits<std::allocator<_Tp1> >::allocator_type = std::allocator<std::pair<int, rocksdb::FileMetaData> >]’
/usr/include/c++/11/bits/vector.tcc:115:30:   required from ‘void std::vector<_Tp, _Alloc>::emplace_back(_Args&& ...) [with _Args = {int&, const rocksdb::FileMetaData&}; _Tp = std::pair<int, rocksdb::FileMetaData>; _Alloc = std::allocator<std::pair<int, rocksdb::FileMetaData> >]’
./db/version_edit.h:258:28:   required from here
./db/version_edit.h:86:8: warning: implicitly-declared ‘constexpr rocksdb::FileDescriptor::FileDescriptor(const rocksdb::FileDescriptor&)’ is deprecated [-Wdeprecated-copy]
   86 | struct FileMetaData {
      |        ^~~~~~~~~~~~
./db/version_edit.h:55:19: note: because ‘rocksdb::FileDescriptor’ has user-provided ‘rocksdb::FileDescriptor& rocksdb::FileDescriptor::operator=(const rocksdb::FileDescriptor&)’
   55 |   FileDescriptor& operator=(const FileDescriptor& fd) {
      |                   ^~~~~~~~
In file included from /usr/include/c++/11/bits/stl_algobase.h:64,
                 from /usr/include/c++/11/memory:63,
                 from ./include/rocksdb/options.h:14,
                 from ./include/rocksdb/sst_dump_tool.h:8,
                 from ./tools/sst_dump_tool_imp.h:8,
                 from tools/sst_dump_tool.cc:9:
/usr/include/c++/11/bits/stl_pair.h:323:41: note: synthesized method ‘rocksdb::FileMetaData::FileMetaData(const rocksdb::FileMetaData&)’ first required here
  323 |        : first(std::forward<_U1>(__x)), second(__y) { }
      |                                         ^~~~~~~~~~~
  AR       librocksdb.a
ar: creating librocksdb.a
make[1]: Leaving directory '/home/jake/sbomit-overhead-experiment/repos/cubefs/build/out/rocksdb-6.3.6'
make[1]: Entering directory '/home/jake/sbomit-overhead-experiment/repos/cubefs/build/out/rocksdb-6.3.6'
$DEBUG_LEVEL is 0
  GEN      util/build_version.cc
install -d /home/jake/sbomit-overhead-experiment/repos/cubefs/build/lib
for header_dir in `find "include/rocksdb" -type d`; do \
	install -d /home/jake/sbomit-overhead-experiment/repos/cubefs/build/$header_dir; \
done
for header in `find "include/rocksdb" -type f -name *.h`; do \
	install -C -m 644 $header /home/jake/sbomit-overhead-experiment/repos/cubefs/build/$header; \
done
install -C -m 755 librocksdb.a /home/jake/sbomit-overhead-experiment/repos/cubefs/build/lib
make[1]: Leaving directory '/home/jake/sbomit-overhead-experiment/repos/cubefs/build/out/rocksdb-6.3.6'
~/sbomit-overhead-experiment/repos/cubefs
build cfs-server   success
build tcmalloc...
~/sbomit-overhead-experiment/repos/cubefs/build/out/gperftools-gperftools-2.9.1 ~/sbomit-overhead-experiment/repos/cubefs
./autogen.sh: 3: autoreconf: not found
build/build.sh: line 203: ./configure: No such file or directory
make[1]: Entering directory '/home/jake/sbomit-overhead-experiment/repos/cubefs/build/out/gperftools-gperftools-2.9.1'
make[1]: *** No targets specified and no makefile found.  Stop.
make[1]: Leaving directory '/home/jake/sbomit-overhead-experiment/repos/cubefs/build/out/gperftools-gperftools-2.9.1'
cp: cannot stat '.libs/libtcmalloc.a': No such file or directory
~/sbomit-overhead-experiment/repos/cubefs
build cfs-authtool success
build tcmalloc...
~/sbomit-overhead-experiment/repos/cubefs/build/out/gperftools-gperftools-2.9.1 ~/sbomit-overhead-experiment/repos/cubefs
./autogen.sh: 3: autoreconf: not found
build/build.sh: line 203: ./configure: No such file or directory
make[1]: Entering directory '/home/jake/sbomit-overhead-experiment/repos/cubefs/build/out/gperftools-gperftools-2.9.1'
make[1]: *** No targets specified and no makefile found.  Stop.
make[1]: Leaving directory '/home/jake/sbomit-overhead-experiment/repos/cubefs/build/out/gperftools-gperftools-2.9.1'
cp: cannot stat '.libs/libtcmalloc.a': No such file or directory
~/sbomit-overhead-experiment/repos/cubefs
build cfs-client   success
build tcmalloc...
~/sbomit-overhead-experiment/repos/cubefs/build/out/gperftools-gperftools-2.9.1 ~/sbomit-overhead-experiment/repos/cubefs
./autogen.sh: 3: autoreconf: not found
build/build.sh: line 203: ./configure: No such file or directory
make[1]: Entering directory '/home/jake/sbomit-overhead-experiment/repos/cubefs/build/out/gperftools-gperftools-2.9.1'
make[1]: *** No targets specified and no makefile found.  Stop.
make[1]: Leaving directory '/home/jake/sbomit-overhead-experiment/repos/cubefs/build/out/gperftools-gperftools-2.9.1'
cp: cannot stat '.libs/libtcmalloc.a': No such file or directory
~/sbomit-overhead-experiment/repos/cubefs
build cfs-cli      success
build tcmalloc...
~/sbomit-overhead-experiment/repos/cubefs/build/out/gperftools-gperftools-2.9.1 ~/sbomit-overhead-experiment/repos/cubefs
./autogen.sh: 3: autoreconf: not found
build/build.sh: line 203: ./configure: No such file or directory
make[1]: Entering directory '/home/jake/sbomit-overhead-experiment/repos/cubefs/build/out/gperftools-gperftools-2.9.1'
make[1]: *** No targets specified and no makefile found.  Stop.
make[1]: Leaving directory '/home/jake/sbomit-overhead-experiment/repos/cubefs/build/out/gperftools-gperftools-2.9.1'
cp: cannot stat '.libs/libtcmalloc.a': No such file or directory
~/sbomit-overhead-experiment/repos/cubefs
build libsdk: libcfs.so       success
build java libcubefs        [INFO] Scanning for projects...
[INFO] 
[INFO] ------------------------< io.cubefs:libcubefs >-------------------------
[INFO] Building libcubefs 1.0-SNAPSHOT
[INFO]   from pom.xml
[INFO] --------------------------------[ jar ]---------------------------------
Downloading from central: https://repo.maven.apache.org/maven2/org/apache/maven/plugins/maven-clean-plugin/3.1.0/maven-clean-plugin-3.1.0.pom
Progress (1): 780 BProgress (1): 1.7 kBProgress (1): 4.3 kBProgress (1): 5.2 kB                    Downloaded from central: https://repo.maven.apache.org/maven2/org/apache/maven/plugins/maven-clean-plugin/3.1.0/maven-clean-plugin-3.1.0.pom (5.2 kB at 13 kB/s)
Downloading from central: https://repo.maven.apache.org/maven2/org/apache/maven/plugins/maven-clean-plugin/3.1.0/maven-clean-plugin-3.1.0.jar
Progress (1): 0.9/30 kBProgress (1): 2.3/30 kBProgress (1): 3.6/30 kBProgress (1): 5.0/30 kBProgress (1): 6.4/30 kBProgress (1): 7.7/30 kBProgress (1): 9.1/30 kBProgress (1): 10/30 kB Progress (1): 12/30 kBProgress (1): 13/30 kBProgress (1): 15/30 kBProgress (1): 16/30 kBProgress (1): 17/30 kBProgress (1): 19/30 kBProgress (1): 20/30 kBProgress (1): 21/30 kBProgress (1): 23/30 kBProgress (1): 24/30 kBProgress (1): 26/30 kBProgress (1): 27/30 kBProgress (1): 28/30 kBProgress (1): 30/30 kBProgress (1): 30 kB                      Downloaded from central: https://repo.maven.apache.org/maven2/org/apache/maven/plugins/maven-clean-plugin/3.1.0/maven-clean-plugin-3.1.0.jar (30 kB at 677 kB/s)
Downloading from central: https://repo.maven.apache.org/maven2/org/apache/maven/plugins/maven-compiler-plugin/3.6.0/maven-compiler-plugin-3.6.0.pom
Progress (1): 756 BProgress (1): 1.7 kBProgress (1): 4.1 kBProgress (1): 7.9 kBProgress (1): 9.3 kBProgress (1): 11 kB                    Downloaded from central: https://repo.maven.apache.org/maven2/org/apache/maven/plugins/maven-compiler-plugin/3.6.0/maven-compiler-plugin-3.6.0.pom (11 kB at 295 kB/s)
Downloading from central: https://repo.maven.apache.org/maven2/org/apache/maven/plugins/maven-compiler-plugin/3.6.0/maven-compiler-plugin-3.6.0.jar
Progress (1): 0.9/55 kBProgress (1): 2.3/55 kBProgress (1): 3.6/55 kBProgress (1): 5.0/55 kBProgress (1): 6.4/55 kBProgress (1): 7.7/55 kBProgress (1): 9.1/55 kBProgress (1): 10/55 kB Progress (1): 12/55 kBProgress (1): 13/55 kBProgress (1): 15/55 kBProgress (1): 19/55 kBProgress (1): 23/55 kBProgress (1): 27/55 kBProgress (1): 31/55 kBProgress (1): 36/55 kBProgress (1): 40/55 kBProgress (1): 44/55 kBProgress (1): 48/55 kBProgress (1): 53/55 kBProgress (1): 55 kB                      Downloaded from central: https://repo.maven.apache.org/maven2/org/apache/maven/plugins/maven-compiler-plugin/3.6.0/maven-compiler-plugin-3.6.0.jar (55 kB at 1.4 MB/s)
Downloading from central: https://repo.maven.apache.org/maven2/org/apache/maven/plugins/maven-assembly-plugin/3.3.0/maven-assembly-plugin-3.3.0.pom
Progress (1): 755 BProgress (1): 2.1 kBProgress (1): 4.5 kBProgress (1): 9.2 kBProgress (1): 12 kB Progress (1): 14 kBProgress (1): 16 kB                   Downloaded from central: https://repo.maven.apache.org/maven2/org/apache/maven/plugins/maven-assembly-plugin/3.3.0/maven-assembly-plugin-3.3.0.pom (16 kB at 438 kB/s)
Downloading from central: https://repo.maven.apache.org/maven2/org/apache/maven/plugins/maven-assembly-plugin/3.3.0/maven-assembly-plugin-3.3.0.jar
Progress (1): 3.8/242 kBProgress (1): 8.0/242 kBProgress (1): 12/242 kB Progress (1): 16/242 kBProgress (1): 21/242 kBProgress (1): 25/242 kBProgress (1): 29/242 kBProgress (1): 33/242 kBProgress (1): 38/242 kBProgress (1): 42/242 kBProgress (1): 46/242 kBProgress (1): 50/242 kBProgress (1): 54/242 kBProgress (1): 57/242 kBProgress (1): 61/242 kBProgress (1): 65/242 kBProgress (1): 70/242 kBProgress (1): 74/242 kBProgress (1): 78/242 kBProgress (1): 82/242 kBProgress (1): 86/242 kBProgress (1): 91/242 kBProgress (1): 95/242 kBProgress (1): 99/242 kBProgress (1): 103/242 kBProgress (1): 108/242 kBProgress (1): 112/242 kBProgress (1): 116/242 kBProgress (1): 132/242 kBProgress (1): 149/242 kBProgress (1): 165/242 kBProgress (1): 182/242 kBProgress (1): 188/242 kBProgress (1): 204/242 kBProgress (1): 221/242 kBProgress (1): 237/242 kBProgress (1): 242 kB                        Downloaded from central: https://repo.maven.apache.org/maven2/org/apache/maven/plugins/maven-assembly-plugin/3.3.0/maven-assembly-plugin-3.3.0.jar (242 kB at 4.7 MB/s)
Downloading from central: https://repo.maven.apache.org/maven2/net/java/dev/jna/jna/5.6.0/jna-5.6.0.pom
Progress (1): 1.4 kBProgress (1): 1.6 kB                    Downloaded from central: https://repo.maven.apache.org/maven2/net/java/dev/jna/jna/5.6.0/jna-5.6.0.pom (1.6 kB at 45 kB/s)
Downloading from central: https://repo.maven.apache.org/maven2/net/java/dev/jna/jna/5.6.0/jna-5.6.0.jar
Progress (1): 0/1.5 MBProgress (1): 0/1.5 MBProgress (1): 0/1.5 MBProgress (1): 0/1.5 MBProgress (1): 0.1/1.5 MBProgress (1): 0.1/1.5 MBProgress (1): 0.1/1.5 MBProgress (1): 0.1/1.5 MBProgress (1): 0.1/1.5 MBProgress (1): 0.1/1.5 MBProgress (1): 0.2/1.5 MBProgress (1): 0.2/1.5 MBProgress (1): 0.2/1.5 MBProgress (1): 0.2/1.5 MBProgress (1): 0.2/1.5 MBProgress (1): 0.2/1.5 MBProgress (1): 0.2/1.5 MBProgress (1): 0.3/1.5 MBProgress (1): 0.3/1.5 MBProgress (1): 0.3/1.5 MBProgress (1): 0.3/1.5 MBProgress (1): 0.3/1.5 MBProgress (1): 0.3/1.5 MBProgress (1): 0.4/1.5 MBProgress (1): 0.4/1.5 MBProgress (1): 0.4/1.5 MBProgress (1): 0.4/1.5 MBProgress (1): 0.4/1.5 MBProgress (1): 0.4/1.5 MBProgress (1): 0.5/1.5 MBProgress (1): 0.5/1.5 MBProgress (1): 0.5/1.5 MBProgress (1): 0.5/1.5 MBProgress (1): 0.5/1.5 MBProgress (1): 0.5/1.5 MBProgress (1): 0.6/1.5 MBProgress (1): 0.6/1.5 MBProgress (1): 0.6/1.5 MBProgress (1): 0.6/1.5 MBProgress (1): 0.6/1.5 MBProgress (1): 0.6/1.5 MBProgress (1): 0.7/1.5 MBProgress (1): 0.7/1.5 MBProgress (1): 0.7/1.5 MBProgress (1): 0.7/1.5 MBProgress (1): 0.7/1.5 MBProgress (1): 0.7/1.5 MBProgress (1): 0.8/1.5 MBProgress (1): 0.8/1.5 MBProgress (1): 0.8/1.5 MBProgress (1): 0.8/1.5 MBProgress (1): 0.8/1.5 MBProgress (1): 0.8/1.5 MBProgress (1): 0.9/1.5 MBProgress (1): 0.9/1.5 MBProgress (1): 0.9/1.5 MBProgress (1): 0.9/1.5 MBProgress (1): 0.9/1.5 MBProgress (1): 0.9/1.5 MBProgress (1): 1.0/1.5 MBProgress (1): 1.0/1.5 MBProgress (1): 1.0/1.5 MBProgress (1): 1.0/1.5 MBProgress (1): 1.0/1.5 MBProgress (1): 1.0/1.5 MBProgress (1): 1.1/1.5 MBProgress (1): 1.1/1.5 MBProgress (1): 1.1/1.5 MBProgress (1): 1.1/1.5 MBProgress (1): 1.1/1.5 MBProgress (1): 1.1/1.5 MBProgress (1): 1.2/1.5 MBProgress (1): 1.2/1.5 MBProgress (1): 1.2/1.5 MBProgress (1): 1.2/1.5 MBProgress (1): 1.2/1.5 MBProgress (1): 1.2/1.5 MBProgress (1): 1.2/1.5 MBProgress (1): 1.3/1.5 MBProgress (1): 1.3/1.5 MBProgress (1): 1.3/1.5 MBProgress (1): 1.3/1.5 MBProgress (1): 1.3/1.5 MBProgress (1): 1.3/1.5 MBProgress (1): 1.4/1.5 MBProgress (1): 1.4/1.5 MBProgress (1): 1.4/1.5 MBProgress (1): 1.4/1.5 MBProgress (1): 1.4/1.5 MBProgress (1): 1.4/1.5 MBProgress (1): 1.5/1.5 MBProgress (1): 1.5/1.5 MBProgress (1): 1.5/1.5 MBProgress (1): 1.5 MB                        Downloaded from central: https://repo.maven.apache.org/maven2/net/java/dev/jna/jna/5.6.0/jna-5.6.0.jar (1.5 MB at 18 MB/s)
[INFO] 
[INFO] --- clean:3.1.0:clean (default-clean) @ libcubefs ---
Downloading from central: https://repo.maven.apache.org/maven2/org/apache/maven/shared/maven-shared-utils/3.2.1/maven-shared-utils-3.2.1.pom
Progress (1): 803 BProgress (1): 2.3 kBProgress (1): 4.6 kBProgress (1): 5.6 kB                    Downloaded from central: https://repo.maven.apache.org/maven2/org/apache/maven/shared/maven-shared-utils/3.2.1/maven-shared-utils-3.2.1.pom (5.6 kB at 161 kB/s)
Downloading from central: https://repo.maven.apache.org/maven2/org/codehaus/plexus/plexus-utils/2.0.4/plexus-utils-2.0.4.jar
Progress (1): 7.7/222 kBProgress (1): 16/222 kB Progress (1): 24/222 kBProgress (1): 40/222 kBProgress (1): 57/222 kBProgress (1): 73/222 kBProgress (1): 90/222 kBProgress (1): 106/222 kBProgress (1): 122/222 kBProgress (1): 139/222 kBProgress (1): 155/222 kBProgress (1): 172/222 kBProgress (1): 188/222 kBProgress (1): 204/222 kBProgress (1): 221/222 kBProgress (1): 222 kB                        Downloaded from central: https://repo.maven.apache.org/maven2/org/codehaus/plexus/plexus-utils/2.0.4/plexus-utils-2.0.4.jar (222 kB at 4.8 MB/s)
Downloading from central: https://repo.maven.apache.org/maven2/org/apache/maven/shared/maven-shared-utils/3.2.1/maven-shared-utils-3.2.1.jar
Progress (1): 7.7/167 kBProgress (1): 16/167 kB Progress (1): 32/167 kBProgress (1): 49/167 kBProgress (1): 65/167 kBProgress (1): 81/167 kBProgress (1): 98/167 kBProgress (1): 114/167 kBProgress (1): 131/167 kBProgress (1): 147/167 kBProgress (1): 163/167 kBProgress (1): 167 kB                        Downloaded from central: https://repo.maven.apache.org/maven2/org/apache/maven/shared/maven-shared-utils/3.2.1/maven-shared-utils-3.2.1.jar (167 kB at 3.7 MB/s)
[INFO] 
[INFO] --- resources:3.3.1:resources (default-resources) @ libcubefs ---
[INFO] Copying 1 resource from src/main/resources to target/classes
[INFO] 
[INFO] --- compiler:3.6.0:compile (default-compile) @ libcubefs ---
Downloading from central: https://repo.maven.apache.org/maven2/org/apache/maven/maven-core/2.2.1/maven-core-2.2.1.pom
Progress (1): 772 BProgress (1): 2.5 kBProgress (1): 6.9 kBProgress (1): 9.9 kBProgress (1): 12 kB                    Downloaded from central: https://repo.maven.apache.org/maven2/org/apache/maven/maven-core/2.2.1/maven-core-2.2.1.pom (12 kB at 291 kB/s)
Downloading from central: https://repo.maven.apache.org/maven2/org/apache/maven/maven-settings/2.2.1/maven-settings-2.2.1.pom
Progress (1): 820 BProgress (1): 2.2 kB                    Downloaded from central: https://repo.maven.apache.org/maven2/org/apache/maven/maven-settings/2.2.1/maven-settings-2.2.1.pom (2.2 kB at 64 kB/s)
Downloading from central: https://repo.maven.apache.org/maven2/org/codehaus/plexus/plexus-utils/1.5.15/plexus-utils-1.5.15.pom
Progress (1): 794 BProgress (1): 2.2 kBProgress (1): 4.8 kBProgress (1): 6.8 kB                    Downloaded from central: https://repo.maven.apache.org/maven2/org/codehaus/plexus/plexus-utils/1.5.15/plexus-utils-1.5.15.pom (6.8 kB at 185 kB/s)
Downloading from central: https://repo.maven.apache.org/maven2/org/codehaus/plexus/plexus-interpolation/1.11/plexus-interpolation-1.11.pom
Progress (1): 889 B                   Downloaded from central: https://repo.maven.apache.org/maven2/org/codehaus/plexus/plexus-interpolation/1.11/plexus-interpolation-1.11.pom (889 B at 23 kB/s)
Downloading from central: https://repo.maven.apache.org/maven2/org/codehaus/plexus/plexus-components/1.1.14/plexus-components-1.1.14.pom
Progress (1): 1.2 kBProgress (1): 3.7 kBProgress (1): 5.8 kB                    Downloaded from central: https://repo.maven.apache.org/maven2/org/codehaus/plexus/plexus-components/1.1.14/plexus-components-1.1.14.pom (5.8 kB at 188 kB/s)
Downloading from central: https://repo.maven.apache.org/maven2/org/apache/maven/maven-plugin-parameter-documenter/2.2.1/maven-plugin-parameter-documenter-2.2.1.pom
Progress (1): 828 BProgress (1): 2.0 kB                    Downloaded from central: https://repo.maven.apache.org/maven2/org/apache/maven/maven-plugin-parameter-documenter/2.2.1/maven-plugin-parameter-documenter-2.2.1.pom (2.0 kB at 58 kB/s)
Downloading from central: https://repo.maven.apache.org/maven2/org/slf4j/slf4j-jdk14/1.5.6/slf4j-jdk14-1.5.6.pom
Progress (1): 1.4 kBProgress (1): 1.9 kB                    Downloaded from central: https://repo.maven.apache.org/maven2/org/slf4j/slf4j-jdk14/1.5.6/slf4j-jdk14-1.5.6.pom (1.9 kB at 40 kB/s)
Downloading from central: https://repo.maven.apache.org/maven2/org/slf4j/slf4j-parent/1.5.6/slf4j-parent-1.5.6.pom
Progress (1): 1.2 kBProgress (1): 3.3 kBProgress (1): 6.3 kBProgress (1): 7.9 kB                    Downloaded from central: https://repo.maven.apache.org/maven2/org/slf4j/slf4j-parent/1.5.6/slf4j-parent-1.5.6.pom (7.9 kB at 180 kB/s)
Downloading from central: https://repo.maven.apache.org/maven2/org/slf4j/slf4j-api/1.5.6/slf4j-api-1.5.6.pom
Progress (1): 1.4 kBProgress (1): 3.0 kB                    Downloaded from central: https://repo.maven.apache.org/maven2/org/slf4j/slf4j-api/1.5.6/slf4j-api-1.5.6.pom (3.0 kB at 93 kB/s)
Downloading from central: https://repo.maven.apache.org/maven2/org/slf4j/jcl-over-slf4j/1.5.6/jcl-over-slf4j-1.5.6.pom
Progress (1): 1.4 kBProgress (1): 2.2 kB                    Downloaded from central: https://repo.maven.apache.org/maven2/org/slf4j/jcl-over-slf4j/1.5.6/jcl-over-slf4j-1.5.6.pom (2.2 kB at 57 kB/s)
Downloading from central: https://repo.maven.apache.org/maven2/org/apache/maven/maven-profile/2.2.1/maven-profile-2.2.1.pom
Progress (1): 829 BProgress (1): 2.2 kB                    Downloaded from central: https://repo.maven.apache.org/maven2/org/apache/maven/maven-profile/2.2.1/maven-profile-2.2.1.pom (2.2 kB at 60 kB/s)
Downloading from central: https://repo.maven.apache.org/maven2/org/apache/maven/maven-repository-metadata/2.2.1/maven-repository-metadata-2.2.1.pom
Progress (1): 830 BProgress (1): 1.9 kB                    Downloaded from central: https://repo.maven.apache.org/maven2/org/apache/maven/maven-repository-metadata/2.2.1/maven-repository-metadata-2.2.1.pom (1.9 kB at 58 kB/s)
Downloading from central: https://repo.maven.apache.org/maven2/org/apache/maven/maven-error-diagnostics/2.2.1/maven-error-diagnostics-2.2.1.pom
Progress (1): 831 BProgress (1): 1.7 kB                    Downloaded from central: https://repo.maven.apache.org/maven2/org/apache/maven/maven-error-diagnostics/2.2.1/maven-error-diagnostics-2.2.1.pom (1.7 kB at 43 kB/s)
Downloading from central: https://repo.maven.apache.org/maven2/org/apache/maven/maven-project/2.2.1/maven-project-2.2.1.pom
Progress (1): 827 BProgress (1): 2.8 kB                    Downloaded from central: https://repo.maven.apache.org/maven2/org/apache/maven/maven-project/2.2.1/maven-project-2.2.1.pom (2.8 kB at 68 kB/s)
Downloading from central: https://repo.maven.apache.org/maven2/org/apache/maven/maven-artifact-manager/2.2.1/maven-artifact-manager-2.2.1.pom
Progress (1): 813 BProgress (1): 3.1 kB                    Downloaded from central: https://repo.maven.apache.org/maven2/org/apache/maven/maven-artifact-manager/2.2.1/maven-artifact-manager-2.2.1.pom (3.1 kB at 89 kB/s)
Downloading from central: https://repo.maven.apache.org/maven2/backport-util-concurrent/backport-util-concurrent/3.1/backport-util-concurrent-3.1.pom
Progress (1): 880 B                   Downloaded from central: https://repo.maven.apache.org/maven2/backport-util-concurrent/backport-util-concurrent/3.1/backport-util-concurrent-3.1.pom (880 B at 22 kB/s)
Downloading from central: https://repo.maven.apache.org/maven2/org/apache/maven/maven-plugin-registry/2.2.1/maven-plugin-registry-2.2.1.pom
Progress (1): 829 BProgress (1): 1.9 kB                    Downloaded from central: https://repo.maven.apache.org/maven2/org/apache/maven/maven-plugin-registry/2.2.1/maven-plugin-registry-2.2.1.pom (1.9 kB at 44 kB/s)
Downloading from central: https://repo.maven.apache.org/maven2/org/apache/maven/maven-plugin-descriptor/2.2.1/maven-plugin-descriptor-2.2.1.pom
Progress (1): 829 BProgress (1): 2.1 kB                    Downloaded from central: https://repo.maven.apache.org/maven2/org/apache/maven/maven-plugin-descriptor/2.2.1/maven-plugin-descriptor-2.2.1.pom (2.1 kB at 48 kB/s)
Downloading from central: https://repo.maven.apache.org/maven2/org/apache/maven/maven-monitor/2.2.1/maven-monitor-2.2.1.pom
Progress (1): 846 BProgress (1): 1.3 kB                    Downloaded from central: https://repo.maven.apache.org/maven2/org/apache/maven/maven-monitor/2.2.1/maven-monitor-2.2.1.pom (1.3 kB at 38 kB/s)
Downloading from central: https://repo.maven.apache.org/maven2/org/apache/maven/shared/maven-shared-utils/0.1/maven-shared-utils-0.1.pom
Progress (1): 1.2 kBProgress (1): 3.7 kBProgress (1): 4.0 kB                    Downloaded from central: https://repo.maven.apache.org/maven2/org/apache/maven/shared/maven-shared-utils/0.1/maven-shared-utils-0.1.pom (4.0 kB at 131 kB/s)
Downloading from central: https://repo.maven.apache.org/maven2/org/apache/maven/shared/maven-shared-components/18/maven-shared-components-18.pom
Progress (1): 799 BProgress (1): 2.4 kBProgress (1): 4.4 kBProgress (1): 4.9 kB                    Downloaded from central: https://repo.maven.apache.org/maven2/org/apache/maven/shared/maven-shared-components/18/maven-shared-components-18.pom (4.9 kB at 154 kB/s)
Downloading from central: https://repo.maven.apache.org/maven2/org/apache/maven/maven-parent/22/maven-parent-22.pom
Progress (1): 733 BProgress (1): 2.0 kBProgress (1): 6.1 kBProgress (1): 11 kB Progress (1): 15 kBProgress (1): 19 kBProgress (1): 22 kBProgress (1): 24 kBProgress (1): 28 kBProgress (1): 30 kB                   Downloaded from central: https://repo.maven.apache.org/maven2/org/apache/maven/maven-parent/22/maven-parent-22.pom (30 kB at 783 kB/s)
Downloading from central: https://repo.maven.apache.org/maven2/org/apache/apache/11/apache-11.pom
Progress (1): 749 BProgress (1): 2.1 kBProgress (1): 4.1 kBProgress (1): 8.8 kBProgress (1): 12 kB Progress (1): 15 kB                   Downloaded from central: https://repo.maven.apache.org/maven2/org/apache/apache/11/apache-11.pom (15 kB at 463 kB/s)
Downloading from central: https://repo.maven.apache.org/maven2/org/ow2/asm/asm/6.0_ALPHA/asm-6.0_ALPHA.pom
Progress (1): 935 BProgress (1): 1.9 kB                    Downloaded from central: https://repo.maven.apache.org/maven2/org/ow2/asm/asm/6.0_ALPHA/asm-6.0_ALPHA.pom (1.9 kB at 57 kB/s)
Downloading from central: https://repo.maven.apache.org/maven2/org/ow2/asm/asm-parent/6.0_ALPHA/asm-parent-6.0_ALPHA.pom
Progress (1): 925 BProgress (1): 1.9 kBProgress (1): 3.7 kBProgress (1): 5.5 kB                    Downloaded from central: https://repo.maven.apache.org/maven2/org/ow2/asm/asm-parent/6.0_ALPHA/asm-parent-6.0_ALPHA.pom (5.5 kB at 172 kB/s)
Downloading from central: https://repo.maven.apache.org/maven2/org/codehaus/plexus/plexus-compiler-api/2.8.1/plexus-compiler-api-2.8.1.pom
Progress (1): 893 B                   Downloaded from central: https://repo.maven.apache.org/maven2/org/codehaus/plexus/plexus-compiler-api/2.8.1/plexus-compiler-api-2.8.1.pom (893 B at 28 kB/s)
Downloading from central: https://repo.maven.apache.org/maven2/org/codehaus/plexus/plexus-compiler/2.8.1/plexus-compiler-2.8.1.pom
Progress (1): 1.2 kBProgress (1): 4.0 kBProgress (1): 5.0 kB                    Downloaded from central: https://repo.maven.apache.org/maven2/org/codehaus/plexus/plexus-compiler/2.8.1/plexus-compiler-2.8.1.pom (5.0 kB at 161 kB/s)
Downloading from central: https://repo.maven.apache.org/maven2/org/codehaus/plexus/plexus-compiler-manager/2.8.1/plexus-compiler-manager-2.8.1.pom
Progress (1): 713 B                   Downloaded from central: https://repo.maven.apache.org/maven2/org/codehaus/plexus/plexus-compiler-manager/2.8.1/plexus-compiler-manager-2.8.1.pom (713 B at 22 kB/s)
Downloading from central: https://repo.maven.apache.org/maven2/org/codehaus/plexus/plexus-compiler-javac/2.8.1/plexus-compiler-javac-2.8.1.pom
Progress (1): 794 B                   Downloaded from central: https://repo.maven.apache.org/maven2/org/codehaus/plexus/plexus-compiler-javac/2.8.1/plexus-compiler-javac-2.8.1.pom (794 B at 26 kB/s)
Downloading from central: https://repo.maven.apache.org/maven2/org/codehaus/plexus/plexus-compilers/2.8.1/plexus-compilers-2.8.1.pom
Progress (1): 1.4 kB                    Downloaded from central: https://repo.maven.apache.org/maven2/org/codehaus/plexus/plexus-compilers/2.8.1/plexus-compilers-2.8.1.pom (1.4 kB at 32 kB/s)
Downloading from central: https://repo.maven.apache.org/maven2/org/ow2/asm/asm/6.0_ALPHA/asm-6.0_ALPHA.jar
Progress (1): 7.7/56 kBProgress (1): 11/56 kB Progress (1): 28/56 kBProgress (1): 44/56 kBProgress (1): 56 kB                      Downloaded from central: https://repo.maven.apache.org/maven2/org/ow2/asm/asm/6.0_ALPHA/asm-6.0_ALPHA.jar (56 kB at 1.8 MB/s)
Downloading from central: https://repo.maven.apache.org/maven2/org/codehaus/plexus/plexus-compiler-api/2.8.1/plexus-compiler-api-2.8.1.jar
Downloading from central: https://repo.maven.apache.org/maven2/org/codehaus/plexus/plexus-compiler-manager/2.8.1/plexus-compiler-manager-2.8.1.jar
Downloading from central: https://repo.maven.apache.org/maven2/org/codehaus/plexus/plexus-compiler-javac/2.8.1/plexus-compiler-javac-2.8.1.jar
Progress (1): 7.7/26 kBProgress (1): 16/26 kB Progress (1): 26 kB                      Downloaded from central: https://repo.maven.apache.org/maven2/org/codehaus/plexus/plexus-compiler-api/2.8.1/plexus-compiler-api-2.8.1.jar (26 kB at 732 kB/s)
Progress (1): 0.9/20 kBProgress (1): 2.3/20 kBProgress (1): 3.6/20 kBProgress (1): 5.0/20 kBProgress (1): 6.4/20 kBProgress (1): 7.7/20 kBProgress (1): 9.1/20 kBProgress (1): 10/20 kB Progress (1): 11/20 kBProgress (1): 13/20 kBProgress (1): 14/20 kBProgress (1): 15/20 kBProgress (1): 17/20 kBProgress (1): 18/20 kBProgress (1): 20/20 kBProgress (1): 20 kB                      Downloaded from central: https://repo.maven.apache.org/maven2/org/codehaus/plexus/plexus-compiler-javac/2.8.1/plexus-compiler-javac-2.8.1.jar (20 kB at 214 kB/s)
Progress (1): 0.9/4.7 kBProgress (1): 2.3/4.7 kBProgress (1): 3.2/4.7 kBProgress (1): 4.5/4.7 kBProgress (1): 4.7 kB                        Downloaded from central: https://repo.maven.apache.org/maven2/org/codehaus/plexus/plexus-compiler-manager/2.8.1/plexus-compiler-manager-2.8.1.jar (4.7 kB at 41 kB/s)
[INFO] Changes detected - recompiling the module!
[INFO] Compiling 3 source files to /home/jake/sbomit-overhead-experiment/repos/cubefs/java/target/classes
[INFO] 
[INFO] --- resources:3.3.1:testResources (default-testResources) @ libcubefs ---
[INFO] skip non existing resourceDirectory /home/jake/sbomit-overhead-experiment/repos/cubefs/java/src/test/resources
[INFO] 
[INFO] --- compiler:3.6.0:testCompile (default-testCompile) @ libcubefs ---
[INFO] No sources to compile
[INFO] 
[INFO] --- surefire:3.2.2:test (default-test) @ libcubefs ---
[INFO] No tests to run.
[INFO] 
[INFO] --- jar:3.3.0:jar (default-jar) @ libcubefs ---
[INFO] Building jar: /home/jake/sbomit-overhead-experiment/repos/cubefs/java/target/libcubefs-1.0-SNAPSHOT.jar
[INFO] 
[INFO] --- assembly:3.3.0:single (make-assembly) @ libcubefs ---
Downloading from central: https://repo.maven.apache.org/maven2/org/apache/maven/shared/maven-artifact-transfer/0.11.0/maven-artifact-transfer-0.11.0.pom
Progress (1): 1.1 kBProgress (1): 2.9 kBProgress (1): 5.9 kBProgress (1): 10 kB Progress (1): 11 kB                   Downloaded from central: https://repo.maven.apache.org/maven2/org/apache/maven/shared/maven-artifact-transfer/0.11.0/maven-artifact-transfer-0.11.0.pom (11 kB at 216 kB/s)
Downloading from central: https://repo.maven.apache.org/maven2/org/codehaus/plexus/plexus-utils/3.1.1/plexus-utils-3.1.1.pom
Progress (1): 744 BProgress (1): 1.9 kBProgress (1): 4.2 kBProgress (1): 5.1 kB                    Downloaded from central: https://repo.maven.apache.org/maven2/org/codehaus/plexus/plexus-utils/3.1.1/plexus-utils-3.1.1.pom (5.1 kB at 99 kB/s)
Downloading from central: https://repo.maven.apache.org/maven2/org/codehaus/plexus/plexus-interpolation/1.25/plexus-interpolation-1.25.pom
Progress (1): 1.4 kBProgress (1): 2.6 kB                    Downloaded from central: https://repo.maven.apache.org/maven2/org/codehaus/plexus/plexus-interpolation/1.25/plexus-interpolation-1.25.pom (2.6 kB at 53 kB/s)
Downloading from central: https://repo.maven.apache.org/maven2/org/codehaus/plexus/plexus-archiver/4.2.1/plexus-archiver-4.2.1.pom
Progress (1): 1.3 kBProgress (1): 3.1 kBProgress (1): 4.8 kB                    Downloaded from central: https://repo.maven.apache.org/maven2/org/codehaus/plexus/plexus-archiver/4.2.1/plexus-archiver-4.2.1.pom (4.8 kB at 107 kB/s)
Downloading from central: https://repo.maven.apache.org/maven2/org/codehaus/plexus/plexus-io/3.2.0/plexus-io-3.2.0.pom
Progress (1): 1.4 kBProgress (1): 3.2 kBProgress (1): 4.5 kB                    Downloaded from central: https://repo.maven.apache.org/maven2/org/codehaus/plexus/plexus-io/3.2.0/plexus-io-3.2.0.pom (4.5 kB at 78 kB/s)
Downloading from central: https://repo.maven.apache.org/maven2/org/apache/commons/commons-compress/1.19/commons-compress-1.19.pom
Progress (1): 765 BProgress (1): 1.6 kBProgress (1): 3.1 kBProgress (1): 5.2 kBProgress (1): 7.8 kBProgress (1): 10.0 kBProgress (1): 13 kB  Progress (1): 15 kBProgress (1): 18 kB                   Downloaded from central: https://repo.maven.apache.org/maven2/org/apache/commons/commons-compress/1.19/commons-compress-1.19.pom (18 kB at 344 kB/s)
Downloading from central: https://repo.maven.apache.org/maven2/org/tukaani/xz/1.8/xz-1.8.pom
Progress (1): 1.1 kBProgress (1): 1.9 kB                    Downloaded from central: https://repo.maven.apache.org/maven2/org/tukaani/xz/1.8/xz-1.8.pom (1.9 kB at 25 kB/s)
Downloading from central: https://repo.maven.apache.org/maven2/org/apache/maven/shared/file-management/3.0.0/file-management-3.0.0.pom
Progress (1): 800 BProgress (1): 1.7 kBProgress (1): 3.9 kBProgress (1): 4.7 kB                    Downloaded from central: https://repo.maven.apache.org/maven2/org/apache/maven/shared/file-management/3.0.0/file-management-3.0.0.pom (4.7 kB at 73 kB/s)
Downloading from central: https://repo.maven.apache.org/maven2/org/apache/maven/shared/maven-shared-components/22/maven-shared-components-22.pom
Progress (1): 799 BProgress (1): 1.9 kBProgress (1): 3.7 kBProgress (1): 5.1 kB                    Downloaded from central: https://repo.maven.apache.org/maven2/org/apache/maven/shared/maven-shared-components/22/maven-shared-components-22.pom (5.1 kB at 82 kB/s)
Downloading from central: https://repo.maven.apache.org/maven2/org/apache/maven/maven-parent/27/maven-parent-27.pom
Progress (1): 730 BProgress (1): 1.6 kBProgress (1): 4.7 kBProgress (1): 9.1 kBProgress (1): 12 kB Progress (1): 16 kBProgress (1): 20 kBProgress (1): 23 kBProgress (1): 24 kBProgress (1): 27 kBProgress (1): 30 kBProgress (1): 33 kBProgress (1): 36 kBProgress (1): 39 kBProgress (1): 41 kB                   Downloaded from central: https://repo.maven.apache.org/maven2/org/apache/maven/maven-parent/27/maven-parent-27.pom (41 kB at 727 kB/s)
Downloading from central: https://repo.maven.apache.org/maven2/org/apache/apache/17/apache-17.pom
Progress (1): 749 BProgress (1): 1.6 kBProgress (1): 3.4 kBProgress (1): 6.9 kBProgress (1): 9.7 kBProgress (1): 13 kB Progress (1): 16 kB                   Downloaded from central: https://repo.maven.apache.org/maven2/org/apache/apache/17/apache-17.pom (16 kB at 263 kB/s)
Downloading from central: https://repo.maven.apache.org/maven2/org/apache/maven/shared/maven-shared-io/3.0.0/maven-shared-io-3.0.0.pom
Progress (1): 803 BProgress (1): 2.3 kBProgress (1): 4.2 kB                    Downloaded from central: https://repo.maven.apache.org/maven2/org/apache/maven/shared/maven-shared-io/3.0.0/maven-shared-io-3.0.0.pom (4.2 kB at 76 kB/s)
Downloading from central: https://repo.maven.apache.org/maven2/org/codehaus/plexus/plexus-utils/1.4.2/plexus-utils-1.4.2.pom
Progress (1): 1.2 kBProgress (1): 2.0 kB                    Downloaded from central: https://repo.maven.apache.org/maven2/org/codehaus/plexus/plexus-utils/1.4.2/plexus-utils-1.4.2.pom (2.0 kB at 30 kB/s)
Downloading from central: https://repo.maven.apache.org/maven2/org/apache/maven/wagon/wagon-provider-api/2.10/wagon-provider-api-2.10.pom
Progress (1): 843 BProgress (1): 1.7 kB                    Downloaded from central: https://repo.maven.apache.org/maven2/org/apache/maven/wagon/wagon-provider-api/2.10/wagon-provider-api-2.10.pom (1.7 kB at 23 kB/s)
Downloading from central: https://repo.maven.apache.org/maven2/org/apache/maven/wagon/wagon/2.10/wagon-2.10.pom
Progress (1): 739 BProgress (1): 2.3 kBProgress (1): 5.0 kBProgress (1): 8.1 kBProgress (1): 12 kB Progress (1): 15 kBProgress (1): 18 kBProgress (1): 21 kBProgress (1): 21 kB                   Downloaded from central: https://repo.maven.apache.org/maven2/org/apache/maven/wagon/wagon/2.10/wagon-2.10.pom (21 kB at 274 kB/s)
Downloading from central: https://repo.maven.apache.org/maven2/org/apache/maven/maven-parent/26/maven-parent-26.pom
Progress (1): 795 BProgress (1): 2.1 kBProgress (1): 6.4 kBProgress (1): 10 kB Progress (1): 14 kBProgress (1): 18 kBProgress (1): 22 kBProgress (1): 23 kBProgress (1): 25 kBProgress (1): 28 kBProgress (1): 30 kBProgress (1): 33 kBProgress (1): 38 kBProgress (1): 40 kB                   Downloaded from central: https://repo.maven.apache.org/maven2/org/apache/maven/maven-parent/26/maven-parent-26.pom (40 kB at 603 kB/s)
Downloading from central: https://repo.maven.apache.org/maven2/org/codehaus/plexus/plexus-utils/3.0.15/plexus-utils-3.0.15.pom
Progress (1): 817 BProgress (1): 2.3 kBProgress (1): 3.1 kB                    Downloaded from central: https://repo.maven.apache.org/maven2/org/codehaus/plexus/plexus-utils/3.0.15/plexus-utils-3.0.15.pom (3.1 kB at 58 kB/s)
Downloading from central: https://repo.maven.apache.org/maven2/org/apache/maven/maven-archiver/3.5.0/maven-archiver-3.5.0.pom
Progress (1): 799 BProgress (1): 2.2 kBProgress (1): 4.5 kB                    Downloaded from central: https://repo.maven.apache.org/maven2/org/apache/maven/maven-archiver/3.5.0/maven-archiver-3.5.0.pom (4.5 kB at 59 kB/s)
Downloading from central: https://repo.maven.apache.org/maven2/org/codehaus/plexus/plexus-archiver/4.2.0/plexus-archiver-4.2.0.pom
Progress (1): 1.3 kBProgress (1): 3.7 kBProgress (1): 4.8 kB                    Downloaded from central: https://repo.maven.apache.org/maven2/org/codehaus/plexus/plexus-archiver/4.2.0/plexus-archiver-4.2.0.pom (4.8 kB at 74 kB/s)
Downloading from central: https://repo.maven.apache.org/maven2/org/apache/maven/shared/maven-artifact-transfer/0.11.0/maven-artifact-transfer-0.11.0.jar
Progress (1): 3.8/128 kBProgress (1): 8.0/128 kBProgress (1): 12/128 kB Progress (1): 16/128 kBProgress (1): 21/128 kBProgress (1): 25/128 kBProgress (1): 29/128 kBProgress (1): 33/128 kBProgress (1): 38/128 kBProgress (1): 42/128 kBProgress (1): 46/128 kBProgress (1): 50/128 kBProgress (1): 54/128 kBProgress (1): 59/128 kBProgress (1): 63/128 kBProgress (1): 67/128 kBProgress (1): 71/128 kBProgress (1): 76/128 kBProgress (1): 80/128 kBProgress (1): 84/128 kBProgress (1): 100/128 kBProgress (1): 117/128 kBProgress (1): 128 kB                        Downloaded from central: https://repo.maven.apache.org/maven2/org/apache/maven/shared/maven-artifact-transfer/0.11.0/maven-artifact-transfer-0.11.0.jar (128 kB at 1.3 MB/s)
Downloading from central: https://repo.maven.apache.org/maven2/org/slf4j/slf4j-api/1.7.5/slf4j-api-1.7.5.jar
Downloading from central: https://repo.maven.apache.org/maven2/org/codehaus/plexus/plexus-interpolation/1.25/plexus-interpolation-1.25.jar
Downloading from central: https://repo.maven.apache.org/maven2/org/codehaus/plexus/plexus-archiver/4.2.1/plexus-archiver-4.2.1.jar
Downloading from central: https://repo.maven.apache.org/maven2/org/apache/commons/commons-compress/1.19/commons-compress-1.19.jar
Downloading from central: https://repo.maven.apache.org/maven2/org/tukaani/xz/1.8/xz-1.8.jar
Progress (1): 0.9/85 kBProgress (1): 2.3/85 kBProgress (1): 3.6/85 kBProgress (1): 5.0/85 kBProgress (1): 6.4/85 kBProgress (1): 7.7/85 kBProgress (1): 9.1/85 kBProgress (1): 10/85 kB Progress (1): 12/85 kBProgress (1): 13/85 kBProgress (1): 15/85 kBProgress (1): 16/85 kBProgress (1): 17/85 kBProgress (1): 19/85 kBProgress (1): 20/85 kBProgress (1): 21/85 kBProgress (1): 23/85 kBProgress (1): 24/85 kBProgress (1): 25/85 kBProgress (1): 27/85 kBProgress (1): 28/85 kBProgress (2): 28/85 kB | 7.7/196 kBProgress (2): 30/85 kB | 7.7/196 kBProgress (2): 30/85 kB | 16/196 kB Progress (2): 31/85 kB | 16/196 kBProgress (2): 32/85 kB | 16/196 kBProgress (2): 34/85 kB | 16/196 kBProgress (2): 34/85 kB | 24/196 kBProgress (2): 38/85 kB | 24/196 kBProgress (2): 38/85 kB | 40/196 kBProgress (2): 42/85 kB | 40/196 kBProgress (2): 46/85 kB | 40/196 kBProgress (2): 46/85 kB | 57/196 kBProgress (2): 51/85 kB | 57/196 kBProgress (2): 55/85 kB | 57/196 kBProgress (2): 55/85 kB | 73/196 kBProgress (2): 59/85 kB | 73/196 kBProgress (2): 63/85 kB | 73/196 kBProgress (2): 63/85 kB | 90/196 kBProgress (2): 68/85 kB | 90/196 kBProgress (2): 68/85 kB | 106/196 kBProgress (2): 68/85 kB | 122/196 kBProgress (2): 68/85 kB | 139/196 kBProgress (2): 68/85 kB | 155/196 kBProgress (2): 68/85 kB | 172/196 kBProgress (2): 68/85 kB | 188/196 kBProgress (2): 68/85 kB | 196 kB                                   Downloaded from central: https://repo.maven.apache.org/maven2/org/codehaus/plexus/plexus-archiver/4.2.1/plexus-archiver-4.2.1.jar (196 kB at 5.0 MB/s)
Downloading from central: https://repo.maven.apache.org/maven2/org/apache/maven/shared/file-management/3.0.0/file-management-3.0.0.jar
Progress (1): 72/85 kBProgress (1): 76/85 kBProgress (1): 80/85 kBProgress (1): 84/85 kBProgress (1): 85 kB                      Downloaded from central: https://repo.maven.apache.org/maven2/org/codehaus/plexus/plexus-interpolation/1.25/plexus-interpolation-1.25.jar (85 kB at 1.8 MB/s)
Downloading from central: https://repo.maven.apache.org/maven2/org/apache/maven/shared/maven-shared-io/3.0.0/maven-shared-io-3.0.0.jar
Progress (1): 7.7/26 kBProgress (1): 16/26 kB Progress (1): 26 kB                      Downloaded from central: https://repo.maven.apache.org/maven2/org/slf4j/slf4j-api/1.7.5/slf4j-api-1.7.5.jar (26 kB at 389 kB/s)
Downloading from central: https://repo.maven.apache.org/maven2/org/apache/maven/wagon/wagon-provider-api/2.10/wagon-provider-api-2.10.jar
Progress (1): 7.7/35 kBProgress (1): 16/35 kB Progress (1): 24/35 kBProgress (1): 35 kB                      Downloaded from central: https://repo.maven.apache.org/maven2/org/apache/maven/shared/file-management/3.0.0/file-management-3.0.0.jar (35 kB at 519 kB/s)
Downloading from central: https://repo.maven.apache.org/maven2/org/codehaus/plexus/plexus-io/3.2.0/plexus-io-3.2.0.jar
Progress (1): 3.8/41 kBProgress (1): 8.0/41 kBProgress (1): 12/41 kB Progress (1): 16/41 kBProgress (1): 21/41 kBProgress (1): 24/41 kBProgress (1): 28/41 kBProgress (1): 33/41 kBProgress (1): 37/41 kBProgress (1): 41/41 kBProgress (1): 41 kB                      Downloaded from central: https://repo.maven.apache.org/maven2/org/apache/maven/shared/maven-shared-io/3.0.0/maven-shared-io-3.0.0.jar (41 kB at 488 kB/s)
Downloading from central: https://repo.maven.apache.org/maven2/org/apache/maven/maven-archiver/3.5.0/maven-archiver-3.5.0.jar
Progress (1): 7.7/76 kBProgress (1): 16/76 kB Progress (1): 24/76 kBProgress (2): 24/76 kB | 0.9/615 kBProgress (2): 24/76 kB | 2.3/615 kBProgress (2): 24/76 kB | 3.6/615 kBProgress (2): 40/76 kB | 3.6/615 kBProgress (2): 40/76 kB | 5.0/615 kBProgress (2): 40/76 kB | 6.4/615 kBProgress (2): 40/76 kB | 7.7/615 kBProgress (2): 40/76 kB | 9.1/615 kBProgress (2): 57/76 kB | 9.1/615 kBProgress (2): 57/76 kB | 10/615 kB Progress (2): 57/76 kB | 11/615 kBProgress (2): 57/76 kB | 13/615 kBProgress (2): 57/76 kB | 14/615 kBProgress (2): 73/76 kB | 14/615 kBProgress (2): 73/76 kB | 15/615 kBProgress (2): 76 kB | 15/615 kB   Progress (2): 76 kB | 17/615 kBProgress (2): 76 kB | 18/615 kBProgress (2): 76 kB | 20/615 kBProgress (2): 76 kB | 21/615 kBProgress (2): 76 kB | 22/615 kBProgress (2): 76 kB | 24/615 kB                               Downloaded from central: https://repo.maven.apache.org/maven2/org/codehaus/plexus/plexus-io/3.2.0/plexus-io-3.2.0.jar (76 kB at 713 kB/s)
Downloading from central: https://repo.maven.apache.org/maven2/org/codehaus/plexus/plexus-utils/3.3.0/plexus-utils-3.3.0.jar
Progress (1): 25/615 kBProgress (1): 26/615 kBProgress (1): 28/615 kBProgress (1): 29/615 kBProgress (1): 31/615 kBProgress (1): 32/615 kBProgress (1): 33/615 kBProgress (1): 35/615 kBProgress (1): 36/615 kBProgress (1): 37/615 kBProgress (1): 39/615 kBProgress (1): 40/615 kBProgress (1): 41/615 kBProgress (1): 43/615 kBProgress (1): 44/615 kBProgress (1): 46/615 kBProgress (1): 47/615 kBProgress (1): 48/615 kBProgress (1): 50/615 kBProgress (2): 50/615 kB | 0.9/109 kBProgress (2): 51/615 kB | 0.9/109 kBProgress (2): 51/615 kB | 2.3/109 kBProgress (2): 52/615 kB | 2.3/109 kBProgress (2): 52/615 kB | 3.6/109 kBProgress (2): 54/615 kB | 3.6/109 kBProgress (2): 54/615 kB | 5.0/109 kBProgress (2): 55/615 kB | 5.0/109 kBProgress (2): 55/615 kB | 6.4/109 kBProgress (2): 55/615 kB | 7.7/109 kBProgress (2): 55/615 kB | 9.1/109 kBProgress (2): 55/615 kB | 10/109 kB Progress (2): 59/615 kB | 10/109 kBProgress (2): 59/615 kB | 12/109 kBProgress (2): 59/615 kB | 13/109 kBProgress (2): 59/615 kB | 15/109 kBProgress (2): 59/615 kB | 16/109 kBProgress (2): 59/615 kB | 17/109 kBProgress (2): 59/615 kB | 19/109 kBProgress (2): 59/615 kB | 20/109 kBProgress (2): 59/615 kB | 21/109 kBProgress (2): 59/615 kB | 23/109 kBProgress (2): 59/615 kB | 24/109 kBProgress (2): 59/615 kB | 25/109 kBProgress (2): 59/615 kB | 27/109 kBProgress (2): 59/615 kB | 28/109 kBProgress (2): 59/615 kB | 30/109 kBProgress (2): 59/615 kB | 31/109 kBProgress (2): 59/615 kB | 32/109 kBProgress (2): 59/615 kB | 34/109 kBProgress (2): 59/615 kB | 35/109 kBProgress (2): 59/615 kB | 36/109 kBProgress (2): 59/615 kB | 38/109 kBProgress (2): 59/615 kB | 39/109 kBProgress (2): 59/615 kB | 41/109 kBProgress (2): 59/615 kB | 42/109 kBProgress (2): 59/615 kB | 43/109 kBProgress (2): 59/615 kB | 45/109 kBProgress (2): 59/615 kB | 46/109 kBProgress (2): 59/615 kB | 47/109 kBProgress (2): 59/615 kB | 49/109 kBProgress (2): 59/615 kB | 50/109 kBProgress (2): 59/615 kB | 51/109 kBProgress (2): 59/615 kB | 53/109 kBProgress (2): 59/615 kB | 54/109 kBProgress (2): 59/615 kB | 56/109 kBProgress (2): 59/615 kB | 60/109 kBProgress (3): 59/615 kB | 60/109 kB | 3.8/26 kBProgress (3): 59/615 kB | 60/109 kB | 8.0/26 kBProgress (3): 59/615 kB | 60/109 kB | 12/26 kB Progress (3): 59/615 kB | 60/109 kB | 16/26 kBProgress (3): 59/615 kB | 60/109 kB | 21/26 kBProgress (3): 59/615 kB | 60/109 kB | 24/26 kBProgress (3): 59/615 kB | 60/109 kB | 26 kB                                              Downloaded from central: https://repo.maven.apache.org/maven2/org/apache/maven/maven-archiver/3.5.0/maven-archiver-3.5.0.jar (26 kB at 220 kB/s)
Progress (2): 64/615 kB | 60/109 kBProgress (2): 68/615 kB | 60/109 kBProgress (2): 72/615 kB | 60/109 kBProgress (2): 76/615 kB | 60/109 kBProgress (2): 76/615 kB | 64/109 kBProgress (2): 76/615 kB | 68/109 kBProgress (2): 81/615 kB | 68/109 kBProgress (2): 81/615 kB | 73/109 kBProgress (2): 85/615 kB | 73/109 kBProgress (3): 85/615 kB | 73/109 kB | 7.7/54 kBProgress (3): 85/615 kB | 73/109 kB | 11/54 kB Progress (3): 89/615 kB | 73/109 kB | 11/54 kBProgress (3): 93/615 kB | 73/109 kB | 11/54 kBProgress (3): 93/615 kB | 77/109 kB | 11/54 kBProgress (3): 97/615 kB | 77/109 kB | 11/54 kBProgress (3): 97/615 kB | 81/109 kB | 11/54 kBProgress (3): 97/615 kB | 81/109 kB | 28/54 kBProgress (3): 102/615 kB | 81/109 kB | 28/54 kBProgress (3): 102/615 kB | 85/109 kB | 28/54 kBProgress (3): 106/615 kB | 85/109 kB | 28/54 kBProgress (3): 106/615 kB | 89/109 kB | 28/54 kBProgress (3): 110/615 kB | 89/109 kB | 28/54 kBProgress (3): 110/615 kB | 89/109 kB | 44/54 kBProgress (4): 110/615 kB | 89/109 kB | 44/54 kB | 7.7/263 kBProgress (4): 110/615 kB | 94/109 kB | 44/54 kB | 7.7/263 kBProgress (4): 110/615 kB | 94/109 kB | 44/54 kB | 16/263 kB Progress (4): 110/615 kB | 94/109 kB | 54 kB | 16/263 kB   Progress (4): 110/615 kB | 98/109 kB | 54 kB | 16/263 kBProgress (4): 110/615 kB | 98/109 kB | 54 kB | 32/263 kBProgress (4): 110/615 kB | 102/109 kB | 54 kB | 32/263 kB                                                         Downloaded from central: https://repo.maven.apache.org/maven2/org/apache/maven/wagon/wagon-provider-api/2.10/wagon-provider-api-2.10.jar (54 kB at 391 kB/s)
Progress (3): 110/615 kB | 102/109 kB | 49/263 kBProgress (3): 110/615 kB | 106/109 kB | 49/263 kBProgress (3): 110/615 kB | 109 kB | 49/263 kB    Progress (3): 110/615 kB | 109 kB | 65/263 kBProgress (3): 110/615 kB | 109 kB | 81/263 kB                                             Downloaded from central: https://repo.maven.apache.org/maven2/org/tukaani/xz/1.8/xz-1.8.jar (109 kB at 787 kB/s)
Progress (2): 110/615 kB | 98/263 kBProgress (2): 110/615 kB | 114/263 kBProgress (2): 110/615 kB | 131/263 kBProgress (2): 110/615 kB | 147/263 kBProgress (2): 110/615 kB | 163/263 kBProgress (2): 110/615 kB | 180/263 kBProgress (2): 110/615 kB | 196/263 kBProgress (2): 110/615 kB | 212/263 kBProgress (2): 110/615 kB | 229/263 kBProgress (2): 110/615 kB | 245/263 kBProgress (2): 110/615 kB | 262/263 kBProgress (2): 110/615 kB | 263 kB                                     Downloaded from central: https://repo.maven.apache.org/maven2/org/codehaus/plexus/plexus-utils/3.3.0/plexus-utils-3.3.0.jar (263 kB at 1.8 MB/s)
Progress (1): 114/615 kBProgress (1): 119/615 kBProgress (1): 123/615 kBProgress (1): 126/615 kBProgress (1): 130/615 kBProgress (1): 135/615 kBProgress (1): 139/615 kBProgress (1): 143/615 kBProgress (1): 147/615 kBProgress (1): 151/615 kBProgress (1): 156/615 kBProgress (1): 160/615 kBProgress (1): 164/615 kBProgress (1): 168/615 kBProgress (1): 173/615 kBProgress (1): 177/615 kBProgress (1): 181/615 kBProgress (1): 185/615 kBProgress (1): 189/615 kBProgress (1): 194/615 kBProgress (1): 198/615 kBProgress (1): 202/615 kBProgress (1): 206/615 kBProgress (1): 211/615 kBProgress (1): 215/615 kBProgress (1): 219/615 kBProgress (1): 223/615 kBProgress (1): 240/615 kBProgress (1): 256/615 kBProgress (1): 257/615 kBProgress (1): 274/615 kBProgress (1): 290/615 kBProgress (1): 306/615 kBProgress (1): 323/615 kBProgress (1): 339/615 kBProgress (1): 355/615 kBProgress (1): 372/615 kBProgress (1): 388/615 kBProgress (1): 405/615 kBProgress (1): 421/615 kBProgress (1): 437/615 kBProgress (1): 454/615 kBProgress (1): 470/615 kBProgress (1): 487/615 kBProgress (1): 503/615 kBProgress (1): 519/615 kBProgress (1): 536/615 kBProgress (1): 552/615 kBProgress (1): 568/615 kBProgress (1): 585/615 kBProgress (1): 601/615 kBProgress (1): 615 kB                        Downloaded from central: https://repo.maven.apache.org/maven2/org/apache/commons/commons-compress/1.19/commons-compress-1.19.jar (615 kB at 2.9 MB/s)
[INFO] Building jar: /home/jake/sbomit-overhead-experiment/repos/cubefs/java/target/libcubefs-1.0-SNAPSHOT-jar-with-dependencies.jar
[INFO] ------------------------------------------------------------------------
[INFO] BUILD SUCCESS
[INFO] ------------------------------------------------------------------------
[INFO] Total time:  8.861 s
[INFO] Finished at: 2026-09-03T20:48:51Z
[INFO] ------------------------------------------------------------------------
build java libcubefs success
build tcmalloc...
~/sbomit-overhead-experiment/repos/cubefs/build/out/gperftools-gperftools-2.9.1 ~/sbomit-overhead-experiment/repos/cubefs
./autogen.sh: 3: autoreconf: not found
build/build.sh: line 203: ./configure: No such file or directory
make[1]: Entering directory '/home/jake/sbomit-overhead-experiment/repos/cubefs/build/out/gperftools-gperftools-2.9.1'
make[1]: *** No targets specified and no makefile found.  Stop.
make[1]: Leaving directory '/home/jake/sbomit-overhead-experiment/repos/cubefs/build/out/gperftools-gperftools-2.9.1'
cp: cannot stat '.libs/libtcmalloc.a': No such file or directory
~/sbomit-overhead-experiment/repos/cubefs
build cfs-fsck      success
build tcmalloc...
~/sbomit-overhead-experiment/repos/cubefs/build/out/gperftools-gperftools-2.9.1 ~/sbomit-overhead-experiment/repos/cubefs
./autogen.sh: 3: autoreconf: not found
build/build.sh: line 203: ./configure: No such file or directory
make[1]: Entering directory '/home/jake/sbomit-overhead-experiment/repos/cubefs/build/out/gperftools-gperftools-2.9.1'
make[1]: *** No targets specified and no makefile found.  Stop.
make[1]: Leaving directory '/home/jake/sbomit-overhead-experiment/repos/cubefs/build/out/gperftools-gperftools-2.9.1'
cp: cannot stat '.libs/libtcmalloc.a': No such file or directory
~/sbomit-overhead-experiment/repos/cubefs
build fdstore success
build tcmalloc...
~/sbomit-overhead-experiment/repos/cubefs/build/out/gperftools-gperftools-2.9.1 ~/sbomit-overhead-experiment/repos/cubefs
./autogen.sh: 3: autoreconf: not found
build/build.sh: line 203: ./configure: No such file or directory
make[1]: Entering directory '/home/jake/sbomit-overhead-experiment/repos/cubefs/build/out/gperftools-gperftools-2.9.1'
make[1]: *** No targets specified and no makefile found.  Stop.
make[1]: Leaving directory '/home/jake/sbomit-overhead-experiment/repos/cubefs/build/out/gperftools-gperftools-2.9.1'
cp: cannot stat '.libs/libtcmalloc.a': No such file or directory
~/sbomit-overhead-experiment/repos/cubefs
build cfs-blockcache      success
build tcmalloc...
~/sbomit-overhead-experiment/repos/cubefs/build/out/gperftools-gperftools-2.9.1 ~/sbomit-overhead-experiment/repos/cubefs
./autogen.sh: 3: autoreconf: not found
build/build.sh: line 203: ./configure: No such file or directory
make[1]: Entering directory '/home/jake/sbomit-overhead-experiment/repos/cubefs/build/out/gperftools-gperftools-2.9.1'
make[1]: *** No targets specified and no makefile found.  Stop.
make[1]: Leaving directory '/home/jake/sbomit-overhead-experiment/repos/cubefs/build/out/gperftools-gperftools-2.9.1'
cp: cannot stat '.libs/libtcmalloc.a': No such file or directory
~/sbomit-overhead-experiment/repos/cubefs
build blobstore    # github.com/cubefs/cubefs/blobstore/cmd/shardnode
/usr/local/go/pkg/tool/linux_amd64/link: running g++ failed: exit status 1
/usr/bin/g++ -m64 -s -Wl,--build-id=0xab63588469f19342bd3ac9dc1b55243312f9a745 -o $WORK/b001/exe/a.out -Wl,--export-dynamic-symbol=_cgo_panic -Wl,--export-dynamic-symbol=_cgo_topofstack -Wl,--export-dynamic-symbol=crosscall2 -Wl,--export-dynamic-symbol=gorocksdb_compactionfilter_filter -Wl,--export-dynamic-symbol=gorocksdb_compactionfilter_name -Wl,--export-dynamic-symbol=gorocksdb_comparator_compare -Wl,--export-dynamic-symbol=gorocksdb_comparator_name -Wl,--export-dynamic-symbol=gorocksdb_filterpolicy_create_filter -Wl,--export-dynamic-symbol=gorocksdb_filterpolicy_key_may_match -Wl,--export-dynamic-symbol=gorocksdb_filterpolicy_name -Wl,--export-dynamic-symbol=gorocksdb_mergeoperator_full_merge -Wl,--export-dynamic-symbol=gorocksdb_mergeoperator_name -Wl,--export-dynamic-symbol=gorocksdb_mergeoperator_partial_merge_multi -Wl,--export-dynamic-symbol=gorocksdb_slicetransform_in_domain -Wl,--export-dynamic-symbol=gorocksdb_slicetransform_in_range -Wl,--export-dynamic-symbol=gorocksdb_slicetransform_name -Wl,--export-dynamic-symbol=gorocksdb_slicetransform_transform -Wl,--compress-debug-sections=zlib /tmp/go-link-1858817293/go.o /tmp/go-link-1858817293/000000.o /tmp/go-link-1858817293/000001.o /tmp/go-link-1858817293/000002.o /tmp/go-link-1858817293/000003.o /tmp/go-link-1858817293/000004.o /tmp/go-link-1858817293/000005.o /tmp/go-link-1858817293/000006.o /tmp/go-link-1858817293/000007.o /tmp/go-link-1858817293/000008.o /tmp/go-link-1858817293/000009.o /tmp/go-link-1858817293/000010.o /tmp/go-link-1858817293/000011.o /tmp/go-link-1858817293/000012.o /tmp/go-link-1858817293/000013.o /tmp/go-link-1858817293/000014.o /tmp/go-link-1858817293/000015.o /tmp/go-link-1858817293/000016.o /tmp/go-link-1858817293/000017.o /tmp/go-link-1858817293/000018.o /tmp/go-link-1858817293/000019.o /tmp/go-link-1858817293/000020.o /tmp/go-link-1858817293/000021.o /tmp/go-link-1858817293/000022.o /tmp/go-link-1858817293/000023.o /tmp/go-link-1858817293/000024.o /tmp/go-link-1858817293/000025.o /tmp/go-link-1858817293/000026.o /tmp/go-link-1858817293/000027.o /tmp/go-link-1858817293/000028.o /tmp/go-link-1858817293/000029.o /tmp/go-link-1858817293/000030.o /tmp/go-link-1858817293/000031.o /tmp/go-link-1858817293/000032.o /tmp/go-link-1858817293/000033.o /tmp/go-link-1858817293/000034.o /tmp/go-link-1858817293/000035.o /tmp/go-link-1858817293/000036.o /tmp/go-link-1858817293/000037.o /tmp/go-link-1858817293/000038.o /tmp/go-link-1858817293/000039.o /tmp/go-link-1858817293/000040.o /tmp/go-link-1858817293/000041.o /tmp/go-link-1858817293/000042.o /tmp/go-link-1858817293/000043.o /tmp/go-link-1858817293/000044.o /tmp/go-link-1858817293/000045.o /tmp/go-link-1858817293/000046.o /tmp/go-link-1858817293/000047.o /tmp/go-link-1858817293/000048.o /tmp/go-link-1858817293/000049.o /tmp/go-link-1858817293/000050.o /tmp/go-link-1858817293/000051.o /tmp/go-link-1858817293/000052.o /tmp/go-link-1858817293/000053.o /tmp/go-link-1858817293/000054.o /tmp/go-link-1858817293/000055.o /tmp/go-link-1858817293/000056.o /tmp/go-link-1858817293/000057.o /tmp/go-link-1858817293/000058.o /tmp/go-link-1858817293/000059.o /tmp/go-link-1858817293/000060.o /tmp/go-link-1858817293/000061.o /tmp/go-link-1858817293/000062.o -L/home/jake/sbomit-overhead-experiment/repos/cubefs/build/lib -ldl -ltcmalloc -lm -lrocksdb -lz -lbz2 -lsnappy -llz4 -lzstd -lstdc++ -L/home/jake/sbomit-overhead-experiment/repos/cubefs/build/lib -ldl -ltcmalloc -lm -lrocksdb -lz -lbz2 -lsnappy -llz4 -lzstd -lstdc++ -lresolv -L/home/jake/sbomit-overhead-experiment/repos/cubefs/build/lib -ldl -ltcmalloc -lm -lrocksdb -lz -lbz2 -lsnappy -llz4 -lzstd -lstdc++ -lpthread -L/home/jake/sbomit-overhead-experiment/repos/cubefs/build/lib -ldl -ltcmalloc -lm -lrocksdb -lz -lbz2 -lsnappy -llz4 -lzstd -lstdc++ -lrocksdb -lstdc++ -lm -ldl -no-pie
/usr/bin/ld: cannot find -ltcmalloc: No such file or directory
/usr/bin/ld: cannot find -ltcmalloc: No such file or directory
collect2: error: ld returned 1 exit status

build blobstore benchsuccess
build tcmalloc...
~/sbomit-overhead-experiment/repos/cubefs/build/out/gperftools-gperftools-2.9.1 ~/sbomit-overhead-experiment/repos/cubefs
./autogen.sh: 3: autoreconf: not found
build/build.sh: line 203: ./configure: No such file or directory
make[1]: Entering directory '/home/jake/sbomit-overhead-experiment/repos/cubefs/build/out/gperftools-gperftools-2.9.1'
make[1]: *** No targets specified and no makefile found.  Stop.
make[1]: Leaving directory '/home/jake/sbomit-overhead-experiment/repos/cubefs/build/out/gperftools-gperftools-2.9.1'
cp: cannot stat '.libs/libtcmalloc.a': No such file or directory
~/sbomit-overhead-experiment/repos/cubefs
build cfs-deploy      success
