Downloading sigs.k8s.io/controller-tools/cmd/controller-gen@v0.19.0
Downloading github.com/norwoodj/helm-docs/cmd/helm-docs@v1.12.0
hack/update-codegen.sh
Codegen version v0.34.3
Generating defaulter code for 3 targets
Generating conversion code for 2 targets
Generating client code for 3 targets
Generating lister code for 3 targets
Generating informer code for 3 targets
hack/update-openapigen.sh
Running commands from project root: /home/jake/sbomit-overhead-experiment/repos/kserve
Discovered serving API packages: ./pkg/apis/serving/v1alpha1 ./pkg/apis/serving/v1alpha2 ./pkg/apis/serving/v1beta1
I0904 00:51:51.004241 4059010 parse.go:200] loadPackages ["knative.dev/pkg/apis" "knative.dev/pkg/apis/duck/v1" "./pkg/apis/serving/v1alpha1" "./pkg/apis/serving/v1alpha2" "./pkg/apis/serving/v1beta1"]
I0904 00:51:51.104629 4059010 parse.go:217]   to be loaded: ["knative.dev/pkg/apis" "knative.dev/pkg/apis/duck/v1" "github.com/kserve/kserve/pkg/apis/serving/v1alpha1" "github.com/kserve/kserve/pkg/apis/serving/v1alpha2" "github.com/kserve/kserve/pkg/apis/serving/v1beta1"]
I0904 00:51:53.160675 4059010 parse.go:256]   loaded 5 pkg(s) in 2.055996806s
I0904 00:51:53.229160 4059010 parse.go:552] addPkgToUniverse "github.com/kserve/kserve/pkg/apis/serving/v1alpha1" (user-requested)
I0904 00:51:53.263243 4059010 parse.go:552] addPkgToUniverse "context" (dependency)
I0904 00:51:53.263274 4059010 parse.go:552] addPkgToUniverse "crypto/sha256" (dependency)
I0904 00:51:53.263284 4059010 parse.go:552] addPkgToUniverse "encoding/hex" (dependency)
I0904 00:51:53.263292 4059010 parse.go:552] addPkgToUniverse "encoding/json" (dependency)
I0904 00:51:53.263299 4059010 parse.go:552] addPkgToUniverse "errors" (dependency)
I0904 00:51:53.263307 4059010 parse.go:552] addPkgToUniverse "fmt" (dependency)
I0904 00:51:53.263314 4059010 parse.go:552] addPkgToUniverse "github.com/kedacore/keda/v2/apis/keda/v1alpha1" (dependency)
I0904 00:51:53.263323 4059010 parse.go:552] addPkgToUniverse "github.com/kserve/kserve/pkg/agent/storage" (dependency)
I0904 00:51:53.263331 4059010 parse.go:552] addPkgToUniverse "github.com/kserve/kserve/pkg/apis/gie/v1alpha2pool" (dependency)
I0904 00:51:53.263339 4059010 parse.go:552] addPkgToUniverse "github.com/kserve/kserve/pkg/apis/serving/v1alpha2" (user-requested)
I0904 00:51:53.264136 4059010 parse.go:552] addPkgToUniverse "cmp" (dependency)
I0904 00:51:53.264154 4059010 parse.go:552] addPkgToUniverse "github.com/kserve/kserve/pkg/constants" (dependency)
I0904 00:51:53.264163 4059010 parse.go:552] addPkgToUniverse "github.com/kserve/kserve/pkg/utils" (dependency)
I0904 00:51:53.264170 4059010 parse.go:552] addPkgToUniverse "github.com/kserve/kserve/pkg/validation" (dependency)
I0904 00:51:53.264178 4059010 parse.go:552] addPkgToUniverse "k8s.io/api/autoscaling/v2" (dependency)
I0904 00:51:53.264186 4059010 parse.go:552] addPkgToUniverse "k8s.io/api/core/v1" (dependency)
I0904 00:51:53.264210 4059010 parse.go:552] addPkgToUniverse "k8s.io/apimachinery/pkg/api/equality" (dependency)
I0904 00:51:53.264227 4059010 parse.go:552] addPkgToUniverse "k8s.io/apimachinery/pkg/api/errors" (dependency)
I0904 00:51:53.264242 4059010 parse.go:552] addPkgToUniverse "k8s.io/apimachinery/pkg/api/resource" (dependency)
I0904 00:51:53.264253 4059010 parse.go:552] addPkgToUniverse "k8s.io/apimachinery/pkg/apis/meta/v1" (dependency)
I0904 00:51:53.264264 4059010 parse.go:552] addPkgToUniverse "k8s.io/apimachinery/pkg/runtime" (dependency)
I0904 00:51:53.264274 4059010 parse.go:552] addPkgToUniverse "k8s.io/apimachinery/pkg/runtime/schema" (dependency)
I0904 00:51:53.264286 4059010 parse.go:552] addPkgToUniverse "k8s.io/apimachinery/pkg/util/intstr" (dependency)
I0904 00:51:53.264296 4059010 parse.go:552] addPkgToUniverse "k8s.io/apimachinery/pkg/util/validation" (dependency)
I0904 00:51:53.264305 4059010 parse.go:552] addPkgToUniverse "k8s.io/apimachinery/pkg/util/validation/field" (dependency)
I0904 00:51:53.264313 4059010 parse.go:552] addPkgToUniverse "k8s.io/utils/ptr" (dependency)
I0904 00:51:53.264321 4059010 parse.go:552] addPkgToUniverse "knative.dev/pkg/apis" (user-requested)
I0904 00:51:53.265462 4059010 parse.go:552] addPkgToUniverse "k8s.io/api/authentication/v1" (dependency)
I0904 00:51:53.265483 4059010 parse.go:552] addPkgToUniverse "k8s.io/apimachinery/pkg/api/validation" (dependency)
I0904 00:51:53.265492 4059010 parse.go:552] addPkgToUniverse "knative.dev/pkg/kmp" (dependency)
I0904 00:51:53.265499 4059010 parse.go:552] addPkgToUniverse "net/http" (dependency)
I0904 00:51:53.265505 4059010 parse.go:552] addPkgToUniverse "net/url" (dependency)
I0904 00:51:53.265511 4059010 parse.go:552] addPkgToUniverse "reflect" (dependency)
I0904 00:51:53.265517 4059010 parse.go:552] addPkgToUniverse "sort" (dependency)
I0904 00:51:53.265523 4059010 parse.go:552] addPkgToUniverse "strings" (dependency)
I0904 00:51:53.265529 4059010 parse.go:552] addPkgToUniverse "time" (dependency)
I0904 00:51:53.265539 4059010 parse.go:552] addPkgToUniverse "knative.dev/pkg/apis/duck/v1" (user-requested)
I0904 00:51:53.267552 4059010 parse.go:552] addPkgToUniverse "crypto/x509" (dependency)
I0904 00:51:53.267572 4059010 parse.go:552] addPkgToUniverse "encoding/pem" (dependency)
I0904 00:51:53.267579 4059010 parse.go:552] addPkgToUniverse "k8s.io/api/batch/v1" (dependency)
I0904 00:51:53.267586 4059010 parse.go:552] addPkgToUniverse "knative.dev/pkg/apis/duck" (dependency)
I0904 00:51:53.267593 4059010 parse.go:552] addPkgToUniverse "knative.dev/pkg/apis/duck/ducktypes" (dependency)
I0904 00:51:53.267599 4059010 parse.go:552] addPkgToUniverse "knative.dev/pkg/kmap" (dependency)
I0904 00:51:53.267606 4059010 parse.go:552] addPkgToUniverse "knative.dev/pkg/kmeta" (dependency)
I0904 00:51:53.267612 4059010 parse.go:552] addPkgToUniverse "knative.dev/pkg/ptr" (dependency)
I0904 00:51:53.267618 4059010 parse.go:552] addPkgToUniverse "knative.dev/pkg/tracker" (dependency)
I0904 00:51:53.267628 4059010 parse.go:552] addPkgToUniverse "regexp" (dependency)
I0904 00:51:53.267634 4059010 parse.go:552] addPkgToUniverse "sigs.k8s.io/controller-runtime" (dependency)
I0904 00:51:53.267640 4059010 parse.go:552] addPkgToUniverse "sigs.k8s.io/controller-runtime/pkg/conversion" (dependency)
I0904 00:51:53.267647 4059010 parse.go:552] addPkgToUniverse "sigs.k8s.io/controller-runtime/pkg/log" (dependency)
I0904 00:51:53.267653 4059010 parse.go:552] addPkgToUniverse "sigs.k8s.io/controller-runtime/pkg/scheme" (dependency)
I0904 00:51:53.267660 4059010 parse.go:552] addPkgToUniverse "sigs.k8s.io/controller-runtime/pkg/webhook" (dependency)
I0904 00:51:53.267666 4059010 parse.go:552] addPkgToUniverse "sigs.k8s.io/controller-runtime/pkg/webhook/admission" (dependency)
I0904 00:51:53.267672 4059010 parse.go:552] addPkgToUniverse "sigs.k8s.io/gateway-api-inference-extension/api/v1" (dependency)
I0904 00:51:53.267680 4059010 parse.go:552] addPkgToUniverse "sigs.k8s.io/gateway-api/apis/v1" (dependency)
I0904 00:51:53.267686 4059010 parse.go:552] addPkgToUniverse "slices" (dependency)
I0904 00:51:53.267692 4059010 parse.go:552] addPkgToUniverse "strconv" (dependency)
I0904 00:51:53.267705 4059010 parse.go:552] addPkgToUniverse "gopkg.in/go-playground/validator.v9" (dependency)
I0904 00:51:53.267713 4059010 parse.go:552] addPkgToUniverse "k8s.io/apimachinery/pkg/util/sets" (dependency)
I0904 00:51:53.267731 4059010 parse.go:552] addPkgToUniverse "k8s.io/apimachinery/pkg/conversion" (dependency)
I0904 00:51:53.267740 4059010 parse.go:552] addPkgToUniverse "k8s.io/apimachinery/third_party/forked/golang/reflect" (dependency)
I0904 00:51:53.267748 4059010 parse.go:552] addPkgToUniverse "internal/stringslite" (dependency)
I0904 00:51:53.267764 4059010 parse.go:552] addPkgToUniverse "internal/bytealg" (dependency)
I0904 00:51:53.267771 4059010 parse.go:552] addPkgToUniverse "unsafe" (dependency)
I0904 00:51:53.267777 4059010 parse.go:552] addPkgToUniverse "internal/cpu" (dependency)
I0904 00:51:53.267783 4059010 parse.go:552] addPkgToUniverse "math" (dependency)
I0904 00:51:53.267789 4059010 parse.go:552] addPkgToUniverse "math/bits" (dependency)
I0904 00:51:53.267796 4059010 parse.go:552] addPkgToUniverse "unicode/utf8" (dependency)
I0904 00:51:53.267809 4059010 parse.go:552] addPkgToUniverse "internal/reflectlite" (dependency)
I0904 00:51:53.267816 4059010 parse.go:552] addPkgToUniverse "internal/unsafeheader" (dependency)
I0904 00:51:53.267822 4059010 parse.go:552] addPkgToUniverse "runtime" (dependency)
I0904 00:51:53.267829 4059010 parse.go:552] addPkgToUniverse "internal/runtime/math" (dependency)
I0904 00:51:53.267835 4059010 parse.go:552] addPkgToUniverse "internal/goarch" (dependency)
I0904 00:51:53.267841 4059010 parse.go:552] addPkgToUniverse "internal/runtime/cgroup" (dependency)
I0904 00:51:53.267848 4059010 parse.go:552] addPkgToUniverse "internal/runtime/strconv" (dependency)
I0904 00:51:53.267854 4059010 parse.go:552] addPkgToUniverse "internal/runtime/syscall" (dependency)
I0904 00:51:53.267861 4059010 parse.go:552] addPkgToUniverse "internal/runtime/exithook" (dependency)
I0904 00:51:53.267867 4059010 parse.go:552] addPkgToUniverse "internal/runtime/atomic" (dependency)
I0904 00:51:53.267874 4059010 parse.go:552] addPkgToUniverse "internal/chacha8rand" (dependency)
I0904 00:51:53.267881 4059010 parse.go:552] addPkgToUniverse "internal/byteorder" (dependency)
I0904 00:51:53.267887 4059010 parse.go:552] addPkgToUniverse "internal/runtime/sys" (dependency)
I0904 00:51:53.267895 4059010 parse.go:552] addPkgToUniverse "internal/goos" (dependency)
I0904 00:51:53.267901 4059010 parse.go:552] addPkgToUniverse "internal/runtime/gc" (dependency)
I0904 00:51:53.267906 4059010 parse.go:552] addPkgToUniverse "internal/abi" (dependency)
I0904 00:51:53.267913 4059010 parse.go:552] addPkgToUniverse "internal/profilerecord" (dependency)
I0904 00:51:53.267919 4059010 parse.go:552] addPkgToUniverse "internal/coverage/rtcov" (dependency)
I0904 00:51:53.267925 4059010 parse.go:552] addPkgToUniverse "internal/runtime/maps" (dependency)
I0904 00:51:53.267933 4059010 parse.go:552] addPkgToUniverse "internal/msan" (dependency)
I0904 00:51:53.267939 4059010 parse.go:552] addPkgToUniverse "internal/race" (dependency)
I0904 00:51:53.267946 4059010 parse.go:552] addPkgToUniverse "internal/asan" (dependency)
I0904 00:51:53.267952 4059010 parse.go:552] addPkgToUniverse "internal/trace/tracev2" (dependency)
I0904 00:51:53.267965 4059010 parse.go:552] addPkgToUniverse "internal/goexperiment" (dependency)
I0904 00:51:53.267971 4059010 parse.go:552] addPkgToUniverse "internal/godebugs" (dependency)
I0904 00:51:53.267978 4059010 parse.go:552] addPkgToUniverse "io" (dependency)
I0904 00:51:53.267984 4059010 parse.go:552] addPkgToUniverse "sync" (dependency)
I0904 00:51:53.267990 4059010 parse.go:552] addPkgToUniverse "internal/synctest" (dependency)
I0904 00:51:53.267997 4059010 parse.go:552] addPkgToUniverse "sync/atomic" (dependency)
I0904 00:51:53.268003 4059010 parse.go:552] addPkgToUniverse "internal/sync" (dependency)
I0904 00:51:53.268010 4059010 parse.go:552] addPkgToUniverse "iter" (dependency)
I0904 00:51:53.268016 4059010 parse.go:552] addPkgToUniverse "unicode" (dependency)
I0904 00:51:53.268022 4059010 parse.go:552] addPkgToUniverse "internal/itoa" (dependency)
I0904 00:51:53.268029 4059010 parse.go:552] addPkgToUniverse "internal/fmtsort" (dependency)
I0904 00:51:53.268036 4059010 parse.go:552] addPkgToUniverse "os" (dependency)
I0904 00:51:53.268042 4059010 parse.go:552] addPkgToUniverse "internal/syscall/unix" (dependency)
I0904 00:51:53.268049 4059010 parse.go:552] addPkgToUniverse "syscall" (dependency)
I0904 00:51:53.268055 4059010 parse.go:552] addPkgToUniverse "internal/oserror" (dependency)
I0904 00:51:53.268065 4059010 parse.go:552] addPkgToUniverse "io/fs" (dependency)
I0904 00:51:53.268071 4059010 parse.go:552] addPkgToUniverse "path" (dependency)
I0904 00:51:53.268078 4059010 parse.go:552] addPkgToUniverse "internal/godebug" (dependency)
I0904 00:51:53.268084 4059010 parse.go:552] addPkgToUniverse "internal/bisect" (dependency)
I0904 00:51:53.268091 4059010 parse.go:552] addPkgToUniverse "internal/syscall/execenv" (dependency)
I0904 00:51:53.268098 4059010 parse.go:552] addPkgToUniverse "internal/testlog" (dependency)
I0904 00:51:53.268105 4059010 parse.go:552] addPkgToUniverse "internal/poll" (dependency)
I0904 00:51:53.268116 4059010 parse.go:552] addPkgToUniverse "internal/filepathlite" (dependency)
I0904 00:51:53.268125 4059010 parse.go:552] addPkgToUniverse "k8s.io/apimachinery/pkg/util/runtime" (dependency)
I0904 00:51:53.268133 4059010 parse.go:552] addPkgToUniverse "k8s.io/klog/v2" (dependency)
I0904 00:51:53.268139 4059010 parse.go:552] addPkgToUniverse "k8s.io/klog/v2/internal/serialize" (dependency)
I0904 00:51:53.268146 4059010 parse.go:552] addPkgToUniverse "log/slog" (dependency)
I0904 00:51:53.268152 4059010 parse.go:552] addPkgToUniverse "bytes" (dependency)
I0904 00:51:53.268159 4059010 parse.go:552] addPkgToUniverse "encoding/base64" (dependency)
I0904 00:51:53.268166 4059010 parse.go:552] addPkgToUniverse "unicode/utf16" (dependency)
I0904 00:51:53.268172 4059010 parse.go:552] addPkgToUniverse "encoding" (dependency)
I0904 00:51:53.268180 4059010 parse.go:552] addPkgToUniverse "log" (dependency)
I0904 00:51:53.268187 4059010 parse.go:552] addPkgToUniverse "log/internal" (dependency)
I0904 00:51:53.268209 4059010 parse.go:552] addPkgToUniverse "log/slog/internal" (dependency)
I0904 00:51:53.268224 4059010 parse.go:552] addPkgToUniverse "log/slog/internal/buffer" (dependency)
I0904 00:51:53.268234 4059010 parse.go:552] addPkgToUniverse "github.com/go-logr/logr" (dependency)
I0904 00:51:53.268243 4059010 parse.go:552] addPkgToUniverse "bufio" (dependency)
I0904 00:51:53.268253 4059010 parse.go:552] addPkgToUniverse "k8s.io/klog/v2/internal/sloghandler" (dependency)
I0904 00:51:53.268262 4059010 parse.go:552] addPkgToUniverse "k8s.io/klog/v2/internal/severity" (dependency)
I0904 00:51:53.268273 4059010 parse.go:552] addPkgToUniverse "path/filepath" (dependency)
I0904 00:51:53.268284 4059010 parse.go:552] addPkgToUniverse "k8s.io/klog/v2/internal/dbg" (dependency)
I0904 00:51:53.268290 4059010 parse.go:552] addPkgToUniverse "flag" (dependency)
I0904 00:51:53.268297 4059010 parse.go:552] addPkgToUniverse "k8s.io/klog/v2/internal/clock" (dependency)
I0904 00:51:53.268304 4059010 parse.go:552] addPkgToUniverse "os/user" (dependency)
I0904 00:51:53.268311 4059010 parse.go:552] addPkgToUniverse "runtime/cgo" (dependency)
I0904 00:51:53.268317 4059010 parse.go:552] addPkgToUniverse "k8s.io/klog/v2/internal/buffer" (dependency)
I0904 00:51:53.268324 4059010 parse.go:552] addPkgToUniverse "maps" (dependency)
I0904 00:51:53.268331 4059010 parse.go:552] addPkgToUniverse "net/http/internal" (dependency)
I0904 00:51:53.268338 4059010 parse.go:552] addPkgToUniverse "net/http/httptrace" (dependency)
I0904 00:51:53.268344 4059010 parse.go:552] addPkgToUniverse "net/textproto" (dependency)
I0904 00:51:53.268350 4059010 parse.go:552] addPkgToUniverse "net" (dependency)
I0904 00:51:53.268357 4059010 parse.go:552] addPkgToUniverse "vendor/golang.org/x/net/dns/dnsmessage" (dependency)
I0904 00:51:53.268364 4059010 parse.go:552] addPkgToUniverse "internal/singleflight" (dependency)
I0904 00:51:53.268370 4059010 parse.go:552] addPkgToUniverse "internal/nettrace" (dependency)
I0904 00:51:53.268376 4059010 parse.go:552] addPkgToUniverse "net/netip" (dependency)
I0904 00:51:53.268382 4059010 parse.go:552] addPkgToUniverse "unique" (dependency)
I0904 00:51:53.268389 4059010 parse.go:552] addPkgToUniverse "weak" (dependency)
I0904 00:51:53.268396 4059010 parse.go:552] addPkgToUniverse "crypto/tls" (dependency)
I0904 00:51:53.268403 4059010 parse.go:552] addPkgToUniverse "crypto/internal/fips140/mlkem" (dependency)
I0904 00:51:53.268410 4059010 parse.go:552] addPkgToUniverse "crypto/internal/fips140" (dependency)
I0904 00:51:53.268416 4059010 parse.go:552] addPkgToUniverse "crypto/internal/fips140deps/godebug" (dependency)
I0904 00:51:53.268423 4059010 parse.go:552] addPkgToUniverse "crypto/internal/fips140/check" (dependency)
I0904 00:51:53.268430 4059010 parse.go:552] addPkgToUniverse "crypto/internal/fips140/sha256" (dependency)
I0904 00:51:53.268436 4059010 parse.go:552] addPkgToUniverse "hash" (dependency)
I0904 00:51:53.268443 4059010 parse.go:552] addPkgToUniverse "crypto/internal/fips140deps/byteorder" (dependency)
I0904 00:51:53.268460 4059010 parse.go:552] addPkgToUniverse "crypto/internal/fips140deps/cpu" (dependency)
I0904 00:51:53.268466 4059010 parse.go:552] addPkgToUniverse "crypto/internal/impl" (dependency)
I0904 00:51:53.268473 4059010 parse.go:552] addPkgToUniverse "crypto/internal/fips140/hmac" (dependency)
I0904 00:51:53.268480 4059010 parse.go:552] addPkgToUniverse "crypto/internal/fips140/sha3" (dependency)
I0904 00:51:53.268486 4059010 parse.go:552] addPkgToUniverse "crypto/internal/fips140/subtle" (dependency)
I0904 00:51:53.268492 4059010 parse.go:552] addPkgToUniverse "crypto/internal/fips140/alias" (dependency)
I0904 00:51:53.268499 4059010 parse.go:552] addPkgToUniverse "crypto/internal/fips140/sha512" (dependency)
I0904 00:51:53.268506 4059010 parse.go:552] addPkgToUniverse "crypto/internal/fips140/drbg" (dependency)
I0904 00:51:53.268512 4059010 parse.go:552] addPkgToUniverse "crypto/internal/sysrand" (dependency)
I0904 00:51:53.268519 4059010 parse.go:552] addPkgToUniverse "crypto/internal/fips140/aes" (dependency)
I0904 00:51:53.268526 4059010 parse.go:552] addPkgToUniverse "crypto/internal/randutil" (dependency)
I0904 00:51:53.268532 4059010 parse.go:552] addPkgToUniverse "math/rand/v2" (dependency)
I0904 00:51:53.268539 4059010 parse.go:552] addPkgToUniverse "crypto/internal/entropy" (dependency)
I0904 00:51:53.268546 4059010 parse.go:552] addPkgToUniverse "crypto" (dependency)
I0904 00:51:53.268553 4059010 parse.go:552] addPkgToUniverse "crypto/internal/boring" (dependency)
I0904 00:51:53.268559 4059010 parse.go:552] addPkgToUniverse "crypto/cipher" (dependency)
I0904 00:51:53.268565 4059010 parse.go:552] addPkgToUniverse "crypto/internal/fips140/aes/gcm" (dependency)
I0904 00:51:53.268572 4059010 parse.go:552] addPkgToUniverse "crypto/internal/fips140only" (dependency)
I0904 00:51:53.268579 4059010 parse.go:552] addPkgToUniverse "crypto/subtle" (dependency)
I0904 00:51:53.268585 4059010 parse.go:552] addPkgToUniverse "crypto/internal/boring/sig" (dependency)
I0904 00:51:53.268592 4059010 parse.go:552] addPkgToUniverse "crypto/des" (dependency)
I0904 00:51:53.268599 4059010 parse.go:552] addPkgToUniverse "math/big" (dependency)
I0904 00:51:53.268605 4059010 parse.go:552] addPkgToUniverse "math/rand" (dependency)
I0904 00:51:53.268612 4059010 parse.go:552] addPkgToUniverse "vendor/golang.org/x/crypto/cryptobyte/asn1" (dependency)
I0904 00:51:53.268618 4059010 parse.go:552] addPkgToUniverse "crypto/sha1" (dependency)
I0904 00:51:53.268626 4059010 parse.go:552] addPkgToUniverse "crypto/x509/pkix" (dependency)
I0904 00:51:53.268632 4059010 parse.go:552] addPkgToUniverse "encoding/asn1" (dependency)
I0904 00:51:53.268638 4059010 parse.go:552] addPkgToUniverse "internal/saferio" (dependency)
I0904 00:51:53.268645 4059010 parse.go:552] addPkgToUniverse "crypto/ecdsa" (dependency)
I0904 00:51:53.268651 4059010 parse.go:552] addPkgToUniverse "crypto/internal/fips140hash" (dependency)
I0904 00:51:53.268658 4059010 parse.go:552] addPkgToUniverse "crypto/sha3" (dependency)
I0904 00:51:53.268665 4059010 parse.go:552] addPkgToUniverse "crypto/internal/fips140cache" (dependency)
I0904 00:51:53.268671 4059010 parse.go:552] addPkgToUniverse "crypto/elliptic" (dependency)
I0904 00:51:53.268677 4059010 parse.go:552] addPkgToUniverse "crypto/internal/fips140/nistec" (dependency)
I0904 00:51:53.268684 4059010 parse.go:552] addPkgToUniverse "crypto/internal/fips140/nistec/fiat" (dependency)
I0904 00:51:53.268691 4059010 parse.go:552] addPkgToUniverse "crypto/ecdh" (dependency)
I0904 00:51:53.268698 4059010 parse.go:552] addPkgToUniverse "crypto/internal/fips140/ecdh" (dependency)
I0904 00:51:53.268705 4059010 parse.go:552] addPkgToUniverse "crypto/internal/fips140/edwards25519/field" (dependency)
I0904 00:51:53.268725 4059010 parse.go:552] addPkgToUniverse "crypto/internal/fips140/ecdsa" (dependency)
I0904 00:51:53.268732 4059010 parse.go:552] addPkgToUniverse "crypto/internal/fips140/bigmod" (dependency)
I0904 00:51:53.268739 4059010 parse.go:552] addPkgToUniverse "crypto/sha512" (dependency)
I0904 00:51:53.268751 4059010 parse.go:552] addPkgToUniverse "vendor/golang.org/x/crypto/cryptobyte" (dependency)
I0904 00:51:53.268757 4059010 parse.go:552] addPkgToUniverse "crypto/internal/boring/bbig" (dependency)
I0904 00:51:53.268763 4059010 parse.go:552] addPkgToUniverse "crypto/md5" (dependency)
I0904 00:51:53.268771 4059010 parse.go:552] addPkgToUniverse "crypto/aes" (dependency)
I0904 00:51:53.268779 4059010 parse.go:552] addPkgToUniverse "crypto/rsa" (dependency)
I0904 00:51:53.268786 4059010 parse.go:552] addPkgToUniverse "crypto/internal/fips140/rsa" (dependency)
I0904 00:51:53.268793 4059010 parse.go:552] addPkgToUniverse "crypto/rand" (dependency)
I0904 00:51:53.268799 4059010 parse.go:552] addPkgToUniverse "crypto/dsa" (dependency)
I0904 00:51:53.268806 4059010 parse.go:552] addPkgToUniverse "crypto/ed25519" (dependency)
I0904 00:51:53.268813 4059010 parse.go:552] addPkgToUniverse "crypto/internal/fips140/ed25519" (dependency)
I0904 00:51:53.268819 4059010 parse.go:552] addPkgToUniverse "crypto/internal/fips140/edwards25519" (dependency)
I0904 00:51:53.268826 4059010 parse.go:552] addPkgToUniverse "crypto/internal/fips140/tls12" (dependency)
I0904 00:51:53.268833 4059010 parse.go:552] addPkgToUniverse "crypto/internal/fips140/tls13" (dependency)
I0904 00:51:53.268840 4059010 parse.go:552] addPkgToUniverse "crypto/internal/fips140/hkdf" (dependency)
I0904 00:51:53.268848 4059010 parse.go:552] addPkgToUniverse "crypto/hkdf" (dependency)
I0904 00:51:53.268855 4059010 parse.go:552] addPkgToUniverse "crypto/internal/hpke" (dependency)
I0904 00:51:53.268861 4059010 parse.go:552] addPkgToUniverse "vendor/golang.org/x/crypto/chacha20poly1305" (dependency)
I0904 00:51:53.268868 4059010 parse.go:552] addPkgToUniverse "encoding/binary" (dependency)
I0904 00:51:53.268874 4059010 parse.go:552] addPkgToUniverse "vendor/golang.org/x/crypto/chacha20" (dependency)
I0904 00:51:53.268881 4059010 parse.go:552] addPkgToUniverse "vendor/golang.org/x/crypto/internal/alias" (dependency)
I0904 00:51:53.268887 4059010 parse.go:552] addPkgToUniverse "vendor/golang.org/x/crypto/internal/poly1305" (dependency)
I0904 00:51:53.268894 4059010 parse.go:552] addPkgToUniverse "vendor/golang.org/x/sys/cpu" (dependency)
I0904 00:51:53.268902 4059010 parse.go:552] addPkgToUniverse "crypto/rc4" (dependency)
I0904 00:51:53.268908 4059010 parse.go:552] addPkgToUniverse "crypto/hmac" (dependency)
I0904 00:51:53.268914 4059010 parse.go:552] addPkgToUniverse "crypto/tls/internal/fips140tls" (dependency)
I0904 00:51:53.268921 4059010 parse.go:552] addPkgToUniverse "crypto/fips140" (dependency)
I0904 00:51:53.268927 4059010 parse.go:552] addPkgToUniverse "container/list" (dependency)
I0904 00:51:53.268935 4059010 parse.go:552] addPkgToUniverse "vendor/golang.org/x/net/http/httpproxy" (dependency)
I0904 00:51:53.268941 4059010 parse.go:552] addPkgToUniverse "vendor/golang.org/x/net/idna" (dependency)
I0904 00:51:53.268948 4059010 parse.go:552] addPkgToUniverse "vendor/golang.org/x/text/secure/bidirule" (dependency)
I0904 00:51:53.268954 4059010 parse.go:552] addPkgToUniverse "vendor/golang.org/x/text/transform" (dependency)
I0904 00:51:53.268967 4059010 parse.go:552] addPkgToUniverse "vendor/golang.org/x/text/unicode/bidi" (dependency)
I0904 00:51:53.268974 4059010 parse.go:552] addPkgToUniverse "vendor/golang.org/x/text/unicode/norm" (dependency)
I0904 00:51:53.268981 4059010 parse.go:552] addPkgToUniverse "mime" (dependency)
I0904 00:51:53.268988 4059010 parse.go:552] addPkgToUniverse "vendor/golang.org/x/net/http/httpguts" (dependency)
I0904 00:51:53.268995 4059010 parse.go:552] addPkgToUniverse "vendor/golang.org/x/net/http2/hpack" (dependency)
I0904 00:51:53.269001 4059010 parse.go:552] addPkgToUniverse "compress/gzip" (dependency)
I0904 00:51:53.269008 4059010 parse.go:552] addPkgToUniverse "compress/flate" (dependency)
I0904 00:51:53.269015 4059010 parse.go:552] addPkgToUniverse "hash/crc32" (dependency)
I0904 00:51:53.269021 4059010 parse.go:552] addPkgToUniverse "net/http/internal/httpcommon" (dependency)
I0904 00:51:53.269031 4059010 parse.go:552] addPkgToUniverse "mime/multipart" (dependency)
I0904 00:51:53.269038 4059010 parse.go:552] addPkgToUniverse "mime/quotedprintable" (dependency)
I0904 00:51:53.269045 4059010 parse.go:552] addPkgToUniverse "net/http/internal/ascii" (dependency)
I0904 00:51:53.269052 4059010 parse.go:552] addPkgToUniverse "go/parser" (dependency)
I0904 00:51:53.269058 4059010 parse.go:552] addPkgToUniverse "go/scanner" (dependency)
I0904 00:51:53.269065 4059010 parse.go:552] addPkgToUniverse "go/token" (dependency)
I0904 00:51:53.269072 4059010 parse.go:552] addPkgToUniverse "go/ast" (dependency)
I0904 00:51:53.269078 4059010 parse.go:552] addPkgToUniverse "go/build/constraint" (dependency)
I0904 00:51:53.269085 4059010 parse.go:552] addPkgToUniverse "github.com/gogo/protobuf/proto" (dependency)
I0904 00:51:53.269093 4059010 parse.go:552] addPkgToUniverse "k8s.io/apimachinery/pkg/util/naming" (dependency)
I0904 00:51:53.269101 4059010 parse.go:552] addPkgToUniverse "regexp/syntax" (dependency)
I0904 00:51:53.269108 4059010 parse.go:552] addPkgToUniverse "runtime/debug" (dependency)
I0904 00:51:53.269114 4059010 parse.go:552] addPkgToUniverse "sigs.k8s.io/structured-merge-diff/v6/value" (dependency)
I0904 00:51:53.269121 4059010 parse.go:552] addPkgToUniverse "go.yaml.in/yaml/v2" (dependency)
I0904 00:51:53.269129 4059010 parse.go:552] addPkgToUniverse "github.com/json-iterator/go" (dependency)
I0904 00:51:53.269137 4059010 parse.go:552] addPkgToUniverse "github.com/modern-go/concurrent" (dependency)
I0904 00:51:53.269143 4059010 parse.go:552] addPkgToUniverse "io/ioutil" (dependency)
I0904 00:51:53.269150 4059010 parse.go:552] addPkgToUniverse "github.com/modern-go/reflect2" (dependency)
I0904 00:51:53.269157 4059010 parse.go:552] addPkgToUniverse "k8s.io/apimachinery/pkg/util/json" (dependency)
I0904 00:51:53.269164 4059010 parse.go:552] addPkgToUniverse "sigs.k8s.io/json" (dependency)
I0904 00:51:53.269170 4059010 parse.go:552] addPkgToUniverse "sigs.k8s.io/json/internal/golang/encoding/json" (dependency)
I0904 00:51:53.269178 4059010 parse.go:552] addPkgToUniverse "k8s.io/apimachinery/pkg/conversion/queryparams" (dependency)
I0904 00:51:53.269184 4059010 parse.go:552] addPkgToUniverse "k8s.io/apimachinery/pkg/util/errors" (dependency)
I0904 00:51:53.269218 4059010 parse.go:552] addPkgToUniverse "k8s.io/apimachinery/pkg/api/operation" (dependency)
I0904 00:51:53.269236 4059010 parse.go:552] addPkgToUniverse "go/doc" (dependency)
I0904 00:51:53.269248 4059010 parse.go:552] addPkgToUniverse "go/doc/comment" (dependency)
I0904 00:51:53.269258 4059010 parse.go:552] addPkgToUniverse "internal/lazyregexp" (dependency)
I0904 00:51:53.269266 4059010 parse.go:552] addPkgToUniverse "k8s.io/apimachinery/pkg/runtime/serializer/cbor/direct" (dependency)
I0904 00:51:53.269274 4059010 parse.go:552] addPkgToUniverse "k8s.io/apimachinery/pkg/runtime/serializer/cbor/internal/modes" (dependency)
I0904 00:51:53.269281 4059010 parse.go:552] addPkgToUniverse "github.com/fxamacker/cbor/v2" (dependency)
I0904 00:51:53.269289 4059010 parse.go:552] addPkgToUniverse "github.com/x448/float16" (dependency)
I0904 00:51:53.269296 4059010 parse.go:552] addPkgToUniverse "encoding/base32" (dependency)
I0904 00:51:53.269304 4059010 parse.go:552] addPkgToUniverse "gomodules.xyz/jsonpatch/v2" (dependency)
I0904 00:51:53.269311 4059010 parse.go:552] addPkgToUniverse "sigs.k8s.io/controller-runtime/pkg/certwatcher" (dependency)
I0904 00:51:53.269318 4059010 parse.go:552] addPkgToUniverse "sigs.k8s.io/controller-runtime/pkg/internal/log" (dependency)
I0904 00:51:53.269328 4059010 parse.go:552] addPkgToUniverse "sigs.k8s.io/controller-runtime/pkg/certwatcher/metrics" (dependency)
I0904 00:51:53.269335 4059010 parse.go:552] addPkgToUniverse "sigs.k8s.io/controller-runtime/pkg/metrics" (dependency)
I0904 00:51:53.269342 4059010 parse.go:552] addPkgToUniverse "k8s.io/client-go/tools/leaderelection" (dependency)
I0904 00:51:53.269349 4059010 parse.go:552] addPkgToUniverse "k8s.io/api/coordination/v1" (dependency)
I0904 00:51:53.269358 4059010 parse.go:552] addPkgToUniverse "sigs.k8s.io/randfill" (dependency)
I0904 00:51:53.269370 4059010 parse.go:552] addPkgToUniverse "sigs.k8s.io/randfill/bytesource" (dependency)
I0904 00:51:53.269378 4059010 parse.go:552] addPkgToUniverse "k8s.io/apimachinery/pkg/selection" (dependency)
I0904 00:51:53.269385 4059010 parse.go:552] addPkgToUniverse "gopkg.in/inf.v0" (dependency)
I0904 00:51:53.269391 4059010 parse.go:552] addPkgToUniverse "k8s.io/apimachinery/pkg/fields" (dependency)
I0904 00:51:53.269398 4059010 parse.go:552] addPkgToUniverse "k8s.io/apimachinery/pkg/types" (dependency)
I0904 00:51:53.269404 4059010 parse.go:552] addPkgToUniverse "github.com/gogo/protobuf/sortkeys" (dependency)
I0904 00:51:53.269411 4059010 parse.go:552] addPkgToUniverse "k8s.io/apimachinery/pkg/labels" (dependency)
I0904 00:51:53.269418 4059010 parse.go:552] addPkgToUniverse "k8s.io/utils/net" (dependency)
I0904 00:51:53.269425 4059010 parse.go:552] addPkgToUniverse "k8s.io/utils/internal/third_party/forked/golang/net" (dependency)
I0904 00:51:53.269433 4059010 parse.go:552] addPkgToUniverse "k8s.io/apimachinery/pkg/watch" (dependency)
I0904 00:51:53.269439 4059010 parse.go:552] addPkgToUniverse "k8s.io/apimachinery/pkg/util/net" (dependency)
I0904 00:51:53.269447 4059010 parse.go:552] addPkgToUniverse "golang.org/x/net/http2" (dependency)
I0904 00:51:53.269453 4059010 parse.go:552] addPkgToUniverse "golang.org/x/net/internal/httpcommon" (dependency)
I0904 00:51:53.269460 4059010 parse.go:552] addPkgToUniverse "golang.org/x/net/http/httpguts" (dependency)
I0904 00:51:53.269467 4059010 parse.go:552] addPkgToUniverse "golang.org/x/net/idna" (dependency)
I0904 00:51:53.269475 4059010 parse.go:552] addPkgToUniverse "golang.org/x/text/secure/bidirule" (dependency)
I0904 00:51:53.269481 4059010 parse.go:552] addPkgToUniverse "golang.org/x/text/transform" (dependency)
I0904 00:51:53.269488 4059010 parse.go:552] addPkgToUniverse "golang.org/x/text/unicode/bidi" (dependency)
I0904 00:51:53.269494 4059010 parse.go:552] addPkgToUniverse "golang.org/x/text/unicode/norm" (dependency)
I0904 00:51:53.269501 4059010 parse.go:552] addPkgToUniverse "golang.org/x/net/http2/hpack" (dependency)
I0904 00:51:53.269509 4059010 parse.go:552] addPkgToUniverse "golang.org/x/net/internal/httpsfv" (dependency)
I0904 00:51:53.269517 4059010 parse.go:552] addPkgToUniverse "k8s.io/client-go/tools/cache" (dependency)
I0904 00:51:53.269524 4059010 parse.go:552] addPkgToUniverse "k8s.io/apimachinery/pkg/util/cache" (dependency)
I0904 00:51:53.269530 4059010 parse.go:552] addPkgToUniverse "container/heap" (dependency)
I0904 00:51:53.269537 4059010 parse.go:552] addPkgToUniverse "k8s.io/utils/clock" (dependency)
I0904 00:51:53.269545 4059010 parse.go:552] addPkgToUniverse "k8s.io/client-go/util/consistencydetector" (dependency)
I0904 00:51:53.269552 4059010 parse.go:552] addPkgToUniverse "k8s.io/apimachinery/pkg/util/wait" (dependency)
I0904 00:51:53.269558 4059010 parse.go:552] addPkgToUniverse "k8s.io/apimachinery/pkg/api/meta" (dependency)
I0904 00:51:53.269566 4059010 parse.go:552] addPkgToUniverse "k8s.io/apimachinery/pkg/util/diff" (dependency)
I0904 00:51:53.269573 4059010 parse.go:552] addPkgToUniverse "github.com/pmezard/go-difflib/difflib" (dependency)
I0904 00:51:53.269579 4059010 parse.go:552] addPkgToUniverse "k8s.io/apimachinery/pkg/util/dump" (dependency)
I0904 00:51:53.269586 4059010 parse.go:552] addPkgToUniverse "github.com/davecgh/go-spew/spew" (dependency)
I0904 00:51:53.269593 4059010 parse.go:552] addPkgToUniverse "text/tabwriter" (dependency)
I0904 00:51:53.269601 4059010 parse.go:552] addPkgToUniverse "k8s.io/utils/buffer" (dependency)
I0904 00:51:53.269607 4059010 parse.go:552] addPkgToUniverse "k8s.io/utils/trace" (dependency)
I0904 00:51:53.269614 4059010 parse.go:552] addPkgToUniverse "k8s.io/client-go/tools/cache/synctrack" (dependency)
I0904 00:51:53.269621 4059010 parse.go:552] addPkgToUniverse "k8s.io/apimachinery/pkg/apis/meta/v1beta1" (dependency)
I0904 00:51:53.269628 4059010 parse.go:552] addPkgToUniverse "k8s.io/apimachinery/pkg/apis/meta/v1/unstructured" (dependency)
I0904 00:51:53.269639 4059010 parse.go:552] addPkgToUniverse "k8s.io/client-go/tools/pager" (dependency)
I0904 00:51:53.269645 4059010 parse.go:552] addPkgToUniverse "k8s.io/apimachinery/pkg/apis/meta/internalversion" (dependency)
I0904 00:51:53.269653 4059010 parse.go:552] addPkgToUniverse "k8s.io/client-go/features" (dependency)
I0904 00:51:53.269660 4059010 parse.go:552] addPkgToUniverse "k8s.io/client-go/rest" (dependency)
I0904 00:51:53.269666 4059010 parse.go:552] addPkgToUniverse "k8s.io/client-go/tools/metrics" (dependency)
I0904 00:51:53.269673 4059010 parse.go:552] addPkgToUniverse "k8s.io/client-go/pkg/version" (dependency)
I0904 00:51:53.269679 4059010 parse.go:552] addPkgToUniverse "k8s.io/apimachinery/pkg/version" (dependency)
I0904 00:51:53.269686 4059010 parse.go:552] addPkgToUniverse "k8s.io/client-go/tools/clientcmd/api" (dependency)
I0904 00:51:53.269693 4059010 parse.go:552] addPkgToUniverse "k8s.io/client-go/util/cert" (dependency)
I0904 00:51:53.269701 4059010 parse.go:552] addPkgToUniverse "k8s.io/client-go/util/keyutil" (dependency)
I0904 00:51:53.269708 4059010 parse.go:552] addPkgToUniverse "k8s.io/client-go/pkg/apis/clientauthentication" (dependency)
I0904 00:51:53.269716 4059010 parse.go:552] addPkgToUniverse "github.com/munnerz/goautoneg" (dependency)
I0904 00:51:53.269722 4059010 parse.go:552] addPkgToUniverse "k8s.io/client-go/transport" (dependency)
I0904 00:51:53.269729 4059010 parse.go:552] addPkgToUniverse "golang.org/x/oauth2" (dependency)
I0904 00:51:53.269735 4059010 parse.go:552] addPkgToUniverse "golang.org/x/oauth2/internal" (dependency)
I0904 00:51:53.269744 4059010 parse.go:552] addPkgToUniverse "k8s.io/client-go/util/connrotation" (dependency)
I0904 00:51:53.269751 4059010 parse.go:552] addPkgToUniverse "k8s.io/client-go/util/workqueue" (dependency)
I0904 00:51:53.269758 4059010 parse.go:552] addPkgToUniverse "golang.org/x/time/rate" (dependency)
I0904 00:51:53.269765 4059010 parse.go:552] addPkgToUniverse "k8s.io/client-go/util/flowcontrol" (dependency)
I0904 00:51:53.269772 4059010 parse.go:552] addPkgToUniverse "k8s.io/apimachinery/pkg/runtime/serializer/streaming" (dependency)
I0904 00:51:53.269779 4059010 parse.go:552] addPkgToUniverse "k8s.io/apimachinery/pkg/runtime/serializer" (dependency)
I0904 00:51:53.269785 4059010 parse.go:552] addPkgToUniverse "k8s.io/apimachinery/pkg/runtime/serializer/protobuf" (dependency)
I0904 00:51:53.269792 4059010 parse.go:552] addPkgToUniverse "k8s.io/apimachinery/pkg/runtime/serializer/recognizer" (dependency)
I0904 00:51:53.269799 4059010 parse.go:552] addPkgToUniverse "k8s.io/apimachinery/pkg/util/framer" (dependency)
I0904 00:51:53.269806 4059010 parse.go:552] addPkgToUniverse "k8s.io/apimachinery/pkg/runtime/serializer/versioning" (dependency)
I0904 00:51:53.269813 4059010 parse.go:552] addPkgToUniverse "k8s.io/apimachinery/pkg/runtime/serializer/json" (dependency)
I0904 00:51:53.269820 4059010 parse.go:552] addPkgToUniverse "k8s.io/apimachinery/pkg/util/yaml" (dependency)
I0904 00:51:53.269826 4059010 parse.go:552] addPkgToUniverse "sigs.k8s.io/yaml" (dependency)
I0904 00:51:53.269835 4059010 parse.go:552] addPkgToUniverse "k8s.io/apimachinery/pkg/runtime/serializer/cbor" (dependency)
I0904 00:51:53.269842 4059010 parse.go:552] addPkgToUniverse "k8s.io/client-go/rest/watch" (dependency)
I0904 00:51:53.269849 4059010 parse.go:552] addPkgToUniverse "k8s.io/client-go/plugin/pkg/client/auth/exec" (dependency)
I0904 00:51:53.269856 4059010 parse.go:552] addPkgToUniverse "k8s.io/client-go/pkg/apis/clientauthentication/v1beta1" (dependency)
I0904 00:51:53.269863 4059010 parse.go:552] addPkgToUniverse "k8s.io/client-go/pkg/apis/clientauthentication/v1" (dependency)
I0904 00:51:53.269869 4059010 parse.go:552] addPkgToUniverse "golang.org/x/term" (dependency)
I0904 00:51:53.269876 4059010 parse.go:552] addPkgToUniverse "golang.org/x/sys/unix" (dependency)
I0904 00:51:53.269883 4059010 parse.go:552] addPkgToUniverse "k8s.io/client-go/pkg/apis/clientauthentication/install" (dependency)
I0904 00:51:53.269890 4059010 parse.go:552] addPkgToUniverse "os/exec" (dependency)
I0904 00:51:53.269901 4059010 parse.go:552] addPkgToUniverse "k8s.io/client-go/kubernetes/typed/coordination/v1beta1" (dependency)
I0904 00:51:53.269909 4059010 parse.go:552] addPkgToUniverse "k8s.io/api/coordination/v1beta1" (dependency)
I0904 00:51:53.269917 4059010 parse.go:552] addPkgToUniverse "k8s.io/client-go/kubernetes/scheme" (dependency)
I0904 00:51:53.269924 4059010 parse.go:552] addPkgToUniverse "k8s.io/api/flowcontrol/v1beta1" (dependency)
I0904 00:51:53.269932 4059010 parse.go:552] addPkgToUniverse "k8s.io/api/policy/v1beta1" (dependency)
I0904 00:51:53.269939 4059010 parse.go:552] addPkgToUniverse "k8s.io/api/policy/v1" (dependency)
I0904 00:51:53.269947 4059010 parse.go:552] addPkgToUniverse "k8s.io/api/authentication/v1beta1" (dependency)
I0904 00:51:53.269955 4059010 parse.go:552] addPkgToUniverse "k8s.io/api/storage/v1" (dependency)
I0904 00:51:53.269971 4059010 parse.go:552] addPkgToUniverse "k8s.io/api/batch/v1beta1" (dependency)
I0904 00:51:53.269981 4059010 parse.go:552] addPkgToUniverse "k8s.io/api/rbac/v1" (dependency)
I0904 00:51:53.269988 4059010 parse.go:552] addPkgToUniverse "k8s.io/api/scheduling/v1beta1" (dependency)
I0904 00:51:53.269995 4059010 parse.go:552] addPkgToUniverse "k8s.io/api/scheduling/v1" (dependency)
I0904 00:51:53.270003 4059010 parse.go:552] addPkgToUniverse "k8s.io/api/certificates/v1" (dependency)
I0904 00:51:53.270010 4059010 parse.go:552] addPkgToUniverse "k8s.io/api/authorization/v1" (dependency)
I0904 00:51:53.270017 4059010 parse.go:552] addPkgToUniverse "k8s.io/api/admissionregistration/v1alpha1" (dependency)
I0904 00:51:53.270024 4059010 parse.go:552] addPkgToUniverse "k8s.io/api/admissionregistration/v1" (dependency)
I0904 00:51:53.270031 4059010 parse.go:552] addPkgToUniverse "k8s.io/api/resource/v1" (dependency)
I0904 00:51:53.270039 4059010 parse.go:552] addPkgToUniverse "k8s.io/api/resource/v1beta2" (dependency)
I0904 00:51:53.270045 4059010 parse.go:552] addPkgToUniverse "k8s.io/api/rbac/v1alpha1" (dependency)
I0904 00:51:53.270052 4059010 parse.go:552] addPkgToUniverse "k8s.io/api/networking/v1" (dependency)
I0904 00:51:53.270060 4059010 parse.go:552] addPkgToUniverse "k8s.io/api/flowcontrol/v1beta2" (dependency)
I0904 00:51:53.270066 4059010 parse.go:552] addPkgToUniverse "k8s.io/api/node/v1" (dependency)
I0904 00:51:53.270074 4059010 parse.go:552] addPkgToUniverse "k8s.io/api/networking/v1beta1" (dependency)
I0904 00:51:53.270081 4059010 parse.go:552] addPkgToUniverse "k8s.io/api/apps/v1beta1" (dependency)
I0904 00:51:53.270088 4059010 parse.go:552] addPkgToUniverse "k8s.io/api/certificates/v1alpha1" (dependency)
I0904 00:51:53.270095 4059010 parse.go:552] addPkgToUniverse "k8s.io/api/autoscaling/v2beta1" (dependency)
I0904 00:51:53.270102 4059010 parse.go:552] addPkgToUniverse "k8s.io/api/authorization/v1beta1" (dependency)
I0904 00:51:53.270109 4059010 parse.go:552] addPkgToUniverse "k8s.io/api/flowcontrol/v1" (dependency)
I0904 00:51:53.270116 4059010 parse.go:552] addPkgToUniverse "k8s.io/api/resource/v1beta1" (dependency)
I0904 00:51:53.270123 4059010 parse.go:552] addPkgToUniverse "k8s.io/api/autoscaling/v2beta2" (dependency)
I0904 00:51:53.270130 4059010 parse.go:552] addPkgToUniverse "k8s.io/api/storage/v1beta1" (dependency)
I0904 00:51:53.270137 4059010 parse.go:552] addPkgToUniverse "k8s.io/api/authentication/v1alpha1" (dependency)
I0904 00:51:53.270145 4059010 parse.go:552] addPkgToUniverse "k8s.io/api/node/v1beta1" (dependency)
I0904 00:51:53.270152 4059010 parse.go:552] addPkgToUniverse "k8s.io/api/node/v1alpha1" (dependency)
I0904 00:51:53.270160 4059010 parse.go:552] addPkgToUniverse "k8s.io/api/apps/v1" (dependency)
I0904 00:51:53.270167 4059010 parse.go:552] addPkgToUniverse "k8s.io/api/scheduling/v1alpha1" (dependency)
I0904 00:51:53.270175 4059010 parse.go:552] addPkgToUniverse "k8s.io/api/discovery/v1beta1" (dependency)
I0904 00:51:53.270182 4059010 parse.go:552] addPkgToUniverse "k8s.io/api/storage/v1alpha1" (dependency)
I0904 00:51:53.270188 4059010 parse.go:552] addPkgToUniverse "k8s.io/api/rbac/v1beta1" (dependency)
I0904 00:51:53.270210 4059010 parse.go:552] addPkgToUniverse "k8s.io/api/events/v1beta1" (dependency)
I0904 00:51:53.270220 4059010 parse.go:552] addPkgToUniverse "k8s.io/api/resource/v1alpha3" (dependency)
I0904 00:51:53.270226 4059010 parse.go:552] addPkgToUniverse "k8s.io/api/certificates/v1beta1" (dependency)
I0904 00:51:53.270234 4059010 parse.go:552] addPkgToUniverse "k8s.io/api/flowcontrol/v1beta3" (dependency)
I0904 00:51:53.270241 4059010 parse.go:552] addPkgToUniverse "k8s.io/api/apiserverinternal/v1alpha1" (dependency)
I0904 00:51:53.270248 4059010 parse.go:552] addPkgToUniverse "k8s.io/api/coordination/v1alpha2" (dependency)
I0904 00:51:53.270255 4059010 parse.go:552] addPkgToUniverse "k8s.io/api/discovery/v1" (dependency)
I0904 00:51:53.270262 4059010 parse.go:552] addPkgToUniverse "k8s.io/api/storagemigration/v1alpha1" (dependency)
I0904 00:51:53.270269 4059010 parse.go:552] addPkgToUniverse "k8s.io/api/apps/v1beta2" (dependency)
I0904 00:51:53.270276 4059010 parse.go:552] addPkgToUniverse "k8s.io/api/events/v1" (dependency)
I0904 00:51:53.270283 4059010 parse.go:552] addPkgToUniverse "k8s.io/api/extensions/v1beta1" (dependency)
I0904 00:51:53.270290 4059010 parse.go:552] addPkgToUniverse "k8s.io/api/admissionregistration/v1beta1" (dependency)
I0904 00:51:53.270298 4059010 parse.go:552] addPkgToUniverse "k8s.io/api/autoscaling/v1" (dependency)
I0904 00:51:53.270304 4059010 parse.go:552] addPkgToUniverse "k8s.io/client-go/gentype" (dependency)
I0904 00:51:53.270312 4059010 parse.go:552] addPkgToUniverse "k8s.io/client-go/util/apply" (dependency)
I0904 00:51:53.270320 4059010 parse.go:552] addPkgToUniverse "k8s.io/client-go/testing" (dependency)
I0904 00:51:53.270326 4059010 parse.go:552] addPkgToUniverse "gopkg.in/evanphx/json-patch.v4" (dependency)
I0904 00:51:53.270334 4059010 parse.go:552] addPkgToUniverse "k8s.io/apimachinery/pkg/api/meta/testrestmapper" (dependency)
I0904 00:51:53.270341 4059010 parse.go:552] addPkgToUniverse "k8s.io/apimachinery/pkg/util/strategicpatch" (dependency)
I0904 00:51:53.270348 4059010 parse.go:552] addPkgToUniverse "k8s.io/kube-openapi/pkg/util/proto" (dependency)
I0904 00:51:53.270355 4059010 parse.go:552] addPkgToUniverse "go.yaml.in/yaml/v3" (dependency)
I0904 00:51:53.270363 4059010 parse.go:552] addPkgToUniverse "github.com/google/gnostic-models/openapiv2" (dependency)
I0904 00:51:53.270370 4059010 parse.go:552] addPkgToUniverse "google.golang.org/protobuf/reflect/protoreflect" (dependency)
I0904 00:51:53.270376 4059010 parse.go:552] addPkgToUniverse "google.golang.org/protobuf/encoding/protowire" (dependency)
I0904 00:51:53.270383 4059010 parse.go:552] addPkgToUniverse "google.golang.org/protobuf/internal/errors" (dependency)
I0904 00:51:53.270391 4059010 parse.go:552] addPkgToUniverse "google.golang.org/protobuf/internal/detrand" (dependency)
I0904 00:51:53.270399 4059010 parse.go:552] addPkgToUniverse "hash/fnv" (dependency)
I0904 00:51:53.270405 4059010 parse.go:552] addPkgToUniverse "google.golang.org/protobuf/internal/pragma" (dependency)
I0904 00:51:53.270412 4059010 parse.go:552] addPkgToUniverse "google.golang.org/protobuf/runtime/protoimpl" (dependency)
I0904 00:51:53.270419 4059010 parse.go:552] addPkgToUniverse "google.golang.org/protobuf/internal/impl" (dependency)
I0904 00:51:53.270426 4059010 parse.go:552] addPkgToUniverse "google.golang.org/protobuf/internal/genid" (dependency)
I0904 00:51:53.270433 4059010 parse.go:552] addPkgToUniverse "google.golang.org/protobuf/internal/protolazy" (dependency)
I0904 00:51:53.270440 4059010 parse.go:552] addPkgToUniverse "google.golang.org/protobuf/runtime/protoiface" (dependency)
I0904 00:51:53.270447 4059010 parse.go:552] addPkgToUniverse "google.golang.org/protobuf/internal/order" (dependency)
I0904 00:51:53.270454 4059010 parse.go:552] addPkgToUniverse "google.golang.org/protobuf/internal/encoding/tag" (dependency)
I0904 00:51:53.270460 4059010 parse.go:552] addPkgToUniverse "google.golang.org/protobuf/internal/encoding/defval" (dependency)
I0904 00:51:53.270467 4059010 parse.go:552] addPkgToUniverse "google.golang.org/protobuf/internal/encoding/text" (dependency)
I0904 00:51:53.270477 4059010 parse.go:552] addPkgToUniverse "google.golang.org/protobuf/internal/strs" (dependency)
I0904 00:51:53.270484 4059010 parse.go:552] addPkgToUniverse "google.golang.org/protobuf/internal/flags" (dependency)
I0904 00:51:53.270491 4059010 parse.go:552] addPkgToUniverse "google.golang.org/protobuf/internal/filedesc" (dependency)
I0904 00:51:53.270498 4059010 parse.go:552] addPkgToUniverse "google.golang.org/protobuf/internal/encoding/messageset" (dependency)
I0904 00:51:53.270504 4059010 parse.go:552] addPkgToUniverse "google.golang.org/protobuf/internal/descfmt" (dependency)
I0904 00:51:53.270511 4059010 parse.go:552] addPkgToUniverse "google.golang.org/protobuf/internal/descopts" (dependency)
I0904 00:51:53.270517 4059010 parse.go:552] addPkgToUniverse "google.golang.org/protobuf/proto" (dependency)
I0904 00:51:53.270549 4059010 parse.go:552] addPkgToUniverse "google.golang.org/protobuf/reflect/protoregistry" (dependency)
I0904 00:51:53.270567 4059010 parse.go:552] addPkgToUniverse "google.golang.org/protobuf/internal/editiondefaults" (dependency)
I0904 00:51:53.270574 4059010 parse.go:552] addPkgToUniverse "embed" (dependency)
I0904 00:51:53.270582 4059010 parse.go:552] addPkgToUniverse "google.golang.org/protobuf/encoding/prototext" (dependency)
I0904 00:51:53.270589 4059010 parse.go:552] addPkgToUniverse "google.golang.org/protobuf/internal/set" (dependency)
I0904 00:51:53.270596 4059010 parse.go:552] addPkgToUniverse "google.golang.org/protobuf/internal/version" (dependency)
I0904 00:51:53.270603 4059010 parse.go:552] addPkgToUniverse "google.golang.org/protobuf/internal/filetype" (dependency)
I0904 00:51:53.270611 4059010 parse.go:552] addPkgToUniverse "github.com/google/gnostic-models/compiler" (dependency)
I0904 00:51:53.270618 4059010 parse.go:552] addPkgToUniverse "github.com/google/gnostic-models/extensions" (dependency)
I0904 00:51:53.270626 4059010 parse.go:552] addPkgToUniverse "google.golang.org/protobuf/types/known/anypb" (dependency)
I0904 00:51:53.270633 4059010 parse.go:552] addPkgToUniverse "github.com/google/gnostic-models/jsonschema" (dependency)
I0904 00:51:53.270641 4059010 parse.go:552] addPkgToUniverse "github.com/google/gnostic-models/openapiv3" (dependency)
I0904 00:51:53.270648 4059010 parse.go:552] addPkgToUniverse "google.golang.org/protobuf/types/descriptorpb" (dependency)
I0904 00:51:53.270655 4059010 parse.go:552] addPkgToUniverse "k8s.io/apimachinery/third_party/forked/golang/json" (dependency)
I0904 00:51:53.270663 4059010 parse.go:552] addPkgToUniverse "k8s.io/kube-openapi/pkg/validation/spec" (dependency)
I0904 00:51:53.270670 4059010 parse.go:552] addPkgToUniverse "github.com/go-openapi/swag" (dependency)
I0904 00:51:53.270676 4059010 parse.go:552] addPkgToUniverse "github.com/go-openapi/swag/conv" (dependency)
I0904 00:51:53.270683 4059010 parse.go:552] addPkgToUniverse "github.com/go-openapi/swag/stringutils" (dependency)
I0904 00:51:53.270690 4059010 parse.go:552] addPkgToUniverse "github.com/go-openapi/swag/fileutils" (dependency)
I0904 00:51:53.270696 4059010 parse.go:552] addPkgToUniverse "github.com/go-openapi/swag/jsonname" (dependency)
I0904 00:51:53.270702 4059010 parse.go:552] addPkgToUniverse "github.com/go-openapi/swag/cmdutils" (dependency)
I0904 00:51:53.270709 4059010 parse.go:552] addPkgToUniverse "github.com/go-openapi/swag/jsonutils" (dependency)
I0904 00:51:53.270715 4059010 parse.go:552] addPkgToUniverse "github.com/go-openapi/swag/jsonutils/adapters" (dependency)
I0904 00:51:53.270721 4059010 parse.go:552] addPkgToUniverse "github.com/go-openapi/swag/jsonutils/adapters/ifaces" (dependency)
I0904 00:51:53.270728 4059010 parse.go:552] addPkgToUniverse "github.com/go-openapi/swag/jsonutils/adapters/stdlib/json" (dependency)
I0904 00:51:53.270735 4059010 parse.go:552] addPkgToUniverse "github.com/go-openapi/swag/typeutils" (dependency)
I0904 00:51:53.270742 4059010 parse.go:552] addPkgToUniverse "github.com/go-openapi/swag/yamlutils" (dependency)
I0904 00:51:53.270752 4059010 parse.go:552] addPkgToUniverse "github.com/go-openapi/swag/loading" (dependency)
I0904 00:51:53.270759 4059010 parse.go:552] addPkgToUniverse "github.com/go-openapi/swag/mangling" (dependency)
I0904 00:51:53.270765 4059010 parse.go:552] addPkgToUniverse "github.com/go-openapi/swag/netutils" (dependency)
I0904 00:51:53.270772 4059010 parse.go:552] addPkgToUniverse "k8s.io/kube-openapi/pkg/internal/third_party/go-json-experiment/json" (dependency)
I0904 00:51:53.270781 4059010 parse.go:552] addPkgToUniverse "k8s.io/kube-openapi/pkg/internal" (dependency)
I0904 00:51:53.270788 4059010 parse.go:552] addPkgToUniverse "github.com/go-openapi/jsonreference" (dependency)
I0904 00:51:53.270794 4059010 parse.go:552] addPkgToUniverse "github.com/go-openapi/jsonpointer" (dependency)
I0904 00:51:53.270800 4059010 parse.go:552] addPkgToUniverse "github.com/go-openapi/jsonreference/internal" (dependency)
I0904 00:51:53.270807 4059010 parse.go:552] addPkgToUniverse "k8s.io/apimachinery/pkg/util/mergepatch" (dependency)
I0904 00:51:53.270835 4059010 parse.go:552] addPkgToUniverse "k8s.io/apimachinery/pkg/util/managedfields" (dependency)
I0904 00:51:53.270845 4059010 parse.go:552] addPkgToUniverse "sigs.k8s.io/structured-merge-diff/v6/schema" (dependency)
I0904 00:51:53.270852 4059010 parse.go:552] addPkgToUniverse "k8s.io/kube-openapi/pkg/schemaconv" (dependency)
I0904 00:51:53.270859 4059010 parse.go:552] addPkgToUniverse "k8s.io/apimachinery/pkg/util/managedfields/internal" (dependency)
I0904 00:51:53.270866 4059010 parse.go:552] addPkgToUniverse "sigs.k8s.io/structured-merge-diff/v6/merge" (dependency)
I0904 00:51:53.270873 4059010 parse.go:552] addPkgToUniverse "sigs.k8s.io/structured-merge-diff/v6/fieldpath" (dependency)
I0904 00:51:53.270880 4059010 parse.go:552] addPkgToUniverse "sigs.k8s.io/structured-merge-diff/v6/typed" (dependency)
I0904 00:51:53.270887 4059010 parse.go:552] addPkgToUniverse "k8s.io/apimachinery/pkg/apis/meta/v1/validation" (dependency)
I0904 00:51:53.270898 4059010 parse.go:552] addPkgToUniverse "k8s.io/client-go/applyconfigurations/coordination/v1beta1" (dependency)
I0904 00:51:53.270905 4059010 parse.go:552] addPkgToUniverse "k8s.io/client-go/applyconfigurations/meta/v1" (dependency)
I0904 00:51:53.270912 4059010 parse.go:552] addPkgToUniverse "k8s.io/client-go/discovery" (dependency)
I0904 00:51:53.270919 4059010 parse.go:552] addPkgToUniverse "k8s.io/api/apidiscovery/v2" (dependency)
I0904 00:51:53.270936 4059010 parse.go:552] addPkgToUniverse "k8s.io/api/apidiscovery/v2beta1" (dependency)
I0904 00:51:53.270946 4059010 parse.go:552] addPkgToUniverse "k8s.io/client-go/openapi" (dependency)
I0904 00:51:53.270953 4059010 parse.go:552] addPkgToUniverse "k8s.io/kube-openapi/pkg/handler3" (dependency)
I0904 00:51:53.270966 4059010 parse.go:552] addPkgToUniverse "k8s.io/kube-openapi/pkg/common" (dependency)
I0904 00:51:53.270973 4059010 parse.go:552] addPkgToUniverse "k8s.io/kube-openapi/pkg/spec3" (dependency)
I0904 00:51:53.270981 4059010 parse.go:552] addPkgToUniverse "github.com/emicklei/go-restful/v3" (dependency)
I0904 00:51:53.270988 4059010 parse.go:552] addPkgToUniverse "github.com/emicklei/go-restful/v3/log" (dependency)
I0904 00:51:53.270995 4059010 parse.go:552] addPkgToUniverse "compress/zlib" (dependency)
I0904 00:51:53.271001 4059010 parse.go:552] addPkgToUniverse "hash/adler32" (dependency)
I0904 00:51:53.271008 4059010 parse.go:552] addPkgToUniverse "encoding/xml" (dependency)
I0904 00:51:53.271015 4059010 parse.go:552] addPkgToUniverse "github.com/google/uuid" (dependency)
I0904 00:51:53.271022 4059010 parse.go:552] addPkgToUniverse "database/sql/driver" (dependency)
I0904 00:51:53.271028 4059010 parse.go:552] addPkgToUniverse "k8s.io/kube-openapi/pkg/cached" (dependency)
I0904 00:51:53.271037 4059010 parse.go:552] addPkgToUniverse "k8s.io/client-go/applyconfigurations/internal" (dependency)
I0904 00:51:53.271044 4059010 parse.go:552] addPkgToUniverse "k8s.io/client-go/informers" (dependency)
I0904 00:51:53.271051 4059010 parse.go:552] addPkgToUniverse "k8s.io/client-go/informers/certificates" (dependency)
I0904 00:51:53.271062 4059010 parse.go:552] addPkgToUniverse "k8s.io/client-go/informers/certificates/v1alpha1" (dependency)
I0904 00:51:53.271070 4059010 parse.go:552] addPkgToUniverse "k8s.io/client-go/informers/internalinterfaces" (dependency)
I0904 00:51:53.271077 4059010 parse.go:552] addPkgToUniverse "k8s.io/client-go/kubernetes" (dependency)
I0904 00:51:53.271084 4059010 parse.go:552] addPkgToUniverse "k8s.io/client-go/kubernetes/typed/admissionregistration/v1" (dependency)
I0904 00:51:53.271091 4059010 parse.go:552] addPkgToUniverse "k8s.io/client-go/applyconfigurations/admissionregistration/v1" (dependency)
I0904 00:51:53.271099 4059010 parse.go:552] addPkgToUniverse "k8s.io/client-go/kubernetes/typed/autoscaling/v2" (dependency)
I0904 00:51:53.271107 4059010 parse.go:552] addPkgToUniverse "k8s.io/client-go/applyconfigurations/autoscaling/v2" (dependency)
I0904 00:51:53.271115 4059010 parse.go:552] addPkgToUniverse "k8s.io/client-go/kubernetes/typed/authentication/v1beta1" (dependency)
I0904 00:51:53.271123 4059010 parse.go:552] addPkgToUniverse "k8s.io/client-go/kubernetes/typed/node/v1beta1" (dependency)
I0904 00:51:53.271130 4059010 parse.go:552] addPkgToUniverse "k8s.io/client-go/applyconfigurations/node/v1beta1" (dependency)
I0904 00:51:53.271137 4059010 parse.go:552] addPkgToUniverse "k8s.io/client-go/applyconfigurations/core/v1" (dependency)
I0904 00:51:53.271144 4059010 parse.go:552] addPkgToUniverse "k8s.io/client-go/kubernetes/typed/authentication/v1" (dependency)
I0904 00:51:53.271152 4059010 parse.go:552] addPkgToUniverse "k8s.io/client-go/kubernetes/typed/discovery/v1beta1" (dependency)
I0904 00:51:53.271159 4059010 parse.go:552] addPkgToUniverse "k8s.io/client-go/applyconfigurations/discovery/v1beta1" (dependency)
I0904 00:51:53.271166 4059010 parse.go:552] addPkgToUniverse "k8s.io/client-go/kubernetes/typed/rbac/v1alpha1" (dependency)
I0904 00:51:53.271174 4059010 parse.go:552] addPkgToUniverse "k8s.io/client-go/applyconfigurations/rbac/v1alpha1" (dependency)
I0904 00:51:53.271181 4059010 parse.go:552] addPkgToUniverse "k8s.io/client-go/kubernetes/typed/admissionregistration/v1beta1" (dependency)
I0904 00:51:53.271189 4059010 parse.go:552] addPkgToUniverse "k8s.io/client-go/applyconfigurations/admissionregistration/v1beta1" (dependency)
I0904 00:51:53.271210 4059010 parse.go:552] addPkgToUniverse "k8s.io/client-go/kubernetes/typed/rbac/v1beta1" (dependency)
I0904 00:51:53.271218 4059010 parse.go:552] addPkgToUniverse "k8s.io/client-go/applyconfigurations/rbac/v1beta1" (dependency)
I0904 00:51:53.271225 4059010 parse.go:552] addPkgToUniverse "k8s.io/client-go/kubernetes/typed/authentication/v1alpha1" (dependency)
I0904 00:51:53.271232 4059010 parse.go:552] addPkgToUniverse "k8s.io/client-go/kubernetes/typed/events/v1" (dependency)
I0904 00:51:53.271239 4059010 parse.go:552] addPkgToUniverse "k8s.io/client-go/applyconfigurations/events/v1" (dependency)
I0904 00:51:53.271247 4059010 parse.go:552] addPkgToUniverse "k8s.io/client-go/kubernetes/typed/scheduling/v1" (dependency)
I0904 00:51:53.271254 4059010 parse.go:552] addPkgToUniverse "k8s.io/client-go/applyconfigurations/scheduling/v1" (dependency)
I0904 00:51:53.271261 4059010 parse.go:552] addPkgToUniverse "k8s.io/client-go/kubernetes/typed/certificates/v1alpha1" (dependency)
I0904 00:51:53.271268 4059010 parse.go:552] addPkgToUniverse "k8s.io/client-go/applyconfigurations/certificates/v1alpha1" (dependency)
I0904 00:51:53.271276 4059010 parse.go:552] addPkgToUniverse "k8s.io/client-go/kubernetes/typed/certificates/v1beta1" (dependency)
I0904 00:51:53.271283 4059010 parse.go:552] addPkgToUniverse "k8s.io/client-go/applyconfigurations/certificates/v1beta1" (dependency)
I0904 00:51:53.271291 4059010 parse.go:552] addPkgToUniverse "k8s.io/client-go/kubernetes/typed/networking/v1" (dependency)
I0904 00:51:53.271298 4059010 parse.go:552] addPkgToUniverse "k8s.io/client-go/applyconfigurations/networking/v1" (dependency)
I0904 00:51:53.271306 4059010 parse.go:552] addPkgToUniverse "k8s.io/client-go/kubernetes/typed/apps/v1beta1" (dependency)
I0904 00:51:53.271317 4059010 parse.go:552] addPkgToUniverse "k8s.io/client-go/applyconfigurations/apps/v1beta1" (dependency)
I0904 00:51:53.271324 4059010 parse.go:552] addPkgToUniverse "k8s.io/client-go/kubernetes/typed/storage/v1" (dependency)
I0904 00:51:53.271331 4059010 parse.go:552] addPkgToUniverse "k8s.io/client-go/applyconfigurations/storage/v1" (dependency)
I0904 00:51:53.271338 4059010 parse.go:552] addPkgToUniverse "k8s.io/client-go/kubernetes/typed/storage/v1beta1" (dependency)
I0904 00:51:53.271346 4059010 parse.go:552] addPkgToUniverse "k8s.io/client-go/applyconfigurations/storage/v1beta1" (dependency)
I0904 00:51:53.271353 4059010 parse.go:552] addPkgToUniverse "k8s.io/client-go/kubernetes/typed/scheduling/v1alpha1" (dependency)
I0904 00:51:53.271361 4059010 parse.go:552] addPkgToUniverse "k8s.io/client-go/applyconfigurations/scheduling/v1alpha1" (dependency)
I0904 00:51:53.271368 4059010 parse.go:552] addPkgToUniverse "k8s.io/client-go/kubernetes/typed/resource/v1" (dependency)
I0904 00:51:53.271376 4059010 parse.go:552] addPkgToUniverse "k8s.io/client-go/applyconfigurations/resource/v1" (dependency)
I0904 00:51:53.271383 4059010 parse.go:552] addPkgToUniverse "k8s.io/client-go/kubernetes/typed/resource/v1alpha3" (dependency)
I0904 00:51:53.271390 4059010 parse.go:552] addPkgToUniverse "k8s.io/client-go/applyconfigurations/resource/v1alpha3" (dependency)
I0904 00:51:53.271397 4059010 parse.go:552] addPkgToUniverse "k8s.io/client-go/kubernetes/typed/authorization/v1" (dependency)
I0904 00:51:53.271404 4059010 parse.go:552] addPkgToUniverse "k8s.io/client-go/kubernetes/typed/core/v1" (dependency)
I0904 00:51:53.271412 4059010 parse.go:552] addPkgToUniverse "k8s.io/client-go/tools/reference" (dependency)
I0904 00:51:53.271419 4059010 parse.go:552] addPkgToUniverse "k8s.io/client-go/kubernetes/typed/autoscaling/v2beta1" (dependency)
I0904 00:51:53.271427 4059010 parse.go:552] addPkgToUniverse "k8s.io/client-go/applyconfigurations/autoscaling/v2beta1" (dependency)
I0904 00:51:53.271434 4059010 parse.go:552] addPkgToUniverse "k8s.io/client-go/kubernetes/typed/apps/v1" (dependency)
I0904 00:51:53.271441 4059010 parse.go:552] addPkgToUniverse "k8s.io/client-go/applyconfigurations/apps/v1" (dependency)
I0904 00:51:53.271449 4059010 parse.go:552] addPkgToUniverse "k8s.io/client-go/applyconfigurations/autoscaling/v1" (dependency)
I0904 00:51:53.271457 4059010 parse.go:552] addPkgToUniverse "k8s.io/client-go/kubernetes/typed/storagemigration/v1alpha1" (dependency)
I0904 00:51:53.271463 4059010 parse.go:552] addPkgToUniverse "k8s.io/client-go/applyconfigurations/storagemigration/v1alpha1" (dependency)
I0904 00:51:53.271471 4059010 parse.go:552] addPkgToUniverse "k8s.io/client-go/kubernetes/typed/certificates/v1" (dependency)
I0904 00:51:53.271478 4059010 parse.go:552] addPkgToUniverse "k8s.io/client-go/applyconfigurations/certificates/v1" (dependency)
I0904 00:51:53.271486 4059010 parse.go:552] addPkgToUniverse "k8s.io/client-go/kubernetes/typed/batch/v1" (dependency)
I0904 00:51:53.271494 4059010 parse.go:552] addPkgToUniverse "k8s.io/client-go/applyconfigurations/batch/v1" (dependency)
I0904 00:51:53.271501 4059010 parse.go:552] addPkgToUniverse "k8s.io/client-go/kubernetes/typed/batch/v1beta1" (dependency)
I0904 00:51:53.271508 4059010 parse.go:552] addPkgToUniverse "k8s.io/client-go/applyconfigurations/batch/v1beta1" (dependency)
I0904 00:51:53.271515 4059010 parse.go:552] addPkgToUniverse "k8s.io/client-go/kubernetes/typed/apiserverinternal/v1alpha1" (dependency)
I0904 00:51:53.271522 4059010 parse.go:552] addPkgToUniverse "k8s.io/client-go/applyconfigurations/apiserverinternal/v1alpha1" (dependency)
I0904 00:51:53.271530 4059010 parse.go:552] addPkgToUniverse "k8s.io/client-go/kubernetes/typed/flowcontrol/v1" (dependency)
I0904 00:51:53.271537 4059010 parse.go:552] addPkgToUniverse "k8s.io/client-go/applyconfigurations/flowcontrol/v1" (dependency)
I0904 00:51:53.271545 4059010 parse.go:552] addPkgToUniverse "k8s.io/client-go/kubernetes/typed/policy/v1" (dependency)
I0904 00:51:53.271552 4059010 parse.go:552] addPkgToUniverse "k8s.io/client-go/applyconfigurations/policy/v1" (dependency)
I0904 00:51:53.271562 4059010 parse.go:552] addPkgToUniverse "k8s.io/client-go/kubernetes/typed/autoscaling/v2beta2" (dependency)
I0904 00:51:53.271569 4059010 parse.go:552] addPkgToUniverse "k8s.io/client-go/applyconfigurations/autoscaling/v2beta2" (dependency)
I0904 00:51:53.271577 4059010 parse.go:552] addPkgToUniverse "k8s.io/client-go/kubernetes/typed/storage/v1alpha1" (dependency)
I0904 00:51:53.271585 4059010 parse.go:552] addPkgToUniverse "k8s.io/client-go/applyconfigurations/storage/v1alpha1" (dependency)
I0904 00:51:53.271592 4059010 parse.go:552] addPkgToUniverse "k8s.io/client-go/kubernetes/typed/resource/v1beta1" (dependency)
I0904 00:51:53.271598 4059010 parse.go:552] addPkgToUniverse "k8s.io/client-go/applyconfigurations/resource/v1beta1" (dependency)
I0904 00:51:53.271606 4059010 parse.go:552] addPkgToUniverse "k8s.io/client-go/kubernetes/typed/autoscaling/v1" (dependency)
I0904 00:51:53.271612 4059010 parse.go:552] addPkgToUniverse "k8s.io/client-go/kubernetes/typed/events/v1beta1" (dependency)
I0904 00:51:53.271619 4059010 parse.go:552] addPkgToUniverse "k8s.io/client-go/applyconfigurations/events/v1beta1" (dependency)
I0904 00:51:53.271626 4059010 parse.go:552] addPkgToUniverse "k8s.io/client-go/kubernetes/typed/networking/v1beta1" (dependency)
I0904 00:51:53.271633 4059010 parse.go:552] addPkgToUniverse "k8s.io/client-go/applyconfigurations/networking/v1beta1" (dependency)
I0904 00:51:53.271640 4059010 parse.go:552] addPkgToUniverse "k8s.io/client-go/kubernetes/typed/extensions/v1beta1" (dependency)
I0904 00:51:53.271647 4059010 parse.go:552] addPkgToUniverse "k8s.io/client-go/applyconfigurations/extensions/v1beta1" (dependency)
I0904 00:51:53.271655 4059010 parse.go:552] addPkgToUniverse "k8s.io/client-go/kubernetes/typed/rbac/v1" (dependency)
I0904 00:51:53.271662 4059010 parse.go:552] addPkgToUniverse "k8s.io/client-go/applyconfigurations/rbac/v1" (dependency)
I0904 00:51:53.271669 4059010 parse.go:552] addPkgToUniverse "k8s.io/client-go/kubernetes/typed/coordination/v1" (dependency)
I0904 00:51:53.271676 4059010 parse.go:552] addPkgToUniverse "k8s.io/client-go/applyconfigurations/coordination/v1" (dependency)
I0904 00:51:53.271683 4059010 parse.go:552] addPkgToUniverse "k8s.io/client-go/kubernetes/typed/scheduling/v1beta1" (dependency)
I0904 00:51:53.271691 4059010 parse.go:552] addPkgToUniverse "k8s.io/client-go/applyconfigurations/scheduling/v1beta1" (dependency)
I0904 00:51:53.271698 4059010 parse.go:552] addPkgToUniverse "k8s.io/client-go/kubernetes/typed/resource/v1beta2" (dependency)
I0904 00:51:53.271705 4059010 parse.go:552] addPkgToUniverse "k8s.io/client-go/applyconfigurations/resource/v1beta2" (dependency)
I0904 00:51:53.271712 4059010 parse.go:552] addPkgToUniverse "k8s.io/client-go/kubernetes/typed/node/v1alpha1" (dependency)
I0904 00:51:53.271719 4059010 parse.go:552] addPkgToUniverse "k8s.io/client-go/applyconfigurations/node/v1alpha1" (dependency)
I0904 00:51:53.271726 4059010 parse.go:552] addPkgToUniverse "k8s.io/client-go/kubernetes/typed/policy/v1beta1" (dependency)
I0904 00:51:53.271733 4059010 parse.go:552] addPkgToUniverse "k8s.io/client-go/applyconfigurations/policy/v1beta1" (dependency)
I0904 00:51:53.271740 4059010 parse.go:552] addPkgToUniverse "k8s.io/client-go/kubernetes/typed/flowcontrol/v1beta2" (dependency)
I0904 00:51:53.271748 4059010 parse.go:552] addPkgToUniverse "k8s.io/client-go/applyconfigurations/flowcontrol/v1beta2" (dependency)
I0904 00:51:53.271755 4059010 parse.go:552] addPkgToUniverse "k8s.io/client-go/kubernetes/typed/flowcontrol/v1beta1" (dependency)
I0904 00:51:53.271762 4059010 parse.go:552] addPkgToUniverse "k8s.io/client-go/applyconfigurations/flowcontrol/v1beta1" (dependency)
I0904 00:51:53.271769 4059010 parse.go:552] addPkgToUniverse "k8s.io/client-go/kubernetes/typed/admissionregistration/v1alpha1" (dependency)
I0904 00:51:53.271776 4059010 parse.go:552] addPkgToUniverse "k8s.io/client-go/applyconfigurations/admissionregistration/v1alpha1" (dependency)
I0904 00:51:53.271786 4059010 parse.go:552] addPkgToUniverse "k8s.io/client-go/kubernetes/typed/coordination/v1alpha2" (dependency)
I0904 00:51:53.271794 4059010 parse.go:552] addPkgToUniverse "k8s.io/client-go/applyconfigurations/coordination/v1alpha2" (dependency)
I0904 00:51:53.271801 4059010 parse.go:552] addPkgToUniverse "k8s.io/client-go/kubernetes/typed/apps/v1beta2" (dependency)
I0904 00:51:53.271809 4059010 parse.go:552] addPkgToUniverse "k8s.io/client-go/applyconfigurations/apps/v1beta2" (dependency)
I0904 00:51:53.271816 4059010 parse.go:552] addPkgToUniverse "k8s.io/client-go/kubernetes/typed/authorization/v1beta1" (dependency)
I0904 00:51:53.271822 4059010 parse.go:552] addPkgToUniverse "k8s.io/client-go/kubernetes/typed/node/v1" (dependency)
I0904 00:51:53.271829 4059010 parse.go:552] addPkgToUniverse "k8s.io/client-go/applyconfigurations/node/v1" (dependency)
I0904 00:51:53.271836 4059010 parse.go:552] addPkgToUniverse "k8s.io/client-go/kubernetes/typed/flowcontrol/v1beta3" (dependency)
I0904 00:51:53.271843 4059010 parse.go:552] addPkgToUniverse "k8s.io/client-go/applyconfigurations/flowcontrol/v1beta3" (dependency)
I0904 00:51:53.271850 4059010 parse.go:552] addPkgToUniverse "k8s.io/client-go/kubernetes/typed/discovery/v1" (dependency)
I0904 00:51:53.271857 4059010 parse.go:552] addPkgToUniverse "k8s.io/client-go/applyconfigurations/discovery/v1" (dependency)
I0904 00:51:53.271864 4059010 parse.go:552] addPkgToUniverse "k8s.io/client-go/listers/certificates/v1alpha1" (dependency)
I0904 00:51:53.271871 4059010 parse.go:552] addPkgToUniverse "k8s.io/client-go/listers" (dependency)
I0904 00:51:53.271878 4059010 parse.go:552] addPkgToUniverse "k8s.io/client-go/informers/certificates/v1beta1" (dependency)
I0904 00:51:53.271885 4059010 parse.go:552] addPkgToUniverse "k8s.io/client-go/listers/certificates/v1beta1" (dependency)
I0904 00:51:53.271893 4059010 parse.go:552] addPkgToUniverse "k8s.io/client-go/informers/certificates/v1" (dependency)
I0904 00:51:53.271900 4059010 parse.go:552] addPkgToUniverse "k8s.io/client-go/listers/certificates/v1" (dependency)
I0904 00:51:53.271908 4059010 parse.go:552] addPkgToUniverse "k8s.io/client-go/informers/coordination" (dependency)
I0904 00:51:53.271915 4059010 parse.go:552] addPkgToUniverse "k8s.io/client-go/informers/coordination/v1" (dependency)
I0904 00:51:53.271922 4059010 parse.go:552] addPkgToUniverse "k8s.io/client-go/listers/coordination/v1" (dependency)
I0904 00:51:53.271928 4059010 parse.go:552] addPkgToUniverse "k8s.io/client-go/informers/coordination/v1alpha2" (dependency)
I0904 00:51:53.271935 4059010 parse.go:552] addPkgToUniverse "k8s.io/client-go/listers/coordination/v1alpha2" (dependency)
I0904 00:51:53.271942 4059010 parse.go:552] addPkgToUniverse "k8s.io/client-go/informers/coordination/v1beta1" (dependency)
I0904 00:51:53.271949 4059010 parse.go:552] addPkgToUniverse "k8s.io/client-go/listers/coordination/v1beta1" (dependency)
I0904 00:51:53.271956 4059010 parse.go:552] addPkgToUniverse "k8s.io/client-go/informers/apiserverinternal" (dependency)
I0904 00:51:53.271969 4059010 parse.go:552] addPkgToUniverse "k8s.io/client-go/informers/apiserverinternal/v1alpha1" (dependency)
I0904 00:51:53.271976 4059010 parse.go:552] addPkgToUniverse "k8s.io/client-go/listers/apiserverinternal/v1alpha1" (dependency)
I0904 00:51:53.271987 4059010 parse.go:552] addPkgToUniverse "k8s.io/client-go/informers/resource" (dependency)
I0904 00:51:53.271995 4059010 parse.go:552] addPkgToUniverse "k8s.io/client-go/informers/resource/v1" (dependency)
I0904 00:51:53.272002 4059010 parse.go:552] addPkgToUniverse "k8s.io/client-go/listers/resource/v1" (dependency)
I0904 00:51:53.272009 4059010 parse.go:552] addPkgToUniverse "k8s.io/client-go/informers/resource/v1alpha3" (dependency)
I0904 00:51:53.272016 4059010 parse.go:552] addPkgToUniverse "k8s.io/client-go/listers/resource/v1alpha3" (dependency)
I0904 00:51:53.272023 4059010 parse.go:552] addPkgToUniverse "k8s.io/client-go/informers/resource/v1beta1" (dependency)
I0904 00:51:53.272029 4059010 parse.go:552] addPkgToUniverse "k8s.io/client-go/listers/resource/v1beta1" (dependency)
I0904 00:51:53.272040 4059010 parse.go:552] addPkgToUniverse "k8s.io/client-go/informers/resource/v1beta2" (dependency)
I0904 00:51:53.272048 4059010 parse.go:552] addPkgToUniverse "k8s.io/client-go/listers/resource/v1beta2" (dependency)
I0904 00:51:53.272055 4059010 parse.go:552] addPkgToUniverse "k8s.io/client-go/informers/batch" (dependency)
I0904 00:51:53.272062 4059010 parse.go:552] addPkgToUniverse "k8s.io/client-go/informers/batch/v1" (dependency)
I0904 00:51:53.272069 4059010 parse.go:552] addPkgToUniverse "k8s.io/client-go/listers/batch/v1" (dependency)
I0904 00:51:53.272076 4059010 parse.go:552] addPkgToUniverse "k8s.io/client-go/informers/batch/v1beta1" (dependency)
I0904 00:51:53.272083 4059010 parse.go:552] addPkgToUniverse "k8s.io/client-go/listers/batch/v1beta1" (dependency)
I0904 00:51:53.272090 4059010 parse.go:552] addPkgToUniverse "k8s.io/client-go/informers/core" (dependency)
I0904 00:51:53.272097 4059010 parse.go:552] addPkgToUniverse "k8s.io/client-go/informers/core/v1" (dependency)
I0904 00:51:53.272104 4059010 parse.go:552] addPkgToUniverse "k8s.io/client-go/listers/core/v1" (dependency)
I0904 00:51:53.272112 4059010 parse.go:552] addPkgToUniverse "k8s.io/client-go/informers/storagemigration" (dependency)
I0904 00:51:53.272119 4059010 parse.go:552] addPkgToUniverse "k8s.io/client-go/informers/storagemigration/v1alpha1" (dependency)
I0904 00:51:53.272126 4059010 parse.go:552] addPkgToUniverse "k8s.io/client-go/listers/storagemigration/v1alpha1" (dependency)
I0904 00:51:53.272133 4059010 parse.go:552] addPkgToUniverse "k8s.io/client-go/informers/events" (dependency)
I0904 00:51:53.272140 4059010 parse.go:552] addPkgToUniverse "k8s.io/client-go/informers/events/v1beta1" (dependency)
I0904 00:51:53.272147 4059010 parse.go:552] addPkgToUniverse "k8s.io/client-go/listers/events/v1beta1" (dependency)
I0904 00:51:53.272154 4059010 parse.go:552] addPkgToUniverse "k8s.io/client-go/informers/events/v1" (dependency)
I0904 00:51:53.272161 4059010 parse.go:552] addPkgToUniverse "k8s.io/client-go/listers/events/v1" (dependency)
I0904 00:51:53.272168 4059010 parse.go:552] addPkgToUniverse "k8s.io/client-go/informers/policy" (dependency)
I0904 00:51:53.272176 4059010 parse.go:552] addPkgToUniverse "k8s.io/client-go/informers/policy/v1" (dependency)
I0904 00:51:53.272183 4059010 parse.go:552] addPkgToUniverse "k8s.io/client-go/listers/policy/v1" (dependency)
I0904 00:51:53.272190 4059010 parse.go:552] addPkgToUniverse "k8s.io/client-go/informers/policy/v1beta1" (dependency)
I0904 00:51:53.272216 4059010 parse.go:552] addPkgToUniverse "k8s.io/client-go/listers/policy/v1beta1" (dependency)
I0904 00:51:53.272229 4059010 parse.go:552] addPkgToUniverse "k8s.io/client-go/informers/discovery" (dependency)
I0904 00:51:53.272239 4059010 parse.go:552] addPkgToUniverse "k8s.io/client-go/informers/discovery/v1" (dependency)
I0904 00:51:53.272248 4059010 parse.go:552] addPkgToUniverse "k8s.io/client-go/listers/discovery/v1" (dependency)
I0904 00:51:53.272259 4059010 parse.go:552] addPkgToUniverse "k8s.io/client-go/informers/discovery/v1beta1" (dependency)
I0904 00:51:53.272270 4059010 parse.go:552] addPkgToUniverse "k8s.io/client-go/listers/discovery/v1beta1" (dependency)
I0904 00:51:53.272278 4059010 parse.go:552] addPkgToUniverse "k8s.io/client-go/informers/rbac" (dependency)
I0904 00:51:53.272285 4059010 parse.go:552] addPkgToUniverse "k8s.io/client-go/informers/rbac/v1" (dependency)
I0904 00:51:53.272292 4059010 parse.go:552] addPkgToUniverse "k8s.io/client-go/listers/rbac/v1" (dependency)
I0904 00:51:53.272299 4059010 parse.go:552] addPkgToUniverse "k8s.io/client-go/informers/rbac/v1alpha1" (dependency)
I0904 00:51:53.272306 4059010 parse.go:552] addPkgToUniverse "k8s.io/client-go/listers/rbac/v1alpha1" (dependency)
I0904 00:51:53.272313 4059010 parse.go:552] addPkgToUniverse "k8s.io/client-go/informers/rbac/v1beta1" (dependency)
I0904 00:51:53.272320 4059010 parse.go:552] addPkgToUniverse "k8s.io/client-go/listers/rbac/v1beta1" (dependency)
I0904 00:51:53.272328 4059010 parse.go:552] addPkgToUniverse "k8s.io/client-go/informers/apps" (dependency)
I0904 00:51:53.272339 4059010 parse.go:552] addPkgToUniverse "k8s.io/client-go/informers/apps/v1beta1" (dependency)
I0904 00:51:53.272348 4059010 parse.go:552] addPkgToUniverse "k8s.io/client-go/listers/apps/v1beta1" (dependency)
I0904 00:51:53.272355 4059010 parse.go:552] addPkgToUniverse "k8s.io/client-go/informers/apps/v1beta2" (dependency)
I0904 00:51:53.272362 4059010 parse.go:552] addPkgToUniverse "k8s.io/client-go/listers/apps/v1beta2" (dependency)
I0904 00:51:53.272370 4059010 parse.go:552] addPkgToUniverse "k8s.io/client-go/informers/apps/v1" (dependency)
I0904 00:51:53.272377 4059010 parse.go:552] addPkgToUniverse "k8s.io/client-go/listers/apps/v1" (dependency)
I0904 00:51:53.272385 4059010 parse.go:552] addPkgToUniverse "k8s.io/client-go/informers/flowcontrol" (dependency)
I0904 00:51:53.272392 4059010 parse.go:552] addPkgToUniverse "k8s.io/client-go/informers/flowcontrol/v1beta1" (dependency)
I0904 00:51:53.272399 4059010 parse.go:552] addPkgToUniverse "k8s.io/client-go/listers/flowcontrol/v1beta1" (dependency)
I0904 00:51:53.272406 4059010 parse.go:552] addPkgToUniverse "k8s.io/client-go/informers/flowcontrol/v1beta2" (dependency)
I0904 00:51:53.272413 4059010 parse.go:552] addPkgToUniverse "k8s.io/client-go/listers/flowcontrol/v1beta2" (dependency)
I0904 00:51:53.272419 4059010 parse.go:552] addPkgToUniverse "k8s.io/client-go/informers/flowcontrol/v1beta3" (dependency)
I0904 00:51:53.272426 4059010 parse.go:552] addPkgToUniverse "k8s.io/client-go/listers/flowcontrol/v1beta3" (dependency)
I0904 00:51:53.272434 4059010 parse.go:552] addPkgToUniverse "k8s.io/client-go/informers/flowcontrol/v1" (dependency)
I0904 00:51:53.272441 4059010 parse.go:552] addPkgToUniverse "k8s.io/client-go/listers/flowcontrol/v1" (dependency)
I0904 00:51:53.272448 4059010 parse.go:552] addPkgToUniverse "k8s.io/client-go/informers/node" (dependency)
I0904 00:51:53.272456 4059010 parse.go:552] addPkgToUniverse "k8s.io/client-go/informers/node/v1" (dependency)
I0904 00:51:53.272466 4059010 parse.go:552] addPkgToUniverse "k8s.io/client-go/listers/node/v1" (dependency)
I0904 00:51:53.272473 4059010 parse.go:552] addPkgToUniverse "k8s.io/client-go/informers/node/v1alpha1" (dependency)
I0904 00:51:53.272479 4059010 parse.go:552] addPkgToUniverse "k8s.io/client-go/listers/node/v1alpha1" (dependency)
I0904 00:51:53.272486 4059010 parse.go:552] addPkgToUniverse "k8s.io/client-go/informers/node/v1beta1" (dependency)
I0904 00:51:53.272493 4059010 parse.go:552] addPkgToUniverse "k8s.io/client-go/listers/node/v1beta1" (dependency)
I0904 00:51:53.272500 4059010 parse.go:552] addPkgToUniverse "k8s.io/client-go/informers/extensions" (dependency)
I0904 00:51:53.272507 4059010 parse.go:552] addPkgToUniverse "k8s.io/client-go/informers/extensions/v1beta1" (dependency)
I0904 00:51:53.272514 4059010 parse.go:552] addPkgToUniverse "k8s.io/client-go/listers/extensions/v1beta1" (dependency)
I0904 00:51:53.272521 4059010 parse.go:552] addPkgToUniverse "k8s.io/client-go/informers/scheduling" (dependency)
I0904 00:51:53.272528 4059010 parse.go:552] addPkgToUniverse "k8s.io/client-go/informers/scheduling/v1" (dependency)
I0904 00:51:53.272535 4059010 parse.go:552] addPkgToUniverse "k8s.io/client-go/listers/scheduling/v1" (dependency)
I0904 00:51:53.272542 4059010 parse.go:552] addPkgToUniverse "k8s.io/client-go/informers/scheduling/v1alpha1" (dependency)
I0904 00:51:53.272549 4059010 parse.go:552] addPkgToUniverse "k8s.io/client-go/listers/scheduling/v1alpha1" (dependency)
I0904 00:51:53.272555 4059010 parse.go:552] addPkgToUniverse "k8s.io/client-go/informers/scheduling/v1beta1" (dependency)
I0904 00:51:53.272563 4059010 parse.go:552] addPkgToUniverse "k8s.io/client-go/listers/scheduling/v1beta1" (dependency)
I0904 00:51:53.272569 4059010 parse.go:552] addPkgToUniverse "k8s.io/client-go/informers/admissionregistration" (dependency)
I0904 00:51:53.272576 4059010 parse.go:552] addPkgToUniverse "k8s.io/client-go/informers/admissionregistration/v1beta1" (dependency)
I0904 00:51:53.272587 4059010 parse.go:552] addPkgToUniverse "k8s.io/client-go/listers/admissionregistration/v1beta1" (dependency)
I0904 00:51:53.272595 4059010 parse.go:552] addPkgToUniverse "k8s.io/client-go/informers/admissionregistration/v1" (dependency)
I0904 00:51:53.272602 4059010 parse.go:552] addPkgToUniverse "k8s.io/client-go/listers/admissionregistration/v1" (dependency)
I0904 00:51:53.272609 4059010 parse.go:552] addPkgToUniverse "k8s.io/client-go/informers/admissionregistration/v1alpha1" (dependency)
I0904 00:51:53.272615 4059010 parse.go:552] addPkgToUniverse "k8s.io/client-go/listers/admissionregistration/v1alpha1" (dependency)
I0904 00:51:53.272623 4059010 parse.go:552] addPkgToUniverse "k8s.io/client-go/informers/networking" (dependency)
I0904 00:51:53.272630 4059010 parse.go:552] addPkgToUniverse "k8s.io/client-go/informers/networking/v1" (dependency)
I0904 00:51:53.272636 4059010 parse.go:552] addPkgToUniverse "k8s.io/client-go/listers/networking/v1" (dependency)
I0904 00:51:53.272643 4059010 parse.go:552] addPkgToUniverse "k8s.io/client-go/informers/networking/v1beta1" (dependency)
I0904 00:51:53.272650 4059010 parse.go:552] addPkgToUniverse "k8s.io/client-go/listers/networking/v1beta1" (dependency)
I0904 00:51:53.272657 4059010 parse.go:552] addPkgToUniverse "k8s.io/client-go/informers/autoscaling" (dependency)
I0904 00:51:53.272665 4059010 parse.go:552] addPkgToUniverse "k8s.io/client-go/informers/autoscaling/v1" (dependency)
I0904 00:51:53.272671 4059010 parse.go:552] addPkgToUniverse "k8s.io/client-go/listers/autoscaling/v1" (dependency)
I0904 00:51:53.272679 4059010 parse.go:552] addPkgToUniverse "k8s.io/client-go/informers/autoscaling/v2" (dependency)
I0904 00:51:53.272686 4059010 parse.go:552] addPkgToUniverse "k8s.io/client-go/listers/autoscaling/v2" (dependency)
I0904 00:51:53.272699 4059010 parse.go:552] addPkgToUniverse "k8s.io/client-go/informers/autoscaling/v2beta1" (dependency)
I0904 00:51:53.272706 4059010 parse.go:552] addPkgToUniverse "k8s.io/client-go/listers/autoscaling/v2beta1" (dependency)
I0904 00:51:53.272713 4059010 parse.go:552] addPkgToUniverse "k8s.io/client-go/informers/autoscaling/v2beta2" (dependency)
I0904 00:51:53.272720 4059010 parse.go:552] addPkgToUniverse "k8s.io/client-go/listers/autoscaling/v2beta2" (dependency)
I0904 00:51:53.272728 4059010 parse.go:552] addPkgToUniverse "k8s.io/client-go/informers/storage" (dependency)
I0904 00:51:53.272734 4059010 parse.go:552] addPkgToUniverse "k8s.io/client-go/informers/storage/v1beta1" (dependency)
I0904 00:51:53.272742 4059010 parse.go:552] addPkgToUniverse "k8s.io/client-go/listers/storage/v1beta1" (dependency)
I0904 00:51:53.272749 4059010 parse.go:552] addPkgToUniverse "k8s.io/client-go/informers/storage/v1" (dependency)
I0904 00:51:53.272757 4059010 parse.go:552] addPkgToUniverse "k8s.io/client-go/listers/storage/v1" (dependency)
I0904 00:51:53.272764 4059010 parse.go:552] addPkgToUniverse "k8s.io/client-go/informers/storage/v1alpha1" (dependency)
I0904 00:51:53.272771 4059010 parse.go:552] addPkgToUniverse "k8s.io/client-go/listers/storage/v1alpha1" (dependency)
I0904 00:51:53.272778 4059010 parse.go:552] addPkgToUniverse "k8s.io/client-go/tools/leaderelection/resourcelock" (dependency)
I0904 00:51:53.272787 4059010 parse.go:552] addPkgToUniverse "github.com/prometheus/client_golang/prometheus" (dependency)
I0904 00:51:53.272794 4059010 parse.go:552] addPkgToUniverse "github.com/prometheus/client_model/go" (dependency)
I0904 00:51:53.272801 4059010 parse.go:552] addPkgToUniverse "google.golang.org/protobuf/types/known/timestamppb" (dependency)
I0904 00:51:53.272808 4059010 parse.go:552] addPkgToUniverse "github.com/prometheus/procfs" (dependency)
I0904 00:51:53.272815 4059010 parse.go:552] addPkgToUniverse "github.com/prometheus/procfs/internal/util" (dependency)
I0904 00:51:53.272822 4059010 parse.go:552] addPkgToUniverse "github.com/prometheus/procfs/internal/fs" (dependency)
I0904 00:51:53.272830 4059010 parse.go:552] addPkgToUniverse "runtime/metrics" (dependency)
I0904 00:51:53.272837 4059010 parse.go:552] addPkgToUniverse "github.com/beorn7/perks/quantile" (dependency)
I0904 00:51:53.272847 4059010 parse.go:552] addPkgToUniverse "github.com/prometheus/client_golang/prometheus/internal" (dependency)
I0904 00:51:53.272854 4059010 parse.go:552] addPkgToUniverse "github.com/prometheus/common/model" (dependency)
I0904 00:51:53.272861 4059010 parse.go:552] addPkgToUniverse "github.com/cespare/xxhash/v2" (dependency)
I0904 00:51:53.272868 4059010 parse.go:552] addPkgToUniverse "github.com/prometheus/common/expfmt" (dependency)
I0904 00:51:53.272876 4059010 parse.go:552] addPkgToUniverse "google.golang.org/protobuf/encoding/protodelim" (dependency)
I0904 00:51:53.272884 4059010 parse.go:552] addPkgToUniverse "expvar" (dependency)
I0904 00:51:53.272892 4059010 parse.go:552] addPkgToUniverse "github.com/fsnotify/fsnotify" (dependency)
I0904 00:51:53.272898 4059010 parse.go:552] addPkgToUniverse "github.com/fsnotify/fsnotify/internal" (dependency)
I0904 00:51:53.272906 4059010 parse.go:552] addPkgToUniverse "sigs.k8s.io/controller-runtime/pkg/webhook/internal/metrics" (dependency)
I0904 00:51:53.272913 4059010 parse.go:552] addPkgToUniverse "github.com/prometheus/client_golang/prometheus/promhttp" (dependency)
I0904 00:51:53.272920 4059010 parse.go:552] addPkgToUniverse "github.com/prometheus/client_golang/internal/github.com/golang/gddo/httputil" (dependency)
I0904 00:51:53.272927 4059010 parse.go:552] addPkgToUniverse "github.com/prometheus/client_golang/internal/github.com/golang/gddo/httputil/header" (dependency)
I0904 00:51:53.272935 4059010 parse.go:552] addPkgToUniverse "github.com/prometheus/client_golang/prometheus/promhttp/internal" (dependency)
I0904 00:51:53.272942 4059010 parse.go:552] addPkgToUniverse "k8s.io/api/admission/v1" (dependency)
I0904 00:51:53.272951 4059010 parse.go:552] addPkgToUniverse "k8s.io/api/admission/v1beta1" (dependency)
I0904 00:51:53.272963 4059010 parse.go:552] addPkgToUniverse "sigs.k8s.io/controller-runtime/pkg/webhook/admission/metrics" (dependency)
I0904 00:51:53.272971 4059010 parse.go:552] addPkgToUniverse "sigs.k8s.io/controller-runtime/pkg/healthz" (dependency)
I0904 00:51:53.272979 4059010 parse.go:552] addPkgToUniverse "sigs.k8s.io/controller-runtime/pkg/internal/httpserver" (dependency)
I0904 00:51:53.272986 4059010 parse.go:552] addPkgToUniverse "knative.dev/pkg/network" (dependency)
I0904 00:51:53.272993 4059010 parse.go:552] addPkgToUniverse "go.uber.org/zap" (dependency)
I0904 00:51:53.273000 4059010 parse.go:552] addPkgToUniverse "go.uber.org/zap/internal/pool" (dependency)
I0904 00:51:53.273007 4059010 parse.go:552] addPkgToUniverse "go.uber.org/multierr" (dependency)
I0904 00:51:53.273014 4059010 parse.go:552] addPkgToUniverse "go.uber.org/zap/internal/stacktrace" (dependency)
I0904 00:51:53.273021 4059010 parse.go:552] addPkgToUniverse "go.uber.org/zap/buffer" (dependency)
I0904 00:51:53.273027 4059010 parse.go:552] addPkgToUniverse "go.uber.org/zap/internal/bufferpool" (dependency)
I0904 00:51:53.273033 4059010 parse.go:552] addPkgToUniverse "go.uber.org/zap/zapcore" (dependency)
I0904 00:51:53.273040 4059010 parse.go:552] addPkgToUniverse "go.uber.org/zap/internal/color" (dependency)
I0904 00:51:53.273046 4059010 parse.go:552] addPkgToUniverse "go.uber.org/zap/internal/exit" (dependency)
I0904 00:51:53.273053 4059010 parse.go:552] addPkgToUniverse "go.uber.org/zap/internal" (dependency)
I0904 00:51:53.273060 4059010 parse.go:552] addPkgToUniverse "golang.org/x/net/http2/h2c" (dependency)
I0904 00:51:53.273068 4059010 parse.go:552] addPkgToUniverse "knative.dev/serving/pkg/apis/autoscaling" (dependency)
I0904 00:51:53.273077 4059010 parse.go:552] addPkgToUniverse "github.com/google/go-cmp/cmp" (dependency)
I0904 00:51:53.273083 4059010 parse.go:552] addPkgToUniverse "github.com/google/go-cmp/cmp/internal/flags" (dependency)
I0904 00:51:53.273090 4059010 parse.go:552] addPkgToUniverse "github.com/google/go-cmp/cmp/internal/diff" (dependency)
I0904 00:51:53.273097 4059010 parse.go:552] addPkgToUniverse "github.com/google/go-cmp/cmp/internal/value" (dependency)
I0904 00:51:53.273104 4059010 parse.go:552] addPkgToUniverse "github.com/google/go-cmp/cmp/internal/function" (dependency)
I0904 00:51:53.273115 4059010 parse.go:552] addPkgToUniverse "knative.dev/serving/pkg/autoscaler/config/autoscalerconfig" (dependency)
I0904 00:51:53.273124 4059010 parse.go:552] addPkgToUniverse "sigs.k8s.io/controller-runtime/pkg/client/config" (dependency)
I0904 00:51:53.273131 4059010 parse.go:552] addPkgToUniverse "k8s.io/client-go/tools/clientcmd" (dependency)
I0904 00:51:53.273139 4059010 parse.go:552] addPkgToUniverse "k8s.io/client-go/util/homedir" (dependency)
I0904 00:51:53.273145 4059010 parse.go:552] addPkgToUniverse "github.com/spf13/pflag" (dependency)
I0904 00:51:53.273152 4059010 parse.go:552] addPkgToUniverse "encoding/csv" (dependency)
I0904 00:51:53.273160 4059010 parse.go:552] addPkgToUniverse "k8s.io/client-go/tools/clientcmd/api/latest" (dependency)
I0904 00:51:53.273168 4059010 parse.go:552] addPkgToUniverse "k8s.io/client-go/tools/clientcmd/api/v1" (dependency)
I0904 00:51:53.273175 4059010 parse.go:552] addPkgToUniverse "k8s.io/client-go/tools/auth" (dependency)
I0904 00:51:53.273181 4059010 parse.go:552] addPkgToUniverse "sigs.k8s.io/controller-runtime/pkg/manager" (dependency)
I0904 00:51:53.273190 4059010 parse.go:552] addPkgToUniverse "sigs.k8s.io/controller-runtime/pkg/internal/recorder" (dependency)
I0904 00:51:53.273220 4059010 parse.go:552] addPkgToUniverse "k8s.io/client-go/tools/record" (dependency)
I0904 00:51:53.273231 4059010 parse.go:552] addPkgToUniverse "k8s.io/utils/lru" (dependency)
I0904 00:51:53.273238 4059010 parse.go:552] addPkgToUniverse "k8s.io/utils/internal/third_party/forked/golang/golang-lru" (dependency)
I0904 00:51:53.273246 4059010 parse.go:552] addPkgToUniverse "k8s.io/client-go/tools/internal/events" (dependency)
I0904 00:51:53.273252 4059010 parse.go:552] addPkgToUniverse "k8s.io/client-go/tools/record/util" (dependency)
I0904 00:51:53.273260 4059010 parse.go:552] addPkgToUniverse "sigs.k8s.io/controller-runtime/pkg/cluster" (dependency)
I0904 00:51:53.273267 4059010 parse.go:552] addPkgToUniverse "sigs.k8s.io/controller-runtime/pkg/cache" (dependency)
I0904 00:51:53.273273 4059010 parse.go:552] addPkgToUniverse "sigs.k8s.io/controller-runtime/pkg/cache/internal" (dependency)
I0904 00:51:53.273280 4059010 parse.go:552] addPkgToUniverse "k8s.io/client-go/dynamic" (dependency)
I0904 00:51:53.273288 4059010 parse.go:552] addPkgToUniverse "sigs.k8s.io/controller-runtime/pkg/client/apiutil" (dependency)
I0904 00:51:53.273296 4059010 parse.go:552] addPkgToUniverse "k8s.io/client-go/restmapper" (dependency)
I0904 00:51:53.273303 4059010 parse.go:552] addPkgToUniverse "sigs.k8s.io/controller-runtime/pkg/internal/syncs" (dependency)
I0904 00:51:53.273314 4059010 parse.go:552] addPkgToUniverse "k8s.io/client-go/metadata" (dependency)
I0904 00:51:53.273321 4059010 parse.go:552] addPkgToUniverse "k8s.io/apimachinery/pkg/apis/meta/internalversion/scheme" (dependency)
I0904 00:51:53.273329 4059010 parse.go:552] addPkgToUniverse "sigs.k8s.io/controller-runtime/pkg/client" (dependency)
I0904 00:51:53.273336 4059010 parse.go:552] addPkgToUniverse "github.com/evanphx/json-patch/v5" (dependency)
I0904 00:51:53.273343 4059010 parse.go:552] addPkgToUniverse "github.com/evanphx/json-patch/v5/internal/json" (dependency)
I0904 00:51:53.273351 4059010 parse.go:552] addPkgToUniverse "sigs.k8s.io/controller-runtime/pkg/internal/field/selector" (dependency)
I0904 00:51:53.273360 4059010 parse.go:552] addPkgToUniverse "net/http/pprof" (dependency)
I0904 00:51:53.273366 4059010 parse.go:552] addPkgToUniverse "runtime/pprof" (dependency)
I0904 00:51:53.273374 4059010 parse.go:552] addPkgToUniverse "runtime/trace" (dependency)
I0904 00:51:53.273382 4059010 parse.go:552] addPkgToUniverse "internal/profile" (dependency)
I0904 00:51:53.273389 4059010 parse.go:552] addPkgToUniverse "html" (dependency)
I0904 00:51:53.273396 4059010 parse.go:552] addPkgToUniverse "sigs.k8s.io/controller-runtime/pkg/leaderelection" (dependency)
I0904 00:51:53.273403 4059010 parse.go:552] addPkgToUniverse "sigs.k8s.io/controller-runtime/pkg/recorder" (dependency)
I0904 00:51:53.273414 4059010 parse.go:552] addPkgToUniverse "k8s.io/apimachinery/pkg/util/uuid" (dependency)
I0904 00:51:53.273421 4059010 parse.go:552] addPkgToUniverse "sigs.k8s.io/controller-runtime/pkg/metrics/server" (dependency)
I0904 00:51:53.273428 4059010 parse.go:552] addPkgToUniverse "sigs.k8s.io/controller-runtime/pkg/config" (dependency)
I0904 00:51:53.273435 4059010 parse.go:552] addPkgToUniverse "sigs.k8s.io/controller-runtime/pkg/manager/signals" (dependency)
I0904 00:51:53.273442 4059010 parse.go:552] addPkgToUniverse "os/signal" (dependency)
I0904 00:51:53.273449 4059010 parse.go:552] addPkgToUniverse "sigs.k8s.io/controller-runtime/pkg/builder" (dependency)
I0904 00:51:53.273456 4059010 parse.go:552] addPkgToUniverse "sigs.k8s.io/controller-runtime/pkg/controller" (dependency)
I0904 00:51:53.273467 4059010 parse.go:552] addPkgToUniverse "sigs.k8s.io/controller-runtime/pkg/internal/controller" (dependency)
I0904 00:51:53.273474 4059010 parse.go:552] addPkgToUniverse "sigs.k8s.io/controller-runtime/pkg/reconcile" (dependency)
I0904 00:51:53.273482 4059010 parse.go:552] addPkgToUniverse "sigs.k8s.io/controller-runtime/pkg/controller/priorityqueue" (dependency)
I0904 00:51:53.273489 4059010 parse.go:552] addPkgToUniverse "sigs.k8s.io/controller-runtime/pkg/internal/metrics" (dependency)
I0904 00:51:53.273496 4059010 parse.go:552] addPkgToUniverse "github.com/google/btree" (dependency)
I0904 00:51:53.273503 4059010 parse.go:552] addPkgToUniverse "golang.org/x/sync/errgroup" (dependency)
I0904 00:51:53.273509 4059010 parse.go:552] addPkgToUniverse "sigs.k8s.io/controller-runtime/pkg/source" (dependency)
I0904 00:51:53.273516 4059010 parse.go:552] addPkgToUniverse "sigs.k8s.io/controller-runtime/pkg/internal/source" (dependency)
I0904 00:51:53.273523 4059010 parse.go:552] addPkgToUniverse "sigs.k8s.io/controller-runtime/pkg/predicate" (dependency)
I0904 00:51:53.273531 4059010 parse.go:552] addPkgToUniverse "sigs.k8s.io/controller-runtime/pkg/event" (dependency)
I0904 00:51:53.273537 4059010 parse.go:552] addPkgToUniverse "sigs.k8s.io/controller-runtime/pkg/handler" (dependency)
I0904 00:51:53.273546 4059010 parse.go:552] addPkgToUniverse "sigs.k8s.io/controller-runtime/pkg/internal/controller/metrics" (dependency)
I0904 00:51:53.273553 4059010 parse.go:552] addPkgToUniverse "github.com/prometheus/client_golang/prometheus/collectors" (dependency)
I0904 00:51:53.273559 4059010 parse.go:552] addPkgToUniverse "database/sql" (dependency)
I0904 00:51:53.273568 4059010 parse.go:552] addPkgToUniverse "sigs.k8s.io/controller-runtime/pkg/webhook/conversion" (dependency)
I0904 00:51:53.273575 4059010 parse.go:552] addPkgToUniverse "sigs.k8s.io/controller-runtime/pkg/webhook/conversion/metrics" (dependency)
I0904 00:51:53.273582 4059010 parse.go:552] addPkgToUniverse "k8s.io/apiextensions-apiserver/pkg/apis/apiextensions/v1" (dependency)
I0904 00:51:53.273590 4059010 parse.go:552] addPkgToUniverse "k8s.io/apiextensions-apiserver/pkg/apis/apiextensions" (dependency)
I0904 00:51:53.273599 4059010 parse.go:552] addPkgToUniverse "sigs.k8s.io/controller-runtime/pkg/controller/controllerutil" (dependency)
I0904 00:51:53.273608 4059010 parse.go:552] addPkgToUniverse "github.com/expr-lang/expr" (dependency)
I0904 00:51:53.273614 4059010 parse.go:552] addPkgToUniverse "github.com/expr-lang/expr/compiler" (dependency)
I0904 00:51:53.273621 4059010 parse.go:552] addPkgToUniverse "github.com/expr-lang/expr/ast" (dependency)
I0904 00:51:53.273628 4059010 parse.go:552] addPkgToUniverse "github.com/expr-lang/expr/file" (dependency)
I0904 00:51:53.273634 4059010 parse.go:552] addPkgToUniverse "github.com/expr-lang/expr/parser/utils" (dependency)
I0904 00:51:53.273641 4059010 parse.go:552] addPkgToUniverse "github.com/expr-lang/expr/parser/operator" (dependency)
I0904 00:51:53.273647 4059010 parse.go:552] addPkgToUniverse "github.com/expr-lang/expr/checker/nature" (dependency)
I0904 00:51:53.273654 4059010 parse.go:552] addPkgToUniverse "github.com/expr-lang/expr/internal/deref" (dependency)
I0904 00:51:53.273663 4059010 parse.go:552] addPkgToUniverse "github.com/expr-lang/expr/builtin" (dependency)
I0904 00:51:53.273671 4059010 parse.go:552] addPkgToUniverse "github.com/expr-lang/expr/vm/runtime" (dependency)
I0904 00:51:53.273679 4059010 parse.go:552] addPkgToUniverse "github.com/expr-lang/expr/checker" (dependency)
I0904 00:51:53.273685 4059010 parse.go:552] addPkgToUniverse "github.com/expr-lang/expr/parser" (dependency)
I0904 00:51:53.273691 4059010 parse.go:552] addPkgToUniverse "github.com/expr-lang/expr/conf" (dependency)
I0904 00:51:53.273698 4059010 parse.go:552] addPkgToUniverse "github.com/expr-lang/expr/types" (dependency)
I0904 00:51:53.273705 4059010 parse.go:552] addPkgToUniverse "github.com/expr-lang/expr/parser/lexer" (dependency)
I0904 00:51:53.273711 4059010 parse.go:552] addPkgToUniverse "github.com/expr-lang/expr/internal/ring" (dependency)
I0904 00:51:53.273719 4059010 parse.go:552] addPkgToUniverse "github.com/expr-lang/expr/vm" (dependency)
I0904 00:51:53.273728 4059010 parse.go:552] addPkgToUniverse "github.com/expr-lang/expr/optimizer" (dependency)
I0904 00:51:53.273735 4059010 parse.go:552] addPkgToUniverse "github.com/expr-lang/expr/patcher" (dependency)
I0904 00:51:53.273748 4059010 parse.go:552] addPkgToUniverse "github.com/kedacore/keda/v2/pkg/metricscollector/webhook" (dependency)
I0904 00:51:53.273756 4059010 parse.go:552] addPkgToUniverse "github.com/kserve/kserve/pkg/types" (dependency)
I0904 00:51:53.273767 4059010 parse.go:552] addPkgToUniverse "github.com/kserve/kserve/pkg/credentials/azure" (dependency)
I0904 00:51:53.273773 4059010 parse.go:552] addPkgToUniverse "github.com/aws/aws-sdk-go-v2/feature/s3/transfermanager" (dependency)
I0904 00:51:53.273781 4059010 parse.go:552] addPkgToUniverse "github.com/aws/aws-sdk-go-v2/aws" (dependency)
I0904 00:51:53.273788 4059010 parse.go:552] addPkgToUniverse "github.com/aws/aws-sdk-go-v2/internal/rand" (dependency)
I0904 00:51:53.273795 4059010 parse.go:552] addPkgToUniverse "github.com/aws/aws-sdk-go-v2/internal/sdk" (dependency)
I0904 00:51:53.273801 4059010 parse.go:552] addPkgToUniverse "github.com/aws/smithy-go/transport/http" (dependency)
I0904 00:51:53.273808 4059010 parse.go:552] addPkgToUniverse "github.com/aws/smithy-go/eventstream" (dependency)
I0904 00:51:53.273816 4059010 parse.go:552] addPkgToUniverse "github.com/aws/smithy-go/traits" (dependency)
I0904 00:51:53.273822 4059010 parse.go:552] addPkgToUniverse "github.com/aws/smithy-go" (dependency)
I0904 00:51:53.273829 4059010 parse.go:552] addPkgToUniverse "github.com/aws/smithy-go/document" (dependency)
I0904 00:51:53.273837 4059010 parse.go:552] addPkgToUniverse "github.com/aws/smithy-go/logging" (dependency)
I0904 00:51:53.273844 4059010 parse.go:552] addPkgToUniverse "github.com/aws/smithy-go/metrics" (dependency)
I0904 00:51:53.273851 4059010 parse.go:552] addPkgToUniverse "net/http/httputil" (dependency)
I0904 00:51:53.273858 4059010 parse.go:552] addPkgToUniverse "github.com/aws/smithy-go/time" (dependency)
I0904 00:51:53.273865 4059010 parse.go:552] addPkgToUniverse "github.com/aws/smithy-go/middleware" (dependency)
I0904 00:51:53.273872 4059010 parse.go:552] addPkgToUniverse "github.com/aws/smithy-go/transport/http/internal/io" (dependency)
I0904 00:51:53.273879 4059010 parse.go:552] addPkgToUniverse "github.com/aws/smithy-go/tracing" (dependency)
I0904 00:51:53.273885 4059010 parse.go:552] addPkgToUniverse "github.com/aws/smithy-go/sync" (dependency)
I0904 00:51:53.273892 4059010 parse.go:552] addPkgToUniverse "github.com/aws/smithy-go/auth" (dependency)
I0904 00:51:53.273899 4059010 parse.go:552] addPkgToUniverse "github.com/aws/aws-sdk-go-v2/internal/sync/singleflight" (dependency)
I0904 00:51:53.273906 4059010 parse.go:552] addPkgToUniverse "github.com/aws/smithy-go/ptr" (dependency)
I0904 00:51:53.273913 4059010 parse.go:552] addPkgToUniverse "github.com/aws/smithy-go/auth/bearer" (dependency)
I0904 00:51:53.273919 4059010 parse.go:552] addPkgToUniverse "github.com/aws/smithy-go/internal/sync/singleflight" (dependency)
I0904 00:51:53.273926 4059010 parse.go:552] addPkgToUniverse "github.com/aws/smithy-go/context" (dependency)
I0904 00:51:53.273937 4059010 parse.go:552] addPkgToUniverse "github.com/aws/smithy-go/container/private/cache" (dependency)
I0904 00:51:53.273944 4059010 parse.go:552] addPkgToUniverse "github.com/aws/aws-sdk-go-v2/service/s3" (dependency)
I0904 00:51:53.273951 4059010 parse.go:552] addPkgToUniverse "github.com/aws/aws-sdk-go-v2/service/internal/accept-encoding" (dependency)
I0904 00:51:53.273965 4059010 parse.go:552] addPkgToUniverse "github.com/aws/aws-sdk-go-v2/internal/context" (dependency)
I0904 00:51:53.273972 4059010 parse.go:552] addPkgToUniverse "github.com/aws/smithy-go/encoding/xml" (dependency)
I0904 00:51:53.273980 4059010 parse.go:552] addPkgToUniverse "github.com/aws/smithy-go/encoding" (dependency)
I0904 00:51:53.273986 4059010 parse.go:552] addPkgToUniverse "github.com/aws/smithy-go/encoding/httpbinding" (dependency)
I0904 00:51:53.273994 4059010 parse.go:552] addPkgToUniverse "github.com/aws/aws-sdk-go-v2/service/s3/internal/endpoints" (dependency)
I0904 00:51:53.274002 4059010 parse.go:552] addPkgToUniverse "github.com/aws/aws-sdk-go-v2/internal/endpoints/v2" (dependency)
I0904 00:51:53.274009 4059010 parse.go:552] addPkgToUniverse "github.com/aws/smithy-go/container/private/cache/lru" (dependency)
I0904 00:51:53.274016 4059010 parse.go:552] addPkgToUniverse "github.com/aws/aws-sdk-go-v2/aws/protocol/eventstream/eventstreamapi" (dependency)
I0904 00:51:53.274024 4059010 parse.go:552] addPkgToUniverse "github.com/aws/smithy-go/waiter" (dependency)
I0904 00:51:53.274031 4059010 parse.go:552] addPkgToUniverse "github.com/aws/smithy-go/rand" (dependency)
I0904 00:51:53.274090 4059010 parse.go:552] addPkgToUniverse "github.com/aws/aws-sdk-go-v2/service/internal/presigned-url" (dependency)
I0904 00:51:53.274102 4059010 parse.go:552] addPkgToUniverse "github.com/aws/aws-sdk-go-v2/aws/middleware" (dependency)
I0904 00:51:53.274111 4059010 parse.go:552] addPkgToUniverse "github.com/aws/aws-sdk-go-v2/aws/signer/v4" (dependency)
I0904 00:51:53.274118 4059010 parse.go:552] addPkgToUniverse "github.com/aws/aws-sdk-go-v2/aws/signer/internal/v4" (dependency)
I0904 00:51:53.274125 4059010 parse.go:552] addPkgToUniverse "github.com/aws/aws-sdk-go-v2/internal/strings" (dependency)
I0904 00:51:53.274132 4059010 parse.go:552] addPkgToUniverse "github.com/aws/aws-sdk-go-v2/internal/auth" (dependency)
I0904 00:51:53.274140 4059010 parse.go:552] addPkgToUniverse "github.com/aws/aws-sdk-go-v2/service/s3/types" (dependency)
I0904 00:51:53.274152 4059010 parse.go:552] addPkgToUniverse "github.com/aws/smithy-go/endpoints/private/rulesfn" (dependency)
I0904 00:51:53.274159 4059010 parse.go:552] addPkgToUniverse "github.com/aws/aws-sdk-go-v2/aws/protocol/xml" (dependency)
I0904 00:51:53.274231 4059010 parse.go:552] addPkgToUniverse "github.com/aws/aws-sdk-go-v2/aws/transport/http" (dependency)
I0904 00:51:53.274254 4059010 parse.go:552] addPkgToUniverse "github.com/aws/aws-sdk-go-v2/service/internal/checksum" (dependency)
I0904 00:51:53.274264 4059010 parse.go:552] addPkgToUniverse "hash/crc64" (dependency)
I0904 00:51:53.274272 4059010 parse.go:552] addPkgToUniverse "github.com/aws/aws-sdk-go-v2/internal/endpoints/awsrulesfn" (dependency)
I0904 00:51:53.274279 4059010 parse.go:552] addPkgToUniverse "github.com/aws/aws-sdk-go-v2/internal/v4a" (dependency)
I0904 00:51:53.274287 4059010 parse.go:552] addPkgToUniverse "github.com/aws/aws-sdk-go-v2/internal/v4a/internal/v4" (dependency)
I0904 00:51:53.274296 4059010 parse.go:552] addPkgToUniverse "github.com/aws/aws-sdk-go-v2/internal/v4a/internal/crypto" (dependency)
I0904 00:51:53.274305 4059010 parse.go:552] addPkgToUniverse "github.com/aws/aws-sdk-go-v2/internal/auth/smithy" (dependency)
I0904 00:51:53.274312 4059010 parse.go:552] addPkgToUniverse "github.com/aws/aws-sdk-go-v2/service/s3/internal/customizations" (dependency)
I0904 00:51:53.274322 4059010 parse.go:552] addPkgToUniverse "github.com/aws/aws-sdk-go-v2/service/internal/s3shared/arn" (dependency)
I0904 00:51:53.274330 4059010 parse.go:552] addPkgToUniverse "github.com/aws/aws-sdk-go-v2/aws/arn" (dependency)
I0904 00:51:53.274342 4059010 parse.go:552] addPkgToUniverse "github.com/aws/aws-sdk-go-v2/service/internal/s3shared" (dependency)
I0904 00:51:53.274351 4059010 parse.go:552] addPkgToUniverse "github.com/aws/aws-sdk-go-v2/service/s3/internal/arn" (dependency)
I0904 00:51:53.274359 4059010 parse.go:552] addPkgToUniverse "github.com/aws/aws-sdk-go-v2/aws/protocol/eventstream" (dependency)
I0904 00:51:53.274366 4059010 parse.go:552] addPkgToUniverse "github.com/aws/aws-sdk-go-v2/aws/retry" (dependency)
I0904 00:51:53.274374 4059010 parse.go:552] addPkgToUniverse "github.com/aws/aws-sdk-go-v2/aws/ratelimit" (dependency)
I0904 00:51:53.274381 4059010 parse.go:552] addPkgToUniverse "github.com/aws/aws-sdk-go-v2/internal/timeconv" (dependency)
I0904 00:51:53.274388 4059010 parse.go:552] addPkgToUniverse "github.com/aws/aws-sdk-go-v2/aws/defaults" (dependency)
I0904 00:51:53.274395 4059010 parse.go:552] addPkgToUniverse "github.com/aws/aws-sdk-go-v2/service/internal/s3shared/config" (dependency)
I0904 00:51:53.274402 4059010 parse.go:552] addPkgToUniverse "github.com/aws/aws-sdk-go-v2/internal/configsources" (dependency)
I0904 00:51:53.274408 4059010 parse.go:552] addPkgToUniverse "github.com/aws/smithy-go/endpoints" (dependency)
I0904 00:51:53.274416 4059010 parse.go:552] addPkgToUniverse "github.com/aws/smithy-go/io" (dependency)
I0904 00:51:53.274423 4059010 parse.go:552] addPkgToUniverse "github.com/aws/aws-sdk-go-v2/internal/endpoints" (dependency)
I0904 00:51:53.274431 4059010 parse.go:552] addPkgToUniverse "github.com/aws/aws-sdk-go-v2/feature/s3/transfermanager/types" (dependency)
I0904 00:51:53.274438 4059010 parse.go:552] addPkgToUniverse "google.golang.org/api/iterator" (dependency)
I0904 00:51:53.274445 4059010 parse.go:552] addPkgToUniverse "github.com/Azure/azure-sdk-for-go/sdk/azcore/policy" (dependency)
I0904 00:51:53.274452 4059010 parse.go:552] addPkgToUniverse "github.com/Azure/azure-sdk-for-go/sdk/azcore/cloud" (dependency)
I0904 00:51:53.274459 4059010 parse.go:552] addPkgToUniverse "github.com/Azure/azure-sdk-for-go/sdk/azcore/internal/exported" (dependency)
I0904 00:51:53.274468 4059010 parse.go:552] addPkgToUniverse "github.com/Azure/azure-sdk-for-go/sdk/azcore/internal/shared" (dependency)
I0904 00:51:53.274475 4059010 parse.go:552] addPkgToUniverse "github.com/Azure/azure-sdk-for-go/sdk/azcore/internal/log" (dependency)
I0904 00:51:53.274482 4059010 parse.go:552] addPkgToUniverse "github.com/Azure/azure-sdk-for-go/sdk/azcore/log" (dependency)
I0904 00:51:53.274489 4059010 parse.go:552] addPkgToUniverse "github.com/Azure/azure-sdk-for-go/sdk/internal/log" (dependency)
I0904 00:51:53.274497 4059010 parse.go:552] addPkgToUniverse "github.com/Azure/azure-sdk-for-go/sdk/internal/exported" (dependency)
I0904 00:51:53.274503 4059010 parse.go:552] addPkgToUniverse "github.com/Azure/azure-sdk-for-go/sdk/azcore/tracing" (dependency)
I0904 00:51:53.274511 4059010 parse.go:552] addPkgToUniverse "archive/tar" (dependency)
I0904 00:51:53.274519 4059010 parse.go:552] addPkgToUniverse "github.com/googleapis/google-cloud-go-testing/storage/stiface" (dependency)
I0904 00:51:53.274526 4059010 parse.go:552] addPkgToUniverse "cloud.google.com/go/iam" (dependency)
I0904 00:51:53.274532 4059010 parse.go:552] addPkgToUniverse "github.com/googleapis/gax-go/v2" (dependency)
I0904 00:51:53.274539 4059010 parse.go:552] addPkgToUniverse "github.com/googleapis/gax-go/v2/internal" (dependency)
I0904 00:51:53.274546 4059010 parse.go:552] addPkgToUniverse "google.golang.org/protobuf/encoding/protojson" (dependency)
I0904 00:51:53.274554 4059010 parse.go:552] addPkgToUniverse "google.golang.org/protobuf/internal/encoding/json" (dependency)
I0904 00:51:53.274562 4059010 parse.go:552] addPkgToUniverse "google.golang.org/grpc/status" (dependency)
I0904 00:51:53.274568 4059010 parse.go:552] addPkgToUniverse "google.golang.org/genproto/googleapis/rpc/status" (dependency)
I0904 00:51:53.274575 4059010 parse.go:552] addPkgToUniverse "google.golang.org/grpc/codes" (dependency)
I0904 00:51:53.274586 4059010 parse.go:552] addPkgToUniverse "google.golang.org/grpc/internal" (dependency)
I0904 00:51:53.274592 4059010 parse.go:552] addPkgToUniverse "google.golang.org/grpc/serviceconfig" (dependency)
I0904 00:51:53.274599 4059010 parse.go:552] addPkgToUniverse "google.golang.org/grpc/connectivity" (dependency)
I0904 00:51:53.274606 4059010 parse.go:552] addPkgToUniverse "google.golang.org/grpc/grpclog" (dependency)
I0904 00:51:53.274612 4059010 parse.go:552] addPkgToUniverse "google.golang.org/grpc/grpclog/internal" (dependency)
I0904 00:51:53.274619 4059010 parse.go:552] addPkgToUniverse "google.golang.org/grpc/internal/status" (dependency)
I0904 00:51:53.274626 4059010 parse.go:552] addPkgToUniverse "google.golang.org/protobuf/protoadapt" (dependency)
I0904 00:51:53.274633 4059010 parse.go:552] addPkgToUniverse "google.golang.org/api/googleapi" (dependency)
I0904 00:51:53.274640 4059010 parse.go:552] addPkgToUniverse "google.golang.org/api/internal/third_party/uritemplates" (dependency)
I0904 00:51:53.274648 4059010 parse.go:552] addPkgToUniverse "google.golang.org/grpc/metadata" (dependency)
I0904 00:51:53.274655 4059010 parse.go:552] addPkgToUniverse "google.golang.org/grpc" (dependency)
I0904 00:51:53.274661 4059010 parse.go:552] addPkgToUniverse "google.golang.org/grpc/keepalive" (dependency)
I0904 00:51:53.274668 4059010 parse.go:552] addPkgToUniverse "google.golang.org/grpc/internal/resolver" (dependency)
I0904 00:51:53.274675 4059010 parse.go:552] addPkgToUniverse "google.golang.org/grpc/resolver" (dependency)
I0904 00:51:53.274682 4059010 parse.go:552] addPkgToUniverse "google.golang.org/grpc/experimental/stats" (dependency)
I0904 00:51:53.274689 4059010 parse.go:552] addPkgToUniverse "google.golang.org/grpc/stats" (dependency)
I0904 00:51:53.274696 4059010 parse.go:552] addPkgToUniverse "google.golang.org/grpc/attributes" (dependency)
I0904 00:51:53.274702 4059010 parse.go:552] addPkgToUniverse "google.golang.org/grpc/credentials" (dependency)
I0904 00:51:53.274708 4059010 parse.go:552] addPkgToUniverse "google.golang.org/grpc/internal/credentials" (dependency)
I0904 00:51:53.274716 4059010 parse.go:552] addPkgToUniverse "google.golang.org/grpc/internal/envconfig" (dependency)
I0904 00:51:53.274723 4059010 parse.go:552] addPkgToUniverse "google.golang.org/grpc/internal/serviceconfig" (dependency)
I0904 00:51:53.274730 4059010 parse.go:552] addPkgToUniverse "google.golang.org/grpc/balancer" (dependency)
I0904 00:51:53.274737 4059010 parse.go:552] addPkgToUniverse "google.golang.org/grpc/channelz" (dependency)
I0904 00:51:53.274743 4059010 parse.go:552] addPkgToUniverse "google.golang.org/grpc/internal/channelz" (dependency)
I0904 00:51:53.274751 4059010 parse.go:552] addPkgToUniverse "google.golang.org/grpc/backoff" (dependency)
I0904 00:51:53.274759 4059010 parse.go:552] addPkgToUniverse "google.golang.org/grpc/credentials/insecure" (dependency)
I0904 00:51:53.274765 4059010 parse.go:552] addPkgToUniverse "google.golang.org/grpc/resolver/dns" (dependency)
I0904 00:51:53.274772 4059010 parse.go:552] addPkgToUniverse "google.golang.org/grpc/internal/resolver/dns" (dependency)
I0904 00:51:53.274779 4059010 parse.go:552] addPkgToUniverse "google.golang.org/grpc/balancer/grpclb/state" (dependency)
I0904 00:51:53.274785 4059010 parse.go:552] addPkgToUniverse "google.golang.org/grpc/internal/resolver/dns/internal" (dependency)
I0904 00:51:53.274792 4059010 parse.go:552] addPkgToUniverse "google.golang.org/grpc/internal/backoff" (dependency)
I0904 00:51:53.274799 4059010 parse.go:552] addPkgToUniverse "golang.org/x/net/trace" (dependency)
I0904 00:51:53.274806 4059010 parse.go:552] addPkgToUniverse "html/template" (dependency)
I0904 00:51:53.274813 4059010 parse.go:552] addPkgToUniverse "text/template/parse" (dependency)
I0904 00:51:53.274820 4059010 parse.go:552] addPkgToUniverse "text/template" (dependency)
I0904 00:51:53.274829 4059010 parse.go:552] addPkgToUniverse "golang.org/x/net/internal/timeseries" (dependency)
I0904 00:51:53.274835 4059010 parse.go:552] addPkgToUniverse "google.golang.org/grpc/encoding/proto" (dependency)
I0904 00:51:53.274845 4059010 parse.go:552] addPkgToUniverse "google.golang.org/grpc/encoding" (dependency)
I0904 00:51:53.274852 4059010 parse.go:552] addPkgToUniverse "google.golang.org/grpc/encoding/internal" (dependency)
I0904 00:51:53.274858 4059010 parse.go:552] addPkgToUniverse "google.golang.org/grpc/internal/grpcutil" (dependency)
I0904 00:51:53.274865 4059010 parse.go:552] addPkgToUniverse "google.golang.org/grpc/mem" (dependency)
I0904 00:51:53.274872 4059010 parse.go:552] addPkgToUniverse "google.golang.org/grpc/internal/grpcsync" (dependency)
I0904 00:51:53.274879 4059010 parse.go:552] addPkgToUniverse "google.golang.org/grpc/internal/buffer" (dependency)
I0904 00:51:53.274886 4059010 parse.go:552] addPkgToUniverse "google.golang.org/grpc/internal/pretty" (dependency)
I0904 00:51:53.274893 4059010 parse.go:552] addPkgToUniverse "google.golang.org/grpc/balancer/base" (dependency)
I0904 00:51:53.274899 4059010 parse.go:552] addPkgToUniverse "google.golang.org/grpc/balancer/roundrobin" (dependency)
I0904 00:51:53.274906 4059010 parse.go:552] addPkgToUniverse "google.golang.org/grpc/balancer/endpointsharding" (dependency)
I0904 00:51:53.274913 4059010 parse.go:552] addPkgToUniverse "google.golang.org/grpc/balancer/pickfirst" (dependency)
I0904 00:51:53.274919 4059010 parse.go:552] addPkgToUniverse "google.golang.org/grpc/internal/balancer/weight" (dependency)
I0904 00:51:53.274926 4059010 parse.go:552] addPkgToUniverse "google.golang.org/grpc/internal/grpclog" (dependency)
I0904 00:51:53.274933 4059010 parse.go:552] addPkgToUniverse "google.golang.org/grpc/balancer/pickfirst/internal" (dependency)
I0904 00:51:53.274940 4059010 parse.go:552] addPkgToUniverse "google.golang.org/grpc/internal/resolver/unix" (dependency)
I0904 00:51:53.274947 4059010 parse.go:552] addPkgToUniverse "google.golang.org/grpc/internal/transport/networktype" (dependency)
I0904 00:51:53.274953 4059010 parse.go:552] addPkgToUniverse "google.golang.org/grpc/internal/balancer/gracefulswitch" (dependency)
I0904 00:51:53.274967 4059010 parse.go:552] addPkgToUniverse "google.golang.org/grpc/internal/transport" (dependency)
I0904 00:51:53.274974 4059010 parse.go:552] addPkgToUniverse "google.golang.org/grpc/peer" (dependency)
I0904 00:51:53.274982 4059010 parse.go:552] addPkgToUniverse "google.golang.org/grpc/internal/proxyattributes" (dependency)
I0904 00:51:53.274989 4059010 parse.go:552] addPkgToUniverse "google.golang.org/grpc/internal/stats" (dependency)
I0904 00:51:53.274996 4059010 parse.go:552] addPkgToUniverse "google.golang.org/grpc/internal/syscall" (dependency)
I0904 00:51:53.275002 4059010 parse.go:552] addPkgToUniverse "google.golang.org/grpc/internal/metadata" (dependency)
I0904 00:51:53.275009 4059010 parse.go:552] addPkgToUniverse "google.golang.org/grpc/tap" (dependency)
I0904 00:51:53.275016 4059010 parse.go:552] addPkgToUniverse "google.golang.org/grpc/internal/resolver/delegatingresolver" (dependency)
I0904 00:51:53.275024 4059010 parse.go:552] addPkgToUniverse "google.golang.org/grpc/internal/idle" (dependency)
I0904 00:51:53.275031 4059010 parse.go:552] addPkgToUniverse "google.golang.org/grpc/internal/balancerload" (dependency)
I0904 00:51:53.275037 4059010 parse.go:552] addPkgToUniverse "google.golang.org/grpc/internal/binarylog" (dependency)
I0904 00:51:53.275044 4059010 parse.go:552] addPkgToUniverse "google.golang.org/protobuf/types/known/durationpb" (dependency)
I0904 00:51:53.275052 4059010 parse.go:552] addPkgToUniverse "google.golang.org/grpc/binarylog/grpc_binarylog_v1" (dependency)
I0904 00:51:53.275060 4059010 parse.go:552] addPkgToUniverse "google.golang.org/grpc/internal/resolver/passthrough" (dependency)
I0904 00:51:53.275067 4059010 parse.go:552] addPkgToUniverse "github.com/googleapis/gax-go/v2/apierror" (dependency)
I0904 00:51:53.275074 4059010 parse.go:552] addPkgToUniverse "github.com/googleapis/gax-go/v2/apierror/internal/proto" (dependency)
I0904 00:51:53.275081 4059010 parse.go:552] addPkgToUniverse "google.golang.org/genproto/googleapis/rpc/code" (dependency)
I0904 00:51:53.275091 4059010 parse.go:552] addPkgToUniverse "google.golang.org/genproto/googleapis/rpc/errdetails" (dependency)
I0904 00:51:53.275098 4059010 parse.go:552] addPkgToUniverse "github.com/googleapis/gax-go/v2/callctx" (dependency)
I0904 00:51:53.275105 4059010 parse.go:552] addPkgToUniverse "cloud.google.com/go/iam/apiv1/iampb" (dependency)
I0904 00:51:53.275112 4059010 parse.go:552] addPkgToUniverse "google.golang.org/genproto/googleapis/api/annotations" (dependency)
I0904 00:51:53.275119 4059010 parse.go:552] addPkgToUniverse "google.golang.org/genproto/googleapis/api" (dependency)
I0904 00:51:53.275126 4059010 parse.go:552] addPkgToUniverse "google.golang.org/genproto/googleapis/type/expr" (dependency)
I0904 00:51:53.275133 4059010 parse.go:552] addPkgToUniverse "google.golang.org/protobuf/types/known/fieldmaskpb" (dependency)
I0904 00:51:53.275140 4059010 parse.go:552] addPkgToUniverse "cloud.google.com/go/storage" (dependency)
I0904 00:51:53.275147 4059010 parse.go:552] addPkgToUniverse "cloud.google.com/go/auth" (dependency)
I0904 00:51:53.275154 4059010 parse.go:552] addPkgToUniverse "cloud.google.com/go/auth/internal/jwt" (dependency)
I0904 00:51:53.275161 4059010 parse.go:552] addPkgToUniverse "cloud.google.com/go/auth/internal" (dependency)
I0904 00:51:53.275167 4059010 parse.go:552] addPkgToUniverse "cloud.google.com/go/compute/metadata" (dependency)
I0904 00:51:53.275175 4059010 parse.go:552] addPkgToUniverse "github.com/googleapis/gax-go/v2/internallog" (dependency)
I0904 00:51:53.275182 4059010 parse.go:552] addPkgToUniverse "github.com/googleapis/gax-go/v2/internallog/internal" (dependency)
I0904 00:51:53.275189 4059010 parse.go:552] addPkgToUniverse "go.opentelemetry.io/otel/sdk/resource" (dependency)
I0904 00:51:53.275214 4059010 parse.go:552] addPkgToUniverse "go.opentelemetry.io/otel/semconv/v1.40.0" (dependency)
I0904 00:51:53.275229 4059010 parse.go:552] addPkgToUniverse "go.opentelemetry.io/otel/attribute" (dependency)
I0904 00:51:53.275237 4059010 parse.go:552] addPkgToUniverse "go.opentelemetry.io/otel/attribute/internal" (dependency)
I0904 00:51:53.275243 4059010 parse.go:552] addPkgToUniverse "go.opentelemetry.io/otel/attribute/internal/xxhash" (dependency)
I0904 00:51:53.275251 4059010 parse.go:552] addPkgToUniverse "go.opentelemetry.io/otel/sdk/internal/x" (dependency)
I0904 00:51:53.275258 4059010 parse.go:552] addPkgToUniverse "go.opentelemetry.io/otel/sdk" (dependency)
I0904 00:51:53.275264 4059010 parse.go:552] addPkgToUniverse "go.opentelemetry.io/otel" (dependency)
I0904 00:51:53.275270 4059010 parse.go:552] addPkgToUniverse "go.opentelemetry.io/otel/internal/global" (dependency)
I0904 00:51:53.275277 4059010 parse.go:552] addPkgToUniverse "github.com/go-logr/stdr" (dependency)
I0904 00:51:53.275283 4059010 parse.go:552] addPkgToUniverse "github.com/go-logr/logr/funcr" (dependency)
I0904 00:51:53.275292 4059010 parse.go:552] addPkgToUniverse "go.opentelemetry.io/otel/trace/embedded" (dependency)
I0904 00:51:53.275298 4059010 parse.go:552] addPkgToUniverse "go.opentelemetry.io/otel/trace" (dependency)
I0904 00:51:53.275304 4059010 parse.go:552] addPkgToUniverse "go.opentelemetry.io/otel/codes" (dependency)
I0904 00:51:53.275312 4059010 parse.go:552] addPkgToUniverse "go.opentelemetry.io/otel/trace/internal/telemetry" (dependency)
I0904 00:51:53.275319 4059010 parse.go:552] addPkgToUniverse "go.opentelemetry.io/otel/propagation" (dependency)
I0904 00:51:53.275328 4059010 parse.go:552] addPkgToUniverse "go.opentelemetry.io/otel/baggage" (dependency)
I0904 00:51:53.275334 4059010 parse.go:552] addPkgToUniverse "go.opentelemetry.io/otel/internal/baggage" (dependency)
I0904 00:51:53.275342 4059010 parse.go:552] addPkgToUniverse "go.opentelemetry.io/otel/internal/errorhandler" (dependency)
I0904 00:51:53.275350 4059010 parse.go:552] addPkgToUniverse "go.opentelemetry.io/auto/sdk" (dependency)
I0904 00:51:53.275356 4059010 parse.go:552] addPkgToUniverse "go.opentelemetry.io/auto/sdk/internal/telemetry" (dependency)
I0904 00:51:53.275364 4059010 parse.go:552] addPkgToUniverse "go.opentelemetry.io/otel/semconv/v1.37.0" (dependency)
I0904 00:51:53.275375 4059010 parse.go:552] addPkgToUniverse "go.opentelemetry.io/otel/trace/noop" (dependency)
I0904 00:51:53.275383 4059010 parse.go:552] addPkgToUniverse "go.opentelemetry.io/otel/metric/embedded" (dependency)
I0904 00:51:53.275389 4059010 parse.go:552] addPkgToUniverse "go.opentelemetry.io/otel/metric" (dependency)
I0904 00:51:53.275396 4059010 parse.go:552] addPkgToUniverse "go.opentelemetry.io/otel/sdk/metric" (dependency)
I0904 00:51:53.275404 4059010 parse.go:552] addPkgToUniverse "go.opentelemetry.io/otel/sdk/metric/metricdata" (dependency)
I0904 00:51:53.275412 4059010 parse.go:552] addPkgToUniverse "go.opentelemetry.io/otel/sdk/instrumentation" (dependency)
I0904 00:51:53.275419 4059010 parse.go:552] addPkgToUniverse "go.opentelemetry.io/otel/sdk/metric/internal/observ" (dependency)
I0904 00:51:53.275426 4059010 parse.go:552] addPkgToUniverse "go.opentelemetry.io/otel/semconv/v1.40.0/otelconv" (dependency)
I0904 00:51:53.275432 4059010 parse.go:552] addPkgToUniverse "go.opentelemetry.io/otel/metric/noop" (dependency)
I0904 00:51:53.275440 4059010 parse.go:552] addPkgToUniverse "go.opentelemetry.io/otel/sdk/metric/exemplar" (dependency)
I0904 00:51:53.275447 4059010 parse.go:552] addPkgToUniverse "go.opentelemetry.io/otel/sdk/metric/internal/reservoir" (dependency)
I0904 00:51:53.275453 4059010 parse.go:552] addPkgToUniverse "go.opentelemetry.io/otel/sdk/metric/internal" (dependency)
I0904 00:51:53.275462 4059010 parse.go:552] addPkgToUniverse "go.opentelemetry.io/otel/sdk/metric/internal/aggregate" (dependency)
I0904 00:51:53.275471 4059010 parse.go:552] addPkgToUniverse "google.golang.org/grpc/xds/googledirectpath" (dependency)
I0904 00:51:53.275477 4059010 parse.go:552] addPkgToUniverse "google.golang.org/grpc/internal/xds/xdsclient" (dependency)
I0904 00:51:53.275485 4059010 parse.go:552] addPkgToUniverse "google.golang.org/grpc/internal/xds/xdsclient/xdsresource/version" (dependency)
I0904 00:51:53.275492 4059010 parse.go:552] addPkgToUniverse "google.golang.org/grpc/internal/xds/clients/xdsclient" (dependency)
I0904 00:51:53.275500 4059010 parse.go:552] addPkgToUniverse "google.golang.org/grpc/internal/xds/clients" (dependency)
I0904 00:51:53.275507 4059010 parse.go:552] addPkgToUniverse "github.com/envoyproxy/go-control-plane/envoy/service/discovery/v3" (dependency)
I0904 00:51:53.275514 4059010 parse.go:552] addPkgToUniverse "github.com/cncf/xds/go/udpa/annotations" (dependency)
I0904 00:51:53.275522 4059010 parse.go:552] addPkgToUniverse "net/mail" (dependency)
I0904 00:51:53.275530 4059010 parse.go:552] addPkgToUniverse "github.com/envoyproxy/go-control-plane/envoy/config/core/v3" (dependency)
I0904 00:51:53.275537 4059010 parse.go:552] addPkgToUniverse "github.com/cncf/xds/go/xds/core/v3" (dependency)
I0904 00:51:53.275544 4059010 parse.go:552] addPkgToUniverse "github.com/envoyproxy/protoc-gen-validate/validate" (dependency)
I0904 00:51:53.275551 4059010 parse.go:552] addPkgToUniverse "github.com/cncf/xds/go/xds/annotations/v3" (dependency)
I0904 00:51:53.275559 4059010 parse.go:552] addPkgToUniverse "google.golang.org/protobuf/types/known/wrapperspb" (dependency)
I0904 00:51:53.275566 4059010 parse.go:552] addPkgToUniverse "github.com/envoyproxy/go-control-plane/envoy/type/matcher/v3" (dependency)
I0904 00:51:53.275574 4059010 parse.go:552] addPkgToUniverse "github.com/envoyproxy/go-control-plane/envoy/type/v3" (dependency)
I0904 00:51:53.275582 4059010 parse.go:552] addPkgToUniverse "github.com/envoyproxy/go-control-plane/envoy/annotations" (dependency)
I0904 00:51:53.275589 4059010 parse.go:552] addPkgToUniverse "google.golang.org/protobuf/types/known/structpb" (dependency)
I0904 00:51:53.275596 4059010 parse.go:552] addPkgToUniverse "google.golang.org/protobuf/types/known/emptypb" (dependency)
I0904 00:51:53.275604 4059010 parse.go:552] addPkgToUniverse "google.golang.org/grpc/internal/xds/clients/internal" (dependency)
I0904 00:51:53.275611 4059010 parse.go:552] addPkgToUniverse "google.golang.org/grpc/internal/xds/clients/internal/syncutil" (dependency)
I0904 00:51:53.275621 4059010 parse.go:552] addPkgToUniverse "google.golang.org/grpc/internal/xds/clients/internal/buffer" (dependency)
I0904 00:51:53.275628 4059010 parse.go:552] addPkgToUniverse "google.golang.org/grpc/internal/xds/clients/internal/backoff" (dependency)
I0904 00:51:53.275635 4059010 parse.go:552] addPkgToUniverse "google.golang.org/grpc/internal/xds/clients/xdsclient/internal" (dependency)
I0904 00:51:53.275642 4059010 parse.go:552] addPkgToUniverse "google.golang.org/grpc/internal/xds/clients/xdsclient/internal/xdsresource" (dependency)
I0904 00:51:53.275650 4059010 parse.go:552] addPkgToUniverse "google.golang.org/grpc/internal/xds/clients/internal/pretty" (dependency)
I0904 00:51:53.275656 4059010 parse.go:552] addPkgToUniverse "github.com/envoyproxy/go-control-plane/envoy/admin/v3" (dependency)
I0904 00:51:53.275664 4059010 parse.go:552] addPkgToUniverse "github.com/envoyproxy/go-control-plane/envoy/config/tap/v3" (dependency)
I0904 00:51:53.275671 4059010 parse.go:552] addPkgToUniverse "github.com/envoyproxy/go-control-plane/envoy/config/common/matcher/v3" (dependency)
I0904 00:51:53.275679 4059010 parse.go:552] addPkgToUniverse "github.com/envoyproxy/go-control-plane/envoy/config/route/v3" (dependency)
I0904 00:51:53.275686 4059010 parse.go:552] addPkgToUniverse "github.com/envoyproxy/go-control-plane/envoy/type/metadata/v3" (dependency)
I0904 00:51:53.275694 4059010 parse.go:552] addPkgToUniverse "github.com/cncf/xds/go/xds/type/matcher/v3" (dependency)
I0904 00:51:53.275701 4059010 parse.go:552] addPkgToUniverse "github.com/cncf/xds/go/xds/type/v3" (dependency)
I0904 00:51:53.275708 4059010 parse.go:552] addPkgToUniverse "cel.dev/expr" (dependency)
I0904 00:51:53.275715 4059010 parse.go:552] addPkgToUniverse "google.golang.org/genproto/googleapis/api/expr/v1alpha1" (dependency)
I0904 00:51:53.275723 4059010 parse.go:552] addPkgToUniverse "github.com/envoyproxy/go-control-plane/envoy/type/tracing/v3" (dependency)
I0904 00:51:53.275731 4059010 parse.go:552] addPkgToUniverse "github.com/envoyproxy/go-control-plane/envoy/config/common/mutation_rules/v3" (dependency)
I0904 00:51:53.275742 4059010 parse.go:552] addPkgToUniverse "github.com/envoyproxy/go-control-plane/envoy/config/bootstrap/v3" (dependency)
I0904 00:51:53.275749 4059010 parse.go:552] addPkgToUniverse "github.com/envoyproxy/go-control-plane/envoy/extensions/transport_sockets/tls/v3" (dependency)
I0904 00:51:53.275758 4059010 parse.go:552] addPkgToUniverse "github.com/envoyproxy/go-control-plane/envoy/config/trace/v3" (dependency)
I0904 00:51:53.275765 4059010 parse.go:552] addPkgToUniverse "github.com/envoyproxy/go-control-plane/envoy/config/metrics/v3" (dependency)
I0904 00:51:53.275774 4059010 parse.go:552] addPkgToUniverse "github.com/envoyproxy/go-control-plane/envoy/config/cluster/v3" (dependency)
I0904 00:51:53.275781 4059010 parse.go:552] addPkgToUniverse "github.com/envoyproxy/go-control-plane/envoy/config/endpoint/v3" (dependency)
I0904 00:51:53.275790 4059010 parse.go:552] addPkgToUniverse "github.com/envoyproxy/go-control-plane/envoy/config/overload/v3" (dependency)
I0904 00:51:53.275798 4059010 parse.go:552] addPkgToUniverse "github.com/envoyproxy/go-control-plane/envoy/config/listener/v3" (dependency)
I0904 00:51:53.275806 4059010 parse.go:552] addPkgToUniverse "github.com/envoyproxy/go-control-plane/envoy/config/accesslog/v3" (dependency)
I0904 00:51:53.275814 4059010 parse.go:552] addPkgToUniverse "github.com/envoyproxy/go-control-plane/envoy/data/accesslog/v3" (dependency)
I0904 00:51:53.275823 4059010 parse.go:552] addPkgToUniverse "github.com/envoyproxy/go-control-plane/envoy/service/status/v3" (dependency)
I0904 00:51:53.275832 4059010 parse.go:552] addPkgToUniverse "google.golang.org/grpc/internal/xds/clients/xdsclient/metrics" (dependency)
I0904 00:51:53.275839 4059010 parse.go:552] addPkgToUniverse "google.golang.org/grpc/internal/xds/clients/grpctransport" (dependency)
I0904 00:51:53.275846 4059010 parse.go:552] addPkgToUniverse "google.golang.org/grpc/xds/bootstrap" (dependency)
I0904 00:51:53.275853 4059010 parse.go:552] addPkgToUniverse "google.golang.org/grpc/internal/xds/bootstrap/jwtcreds" (dependency)
I0904 00:51:53.275863 4059010 parse.go:552] addPkgToUniverse "google.golang.org/grpc/credentials/jwt" (dependency)
I0904 00:51:53.275870 4059010 parse.go:552] addPkgToUniverse "google.golang.org/grpc/internal/xds/bootstrap/tlscreds" (dependency)
I0904 00:51:53.275877 4059010 parse.go:552] addPkgToUniverse "github.com/spiffe/go-spiffe/v2/bundle/spiffebundle" (dependency)
I0904 00:51:53.275884 4059010 parse.go:552] addPkgToUniverse "github.com/spiffe/go-spiffe/v2/internal/x509util" (dependency)
I0904 00:51:53.275891 4059010 parse.go:552] addPkgToUniverse "github.com/spiffe/go-spiffe/v2/spiffeid" (dependency)
I0904 00:51:53.275898 4059010 parse.go:552] addPkgToUniverse "github.com/spiffe/go-spiffe/v2/bundle/jwtbundle" (dependency)
I0904 00:51:53.275904 4059010 parse.go:552] addPkgToUniverse "github.com/spiffe/go-spiffe/v2/internal/jwtutil" (dependency)
I0904 00:51:53.275912 4059010 parse.go:552] addPkgToUniverse "github.com/spiffe/go-spiffe/v2/internal/cryptoutil" (dependency)
I0904 00:51:53.275919 4059010 parse.go:552] addPkgToUniverse "github.com/go-jose/go-jose/v4" (dependency)
I0904 00:51:53.275926 4059010 parse.go:552] addPkgToUniverse "github.com/go-jose/go-jose/v4/cipher" (dependency)
I0904 00:51:53.275933 4059010 parse.go:552] addPkgToUniverse "crypto/pbkdf2" (dependency)
I0904 00:51:53.275940 4059010 parse.go:552] addPkgToUniverse "crypto/internal/fips140/pbkdf2" (dependency)
I0904 00:51:53.275947 4059010 parse.go:552] addPkgToUniverse "github.com/go-jose/go-jose/v4/json" (dependency)
I0904 00:51:53.275955 4059010 parse.go:552] addPkgToUniverse "github.com/spiffe/go-spiffe/v2/bundle/x509bundle" (dependency)
I0904 00:51:53.275967 4059010 parse.go:552] addPkgToUniverse "github.com/spiffe/go-spiffe/v2/internal/pemutil" (dependency)
I0904 00:51:53.275974 4059010 parse.go:552] addPkgToUniverse "google.golang.org/grpc/credentials/tls/certprovider" (dependency)
I0904 00:51:53.275982 4059010 parse.go:552] addPkgToUniverse "google.golang.org/grpc/credentials/tls/certprovider/pemfile" (dependency)
I0904 00:51:53.275989 4059010 parse.go:552] addPkgToUniverse "google.golang.org/grpc/internal/credentials/spiffe" (dependency)
I0904 00:51:53.275997 4059010 parse.go:552] addPkgToUniverse "google.golang.org/grpc/credentials/google" (dependency)
I0904 00:51:53.276004 4059010 parse.go:552] addPkgToUniverse "google.golang.org/grpc/credentials/alts" (dependency)
I0904 00:51:53.276010 4059010 parse.go:552] addPkgToUniverse "google.golang.org/grpc/credentials/alts/internal" (dependency)
I0904 00:51:53.276018 4059010 parse.go:552] addPkgToUniverse "google.golang.org/grpc/credentials/alts/internal/handshaker/service" (dependency)
I0904 00:51:53.276026 4059010 parse.go:552] addPkgToUniverse "google.golang.org/grpc/credentials/alts/internal/handshaker" (dependency)
I0904 00:51:53.276032 4059010 parse.go:552] addPkgToUniverse "google.golang.org/grpc/credentials/alts/internal/conn" (dependency)
I0904 00:51:53.276040 4059010 parse.go:552] addPkgToUniverse "golang.org/x/sync/semaphore" (dependency)
I0904 00:51:53.276047 4059010 parse.go:552] addPkgToUniverse "google.golang.org/grpc/credentials/alts/internal/proto/grpc_gcp" (dependency)
I0904 00:51:53.276054 4059010 parse.go:552] addPkgToUniverse "google.golang.org/grpc/credentials/alts/internal/authinfo" (dependency)
I0904 00:51:53.276061 4059010 parse.go:552] addPkgToUniverse "google.golang.org/grpc/internal/googlecloud" (dependency)
I0904 00:51:53.276068 4059010 parse.go:552] addPkgToUniverse "google.golang.org/grpc/credentials/oauth" (dependency)
I0904 00:51:53.276075 4059010 parse.go:552] addPkgToUniverse "golang.org/x/oauth2/google" (dependency)
I0904 00:51:53.276082 4059010 parse.go:552] addPkgToUniverse "golang.org/x/oauth2/authhandler" (dependency)
I0904 00:51:53.276089 4059010 parse.go:552] addPkgToUniverse "golang.org/x/oauth2/google/externalaccount" (dependency)
I0904 00:51:53.276096 4059010 parse.go:552] addPkgToUniverse "golang.org/x/oauth2/google/internal/stsexchange" (dependency)
I0904 00:51:53.276109 4059010 parse.go:552] addPkgToUniverse "golang.org/x/oauth2/google/internal/impersonate" (dependency)
I0904 00:51:53.276117 4059010 parse.go:552] addPkgToUniverse "golang.org/x/oauth2/jws" (dependency)
I0904 00:51:53.276124 4059010 parse.go:552] addPkgToUniverse "golang.org/x/oauth2/google/internal/externalaccountauthorizeduser" (dependency)
I0904 00:51:53.276130 4059010 parse.go:552] addPkgToUniverse "golang.org/x/oauth2/jwt" (dependency)
I0904 00:51:53.276137 4059010 parse.go:552] addPkgToUniverse "google.golang.org/grpc/internal/xds" (dependency)
I0904 00:51:53.276144 4059010 parse.go:552] addPkgToUniverse "google.golang.org/grpc/internal/xds/clients/lrsclient" (dependency)
I0904 00:51:53.276151 4059010 parse.go:552] addPkgToUniverse "github.com/envoyproxy/go-control-plane/envoy/service/load_stats/v3" (dependency)
I0904 00:51:53.276159 4059010 parse.go:552] addPkgToUniverse "google.golang.org/grpc/internal/xds/clients/lrsclient/internal" (dependency)
I0904 00:51:53.276166 4059010 parse.go:552] addPkgToUniverse "google.golang.org/grpc/internal/xds/xdsclient/xdsresource" (dependency)
I0904 00:51:53.276173 4059010 parse.go:552] addPkgToUniverse "google.golang.org/grpc/internal/xds/clusterspecifier" (dependency)
I0904 00:51:53.276180 4059010 parse.go:552] addPkgToUniverse "github.com/envoyproxy/go-control-plane/envoy/extensions/filters/network/http_connection_manager/v3" (dependency)
I0904 00:51:53.276189 4059010 parse.go:552] addPkgToUniverse "github.com/envoyproxy/go-control-plane/envoy/type/http/v3" (dependency)
I0904 00:51:53.276226 4059010 parse.go:552] addPkgToUniverse "google.golang.org/grpc/internal/xds/matcher" (dependency)
I0904 00:51:53.276246 4059010 parse.go:552] addPkgToUniverse "github.com/envoyproxy/go-control-plane/envoy/extensions/clusters/aggregate/v3" (dependency)
I0904 00:51:53.276259 4059010 parse.go:552] addPkgToUniverse "google.golang.org/grpc/internal/xds/httpfilter" (dependency)
I0904 00:51:53.276272 4059010 parse.go:552] addPkgToUniverse "google.golang.org/grpc/internal/xds/bootstrap" (dependency)
I0904 00:51:53.276280 4059010 parse.go:552] addPkgToUniverse "github.com/cncf/xds/go/udpa/type/v1" (dependency)
I0904 00:51:53.276288 4059010 parse.go:552] addPkgToUniverse "google.golang.org/grpc/resolver/ringhash" (dependency)
I0904 00:51:53.276295 4059010 parse.go:552] addPkgToUniverse "google.golang.org/grpc/internal/xds/xdsclient/xdslbregistry" (dependency)
I0904 00:51:53.276303 4059010 parse.go:552] addPkgToUniverse "google.golang.org/grpc/xds" (dependency)
I0904 00:51:53.276311 4059010 parse.go:552] addPkgToUniverse "google.golang.org/grpc/internal/xds/xdsclient/xdslbregistry/converter" (dependency)
I0904 00:51:53.276319 4059010 parse.go:552] addPkgToUniverse "google.golang.org/grpc/balancer/leastrequest" (dependency)
I0904 00:51:53.276327 4059010 parse.go:552] addPkgToUniverse "google.golang.org/grpc/internal/xds/balancer/wrrlocality" (dependency)
I0904 00:51:53.276334 4059010 parse.go:552] addPkgToUniverse "google.golang.org/grpc/balancer/weightedtarget" (dependency)
I0904 00:51:53.276341 4059010 parse.go:552] addPkgToUniverse "google.golang.org/grpc/internal/balancergroup" (dependency)
I0904 00:51:53.276348 4059010 parse.go:552] addPkgToUniverse "google.golang.org/grpc/internal/cache" (dependency)
I0904 00:51:53.276355 4059010 parse.go:552] addPkgToUniverse "google.golang.org/grpc/balancer/weightedtarget/weightedaggregator" (dependency)
I0904 00:51:53.276362 4059010 parse.go:552] addPkgToUniverse "google.golang.org/grpc/internal/wrr" (dependency)
I0904 00:51:53.276369 4059010 parse.go:552] addPkgToUniverse "google.golang.org/grpc/internal/hierarchy" (dependency)
I0904 00:51:53.276377 4059010 parse.go:552] addPkgToUniverse "google.golang.org/grpc/balancer/ringhash" (dependency)
I0904 00:51:53.276385 4059010 parse.go:552] addPkgToUniverse "google.golang.org/grpc/internal/ringhash" (dependency)
I0904 00:51:53.276392 4059010 parse.go:552] addPkgToUniverse "google.golang.org/grpc/balancer/lazy" (dependency)
I0904 00:51:53.276400 4059010 parse.go:552] addPkgToUniverse "google.golang.org/grpc/balancer/weightedroundrobin" (dependency)
I0904 00:51:53.276417 4059010 parse.go:552] addPkgToUniverse "google.golang.org/grpc/orca" (dependency)
I0904 00:51:53.276424 4059010 parse.go:552] addPkgToUniverse "google.golang.org/grpc/orca/internal" (dependency)
I0904 00:51:53.276431 4059010 parse.go:552] addPkgToUniverse "github.com/cncf/xds/go/xds/data/orca/v3" (dependency)
I0904 00:51:53.276439 4059010 parse.go:552] addPkgToUniverse "github.com/cncf/xds/go/xds/service/orca/v3" (dependency)
I0904 00:51:53.276448 4059010 parse.go:552] addPkgToUniverse "google.golang.org/grpc/balancer/weightedroundrobin/internal" (dependency)
I0904 00:51:53.276455 4059010 parse.go:552] addPkgToUniverse "github.com/envoyproxy/go-control-plane/envoy/extensions/load_balancing_policies/client_side_weighted_round_robin/v3" (dependency)
I0904 00:51:53.276466 4059010 parse.go:552] addPkgToUniverse "github.com/envoyproxy/go-control-plane/envoy/extensions/load_balancing_policies/common/v3" (dependency)
I0904 00:51:53.276475 4059010 parse.go:552] addPkgToUniverse "github.com/envoyproxy/go-control-plane/envoy/extensions/load_balancing_policies/wrr_locality/v3" (dependency)
I0904 00:51:53.276483 4059010 parse.go:552] addPkgToUniverse "github.com/envoyproxy/go-control-plane/envoy/extensions/load_balancing_policies/pick_first/v3" (dependency)
I0904 00:51:53.276491 4059010 parse.go:552] addPkgToUniverse "github.com/envoyproxy/go-control-plane/envoy/extensions/load_balancing_policies/ring_hash/v3" (dependency)
I0904 00:51:53.276500 4059010 parse.go:552] addPkgToUniverse "github.com/envoyproxy/go-control-plane/envoy/extensions/load_balancing_policies/least_request/v3" (dependency)
I0904 00:51:53.276508 4059010 parse.go:552] addPkgToUniverse "google.golang.org/grpc/internal/xds/httpfilter/rbac" (dependency)
I0904 00:51:53.276516 4059010 parse.go:552] addPkgToUniverse "github.com/envoyproxy/go-control-plane/envoy/extensions/filters/http/rbac/v3" (dependency)
I0904 00:51:53.276523 4059010 parse.go:552] addPkgToUniverse "github.com/envoyproxy/go-control-plane/envoy/config/rbac/v3" (dependency)
I0904 00:51:53.276531 4059010 parse.go:552] addPkgToUniverse "google.golang.org/grpc/internal/xds/rbac" (dependency)
I0904 00:51:53.276540 4059010 parse.go:552] addPkgToUniverse "github.com/envoyproxy/go-control-plane/envoy/extensions/rbac/audit_loggers/stream/v3" (dependency)
I0904 00:51:53.276548 4059010 parse.go:552] addPkgToUniverse "google.golang.org/grpc/authz/audit/stdout" (dependency)
I0904 00:51:53.276554 4059010 parse.go:552] addPkgToUniverse "google.golang.org/grpc/authz/audit" (dependency)
I0904 00:51:53.276562 4059010 parse.go:552] addPkgToUniverse "google.golang.org/grpc/internal/xds/httpfilter/fault" (dependency)
I0904 00:51:53.276569 4059010 parse.go:552] addPkgToUniverse "github.com/envoyproxy/go-control-plane/envoy/extensions/filters/common/fault/v3" (dependency)
I0904 00:51:53.276578 4059010 parse.go:552] addPkgToUniverse "github.com/envoyproxy/go-control-plane/envoy/extensions/filters/http/fault/v3" (dependency)
I0904 00:51:53.276586 4059010 parse.go:552] addPkgToUniverse "google.golang.org/grpc/internal/xds/balancer" (dependency)
I0904 00:51:53.276593 4059010 parse.go:552] addPkgToUniverse "google.golang.org/grpc/internal/xds/balancer/clusterresolver" (dependency)
I0904 00:51:53.276600 4059010 parse.go:552] addPkgToUniverse "google.golang.org/grpc/internal/xds/balancer/clusterimpl" (dependency)
I0904 00:51:53.276607 4059010 parse.go:552] addPkgToUniverse "google.golang.org/grpc/internal/xds/balancer/loadstore" (dependency)
I0904 00:51:53.276616 4059010 parse.go:552] addPkgToUniverse "google.golang.org/grpc/internal/xds/balancer/outlierdetection" (dependency)
I0904 00:51:53.276624 4059010 parse.go:552] addPkgToUniverse "google.golang.org/grpc/internal/xds/balancer/priority" (dependency)
I0904 00:51:53.276631 4059010 parse.go:552] addPkgToUniverse "google.golang.org/grpc/internal/balancer/nop" (dependency)
I0904 00:51:53.276638 4059010 parse.go:552] addPkgToUniverse "google.golang.org/grpc/internal/xds/balancer/cdsbalancer" (dependency)
I0904 00:51:53.276652 4059010 parse.go:552] addPkgToUniverse "google.golang.org/grpc/internal/credentials/xds" (dependency)
I0904 00:51:53.276659 4059010 parse.go:552] addPkgToUniverse "google.golang.org/grpc/internal/xds/balancer/clustermanager" (dependency)
I0904 00:51:53.276667 4059010 parse.go:552] addPkgToUniverse "google.golang.org/grpc/internal/xds/clusterspecifier/rls" (dependency)
I0904 00:51:53.276674 4059010 parse.go:552] addPkgToUniverse "google.golang.org/grpc/internal/proto/grpc_lookup_v1" (dependency)
I0904 00:51:53.276682 4059010 parse.go:552] addPkgToUniverse "google.golang.org/grpc/xds/csds" (dependency)
I0904 00:51:53.276689 4059010 parse.go:552] addPkgToUniverse "google.golang.org/grpc/internal/xds/server" (dependency)
I0904 00:51:53.276696 4059010 parse.go:552] addPkgToUniverse "google.golang.org/grpc/internal/admin" (dependency)
I0904 00:51:53.276703 4059010 parse.go:552] addPkgToUniverse "google.golang.org/grpc/internal/xds/resolver" (dependency)
I0904 00:51:53.276710 4059010 parse.go:552] addPkgToUniverse "google.golang.org/grpc/internal/xds/xdsdepmgr" (dependency)
I0904 00:51:53.276718 4059010 parse.go:552] addPkgToUniverse "google.golang.org/grpc/internal/xds/resolver/internal" (dependency)
I0904 00:51:53.276727 4059010 parse.go:552] addPkgToUniverse "google.golang.org/grpc/internal/xds/httpfilter/router" (dependency)
I0904 00:51:53.276735 4059010 parse.go:552] addPkgToUniverse "github.com/envoyproxy/go-control-plane/envoy/extensions/filters/http/router/v3" (dependency)
I0904 00:51:53.276744 4059010 parse.go:552] addPkgToUniverse "google.golang.org/api/option/internaloption" (dependency)
I0904 00:51:53.276750 4059010 parse.go:552] addPkgToUniverse "google.golang.org/api/option" (dependency)
I0904 00:51:53.276757 4059010 parse.go:552] addPkgToUniverse "google.golang.org/api/internal/credentialstype" (dependency)
I0904 00:51:53.276764 4059010 parse.go:552] addPkgToUniverse "google.golang.org/api/internal/impersonate" (dependency)
I0904 00:51:53.276771 4059010 parse.go:552] addPkgToUniverse "google.golang.org/api/internal" (dependency)
I0904 00:51:53.276777 4059010 parse.go:552] addPkgToUniverse "google.golang.org/api/internal/cert" (dependency)
I0904 00:51:53.276785 4059010 parse.go:552] addPkgToUniverse "github.com/googleapis/enterprise-certificate-proxy/client" (dependency)
I0904 00:51:53.276792 4059010 parse.go:552] addPkgToUniverse "github.com/googleapis/enterprise-certificate-proxy/client/util" (dependency)
I0904 00:51:53.276799 4059010 parse.go:552] addPkgToUniverse "net/rpc" (dependency)
I0904 00:51:53.276806 4059010 parse.go:552] addPkgToUniverse "encoding/gob" (dependency)
I0904 00:51:53.276814 4059010 parse.go:552] addPkgToUniverse "cloud.google.com/go/auth/oauth2adapt" (dependency)
I0904 00:51:53.276821 4059010 parse.go:552] addPkgToUniverse "github.com/google/s2a-go" (dependency)
I0904 00:51:53.276828 4059010 parse.go:552] addPkgToUniverse "github.com/google/s2a-go/internal/handshaker/service" (dependency)
I0904 00:51:53.276835 4059010 parse.go:552] addPkgToUniverse "github.com/google/s2a-go/internal/proto/common_go_proto" (dependency)
I0904 00:51:53.276842 4059010 parse.go:552] addPkgToUniverse "github.com/google/s2a-go/internal/proto/v2/s2a_go_proto" (dependency)
I0904 00:51:53.276849 4059010 parse.go:552] addPkgToUniverse "github.com/google/s2a-go/internal/proto/v2/s2a_context_go_proto" (dependency)
I0904 00:51:53.276856 4059010 parse.go:552] addPkgToUniverse "github.com/google/s2a-go/internal/proto/v2/common_go_proto" (dependency)
I0904 00:51:53.276863 4059010 parse.go:552] addPkgToUniverse "github.com/google/s2a-go/internal/handshaker" (dependency)
I0904 00:51:53.276870 4059010 parse.go:552] addPkgToUniverse "github.com/google/s2a-go/internal/tokenmanager" (dependency)
I0904 00:51:53.276877 4059010 parse.go:552] addPkgToUniverse "github.com/google/s2a-go/internal/authinfo" (dependency)
I0904 00:51:53.276884 4059010 parse.go:552] addPkgToUniverse "github.com/google/s2a-go/internal/proto/s2a_context_go_proto" (dependency)
I0904 00:51:53.276891 4059010 parse.go:552] addPkgToUniverse "github.com/google/s2a-go/internal/proto/s2a_go_proto" (dependency)
I0904 00:51:53.276902 4059010 parse.go:552] addPkgToUniverse "github.com/google/s2a-go/internal/record" (dependency)
I0904 00:51:53.276908 4059010 parse.go:552] addPkgToUniverse "github.com/google/s2a-go/internal/record/internal/halfconn" (dependency)
I0904 00:51:53.276915 4059010 parse.go:552] addPkgToUniverse "golang.org/x/crypto/hkdf" (dependency)
I0904 00:51:53.276922 4059010 parse.go:552] addPkgToUniverse "github.com/google/s2a-go/internal/record/internal/aeadcrypter" (dependency)
I0904 00:51:53.276928 4059010 parse.go:552] addPkgToUniverse "golang.org/x/crypto/chacha20poly1305" (dependency)
I0904 00:51:53.276935 4059010 parse.go:552] addPkgToUniverse "golang.org/x/crypto/chacha20" (dependency)
I0904 00:51:53.276942 4059010 parse.go:552] addPkgToUniverse "golang.org/x/crypto/internal/alias" (dependency)
I0904 00:51:53.276949 4059010 parse.go:552] addPkgToUniverse "golang.org/x/crypto/internal/poly1305" (dependency)
I0904 00:51:53.276955 4059010 parse.go:552] addPkgToUniverse "golang.org/x/sys/cpu" (dependency)
I0904 00:51:53.276968 4059010 parse.go:552] addPkgToUniverse "golang.org/x/crypto/cryptobyte" (dependency)
I0904 00:51:53.276977 4059010 parse.go:552] addPkgToUniverse "golang.org/x/crypto/cryptobyte/asn1" (dependency)
I0904 00:51:53.276985 4059010 parse.go:552] addPkgToUniverse "github.com/google/s2a-go/retry" (dependency)
I0904 00:51:53.276991 4059010 parse.go:552] addPkgToUniverse "github.com/google/s2a-go/internal/v2" (dependency)
I0904 00:51:53.276998 4059010 parse.go:552] addPkgToUniverse "github.com/google/s2a-go/stream" (dependency)
I0904 00:51:53.277004 4059010 parse.go:552] addPkgToUniverse "github.com/google/s2a-go/internal/v2/tlsconfigstore" (dependency)
I0904 00:51:53.277012 4059010 parse.go:552] addPkgToUniverse "github.com/google/s2a-go/internal/v2/remotesigner" (dependency)
I0904 00:51:53.277019 4059010 parse.go:552] addPkgToUniverse "github.com/google/s2a-go/internal/v2/certverifier" (dependency)
I0904 00:51:53.277026 4059010 parse.go:552] addPkgToUniverse "github.com/google/s2a-go/fallback" (dependency)
I0904 00:51:53.277034 4059010 parse.go:552] addPkgToUniverse "cloud.google.com/go/auth/credentials" (dependency)
I0904 00:51:53.277041 4059010 parse.go:552] addPkgToUniverse "cloud.google.com/go/auth/internal/credsfile" (dependency)
I0904 00:51:53.277048 4059010 parse.go:552] addPkgToUniverse "cloud.google.com/go/auth/credentials/internal/impersonate" (dependency)
I0904 00:51:53.277056 4059010 parse.go:552] addPkgToUniverse "cloud.google.com/go/auth/internal/transport/headers" (dependency)
I0904 00:51:53.277063 4059010 parse.go:552] addPkgToUniverse "cloud.google.com/go/auth/credentials/internal/externalaccount" (dependency)
I0904 00:51:53.277069 4059010 parse.go:552] addPkgToUniverse "cloud.google.com/go/auth/internal/transport/cert" (dependency)
I0904 00:51:53.277077 4059010 parse.go:552] addPkgToUniverse "cloud.google.com/go/auth/credentials/internal/stsexchange" (dependency)
I0904 00:51:53.277085 4059010 parse.go:552] addPkgToUniverse "cloud.google.com/go/auth/credentials/internal/externalaccountuser" (dependency)
I0904 00:51:53.277093 4059010 parse.go:552] addPkgToUniverse "cloud.google.com/go/auth/internal/trustboundary" (dependency)
I0904 00:51:53.277101 4059010 parse.go:552] addPkgToUniverse "cloud.google.com/go/auth/internal/retry" (dependency)
I0904 00:51:53.277107 4059010 parse.go:552] addPkgToUniverse "cloud.google.com/go/auth/credentials/internal/gdch" (dependency)
I0904 00:51:53.277115 4059010 parse.go:552] addPkgToUniverse "google.golang.org/grpc/stats/opentelemetry" (dependency)
I0904 00:51:53.277122 4059010 parse.go:552] addPkgToUniverse "google.golang.org/grpc/experimental/opentelemetry" (dependency)
I0904 00:51:53.277130 4059010 parse.go:552] addPkgToUniverse "google.golang.org/grpc/stats/opentelemetry/internal" (dependency)
I0904 00:51:53.277137 4059010 parse.go:552] addPkgToUniverse "google.golang.org/grpc/stats/opentelemetry/internal/tracing" (dependency)
I0904 00:51:53.277145 4059010 parse.go:552] addPkgToUniverse "github.com/GoogleCloudPlatform/opentelemetry-operations-go/exporter/metric" (dependency)
I0904 00:51:53.277156 4059010 parse.go:552] addPkgToUniverse "google.golang.org/grpc/encoding/gzip" (dependency)
I0904 00:51:53.277163 4059010 parse.go:552] addPkgToUniverse "cloud.google.com/go/monitoring/apiv3/v2" (dependency)
I0904 00:51:53.277170 4059010 parse.go:552] addPkgToUniverse "github.com/googleapis/gax-go/v2/iterator" (dependency)
I0904 00:51:53.277177 4059010 parse.go:552] addPkgToUniverse "google.golang.org/genproto/googleapis/api/metric" (dependency)
I0904 00:51:53.277184 4059010 parse.go:552] addPkgToUniverse "google.golang.org/genproto/googleapis/api/label" (dependency)
I0904 00:51:53.277203 4059010 parse.go:552] addPkgToUniverse "google.golang.org/genproto/googleapis/api/monitoredres" (dependency)
I0904 00:51:53.277214 4059010 parse.go:552] addPkgToUniverse "github.com/googleapis/gax-go/v2/internallog/grpclog" (dependency)
I0904 00:51:53.277221 4059010 parse.go:552] addPkgToUniverse "cloud.google.com/go/monitoring/internal" (dependency)
I0904 00:51:53.277228 4059010 parse.go:552] addPkgToUniverse "google.golang.org/api/transport/grpc" (dependency)
I0904 00:51:53.277235 4059010 parse.go:552] addPkgToUniverse "google.golang.org/grpc/balancer/grpclb" (dependency)
I0904 00:51:53.277243 4059010 parse.go:552] addPkgToUniverse "google.golang.org/grpc/resolver/manual" (dependency)
I0904 00:51:53.277251 4059010 parse.go:552] addPkgToUniverse "google.golang.org/grpc/balancer/grpclb/grpc_lb_v1" (dependency)
I0904 00:51:53.277260 4059010 parse.go:552] addPkgToUniverse "cloud.google.com/go/auth/grpctransport" (dependency)
I0904 00:51:53.277267 4059010 parse.go:552] addPkgToUniverse "go.opentelemetry.io/contrib/instrumentation/google.golang.org/grpc/otelgrpc" (dependency)
I0904 00:51:53.277274 4059010 parse.go:552] addPkgToUniverse "go.opentelemetry.io/otel/semconv/v1.37.0/rpcconv" (dependency)
I0904 00:51:53.277282 4059010 parse.go:552] addPkgToUniverse "go.opentelemetry.io/contrib/instrumentation/google.golang.org/grpc/otelgrpc/internal" (dependency)
I0904 00:51:53.277290 4059010 parse.go:552] addPkgToUniverse "cloud.google.com/go/auth/internal/compute" (dependency)
I0904 00:51:53.277297 4059010 parse.go:552] addPkgToUniverse "cloud.google.com/go/auth/internal/transport" (dependency)
I0904 00:51:53.277305 4059010 parse.go:552] addPkgToUniverse "cloud.google.com/go/monitoring/apiv3/v2/monitoringpb" (dependency)
I0904 00:51:53.277312 4059010 parse.go:552] addPkgToUniverse "google.golang.org/genproto/googleapis/api/distribution" (dependency)
I0904 00:51:53.277320 4059010 parse.go:552] addPkgToUniverse "google.golang.org/genproto/googleapis/type/timeofday" (dependency)
I0904 00:51:53.277327 4059010 parse.go:552] addPkgToUniverse "google.golang.org/genproto/googleapis/type/calendarperiod" (dependency)
I0904 00:51:53.277334 4059010 parse.go:552] addPkgToUniverse "github.com/GoogleCloudPlatform/opentelemetry-operations-go/internal/resourcemapping" (dependency)
I0904 00:51:53.277343 4059010 parse.go:552] addPkgToUniverse "cloud.google.com/go/storage/experimental" (dependency)
I0904 00:51:53.277349 4059010 parse.go:552] addPkgToUniverse "cloud.google.com/go/storage/internal" (dependency)
I0904 00:51:53.277356 4059010 parse.go:552] addPkgToUniverse "cloud.google.com/go/storage/internal/apiv2" (dependency)
I0904 00:51:53.277363 4059010 parse.go:552] addPkgToUniverse "cloud.google.com/go/storage/internal/apiv2/storagepb" (dependency)
I0904 00:51:53.277370 4059010 parse.go:552] addPkgToUniverse "google.golang.org/genproto/googleapis/type/date" (dependency)
I0904 00:51:53.277378 4059010 parse.go:552] addPkgToUniverse "cloud.google.com/go/internal/optional" (dependency)
I0904 00:51:53.277384 4059010 parse.go:552] addPkgToUniverse "cloud.google.com/go/internal" (dependency)
I0904 00:51:53.277391 4059010 parse.go:552] addPkgToUniverse "cloud.google.com/go/internal/trace" (dependency)
I0904 00:51:53.277399 4059010 parse.go:552] addPkgToUniverse "google.golang.org/api/storage/v1" (dependency)
I0904 00:51:53.277406 4059010 parse.go:552] addPkgToUniverse "google.golang.org/api/internal/gensupport" (dependency)
I0904 00:51:53.277419 4059010 parse.go:552] addPkgToUniverse "google.golang.org/api/transport/http" (dependency)
I0904 00:51:53.277426 4059010 parse.go:552] addPkgToUniverse "go.opentelemetry.io/contrib/instrumentation/net/http/otelhttp" (dependency)
I0904 00:51:53.277433 4059010 parse.go:552] addPkgToUniverse "go.opentelemetry.io/otel/semconv/v1.39.0" (dependency)
I0904 00:51:53.277440 4059010 parse.go:552] addPkgToUniverse "go.opentelemetry.io/contrib/instrumentation/net/http/otelhttp/internal/semconv" (dependency)
I0904 00:51:53.277447 4059010 parse.go:552] addPkgToUniverse "go.opentelemetry.io/otel/semconv/v1.39.0/httpconv" (dependency)
I0904 00:51:53.277455 4059010 parse.go:552] addPkgToUniverse "github.com/felixge/httpsnoop" (dependency)
I0904 00:51:53.277463 4059010 parse.go:552] addPkgToUniverse "go.opentelemetry.io/contrib/instrumentation/net/http/otelhttp/internal/request" (dependency)
I0904 00:51:53.277471 4059010 parse.go:552] addPkgToUniverse "cloud.google.com/go/auth/httptransport" (dependency)
I0904 00:51:53.277479 4059010 parse.go:552] addPkgToUniverse "google.golang.org/api/googleapi/transport" (dependency)
I0904 00:51:53.277486 4059010 parse.go:552] addPkgToUniverse "google.golang.org/api/transport" (dependency)
I0904 00:51:53.277493 4059010 parse.go:552] addPkgToUniverse "go.opentelemetry.io/contrib/detectors/gcp" (dependency)
I0904 00:51:53.277500 4059010 parse.go:552] addPkgToUniverse "github.com/GoogleCloudPlatform/opentelemetry-operations-go/detectors/gcp" (dependency)
I0904 00:51:53.277507 4059010 parse.go:552] addPkgToUniverse "cloud.google.com/go/internal/version" (dependency)
I0904 00:51:53.277514 4059010 parse.go:552] addPkgToUniverse "google.golang.org/api/iamcredentials/v1" (dependency)
I0904 00:51:53.277521 4059010 parse.go:552] addPkgToUniverse "google.golang.org/grpc/balancer/rls" (dependency)
I0904 00:51:53.277528 4059010 parse.go:552] addPkgToUniverse "google.golang.org/grpc/balancer/rls/internal/adaptive" (dependency)
I0904 00:51:53.277535 4059010 parse.go:552] addPkgToUniverse "google.golang.org/grpc/balancer/rls/internal/keys" (dependency)
I0904 00:51:53.277544 4059010 parse.go:552] addPkgToUniverse "archive/zip" (dependency)
I0904 00:51:53.277553 4059010 parse.go:552] addPkgToUniverse "github.com/Azure/azure-sdk-for-go/sdk/azcore/runtime" (dependency)
I0904 00:51:53.277560 4059010 parse.go:552] addPkgToUniverse "github.com/Azure/azure-sdk-for-go/sdk/azcore/internal/pollers/op" (dependency)
I0904 00:51:53.277567 4059010 parse.go:552] addPkgToUniverse "github.com/Azure/azure-sdk-for-go/sdk/internal/poller" (dependency)
I0904 00:51:53.277574 4059010 parse.go:552] addPkgToUniverse "github.com/Azure/azure-sdk-for-go/sdk/azcore/internal/pollers" (dependency)
I0904 00:51:53.277582 4059010 parse.go:552] addPkgToUniverse "github.com/Azure/azure-sdk-for-go/sdk/azcore/streaming" (dependency)
I0904 00:51:53.277589 4059010 parse.go:552] addPkgToUniverse "github.com/Azure/azure-sdk-for-go/sdk/internal/temporal" (dependency)
I0904 00:51:53.277596 4059010 parse.go:552] addPkgToUniverse "github.com/Azure/azure-sdk-for-go/sdk/internal/errorinfo" (dependency)
I0904 00:51:53.277603 4059010 parse.go:552] addPkgToUniverse "github.com/Azure/azure-sdk-for-go/sdk/azcore/internal/pollers/fake" (dependency)
I0904 00:51:53.277612 4059010 parse.go:552] addPkgToUniverse "github.com/Azure/azure-sdk-for-go/sdk/azcore/internal/pollers/async" (dependency)
I0904 00:51:53.277619 4059010 parse.go:552] addPkgToUniverse "github.com/Azure/azure-sdk-for-go/sdk/azcore/internal/pollers/loc" (dependency)
I0904 00:51:53.277627 4059010 parse.go:552] addPkgToUniverse "github.com/Azure/azure-sdk-for-go/sdk/internal/uuid" (dependency)
I0904 00:51:53.277633 4059010 parse.go:552] addPkgToUniverse "github.com/Azure/azure-sdk-for-go/sdk/internal/diag" (dependency)
I0904 00:51:53.277640 4059010 parse.go:552] addPkgToUniverse "github.com/Azure/azure-sdk-for-go/sdk/azcore/internal/pollers/body" (dependency)
I0904 00:51:53.277647 4059010 parse.go:552] addPkgToUniverse "github.com/Azure/azure-sdk-for-go/sdk/azcore" (dependency)
I0904 00:51:53.277658 4059010 parse.go:552] addPkgToUniverse "github.com/kserve/kserve/pkg/credentials/s3" (dependency)
I0904 00:51:53.277664 4059010 parse.go:552] addPkgToUniverse "github.com/Azure/azure-sdk-for-go/sdk/azidentity" (dependency)
I0904 00:51:53.277672 4059010 parse.go:552] addPkgToUniverse "github.com/AzureAD/microsoft-authentication-library-for-go/apps/confidential" (dependency)
I0904 00:51:53.277689 4059010 parse.go:552] addPkgToUniverse "github.com/AzureAD/microsoft-authentication-library-for-go/apps/internal/base" (dependency)
I0904 00:51:53.277700 4059010 parse.go:552] addPkgToUniverse "github.com/AzureAD/microsoft-authentication-library-for-go/apps/internal/shared" (dependency)
I0904 00:51:53.277707 4059010 parse.go:552] addPkgToUniverse "github.com/AzureAD/microsoft-authentication-library-for-go/apps/internal/base/storage" (dependency)
I0904 00:51:53.277715 4059010 parse.go:552] addPkgToUniverse "github.com/AzureAD/microsoft-authentication-library-for-go/apps/internal/oauth" (dependency)
I0904 00:51:53.277722 4059010 parse.go:552] addPkgToUniverse "github.com/AzureAD/microsoft-authentication-library-for-go/apps/internal/oauth/ops/wstrust" (dependency)
I0904 00:51:53.277730 4059010 parse.go:552] addPkgToUniverse "github.com/AzureAD/microsoft-authentication-library-for-go/apps/internal/oauth/ops/authority" (dependency)
I0904 00:51:53.277738 4059010 parse.go:552] addPkgToUniverse "github.com/AzureAD/microsoft-authentication-library-for-go/apps/internal/oauth/ops/internal/grant" (dependency)
I0904 00:51:53.277745 4059010 parse.go:552] addPkgToUniverse "github.com/AzureAD/microsoft-authentication-library-for-go/apps/internal/oauth/ops/wstrust/defs" (dependency)
I0904 00:51:53.277752 4059010 parse.go:552] addPkgToUniverse "github.com/AzureAD/microsoft-authentication-library-for-go/apps/internal/exported" (dependency)
I0904 00:51:53.277759 4059010 parse.go:552] addPkgToUniverse "github.com/AzureAD/microsoft-authentication-library-for-go/apps/internal/oauth/ops" (dependency)
I0904 00:51:53.277766 4059010 parse.go:552] addPkgToUniverse "github.com/AzureAD/microsoft-authentication-library-for-go/apps/internal/oauth/ops/internal/comm" (dependency)
I0904 00:51:53.277773 4059010 parse.go:552] addPkgToUniverse "github.com/AzureAD/microsoft-authentication-library-for-go/apps/errors" (dependency)
I0904 00:51:53.277781 4059010 parse.go:552] addPkgToUniverse "github.com/kylelemons/godebug/pretty" (dependency)
I0904 00:51:53.277788 4059010 parse.go:552] addPkgToUniverse "github.com/kylelemons/godebug/diff" (dependency)
I0904 00:51:53.277795 4059010 parse.go:552] addPkgToUniverse "github.com/AzureAD/microsoft-authentication-library-for-go/apps/internal/json" (dependency)
I0904 00:51:53.277802 4059010 parse.go:552] addPkgToUniverse "github.com/AzureAD/microsoft-authentication-library-for-go/apps/internal/version" (dependency)
I0904 00:51:53.277809 4059010 parse.go:552] addPkgToUniverse "github.com/AzureAD/microsoft-authentication-library-for-go/apps/internal/oauth/ops/accesstokens" (dependency)
I0904 00:51:53.277817 4059010 parse.go:552] addPkgToUniverse "github.com/AzureAD/microsoft-authentication-library-for-go/apps/internal/json/types/time" (dependency)
I0904 00:51:53.277826 4059010 parse.go:552] addPkgToUniverse "github.com/golang-jwt/jwt/v5" (dependency)
I0904 00:51:53.277835 4059010 parse.go:552] addPkgToUniverse "github.com/AzureAD/microsoft-authentication-library-for-go/apps/cache" (dependency)
I0904 00:51:53.277844 4059010 parse.go:552] addPkgToUniverse "github.com/AzureAD/microsoft-authentication-library-for-go/apps/internal/options" (dependency)
I0904 00:51:53.277851 4059010 parse.go:552] addPkgToUniverse "github.com/Azure/azure-sdk-for-go/sdk/azcore/arm/runtime" (dependency)
I0904 00:51:53.277859 4059010 parse.go:552] addPkgToUniverse "github.com/Azure/azure-sdk-for-go/sdk/azcore/arm/policy" (dependency)
I0904 00:51:53.277866 4059010 parse.go:552] addPkgToUniverse "github.com/Azure/azure-sdk-for-go/sdk/azcore/arm/internal/resource" (dependency)
I0904 00:51:53.277876 4059010 parse.go:552] addPkgToUniverse "github.com/Azure/azure-sdk-for-go/sdk/azidentity/internal" (dependency)
I0904 00:51:53.277883 4059010 parse.go:552] addPkgToUniverse "golang.org/x/crypto/pkcs12" (dependency)
I0904 00:51:53.277890 4059010 parse.go:552] addPkgToUniverse "golang.org/x/crypto/pkcs12/internal/rc2" (dependency)
I0904 00:51:53.277898 4059010 parse.go:552] addPkgToUniverse "github.com/AzureAD/microsoft-authentication-library-for-go/apps/public" (dependency)
I0904 00:51:53.277905 4059010 parse.go:552] addPkgToUniverse "github.com/AzureAD/microsoft-authentication-library-for-go/apps/internal/local" (dependency)
I0904 00:51:53.277913 4059010 parse.go:552] addPkgToUniverse "github.com/pkg/browser" (dependency)
I0904 00:51:53.277920 4059010 parse.go:552] addPkgToUniverse "github.com/AzureAD/microsoft-authentication-library-for-go/apps/managedidentity" (dependency)
I0904 00:51:53.277929 4059010 parse.go:552] addPkgToUniverse "github.com/aws/aws-sdk-go-v2/config" (dependency)
I0904 00:51:53.277936 4059010 parse.go:552] addPkgToUniverse "github.com/aws/aws-sdk-go-v2/credentials/ec2rolecreds" (dependency)
I0904 00:51:53.277943 4059010 parse.go:552] addPkgToUniverse "github.com/aws/aws-sdk-go-v2/feature/ec2/imds" (dependency)
I0904 00:51:53.277951 4059010 parse.go:552] addPkgToUniverse "github.com/aws/aws-sdk-go-v2/feature/ec2/imds/internal/config" (dependency)
I0904 00:51:53.277964 4059010 parse.go:552] addPkgToUniverse "github.com/aws/aws-sdk-go-v2/credentials" (dependency)
I0904 00:51:53.277970 4059010 parse.go:552] addPkgToUniverse "github.com/aws/aws-sdk-go-v2/service/sts" (dependency)
I0904 00:51:53.277979 4059010 parse.go:552] addPkgToUniverse "github.com/aws/aws-sdk-go-v2/aws/protocol/query" (dependency)
I0904 00:51:53.277987 4059010 parse.go:552] addPkgToUniverse "github.com/aws/aws-sdk-go-v2/service/sts/types" (dependency)
I0904 00:51:53.277994 4059010 parse.go:552] addPkgToUniverse "github.com/aws/aws-sdk-go-v2/service/sts/internal/endpoints" (dependency)
I0904 00:51:53.278002 4059010 parse.go:552] addPkgToUniverse "github.com/aws/aws-sdk-go-v2/service/sso" (dependency)
I0904 00:51:53.278010 4059010 parse.go:552] addPkgToUniverse "github.com/aws/aws-sdk-go-v2/aws/protocol/restjson" (dependency)
I0904 00:51:53.278017 4059010 parse.go:552] addPkgToUniverse "github.com/aws/aws-sdk-go-v2/service/sso/types" (dependency)
I0904 00:51:53.278025 4059010 parse.go:552] addPkgToUniverse "github.com/aws/aws-sdk-go-v2/service/sso/internal/endpoints" (dependency)
I0904 00:51:53.278032 4059010 parse.go:552] addPkgToUniverse "github.com/aws/aws-sdk-go-v2/credentials/processcreds" (dependency)
I0904 00:51:53.278039 4059010 parse.go:552] addPkgToUniverse "github.com/aws/aws-sdk-go-v2/internal/sdkio" (dependency)
I0904 00:51:53.278046 4059010 parse.go:552] addPkgToUniverse "github.com/aws/aws-sdk-go-v2/service/ssooidc" (dependency)
I0904 00:51:53.278053 4059010 parse.go:552] addPkgToUniverse "github.com/aws/smithy-go/encoding/json" (dependency)
I0904 00:51:53.278060 4059010 parse.go:552] addPkgToUniverse "github.com/aws/aws-sdk-go-v2/service/ssooidc/internal/endpoints" (dependency)
I0904 00:51:53.278068 4059010 parse.go:552] addPkgToUniverse "github.com/aws/aws-sdk-go-v2/service/ssooidc/types" (dependency)
I0904 00:51:53.278075 4059010 parse.go:552] addPkgToUniverse "github.com/aws/aws-sdk-go-v2/service/signin" (dependency)
I0904 00:51:53.278083 4059010 parse.go:552] addPkgToUniverse "github.com/aws/aws-sdk-go-v2/service/signin/types" (dependency)
I0904 00:51:53.278090 4059010 parse.go:552] addPkgToUniverse "github.com/aws/aws-sdk-go-v2/service/signin/internal/endpoints" (dependency)
I0904 00:51:53.278098 4059010 parse.go:552] addPkgToUniverse "github.com/aws/aws-sdk-go-v2/config/internal/ini" (dependency)
I0904 00:51:53.278105 4059010 parse.go:552] addPkgToUniverse "github.com/aws/aws-sdk-go-v2/credentials/logincreds" (dependency)
I0904 00:51:53.278112 4059010 parse.go:552] addPkgToUniverse "github.com/aws/aws-sdk-go-v2/internal/shareddefaults" (dependency)
I0904 00:51:53.278121 4059010 parse.go:552] addPkgToUniverse "github.com/aws/aws-sdk-go-v2/credentials/ssocreds" (dependency)
I0904 00:51:53.278131 4059010 parse.go:552] addPkgToUniverse "github.com/aws/aws-sdk-go-v2/credentials/stscreds" (dependency)
I0904 00:51:53.278138 4059010 parse.go:552] addPkgToUniverse "github.com/aws/smithy-go/private/requestcompression" (dependency)
I0904 00:51:53.278146 4059010 parse.go:552] addPkgToUniverse "github.com/aws/aws-sdk-go-v2/credentials/endpointcreds" (dependency)
I0904 00:51:53.278152 4059010 parse.go:552] addPkgToUniverse "github.com/aws/aws-sdk-go-v2/credentials/endpointcreds/internal/client" (dependency)
I0904 00:51:53.278160 4059010 parse.go:552] addPkgToUniverse "github.com/Azure/azure-sdk-for-go/sdk/storage/azblob" (dependency)
I0904 00:51:53.278167 4059010 parse.go:552] addPkgToUniverse "github.com/Azure/azure-sdk-for-go/sdk/storage/azblob/internal/base" (dependency)
I0904 00:51:53.278175 4059010 parse.go:552] addPkgToUniverse "github.com/Azure/azure-sdk-for-go/sdk/storage/azblob/internal/exported" (dependency)
I0904 00:51:53.278182 4059010 parse.go:552] addPkgToUniverse "github.com/Azure/azure-sdk-for-go/sdk/azcore/to" (dependency)
I0904 00:51:53.278189 4059010 parse.go:552] addPkgToUniverse "github.com/Azure/azure-sdk-for-go/sdk/storage/azblob/internal/generated" (dependency)
I0904 00:51:53.278208 4059010 parse.go:552] addPkgToUniverse "github.com/Azure/azure-sdk-for-go/sdk/storage/azblob/internal/shared" (dependency)
I0904 00:51:53.278221 4059010 parse.go:552] addPkgToUniverse "github.com/Azure/azure-sdk-for-go/sdk/storage/azblob/container" (dependency)
I0904 00:51:53.278228 4059010 parse.go:552] addPkgToUniverse "github.com/Azure/azure-sdk-for-go/sdk/storage/azblob/pageblob" (dependency)
I0904 00:51:53.278235 4059010 parse.go:552] addPkgToUniverse "github.com/Azure/azure-sdk-for-go/sdk/storage/azblob/blob" (dependency)
I0904 00:51:53.278242 4059010 parse.go:552] addPkgToUniverse "github.com/Azure/azure-sdk-for-go/sdk/storage/azblob/bloberror" (dependency)
I0904 00:51:53.278249 4059010 parse.go:552] addPkgToUniverse "github.com/Azure/azure-sdk-for-go/sdk/storage/azblob/sas" (dependency)
I0904 00:51:53.278258 4059010 parse.go:552] addPkgToUniverse "github.com/Azure/azure-sdk-for-go/sdk/storage/azblob/blockblob" (dependency)
I0904 00:51:53.278266 4059010 parse.go:552] addPkgToUniverse "github.com/Azure/azure-sdk-for-go/sdk/storage/azblob/appendblob" (dependency)
I0904 00:51:53.278274 4059010 parse.go:552] addPkgToUniverse "github.com/Azure/azure-sdk-for-go/sdk/storage/azblob/service" (dependency)
I0904 00:51:53.278283 4059010 parse.go:552] addPkgToUniverse "github.com/kserve/kserve/pkg/credentials/gcs" (dependency)
I0904 00:51:53.278291 4059010 parse.go:552] addPkgToUniverse "github.com/leodido/go-urn" (dependency)
I0904 00:51:53.278298 4059010 parse.go:552] addPkgToUniverse "github.com/leodido/go-urn/scim/schema" (dependency)
I0904 00:51:53.278304 4059010 parse.go:552] addPkgToUniverse "github.com/go-playground/universal-translator" (dependency)
I0904 00:51:53.278310 4059010 parse.go:552] addPkgToUniverse "github.com/go-playground/locales" (dependency)
I0904 00:51:53.278316 4059010 parse.go:552] addPkgToUniverse "github.com/go-playground/locales/currency" (dependency)
I0904 00:51:53.278327 4059010 parse.go:552] addPkgToUniverse "sigs.k8s.io/gateway-api-inference-extension/apix/v1alpha2" (dependency)
I0904 00:51:53.278334 4059010 parse.go:552] addPkgToUniverse "github.com/kserve/kserve/pkg/apis/serving/v1beta1" (user-requested)
I0904 00:51:53.459098 4059010 parse.go:552] addPkgToUniverse "knative.dev/serving/pkg/apis/serving/v1" (dependency)
I0904 00:51:53.459158 4059010 parse.go:552] addPkgToUniverse "knative.dev/networking/pkg/apis/networking/v1alpha1" (dependency)
I0904 00:51:53.459170 4059010 parse.go:552] addPkgToUniverse "knative.dev/networking/pkg/apis/networking" (dependency)
I0904 00:51:53.459181 4059010 parse.go:552] addPkgToUniverse "knative.dev/serving/pkg/apis/config" (dependency)
I0904 00:51:53.459189 4059010 parse.go:552] addPkgToUniverse "knative.dev/serving/pkg/autoscaler/config" (dependency)
I0904 00:51:53.459230 4059010 parse.go:552] addPkgToUniverse "knative.dev/pkg/configmap" (dependency)
I0904 00:51:53.459242 4059010 parse.go:552] addPkgToUniverse "knative.dev/pkg/configmap/parser" (dependency)
I0904 00:51:53.459261 4059010 parse.go:552] addPkgToUniverse "knative.dev/serving/pkg/apis/serving" (dependency)
I0904 00:51:53.459272 4059010 parse.go:552] addPkgToUniverse "knative.dev/pkg/observability/runtime" (dependency)
I0904 00:51:53.459285 4059010 parse.go:552] addPkgToUniverse "github.com/google/go-containerregistry/pkg/name" (dependency)
I0904 00:51:53.459293 4059010 parse.go:552] addPkgToUniverse "github.com/opencontainers/go-digest" (dependency)
I0904 00:51:53.459303 4059010 parse.go:552] addPkgToUniverse "knative.dev/serving/pkg/networking" (dependency)
I0904 00:51:53.459310 4059010 parse.go:552] addPkgToUniverse "knative.dev/networking/pkg/config" (dependency)
I0904 00:51:53.459319 4059010 parse.go:552] addPkgToUniverse "knative.dev/pkg/logging" (dependency)
I0904 00:51:53.459326 4059010 parse.go:552] addPkgToUniverse "knative.dev/pkg/logging/logkey" (dependency)
I0904 00:51:53.459333 4059010 parse.go:552] addPkgToUniverse "knative.dev/pkg/changeset" (dependency)
I0904 00:51:53.459341 4059010 parse.go:552] addPkgToUniverse "github.com/blendle/zapdriver" (dependency)
I0904 00:51:53.459350 4059010 parse.go:552] addPkgToUniverse "knative.dev/serving/pkg/apis/autoscaling/v1alpha1" (dependency)
I0904 00:51:53.494282 4059010 execute.go:38] ExecuteTargets: 1 targets
I0904 00:51:53.494310 4059010 execute.go:214] Executing target "openapi" ("./pkg/openapi")
I0904 00:51:53.804087 4059010 openapi.go:195] generating for type github.com/kserve/kserve/pkg/apis/serving/v1alpha1.BuiltInAdapter
I0904 00:51:53.805653 4059010 openapi.go:195] generating for type github.com/kserve/kserve/pkg/apis/serving/v1alpha1.ClusterServingRuntime
I0904 00:51:53.807029 4059010 openapi.go:195] generating for type github.com/kserve/kserve/pkg/apis/serving/v1alpha1.ClusterServingRuntimeList
I0904 00:51:53.808348 4059010 openapi.go:195] generating for type github.com/kserve/kserve/pkg/apis/serving/v1alpha1.ClusterStorageContainer
I0904 00:51:53.809670 4059010 openapi.go:195] generating for type github.com/kserve/kserve/pkg/apis/serving/v1alpha1.ClusterStorageContainerList
I0904 00:51:53.811009 4059010 openapi.go:195] generating for type github.com/kserve/kserve/pkg/apis/serving/v1alpha1.InfereceGraphRouterTimeouts
I0904 00:51:53.812314 4059010 openapi.go:195] generating for type github.com/kserve/kserve/pkg/apis/serving/v1alpha1.InferenceGraph
I0904 00:51:53.813640 4059010 openapi.go:195] generating for type github.com/kserve/kserve/pkg/apis/serving/v1alpha1.InferenceGraphList
I0904 00:51:53.815038 4059010 openapi.go:195] generating for type github.com/kserve/kserve/pkg/apis/serving/v1alpha1.InferenceGraphSpec
I0904 00:51:53.816952 4059010 openapi.go:195] generating for type github.com/kserve/kserve/pkg/apis/serving/v1alpha1.InferenceGraphStatus
I0904 00:51:53.818068 4059010 openapi.go:759] [knative.dev/pkg/apis/duck/v1.Status] Conditions knative.dev/pkg/apis/duck/v1.Conditions: tag patchMergeKey on type Alias; only allowed on type Slice
I0904 00:51:53.818089 4059010 openapi.go:759] [knative.dev/pkg/apis/duck/v1.Status] Conditions knative.dev/pkg/apis/duck/v1.Conditions: tag patchStrategy on type Alias; only allowed on type Slice
I0904 00:51:53.818477 4059010 openapi.go:195] generating for type github.com/kserve/kserve/pkg/apis/serving/v1alpha1.InferenceRouter
I0904 00:51:53.819751 4059010 openapi.go:195] generating for type github.com/kserve/kserve/pkg/apis/serving/v1alpha1.InferenceRouterType
I0904 00:51:53.820725 4059010 openapi.go:195] generating for type github.com/kserve/kserve/pkg/apis/serving/v1alpha1.InferenceStep
I0904 00:51:53.822228 4059010 openapi.go:195] generating for type github.com/kserve/kserve/pkg/apis/serving/v1alpha1.InferenceStepDependencyType
I0904 00:51:53.823210 4059010 openapi.go:195] generating for type github.com/kserve/kserve/pkg/apis/serving/v1alpha1.InferenceTarget
I0904 00:51:53.824447 4059010 openapi.go:195] generating for type github.com/kserve/kserve/pkg/apis/serving/v1alpha1.LLMInferenceService
I0904 00:51:53.825832 4059010 openapi.go:195] generating for type github.com/kserve/kserve/pkg/apis/serving/v1alpha1.LLMInferenceServiceConfig
I0904 00:51:53.827159 4059010 openapi.go:195] generating for type github.com/kserve/kserve/pkg/apis/serving/v1alpha1.LLMInferenceServiceConfigList
I0904 00:51:53.828486 4059010 openapi.go:195] generating for type github.com/kserve/kserve/pkg/apis/serving/v1alpha1.LLMInferenceServiceList
I0904 00:51:53.829817 4059010 openapi.go:195] generating for type github.com/kserve/kserve/pkg/apis/serving/v1alpha1.LocalModelCache
I0904 00:51:53.831189 4059010 openapi.go:195] generating for type github.com/kserve/kserve/pkg/apis/serving/v1alpha1.LocalModelCacheList
I0904 00:51:53.832554 4059010 openapi.go:195] generating for type github.com/kserve/kserve/pkg/apis/serving/v1alpha1.LocalModelCacheSpec
I0904 00:51:53.833927 4059010 openapi.go:195] generating for type github.com/kserve/kserve/pkg/apis/serving/v1alpha1.LocalModelNamespaceCache
I0904 00:51:53.835280 4059010 openapi.go:195] generating for type github.com/kserve/kserve/pkg/apis/serving/v1alpha1.LocalModelNamespaceCacheList
I0904 00:51:53.836649 4059010 openapi.go:195] generating for type github.com/kserve/kserve/pkg/apis/serving/v1alpha1.LocalModelNamespaceCacheSpec
I0904 00:51:53.838026 4059010 openapi.go:195] generating for type github.com/kserve/kserve/pkg/apis/serving/v1alpha1.LocalModelNode
I0904 00:51:53.839356 4059010 openapi.go:195] generating for type github.com/kserve/kserve/pkg/apis/serving/v1alpha1.LocalModelNodeGroup
I0904 00:51:53.840651 4059010 openapi.go:195] generating for type github.com/kserve/kserve/pkg/apis/serving/v1alpha1.LocalModelNodeGroupList
I0904 00:51:53.841974 4059010 openapi.go:195] generating for type github.com/kserve/kserve/pkg/apis/serving/v1alpha1.LocalModelNodeGroupSpec
I0904 00:51:53.843277 4059010 openapi.go:195] generating for type github.com/kserve/kserve/pkg/apis/serving/v1alpha1.LocalModelNodeList
I0904 00:51:53.844572 4059010 openapi.go:195] generating for type github.com/kserve/kserve/pkg/apis/serving/v1alpha1.LocalModelNodeSpec
I0904 00:51:53.845716 4059010 openapi.go:195] generating for type github.com/kserve/kserve/pkg/apis/serving/v1alpha1.LocalModelStorageSpec
I0904 00:51:53.846893 4059010 openapi.go:195] generating for type github.com/kserve/kserve/pkg/apis/serving/v1alpha1.ModelSpec
I0904 00:51:53.848127 4059010 openapi.go:195] generating for type github.com/kserve/kserve/pkg/apis/serving/v1alpha1.ServerType
I0904 00:51:53.849084 4059010 openapi.go:195] generating for type github.com/kserve/kserve/pkg/apis/serving/v1alpha1.ServingRuntime
I0904 00:51:53.850456 4059010 openapi.go:195] generating for type github.com/kserve/kserve/pkg/apis/serving/v1alpha1.ServingRuntimeList
I0904 00:51:53.851730 4059010 openapi.go:195] generating for type github.com/kserve/kserve/pkg/apis/serving/v1alpha1.ServingRuntimePodSpec
I0904 00:51:53.852886 4059010 openapi.go:759] [github.com/kserve/kserve/pkg/apis/serving/v1alpha1.ServingRuntimePodSpec] Volumes []k8s.io/api/core/v1.Volume: [merge,retainKeys] not allowed for patchStrategy. Allowed values: [merge retainKeys]
I0904 00:51:53.853496 4059010 openapi.go:759] [github.com/kserve/kserve/pkg/apis/serving/v1alpha1.ServingRuntimePodSpec] ResourceClaims []k8s.io/api/core/v1.PodResourceClaim: [merge,retainKeys] not allowed for patchStrategy. Allowed values: [merge retainKeys]
I0904 00:51:53.853793 4059010 openapi.go:195] generating for type github.com/kserve/kserve/pkg/apis/serving/v1alpha1.ServingRuntimeSpec
I0904 00:51:53.855177 4059010 openapi.go:759] [github.com/kserve/kserve/pkg/apis/serving/v1alpha1.ServingRuntimePodSpec] Volumes []k8s.io/api/core/v1.Volume: [merge,retainKeys] not allowed for patchStrategy. Allowed values: [merge retainKeys]
I0904 00:51:53.855786 4059010 openapi.go:759] [github.com/kserve/kserve/pkg/apis/serving/v1alpha1.ServingRuntimePodSpec] ResourceClaims []k8s.io/api/core/v1.PodResourceClaim: [merge,retainKeys] not allowed for patchStrategy. Allowed values: [merge retainKeys]
I0904 00:51:53.856381 4059010 openapi.go:195] generating for type github.com/kserve/kserve/pkg/apis/serving/v1alpha1.ServingRuntimeStatus
I0904 00:51:53.857404 4059010 openapi.go:195] generating for type github.com/kserve/kserve/pkg/apis/serving/v1alpha1.StorageContainerSpec
I0904 00:51:53.858699 4059010 openapi.go:195] generating for type github.com/kserve/kserve/pkg/apis/serving/v1alpha1.StorageHelper
I0904 00:51:53.859801 4059010 openapi.go:195] generating for type github.com/kserve/kserve/pkg/apis/serving/v1alpha1.SupportedModelFormat
I0904 00:51:53.861041 4059010 openapi.go:195] generating for type github.com/kserve/kserve/pkg/apis/serving/v1alpha1.SupportedUriFormat
I0904 00:51:53.862205 4059010 openapi.go:195] generating for type github.com/kserve/kserve/pkg/apis/serving/v1alpha1.TrainedModel
I0904 00:51:53.863556 4059010 openapi.go:195] generating for type github.com/kserve/kserve/pkg/apis/serving/v1alpha1.TrainedModelList
I0904 00:51:53.864930 4059010 openapi.go:195] generating for type github.com/kserve/kserve/pkg/apis/serving/v1alpha1.TrainedModelSpec
I0904 00:51:53.866158 4059010 openapi.go:195] generating for type github.com/kserve/kserve/pkg/apis/serving/v1alpha1.WorkloadType
I0904 00:51:53.867140 4059010 openapi.go:195] generating for type github.com/kserve/kserve/pkg/apis/serving/v1alpha2.LLMInferenceService
I0904 00:51:53.868543 4059010 openapi.go:195] generating for type github.com/kserve/kserve/pkg/apis/serving/v1alpha2.LLMInferenceServiceConfig
I0904 00:51:53.869910 4059010 openapi.go:195] generating for type github.com/kserve/kserve/pkg/apis/serving/v1alpha2.LLMInferenceServiceConfigList
I0904 00:51:53.871234 4059010 openapi.go:195] generating for type github.com/kserve/kserve/pkg/apis/serving/v1alpha2.LLMInferenceServiceList
I0904 00:51:53.872569 4059010 openapi.go:195] generating for type github.com/kserve/kserve/pkg/apis/serving/v1beta1.APIVersion
I0904 00:51:53.873549 4059010 openapi.go:195] generating for type github.com/kserve/kserve/pkg/apis/serving/v1beta1.ARTExplainerSpec
I0904 00:51:53.877006 4059010 openapi.go:195] generating for type github.com/kserve/kserve/pkg/apis/serving/v1beta1.ARTExplainerType
I0904 00:51:53.878016 4059010 openapi.go:195] generating for type github.com/kserve/kserve/pkg/apis/serving/v1beta1.ARTSquareAttackExplainer
I0904 00:51:53.879001 4059010 openapi.go:195] generating for type github.com/kserve/kserve/pkg/apis/serving/v1beta1.AddToScheme
I0904 00:51:53.879987 4059010 openapi.go:195] generating for type github.com/kserve/kserve/pkg/apis/serving/v1beta1.AuthenticationRef
I0904 00:51:53.881097 4059010 openapi.go:195] generating for type github.com/kserve/kserve/pkg/apis/serving/v1beta1.AutoScalingSpec
I0904 00:51:53.882299 4059010 openapi.go:195] generating for type github.com/kserve/kserve/pkg/apis/serving/v1beta1.AutoscalerConfig
I0904 00:51:53.883423 4059010 openapi.go:195] generating for type github.com/kserve/kserve/pkg/apis/serving/v1beta1.AutoscalerConfigName
I0904 00:51:53.884389 4059010 openapi.go:195] generating for type github.com/kserve/kserve/pkg/apis/serving/v1beta1.AverageValueMetricType
I0904 00:51:53.885353 4059010 openapi.go:195] generating for type github.com/kserve/kserve/pkg/apis/serving/v1beta1.Batcher
I0904 00:51:53.886545 4059010 openapi.go:195] generating for type github.com/kserve/kserve/pkg/apis/serving/v1beta1.BlockedByFailedLoad
I0904 00:51:53.887501 4059010 openapi.go:195] generating for type github.com/kserve/kserve/pkg/apis/serving/v1beta1.CanaryPredictorReady
I0904 00:51:53.888439 4059010 openapi.go:195] generating for type github.com/kserve/kserve/pkg/apis/serving/v1beta1.CanarySpec
I0904 00:51:53.889625 4059010 openapi.go:195] generating for type github.com/kserve/kserve/pkg/apis/serving/v1beta1.CanaryStatus
I0904 00:51:53.890882 4059010 openapi.go:195] generating for type github.com/kserve/kserve/pkg/apis/serving/v1beta1.Component
I0904 00:51:53.891842 4059010 openapi.go:195] generating for type github.com/kserve/kserve/pkg/apis/serving/v1beta1.ComponentExtensionSpec
I0904 00:51:53.893606 4059010 openapi.go:195] generating for type github.com/kserve/kserve/pkg/apis/serving/v1beta1.ComponentImplementation
I0904 00:51:53.894587 4059010 openapi.go:195] generating for type github.com/kserve/kserve/pkg/apis/serving/v1beta1.ComponentStatusSpec
I0904 00:51:53.896084 4059010 openapi.go:195] generating for type github.com/kserve/kserve/pkg/apis/serving/v1beta1.ComponentType
I0904 00:51:53.897047 4059010 openapi.go:195] generating for type github.com/kserve/kserve/pkg/apis/serving/v1beta1.ConfidentialSpec
I0904 00:51:53.898220 4059010 openapi.go:195] generating for type github.com/kserve/kserve/pkg/apis/serving/v1beta1.CustomExplainer
I0904 00:51:53.899290 4059010 openapi.go:759] [k8s.io/api/core/v1.PodSpec] Volumes []k8s.io/api/core/v1.Volume: [merge,retainKeys] not allowed for patchStrategy. Allowed values: [merge retainKeys]
I0904 00:51:53.901806 4059010 openapi.go:759] [k8s.io/api/core/v1.PodSpec] ResourceClaims []k8s.io/api/core/v1.PodResourceClaim: [merge,retainKeys] not allowed for patchStrategy. Allowed values: [merge retainKeys]
I0904 00:51:53.902332 4059010 openapi.go:195] generating for type github.com/kserve/kserve/pkg/apis/serving/v1beta1.CustomPredictor
I0904 00:51:53.903395 4059010 openapi.go:759] [k8s.io/api/core/v1.PodSpec] Volumes []k8s.io/api/core/v1.Volume: [merge,retainKeys] not allowed for patchStrategy. Allowed values: [merge retainKeys]
I0904 00:51:53.905754 4059010 openapi.go:759] [k8s.io/api/core/v1.PodSpec] ResourceClaims []k8s.io/api/core/v1.PodResourceClaim: [merge,retainKeys] not allowed for patchStrategy. Allowed values: [merge retainKeys]
I0904 00:51:53.906277 4059010 openapi.go:195] generating for type github.com/kserve/kserve/pkg/apis/serving/v1beta1.CustomTransformer
I0904 00:51:53.907315 4059010 openapi.go:759] [k8s.io/api/core/v1.PodSpec] Volumes []k8s.io/api/core/v1.Volume: [merge,retainKeys] not allowed for patchStrategy. Allowed values: [merge retainKeys]
I0904 00:51:53.909651 4059010 openapi.go:759] [k8s.io/api/core/v1.PodSpec] ResourceClaims []k8s.io/api/core/v1.PodResourceClaim: [merge,retainKeys] not allowed for patchStrategy. Allowed values: [merge retainKeys]
I0904 00:51:53.910150 4059010 openapi.go:195] generating for type github.com/kserve/kserve/pkg/apis/serving/v1beta1.DefaultDomainTemplate
I0904 00:51:53.911161 4059010 openapi.go:195] generating for type github.com/kserve/kserve/pkg/apis/serving/v1beta1.DefaultIngressDomain
I0904 00:51:53.912127 4059010 openapi.go:195] generating for type github.com/kserve/kserve/pkg/apis/serving/v1beta1.DefaultModelBasedRoutingHeaderName
I0904 00:51:53.913104 4059010 openapi.go:195] generating for type github.com/kserve/kserve/pkg/apis/serving/v1beta1.DefaultModelBasedRoutingMode
I0904 00:51:53.914067 4059010 openapi.go:195] generating for type github.com/kserve/kserve/pkg/apis/serving/v1beta1.DefaultUrlScheme
I0904 00:51:53.915059 4059010 openapi.go:195] generating for type github.com/kserve/kserve/pkg/apis/serving/v1beta1.DeployConfig
I0904 00:51:53.916216 4059010 openapi.go:195] generating for type github.com/kserve/kserve/pkg/apis/serving/v1beta1.DeployConfigName
I0904 00:51:53.917167 4059010 openapi.go:195] generating for type github.com/kserve/kserve/pkg/apis/serving/v1beta1.DeploymentRolloutStrategy
I0904 00:51:53.918308 4059010 openapi.go:195] generating for type github.com/kserve/kserve/pkg/apis/serving/v1beta1.DisallowedMultipleContainersInWorkerSpecError
I0904 00:51:53.919284 4059010 openapi.go:195] generating for type github.com/kserve/kserve/pkg/apis/serving/v1beta1.DisallowedWorkerSpecPipelineParallelSizeEnvError
I0904 00:51:53.920249 4059010 openapi.go:195] generating for type github.com/kserve/kserve/pkg/apis/serving/v1beta1.DisallowedWorkerSpecTensorParallelSizeEnvError
I0904 00:51:53.921187 4059010 openapi.go:195] generating for type github.com/kserve/kserve/pkg/apis/serving/v1beta1.ErrInvalidKserveIngressGatewayFormat
I0904 00:51:53.922150 4059010 openapi.go:195] generating for type github.com/kserve/kserve/pkg/apis/serving/v1beta1.ErrInvalidKserveIngressGatewayName
I0904 00:51:53.923139 4059010 openapi.go:195] generating for type github.com/kserve/kserve/pkg/apis/serving/v1beta1.ErrInvalidKserveIngressGatewayNamespace
I0904 00:51:53.924113 4059010 openapi.go:195] generating for type github.com/kserve/kserve/pkg/apis/serving/v1beta1.ErrKserveIngressGatewayRequired
I0904 00:51:53.925104 4059010 openapi.go:195] generating for type github.com/kserve/kserve/pkg/apis/serving/v1beta1.ExactlyOneErrorFor
I0904 00:51:53.926078 4059010 openapi.go:195] generating for type github.com/kserve/kserve/pkg/apis/serving/v1beta1.ExplainerComponent
I0904 00:51:53.927032 4059010 openapi.go:195] generating for type github.com/kserve/kserve/pkg/apis/serving/v1beta1.ExplainerConfig
I0904 00:51:53.928184 4059010 openapi.go:195] generating for type github.com/kserve/kserve/pkg/apis/serving/v1beta1.ExplainerConfigKeyName
I0904 00:51:53.929156 4059010 openapi.go:195] generating for type github.com/kserve/kserve/pkg/apis/serving/v1beta1.ExplainerConfigurationReady
I0904 00:51:53.930125 4059010 openapi.go:195] generating for type github.com/kserve/kserve/pkg/apis/serving/v1beta1.ExplainerExtensionSpec
I0904 00:51:53.933163 4059010 openapi.go:195] generating for type github.com/kserve/kserve/pkg/apis/serving/v1beta1.ExplainerReady
I0904 00:51:53.934156 4059010 openapi.go:195] generating for type github.com/kserve/kserve/pkg/apis/serving/v1beta1.ExplainerRoutesReady
I0904 00:51:53.935116 4059010 openapi.go:195] generating for type github.com/kserve/kserve/pkg/apis/serving/v1beta1.ExplainerSpec
I0904 00:51:53.936231 4059010 openapi.go:759] [github.com/kserve/kserve/pkg/apis/serving/v1beta1.PodSpec] Volumes []k8s.io/api/core/v1.Volume: [merge,retainKeys] not allowed for patchStrategy. Allowed values: [merge retainKeys]
I0904 00:51:53.938282 4059010 openapi.go:759] [github.com/kserve/kserve/pkg/apis/serving/v1beta1.PodSpec] ResourceClaims []k8s.io/api/core/v1.PodResourceClaim: [merge,retainKeys] not allowed for patchStrategy. Allowed values: [merge retainKeys]
I0904 00:51:53.939462 4059010 openapi.go:195] generating for type github.com/kserve/kserve/pkg/apis/serving/v1beta1.ExplainersConfig
I0904 00:51:53.940584 4059010 openapi.go:195] generating for type github.com/kserve/kserve/pkg/apis/serving/v1beta1.ExtMetricAuthentication
I0904 00:51:53.941744 4059010 openapi.go:195] generating for type github.com/kserve/kserve/pkg/apis/serving/v1beta1.ExternalMetricSource
I0904 00:51:53.942949 4059010 openapi.go:195] generating for type github.com/kserve/kserve/pkg/apis/serving/v1beta1.ExternalMetricSourceType
I0904 00:51:53.943932 4059010 openapi.go:195] generating for type github.com/kserve/kserve/pkg/apis/serving/v1beta1.ExternalMetrics
I0904 00:51:53.945141 4059010 openapi.go:195] generating for type github.com/kserve/kserve/pkg/apis/serving/v1beta1.FailedToLoad
I0904 00:51:53.946109 4059010 openapi.go:195] generating for type github.com/kserve/kserve/pkg/apis/serving/v1beta1.FailureInfo
I0904 00:51:53.947469 4059010 openapi.go:195] generating for type github.com/kserve/kserve/pkg/apis/serving/v1beta1.FailureReason
I0904 00:51:53.948440 4059010 openapi.go:195] generating for type github.com/kserve/kserve/pkg/apis/serving/v1beta1.FirstNonNilComponent
I0904 00:51:53.949408 4059010 openapi.go:195] generating for type github.com/kserve/kserve/pkg/apis/serving/v1beta1.GetConfidentialSpecFromPredictor
I0904 00:51:53.950371 4059010 openapi.go:195] generating for type github.com/kserve/kserve/pkg/apis/serving/v1beta1.GetInferenceServiceConfigMap
I0904 00:51:53.951317 4059010 openapi.go:195] generating for type github.com/kserve/kserve/pkg/apis/serving/v1beta1.GetProtocolVersionPriority
I0904 00:51:53.952267 4059010 openapi.go:195] generating for type github.com/kserve/kserve/pkg/apis/serving/v1beta1.GetStorageInitializerConfigs
I0904 00:51:53.953239 4059010 openapi.go:195] generating for type github.com/kserve/kserve/pkg/apis/serving/v1beta1.GraphiteBackend
I0904 00:51:53.954171 4059010 openapi.go:195] generating for type github.com/kserve/kserve/pkg/apis/serving/v1beta1.HuggingFaceRuntimeSpec
I0904 00:51:53.957518 4059010 openapi.go:195] generating for type github.com/kserve/kserve/pkg/apis/serving/v1beta1.InProgress
I0904 00:51:53.958524 4059010 openapi.go:195] generating for type github.com/kserve/kserve/pkg/apis/serving/v1beta1.InferenceService
I0904 00:51:53.959820 4059010 openapi.go:195] generating for type github.com/kserve/kserve/pkg/apis/serving/v1beta1.InferenceServiceConfigKeyName
I0904 00:51:53.960794 4059010 openapi.go:195] generating for type github.com/kserve/kserve/pkg/apis/serving/v1beta1.InferenceServiceDefaulter
I0904 00:51:53.961805 4059010 openapi.go:195] generating for type github.com/kserve/kserve/pkg/apis/serving/v1beta1.InferenceServiceList
I0904 00:51:53.963133 4059010 openapi.go:195] generating for type github.com/kserve/kserve/pkg/apis/serving/v1beta1.InferenceServiceSpec
I0904 00:51:53.964517 4059010 openapi.go:195] generating for type github.com/kserve/kserve/pkg/apis/serving/v1beta1.InferenceServiceStatus
I0904 00:51:53.965614 4059010 openapi.go:759] [knative.dev/pkg/apis/duck/v1.Status] Conditions knative.dev/pkg/apis/duck/v1.Conditions: tag patchMergeKey on type Alias; only allowed on type Slice
I0904 00:51:53.965636 4059010 openapi.go:759] [knative.dev/pkg/apis/duck/v1.Status] Conditions knative.dev/pkg/apis/duck/v1.Conditions: tag patchStrategy on type Alias; only allowed on type Slice
I0904 00:51:53.966262 4059010 openapi.go:195] generating for type github.com/kserve/kserve/pkg/apis/serving/v1beta1.InferenceServiceValidator
I0904 00:51:53.967297 4059010 openapi.go:195] generating for type github.com/kserve/kserve/pkg/apis/serving/v1beta1.InferenceServicesConfig
I0904 00:51:53.968575 4059010 openapi.go:195] generating for type github.com/kserve/kserve/pkg/apis/serving/v1beta1.IngressConfig
I0904 00:51:53.970134 4059010 openapi.go:195] generating for type github.com/kserve/kserve/pkg/apis/serving/v1beta1.IngressConfigKeyName
I0904 00:51:53.971099 4059010 openapi.go:195] generating for type github.com/kserve/kserve/pkg/apis/serving/v1beta1.IngressReady
I0904 00:51:53.972029 4059010 openapi.go:195] generating for type github.com/kserve/kserve/pkg/apis/serving/v1beta1.InvalidAutoScalerError
I0904 00:51:53.972959 4059010 openapi.go:195] generating for type github.com/kserve/kserve/pkg/apis/serving/v1beta1.InvalidGPUAllocation
I0904 00:51:53.973917 4059010 openapi.go:195] generating for type github.com/kserve/kserve/pkg/apis/serving/v1beta1.InvalidISVCNameFormatError
I0904 00:51:53.974892 4059010 openapi.go:195] generating for type github.com/kserve/kserve/pkg/apis/serving/v1beta1.InvalidLoggerStorageConfigError
I0904 00:51:53.975866 4059010 openapi.go:195] generating for type github.com/kserve/kserve/pkg/apis/serving/v1beta1.InvalidLoggerType
I0904 00:51:53.976810 4059010 openapi.go:195] generating for type github.com/kserve/kserve/pkg/apis/serving/v1beta1.InvalidNotSupportedStorageURIProtocolError
I0904 00:51:53.977746 4059010 openapi.go:195] generating for type github.com/kserve/kserve/pkg/apis/serving/v1beta1.InvalidPredictorSpec
I0904 00:51:53.978686 4059010 openapi.go:195] generating for type github.com/kserve/kserve/pkg/apis/serving/v1beta1.InvalidProtocol
I0904 00:51:53.979623 4059010 openapi.go:195] generating for type github.com/kserve/kserve/pkg/apis/serving/v1beta1.InvalidPyTorchRuntimeExcludesGPU
I0904 00:51:53.980550 4059010 openapi.go:195] generating for type github.com/kserve/kserve/pkg/apis/serving/v1beta1.InvalidPyTorchRuntimeIncludesGPU
I0904 00:51:53.981484 4059010 openapi.go:195] generating for type github.com/kserve/kserve/pkg/apis/serving/v1beta1.InvalidSpec
I0904 00:51:53.982401 4059010 openapi.go:195] generating for type github.com/kserve/kserve/pkg/apis/serving/v1beta1.InvalidStorageUriConfigError
I0904 00:51:53.983347 4059010 openapi.go:195] generating for type github.com/kserve/kserve/pkg/apis/serving/v1beta1.InvalidTensorflowRuntimeExcludesGPU
I0904 00:51:53.984281 4059010 openapi.go:195] generating for type github.com/kserve/kserve/pkg/apis/serving/v1beta1.InvalidTensorflowRuntimeIncludesGPU
I0904 00:51:53.985213 4059010 openapi.go:195] generating for type github.com/kserve/kserve/pkg/apis/serving/v1beta1.InvalidUnknownGPUTypeError
I0904 00:51:53.986147 4059010 openapi.go:195] generating for type github.com/kserve/kserve/pkg/apis/serving/v1beta1.InvalidWorkerSpecNotSet
I0904 00:51:53.987106 4059010 openapi.go:195] generating for type github.com/kserve/kserve/pkg/apis/serving/v1beta1.InvalidWorkerSpecPipelineParallelSizeValueError
I0904 00:51:53.988067 4059010 openapi.go:195] generating for type github.com/kserve/kserve/pkg/apis/serving/v1beta1.InvalidWorkerSpecTensorParallelSizeValueError
I0904 00:51:53.989020 4059010 openapi.go:195] generating for type github.com/kserve/kserve/pkg/apis/serving/v1beta1.IsvcNameFmt
I0904 00:51:53.989957 4059010 openapi.go:195] generating for type github.com/kserve/kserve/pkg/apis/serving/v1beta1.IsvcRegexp
I0904 00:51:53.990895 4059010 openapi.go:195] generating for type github.com/kserve/kserve/pkg/apis/serving/v1beta1.LatestDeploymentReady
I0904 00:51:53.991836 4059010 openapi.go:195] generating for type github.com/kserve/kserve/pkg/apis/serving/v1beta1.LightGBMSpec
I0904 00:51:53.994855 4059010 openapi.go:195] generating for type github.com/kserve/kserve/pkg/apis/serving/v1beta1.Loaded
I0904 00:51:53.995825 4059010 openapi.go:195] generating for type github.com/kserve/kserve/pkg/apis/serving/v1beta1.Loading
I0904 00:51:53.996782 4059010 openapi.go:195] generating for type github.com/kserve/kserve/pkg/apis/serving/v1beta1.LocalModelConfig
I0904 00:51:53.998032 4059010 openapi.go:195] generating for type github.com/kserve/kserve/pkg/apis/serving/v1beta1.LocalModelConfigName
I0904 00:51:53.998986 4059010 openapi.go:195] generating for type github.com/kserve/kserve/pkg/apis/serving/v1beta1.LogAll
I0904 00:51:53.999974 4059010 openapi.go:195] generating for type github.com/kserve/kserve/pkg/apis/serving/v1beta1.LogRequest
I0904 00:51:54.000934 4059010 openapi.go:195] generating for type github.com/kserve/kserve/pkg/apis/serving/v1beta1.LogResponse
I0904 00:51:54.001896 4059010 openapi.go:195] generating for type github.com/kserve/kserve/pkg/apis/serving/v1beta1.LoggerSpec
I0904 00:51:54.003345 4059010 openapi.go:195] generating for type github.com/kserve/kserve/pkg/apis/serving/v1beta1.LoggerStorageSpec
I0904 00:51:54.004562 4059010 openapi.go:195] generating for type github.com/kserve/kserve/pkg/apis/serving/v1beta1.LoggerType
I0904 00:51:54.005523 4059010 openapi.go:195] generating for type github.com/kserve/kserve/pkg/apis/serving/v1beta1.MaxReplicasLowerBoundExceededError
I0904 00:51:54.006463 4059010 openapi.go:195] generating for type github.com/kserve/kserve/pkg/apis/serving/v1beta1.MetricCPU
I0904 00:51:54.007403 4059010 openapi.go:195] generating for type github.com/kserve/kserve/pkg/apis/serving/v1beta1.MetricConcurrency
I0904 00:51:54.008341 4059010 openapi.go:195] generating for type github.com/kserve/kserve/pkg/apis/serving/v1beta1.MetricMemory
I0904 00:51:54.009286 4059010 openapi.go:195] generating for type github.com/kserve/kserve/pkg/apis/serving/v1beta1.MetricRPS
I0904 00:51:54.010234 4059010 openapi.go:195] generating for type github.com/kserve/kserve/pkg/apis/serving/v1beta1.MetricSourceType
I0904 00:51:54.011176 4059010 openapi.go:195] generating for type github.com/kserve/kserve/pkg/apis/serving/v1beta1.MetricTarget
I0904 00:51:54.012490 4059010 openapi.go:195] generating for type github.com/kserve/kserve/pkg/apis/serving/v1beta1.MetricTargetType
I0904 00:51:54.013512 4059010 openapi.go:195] generating for type github.com/kserve/kserve/pkg/apis/serving/v1beta1.MetricsBackend
I0904 00:51:54.014502 4059010 openapi.go:195] generating for type github.com/kserve/kserve/pkg/apis/serving/v1beta1.MetricsSpec
I0904 00:51:54.015765 4059010 openapi.go:195] generating for type github.com/kserve/kserve/pkg/apis/serving/v1beta1.MinReplicasLowerBoundExceededError
I0904 00:51:54.016717 4059010 openapi.go:195] generating for type github.com/kserve/kserve/pkg/apis/serving/v1beta1.MinReplicasShouldBeLessThanMaxError
I0904 00:51:54.017665 4059010 openapi.go:195] generating for type github.com/kserve/kserve/pkg/apis/serving/v1beta1.MissingStorageURI
I0904 00:51:54.018599 4059010 openapi.go:195] generating for type github.com/kserve/kserve/pkg/apis/serving/v1beta1.ModelCopies
I0904 00:51:54.019743 4059010 openapi.go:195] generating for type github.com/kserve/kserve/pkg/apis/serving/v1beta1.ModelFormat
I0904 00:51:54.020870 4059010 openapi.go:195] generating for type github.com/kserve/kserve/pkg/apis/serving/v1beta1.ModelLoadFailed
I0904 00:51:54.021816 4059010 openapi.go:195] generating for type github.com/kserve/kserve/pkg/apis/serving/v1beta1.ModelRevisionStates
I0904 00:51:54.022929 4059010 openapi.go:195] generating for type github.com/kserve/kserve/pkg/apis/serving/v1beta1.ModelSpec
I0904 00:51:54.026142 4059010 openapi.go:195] generating for type github.com/kserve/kserve/pkg/apis/serving/v1beta1.ModelState
I0904 00:51:54.027142 4059010 openapi.go:195] generating for type github.com/kserve/kserve/pkg/apis/serving/v1beta1.ModelStatus
I0904 00:51:54.028433 4059010 openapi.go:195] generating for type github.com/kserve/kserve/pkg/apis/serving/v1beta1.ModelStorageSpec
I0904 00:51:54.029695 4059010 openapi.go:195] generating for type github.com/kserve/kserve/pkg/apis/serving/v1beta1.MultiNodeConfig
I0904 00:51:54.030813 4059010 openapi.go:195] generating for type github.com/kserve/kserve/pkg/apis/serving/v1beta1.MultiNodeConfigKeyName
I0904 00:51:54.031764 4059010 openapi.go:195] generating for type github.com/kserve/kserve/pkg/apis/serving/v1beta1.NewAutoscalerConfig
I0904 00:51:54.032715 4059010 openapi.go:195] generating for type github.com/kserve/kserve/pkg/apis/serving/v1beta1.NewCustomExplainer
I0904 00:51:54.033675 4059010 openapi.go:195] generating for type github.com/kserve/kserve/pkg/apis/serving/v1beta1.NewCustomPredictor
I0904 00:51:54.034620 4059010 openapi.go:195] generating for type github.com/kserve/kserve/pkg/apis/serving/v1beta1.NewCustomTransformer
I0904 00:51:54.035569 4059010 openapi.go:195] generating for type github.com/kserve/kserve/pkg/apis/serving/v1beta1.NewDeployConfig
I0904 00:51:54.036534 4059010 openapi.go:195] generating for type github.com/kserve/kserve/pkg/apis/serving/v1beta1.NewInferenceServicesConfig
I0904 00:51:54.037476 4059010 openapi.go:195] generating for type github.com/kserve/kserve/pkg/apis/serving/v1beta1.NewIngressConfig
I0904 00:51:54.038400 4059010 openapi.go:195] generating for type github.com/kserve/kserve/pkg/apis/serving/v1beta1.NewLocalModelConfig
I0904 00:51:54.039344 4059010 openapi.go:195] generating for type github.com/kserve/kserve/pkg/apis/serving/v1beta1.NewMetricQuantity
I0904 00:51:54.040280 4059010 openapi.go:195] generating for type github.com/kserve/kserve/pkg/apis/serving/v1beta1.NewMultiNodeConfig
I0904 00:51:54.041214 4059010 openapi.go:195] generating for type github.com/kserve/kserve/pkg/apis/serving/v1beta1.NewOtelCollectorConfig
I0904 00:51:54.042134 4059010 openapi.go:195] generating for type github.com/kserve/kserve/pkg/apis/serving/v1beta1.NewSecurityConfig
I0904 00:51:54.043163 4059010 openapi.go:195] generating for type github.com/kserve/kserve/pkg/apis/serving/v1beta1.NewServiceConfig
I0904 00:51:54.044123 4059010 openapi.go:195] generating for type github.com/kserve/kserve/pkg/apis/serving/v1beta1.NoSupportingRuntime
I0904 00:51:54.045097 4059010 openapi.go:195] generating for type github.com/kserve/kserve/pkg/apis/serving/v1beta1.NonNilComponents
I0904 00:51:54.046040 4059010 openapi.go:195] generating for type github.com/kserve/kserve/pkg/apis/serving/v1beta1.ONNXFileExt
I0904 00:51:54.046974 4059010 openapi.go:195] generating for type github.com/kserve/kserve/pkg/apis/serving/v1beta1.ONNXRuntimeSpec
I0904 00:51:54.050139 4059010 openapi.go:195] generating for type github.com/kserve/kserve/pkg/apis/serving/v1beta1.OpenTelemetryBackend
I0904 00:51:54.051148 4059010 openapi.go:195] generating for type github.com/kserve/kserve/pkg/apis/serving/v1beta1.OtelCollectorConfig
I0904 00:51:54.053190 4059010 openapi.go:195] generating for type github.com/kserve/kserve/pkg/apis/serving/v1beta1.OtelCollectorConfigName
I0904 00:51:54.054213 4059010 openapi.go:195] generating for type github.com/kserve/kserve/pkg/apis/serving/v1beta1.PMMLSpec
I0904 00:51:54.057241 4059010 openapi.go:195] generating for type github.com/kserve/kserve/pkg/apis/serving/v1beta1.PaddleServerSpec
I0904 00:51:54.060261 4059010 openapi.go:195] generating for type github.com/kserve/kserve/pkg/apis/serving/v1beta1.ParallelismLowerBoundExceededError
I0904 00:51:54.061223 4059010 openapi.go:195] generating for type github.com/kserve/kserve/pkg/apis/serving/v1beta1.Pending
I0904 00:51:54.062147 4059010 openapi.go:195] generating for type github.com/kserve/kserve/pkg/apis/serving/v1beta1.PodMetricSource
I0904 00:51:54.063400 4059010 openapi.go:195] generating for type github.com/kserve/kserve/pkg/apis/serving/v1beta1.PodMetricSourceType
I0904 00:51:54.064386 4059010 openapi.go:195] generating for type github.com/kserve/kserve/pkg/apis/serving/v1beta1.PodMetrics
I0904 00:51:54.065670 4059010 openapi.go:195] generating for type github.com/kserve/kserve/pkg/apis/serving/v1beta1.PodSpec
I0904 00:51:54.066693 4059010 openapi.go:759] [github.com/kserve/kserve/pkg/apis/serving/v1beta1.PodSpec] Volumes []k8s.io/api/core/v1.Volume: [merge,retainKeys] not allowed for patchStrategy. Allowed values: [merge retainKeys]
I0904 00:51:54.068901 4059010 openapi.go:759] [github.com/kserve/kserve/pkg/apis/serving/v1beta1.PodSpec] ResourceClaims []k8s.io/api/core/v1.PodResourceClaim: [merge,retainKeys] not allowed for patchStrategy. Allowed values: [merge retainKeys]
I0904 00:51:54.069431 4059010 openapi.go:195] generating for type github.com/kserve/kserve/pkg/apis/serving/v1beta1.PodsMetricsBackend
I0904 00:51:54.070381 4059010 openapi.go:195] generating for type github.com/kserve/kserve/pkg/apis/serving/v1beta1.PredictorComponent
I0904 00:51:54.071323 4059010 openapi.go:195] generating for type github.com/kserve/kserve/pkg/apis/serving/v1beta1.PredictorConfigurationReady
I0904 00:51:54.072259 4059010 openapi.go:195] generating for type github.com/kserve/kserve/pkg/apis/serving/v1beta1.PredictorExtensionSpec
I0904 00:51:54.075606 4059010 openapi.go:195] generating for type github.com/kserve/kserve/pkg/apis/serving/v1beta1.PredictorImplementation
I0904 00:51:54.076574 4059010 openapi.go:195] generating for type github.com/kserve/kserve/pkg/apis/serving/v1beta1.PredictorReady
I0904 00:51:54.077525 4059010 openapi.go:195] generating for type github.com/kserve/kserve/pkg/apis/serving/v1beta1.PredictorRouteReady
I0904 00:51:54.078459 4059010 openapi.go:195] generating for type github.com/kserve/kserve/pkg/apis/serving/v1beta1.PredictorSpec
I0904 00:51:54.080089 4059010 openapi.go:759] [github.com/kserve/kserve/pkg/apis/serving/v1beta1.PodSpec] Volumes []k8s.io/api/core/v1.Volume: [merge,retainKeys] not allowed for patchStrategy. Allowed values: [merge retainKeys]
I0904 00:51:54.082370 4059010 openapi.go:759] [github.com/kserve/kserve/pkg/apis/serving/v1beta1.PodSpec] ResourceClaims []k8s.io/api/core/v1.PodResourceClaim: [merge,retainKeys] not allowed for patchStrategy. Allowed values: [merge retainKeys]
I0904 00:51:54.083766 4059010 openapi.go:195] generating for type github.com/kserve/kserve/pkg/apis/serving/v1beta1.PrometheusBackend
I0904 00:51:54.084739 4059010 openapi.go:195] generating for type github.com/kserve/kserve/pkg/apis/serving/v1beta1.PyTorchServingGPUSuffix
I0904 00:51:54.085682 4059010 openapi.go:195] generating for type github.com/kserve/kserve/pkg/apis/serving/v1beta1.Resource
I0904 00:51:54.086621 4059010 openapi.go:195] generating for type github.com/kserve/kserve/pkg/apis/serving/v1beta1.ResourceConfig
I0904 00:51:54.087782 4059010 openapi.go:195] generating for type github.com/kserve/kserve/pkg/apis/serving/v1beta1.ResourceConfigName
I0904 00:51:54.088730 4059010 openapi.go:195] generating for type github.com/kserve/kserve/pkg/apis/serving/v1beta1.ResourceMetric
I0904 00:51:54.089665 4059010 openapi.go:195] generating for type github.com/kserve/kserve/pkg/apis/serving/v1beta1.ResourceMetricCPU
I0904 00:51:54.090600 4059010 openapi.go:195] generating for type github.com/kserve/kserve/pkg/apis/serving/v1beta1.ResourceMetricMemory
I0904 00:51:54.091547 4059010 openapi.go:195] generating for type github.com/kserve/kserve/pkg/apis/serving/v1beta1.ResourceMetricSource
I0904 00:51:54.092693 4059010 openapi.go:195] generating for type github.com/kserve/kserve/pkg/apis/serving/v1beta1.ResourceMetricSourceType
I0904 00:51:54.093647 4059010 openapi.go:195] generating for type github.com/kserve/kserve/pkg/apis/serving/v1beta1.RolloutSpec
I0904 00:51:54.094839 4059010 openapi.go:195] generating for type github.com/kserve/kserve/pkg/apis/serving/v1beta1.RoutesReady
I0904 00:51:54.095792 4059010 openapi.go:195] generating for type github.com/kserve/kserve/pkg/apis/serving/v1beta1.RuntimeDisabled
I0904 00:51:54.096725 4059010 openapi.go:195] generating for type github.com/kserve/kserve/pkg/apis/serving/v1beta1.RuntimeNotRecognized
I0904 00:51:54.097659 4059010 openapi.go:195] generating for type github.com/kserve/kserve/pkg/apis/serving/v1beta1.RuntimeUnhealthy
I0904 00:51:54.098590 4059010 openapi.go:195] generating for type github.com/kserve/kserve/pkg/apis/serving/v1beta1.SKLearnSpec
I0904 00:51:54.101669 4059010 openapi.go:195] generating for type github.com/kserve/kserve/pkg/apis/serving/v1beta1.ScaleMetric
I0904 00:51:54.102629 4059010 openapi.go:195] generating for type github.com/kserve/kserve/pkg/apis/serving/v1beta1.SchemeBuilder
I0904 00:51:54.103588 4059010 openapi.go:195] generating for type github.com/kserve/kserve/pkg/apis/serving/v1beta1.SchemeGroupVersion
I0904 00:51:54.104520 4059010 openapi.go:195] generating for type github.com/kserve/kserve/pkg/apis/serving/v1beta1.SecurityConfig
I0904 00:51:54.105584 4059010 openapi.go:195] generating for type github.com/kserve/kserve/pkg/apis/serving/v1beta1.SecurityConfigName
I0904 00:51:54.106524 4059010 openapi.go:195] generating for type github.com/kserve/kserve/pkg/apis/serving/v1beta1.ServiceConfig
I0904 00:51:54.107592 4059010 openapi.go:195] generating for type github.com/kserve/kserve/pkg/apis/serving/v1beta1.ServiceConfigName
I0904 00:51:54.108528 4059010 openapi.go:195] generating for type github.com/kserve/kserve/pkg/apis/serving/v1beta1.Standby
I0904 00:51:54.109459 4059010 openapi.go:195] generating for type github.com/kserve/kserve/pkg/apis/serving/v1beta1.Stopped
I0904 00:51:54.110381 4059010 openapi.go:195] generating for type github.com/kserve/kserve/pkg/apis/serving/v1beta1.StoppedISVCReason
I0904 00:51:54.111315 4059010 openapi.go:195] generating for type github.com/kserve/kserve/pkg/apis/serving/v1beta1.StorageInitializerConfigMapKeyName
I0904 00:51:54.112241 4059010 openapi.go:195] generating for type github.com/kserve/kserve/pkg/apis/serving/v1beta1.StorageSpec
I0904 00:51:54.113425 4059010 openapi.go:195] generating for type github.com/kserve/kserve/pkg/apis/serving/v1beta1.StorageUri
I0904 00:51:54.114616 4059010 openapi.go:195] generating for type github.com/kserve/kserve/pkg/apis/serving/v1beta1.StorageUriPresentInTransformerError
I0904 00:51:54.115575 4059010 openapi.go:195] generating for type github.com/kserve/kserve/pkg/apis/serving/v1beta1.SupportedStorageSpecURIPrefixList
I0904 00:51:54.116503 4059010 openapi.go:195] generating for type github.com/kserve/kserve/pkg/apis/serving/v1beta1.TFServingSpec
I0904 00:51:54.119466 4059010 openapi.go:195] generating for type github.com/kserve/kserve/pkg/apis/serving/v1beta1.TensorflowEntrypointCommand
I0904 00:51:54.120427 4059010 openapi.go:195] generating for type github.com/kserve/kserve/pkg/apis/serving/v1beta1.TensorflowServingGPUSuffix
I0904 00:51:54.121352 4059010 openapi.go:195] generating for type github.com/kserve/kserve/pkg/apis/serving/v1beta1.TensorflowServingGRPCPort
I0904 00:51:54.122311 4059010 openapi.go:195] generating for type github.com/kserve/kserve/pkg/apis/serving/v1beta1.TensorflowServingRestPort
I0904 00:51:54.123364 4059010 openapi.go:195] generating for type github.com/kserve/kserve/pkg/apis/serving/v1beta1.TorchServeSpec
I0904 00:51:54.126381 4059010 openapi.go:195] generating for type github.com/kserve/kserve/pkg/apis/serving/v1beta1.TransformerComponent
I0904 00:51:54.127332 4059010 openapi.go:195] generating for type github.com/kserve/kserve/pkg/apis/serving/v1beta1.TransformerConfigurationReady
I0904 00:51:54.128276 4059010 openapi.go:195] generating for type github.com/kserve/kserve/pkg/apis/serving/v1beta1.TransformerReady
I0904 00:51:54.129189 4059010 openapi.go:195] generating for type github.com/kserve/kserve/pkg/apis/serving/v1beta1.TransformerRouteReady
I0904 00:51:54.130121 4059010 openapi.go:195] generating for type github.com/kserve/kserve/pkg/apis/serving/v1beta1.TransformerSpec
I0904 00:51:54.131121 4059010 openapi.go:759] [github.com/kserve/kserve/pkg/apis/serving/v1beta1.PodSpec] Volumes []k8s.io/api/core/v1.Volume: [merge,retainKeys] not allowed for patchStrategy. Allowed values: [merge retainKeys]
I0904 00:51:54.133234 4059010 openapi.go:759] [github.com/kserve/kserve/pkg/apis/serving/v1beta1.PodSpec] ResourceClaims []k8s.io/api/core/v1.PodResourceClaim: [merge,retainKeys] not allowed for patchStrategy. Allowed values: [merge retainKeys]
I0904 00:51:54.134482 4059010 openapi.go:195] generating for type github.com/kserve/kserve/pkg/apis/serving/v1beta1.TransitionStatus
I0904 00:51:54.135427 4059010 openapi.go:195] generating for type github.com/kserve/kserve/pkg/apis/serving/v1beta1.TritonSpec
I0904 00:51:54.139084 4059010 openapi.go:195] generating for type github.com/kserve/kserve/pkg/apis/serving/v1beta1.UnsupportedStorageSpecFormatError
I0904 00:51:54.140054 4059010 openapi.go:195] generating for type github.com/kserve/kserve/pkg/apis/serving/v1beta1.UnsupportedStorageURIFormatError
I0904 00:51:54.140998 4059010 openapi.go:195] generating for type github.com/kserve/kserve/pkg/apis/serving/v1beta1.UpToDate
I0904 00:51:54.141934 4059010 openapi.go:195] generating for type github.com/kserve/kserve/pkg/apis/serving/v1beta1.UtilizationMetricType
I0904 00:51:54.142870 4059010 openapi.go:195] generating for type github.com/kserve/kserve/pkg/apis/serving/v1beta1.V1ServiceEnvelope
I0904 00:51:54.143820 4059010 openapi.go:195] generating for type github.com/kserve/kserve/pkg/apis/serving/v1beta1.V2ServiceEnvelope
I0904 00:51:54.144756 4059010 openapi.go:195] generating for type github.com/kserve/kserve/pkg/apis/serving/v1beta1.ValueMetricType
I0904 00:51:54.145685 4059010 openapi.go:195] generating for type github.com/kserve/kserve/pkg/apis/serving/v1beta1.WorkerSpec
I0904 00:51:54.146674 4059010 openapi.go:759] [github.com/kserve/kserve/pkg/apis/serving/v1beta1.PodSpec] Volumes []k8s.io/api/core/v1.Volume: [merge,retainKeys] not allowed for patchStrategy. Allowed values: [merge retainKeys]
I0904 00:51:54.148717 4059010 openapi.go:759] [github.com/kserve/kserve/pkg/apis/serving/v1beta1.PodSpec] ResourceClaims []k8s.io/api/core/v1.PodResourceClaim: [merge,retainKeys] not allowed for patchStrategy. Allowed values: [merge retainKeys]
I0904 00:51:54.149318 4059010 openapi.go:195] generating for type github.com/kserve/kserve/pkg/apis/serving/v1beta1.XGBoostSpec
I0904 00:51:54.152319 4059010 openapi.go:195] generating for type github.com/kserve/kserve/pkg/apis/serving/v1beta1.allStatusesTrue
I0904 00:51:54.153269 4059010 openapi.go:195] generating for type github.com/kserve/kserve/pkg/apis/serving/v1beta1.conditionSet
I0904 00:51:54.154204 4059010 openapi.go:195] generating for type github.com/kserve/kserve/pkg/apis/serving/v1beta1.conditionsMapIndex
I0904 00:51:54.155162 4059010 openapi.go:195] generating for type github.com/kserve/kserve/pkg/apis/serving/v1beta1.configurationConditionsMap
I0904 00:51:54.156119 4059010 openapi.go:195] generating for type github.com/kserve/kserve/pkg/apis/serving/v1beta1.countReadyPods
I0904 00:51:54.157084 4059010 openapi.go:195] generating for type github.com/kserve/kserve/pkg/apis/serving/v1beta1.customTransformerLogger
I0904 00:51:54.158048 4059010 openapi.go:195] generating for type github.com/kserve/kserve/pkg/apis/serving/v1beta1.deleteLocalModelMetadata
I0904 00:51:54.158986 4059010 openapi.go:195] generating for type github.com/kserve/kserve/pkg/apis/serving/v1beta1.disableAutomountServiceAccountToken
I0904 00:51:54.159936 4059010 openapi.go:195] generating for type github.com/kserve/kserve/pkg/apis/serving/v1beta1.getComponentConfig
I0904 00:51:54.160888 4059010 openapi.go:195] generating for type github.com/kserve/kserve/pkg/apis/serving/v1beta1.getDeploymentCondition
I0904 00:51:54.161834 4059010 openapi.go:195] generating for type github.com/kserve/kserve/pkg/apis/serving/v1beta1.getPredictorStorageURI
I0904 00:51:54.162764 4059010 openapi.go:195] generating for type github.com/kserve/kserve/pkg/apis/serving/v1beta1.mutatorLogger
I0904 00:51:54.163714 4059010 openapi.go:195] generating for type github.com/kserve/kserve/pkg/apis/serving/v1beta1.predictorFrameworkContainer
I0904 00:51:54.164651 4059010 openapi.go:195] generating for type github.com/kserve/kserve/pkg/apis/serving/v1beta1.readyConditionsMap
I0904 00:51:54.165643 4059010 openapi.go:195] generating for type github.com/kserve/kserve/pkg/apis/serving/v1beta1.routeConditionsMap
I0904 00:51:54.166620 4059010 openapi.go:195] generating for type github.com/kserve/kserve/pkg/apis/serving/v1beta1.setResourceRequirementDefaults
I0904 00:51:54.167650 4059010 openapi.go:195] generating for type github.com/kserve/kserve/pkg/apis/serving/v1beta1.sortClusterServingRuntimeList
I0904 00:51:54.168609 4059010 openapi.go:195] generating for type github.com/kserve/kserve/pkg/apis/serving/v1beta1.sortServingRuntimeList
I0904 00:51:54.169547 4059010 openapi.go:195] generating for type github.com/kserve/kserve/pkg/apis/serving/v1beta1.sortSupportedRuntimeByPriority
I0904 00:51:54.170482 4059010 openapi.go:195] generating for type github.com/kserve/kserve/pkg/apis/serving/v1beta1.stringSet
I0904 00:51:54.171411 4059010 openapi.go:195] generating for type github.com/kserve/kserve/pkg/apis/serving/v1beta1.validateAutoScalingCompExtension
I0904 00:51:54.172356 4059010 openapi.go:195] generating for type github.com/kserve/kserve/pkg/apis/serving/v1beta1.validateBlockedEnvVars
I0904 00:51:54.173289 4059010 openapi.go:195] generating for type github.com/kserve/kserve/pkg/apis/serving/v1beta1.validateCanarySpecs
I0904 00:51:54.174226 4059010 openapi.go:195] generating for type github.com/kserve/kserve/pkg/apis/serving/v1beta1.validateCollocationStorageURI
I0904 00:51:54.175245 4059010 openapi.go:195] generating for type github.com/kserve/kserve/pkg/apis/serving/v1beta1.validateConfidential
I0904 00:51:54.176171 4059010 openapi.go:195] generating for type github.com/kserve/kserve/pkg/apis/serving/v1beta1.validateContainerConcurrency
I0904 00:51:54.177116 4059010 openapi.go:195] generating for type github.com/kserve/kserve/pkg/apis/serving/v1beta1.validateDeploymentMode
I0904 00:51:54.178044 4059010 openapi.go:195] generating for type github.com/kserve/kserve/pkg/apis/serving/v1beta1.validateExactlyOneImplementation
I0904 00:51:54.179005 4059010 openapi.go:195] generating for type github.com/kserve/kserve/pkg/apis/serving/v1beta1.validateHPAMetrics
I0904 00:51:54.179972 4059010 openapi.go:195] generating for type github.com/kserve/kserve/pkg/apis/serving/v1beta1.validateInferenceService
I0904 00:51:54.180971 4059010 openapi.go:195] generating for type github.com/kserve/kserve/pkg/apis/serving/v1beta1.validateInferenceServiceAutoscaler
I0904 00:51:54.181929 4059010 openapi.go:195] generating for type github.com/kserve/kserve/pkg/apis/serving/v1beta1.validateInferenceServiceName
I0904 00:51:54.182867 4059010 openapi.go:195] generating for type github.com/kserve/kserve/pkg/apis/serving/v1beta1.validateIngressGateway
I0904 00:51:54.183816 4059010 openapi.go:195] generating for type github.com/kserve/kserve/pkg/apis/serving/v1beta1.validateKPAMetrics
I0904 00:51:54.184753 4059010 openapi.go:195] generating for type github.com/kserve/kserve/pkg/apis/serving/v1beta1.validateLogger
I0904 00:51:54.185688 4059010 openapi.go:195] generating for type github.com/kserve/kserve/pkg/apis/serving/v1beta1.validateMultiNodeVariables
I0904 00:51:54.186629 4059010 openapi.go:195] generating for type github.com/kserve/kserve/pkg/apis/serving/v1beta1.validateMultipleStorageURIs
I0904 00:51:54.187570 4059010 openapi.go:195] generating for type github.com/kserve/kserve/pkg/apis/serving/v1beta1.validateMultipleStorageURIsSpec
I0904 00:51:54.188500 4059010 openapi.go:195] generating for type github.com/kserve/kserve/pkg/apis/serving/v1beta1.validatePredictor
I0904 00:51:54.189438 4059010 openapi.go:195] generating for type github.com/kserve/kserve/pkg/apis/serving/v1beta1.validatePredictorNameChange
I0904 00:51:54.190353 4059010 openapi.go:195] generating for type github.com/kserve/kserve/pkg/apis/serving/v1beta1.validateReplicas
I0904 00:51:54.191277 4059010 openapi.go:195] generating for type github.com/kserve/kserve/pkg/apis/serving/v1beta1.validateScaleTarget
I0904 00:51:54.192186 4059010 openapi.go:195] generating for type github.com/kserve/kserve/pkg/apis/serving/v1beta1.validateScalingHPACompExtension
I0904 00:51:54.193114 4059010 openapi.go:195] generating for type github.com/kserve/kserve/pkg/apis/serving/v1beta1.validateScalingKPACompExtension
I0904 00:51:54.194041 4059010 openapi.go:195] generating for type github.com/kserve/kserve/pkg/apis/serving/v1beta1.validateScalingKedaCompExtension
I0904 00:51:54.195003 4059010 openapi.go:195] generating for type github.com/kserve/kserve/pkg/apis/serving/v1beta1.validateStorageSpec
I0904 00:51:54.195939 4059010 openapi.go:195] generating for type github.com/kserve/kserve/pkg/apis/serving/v1beta1.validateStorageURISpec
I0904 00:51:54.196869 4059010 openapi.go:195] generating for type github.com/kserve/kserve/pkg/apis/serving/v1beta1.validateTargetUtilization
I0904 00:51:54.197802 4059010 openapi.go:195] generating for type github.com/kserve/kserve/pkg/apis/serving/v1beta1.validatorLogger
I0904 00:51:54.199586 4059010 api_linter.go:108] validating API rules for type github.com/kserve/kserve/pkg/apis/serving/v1alpha1.BuiltInAdapter
I0904 00:51:54.199610 4059010 api_linter.go:195] validating API rule names_match for type github.com/kserve/kserve/pkg/apis/serving/v1alpha1.BuiltInAdapter
I0904 00:51:54.199624 4059010 api_linter.go:195] validating API rule omitempty_match_case for type github.com/kserve/kserve/pkg/apis/serving/v1alpha1.BuiltInAdapter
I0904 00:51:54.199631 4059010 api_linter.go:195] validating API rule list_type_missing for type github.com/kserve/kserve/pkg/apis/serving/v1alpha1.BuiltInAdapter
I0904 00:51:54.199640 4059010 api_linter.go:195] validating API rule streaming_list_type_field_order for type github.com/kserve/kserve/pkg/apis/serving/v1alpha1.BuiltInAdapter
I0904 00:51:54.199647 4059010 api_linter.go:195] validating API rule streaming_list_type_json_tags for type github.com/kserve/kserve/pkg/apis/serving/v1alpha1.BuiltInAdapter
I0904 00:51:54.199652 4059010 api_linter.go:195] validating API rule streaming_list_type_proto_tags for type github.com/kserve/kserve/pkg/apis/serving/v1alpha1.BuiltInAdapter
I0904 00:51:54.199659 4059010 api_linter.go:108] validating API rules for type github.com/kserve/kserve/pkg/apis/serving/v1alpha1.ClusterServingRuntime
I0904 00:51:54.199665 4059010 api_linter.go:195] validating API rule names_match for type github.com/kserve/kserve/pkg/apis/serving/v1alpha1.ClusterServingRuntime
I0904 00:51:54.199676 4059010 api_linter.go:195] validating API rule omitempty_match_case for type github.com/kserve/kserve/pkg/apis/serving/v1alpha1.ClusterServingRuntime
I0904 00:51:54.199683 4059010 api_linter.go:195] validating API rule list_type_missing for type github.com/kserve/kserve/pkg/apis/serving/v1alpha1.ClusterServingRuntime
I0904 00:51:54.199688 4059010 api_linter.go:195] validating API rule streaming_list_type_field_order for type github.com/kserve/kserve/pkg/apis/serving/v1alpha1.ClusterServingRuntime
I0904 00:51:54.199693 4059010 api_linter.go:195] validating API rule streaming_list_type_json_tags for type github.com/kserve/kserve/pkg/apis/serving/v1alpha1.ClusterServingRuntime
I0904 00:51:54.199698 4059010 api_linter.go:195] validating API rule streaming_list_type_proto_tags for type github.com/kserve/kserve/pkg/apis/serving/v1alpha1.ClusterServingRuntime
I0904 00:51:54.199704 4059010 api_linter.go:108] validating API rules for type github.com/kserve/kserve/pkg/apis/serving/v1alpha1.ClusterServingRuntimeList
I0904 00:51:54.199710 4059010 api_linter.go:195] validating API rule names_match for type github.com/kserve/kserve/pkg/apis/serving/v1alpha1.ClusterServingRuntimeList
I0904 00:51:54.199724 4059010 api_linter.go:195] validating API rule omitempty_match_case for type github.com/kserve/kserve/pkg/apis/serving/v1alpha1.ClusterServingRuntimeList
I0904 00:51:54.199731 4059010 api_linter.go:195] validating API rule list_type_missing for type github.com/kserve/kserve/pkg/apis/serving/v1alpha1.ClusterServingRuntimeList
I0904 00:51:54.199737 4059010 api_linter.go:195] validating API rule streaming_list_type_field_order for type github.com/kserve/kserve/pkg/apis/serving/v1alpha1.ClusterServingRuntimeList
I0904 00:51:54.199743 4059010 api_linter.go:195] validating API rule streaming_list_type_json_tags for type github.com/kserve/kserve/pkg/apis/serving/v1alpha1.ClusterServingRuntimeList
I0904 00:51:54.199749 4059010 api_linter.go:195] validating API rule streaming_list_type_proto_tags for type github.com/kserve/kserve/pkg/apis/serving/v1alpha1.ClusterServingRuntimeList
I0904 00:51:54.199755 4059010 api_linter.go:108] validating API rules for type github.com/kserve/kserve/pkg/apis/serving/v1alpha1.ClusterStorageContainer
I0904 00:51:54.199761 4059010 api_linter.go:195] validating API rule names_match for type github.com/kserve/kserve/pkg/apis/serving/v1alpha1.ClusterStorageContainer
I0904 00:51:54.199769 4059010 api_linter.go:195] validating API rule omitempty_match_case for type github.com/kserve/kserve/pkg/apis/serving/v1alpha1.ClusterStorageContainer
I0904 00:51:54.199776 4059010 api_linter.go:195] validating API rule list_type_missing for type github.com/kserve/kserve/pkg/apis/serving/v1alpha1.ClusterStorageContainer
I0904 00:51:54.199783 4059010 api_linter.go:195] validating API rule streaming_list_type_field_order for type github.com/kserve/kserve/pkg/apis/serving/v1alpha1.ClusterStorageContainer
I0904 00:51:54.199789 4059010 api_linter.go:195] validating API rule streaming_list_type_json_tags for type github.com/kserve/kserve/pkg/apis/serving/v1alpha1.ClusterStorageContainer
I0904 00:51:54.199795 4059010 api_linter.go:195] validating API rule streaming_list_type_proto_tags for type github.com/kserve/kserve/pkg/apis/serving/v1alpha1.ClusterStorageContainer
I0904 00:51:54.199801 4059010 api_linter.go:108] validating API rules for type github.com/kserve/kserve/pkg/apis/serving/v1alpha1.ClusterStorageContainerList
I0904 00:51:54.199807 4059010 api_linter.go:195] validating API rule names_match for type github.com/kserve/kserve/pkg/apis/serving/v1alpha1.ClusterStorageContainerList
I0904 00:51:54.199814 4059010 api_linter.go:195] validating API rule omitempty_match_case for type github.com/kserve/kserve/pkg/apis/serving/v1alpha1.ClusterStorageContainerList
I0904 00:51:54.199820 4059010 api_linter.go:195] validating API rule list_type_missing for type github.com/kserve/kserve/pkg/apis/serving/v1alpha1.ClusterStorageContainerList
I0904 00:51:54.199826 4059010 api_linter.go:195] validating API rule streaming_list_type_field_order for type github.com/kserve/kserve/pkg/apis/serving/v1alpha1.ClusterStorageContainerList
I0904 00:51:54.199831 4059010 api_linter.go:195] validating API rule streaming_list_type_json_tags for type github.com/kserve/kserve/pkg/apis/serving/v1alpha1.ClusterStorageContainerList
I0904 00:51:54.199837 4059010 api_linter.go:195] validating API rule streaming_list_type_proto_tags for type github.com/kserve/kserve/pkg/apis/serving/v1alpha1.ClusterStorageContainerList
I0904 00:51:54.199843 4059010 api_linter.go:108] validating API rules for type github.com/kserve/kserve/pkg/apis/serving/v1alpha1.InfereceGraphRouterTimeouts
I0904 00:51:54.199853 4059010 api_linter.go:195] validating API rule names_match for type github.com/kserve/kserve/pkg/apis/serving/v1alpha1.InfereceGraphRouterTimeouts
I0904 00:51:54.199862 4059010 api_linter.go:195] validating API rule omitempty_match_case for type github.com/kserve/kserve/pkg/apis/serving/v1alpha1.InfereceGraphRouterTimeouts
I0904 00:51:54.199868 4059010 api_linter.go:195] validating API rule list_type_missing for type github.com/kserve/kserve/pkg/apis/serving/v1alpha1.InfereceGraphRouterTimeouts
I0904 00:51:54.199880 4059010 api_linter.go:195] validating API rule streaming_list_type_field_order for type github.com/kserve/kserve/pkg/apis/serving/v1alpha1.InfereceGraphRouterTimeouts
I0904 00:51:54.199886 4059010 api_linter.go:195] validating API rule streaming_list_type_json_tags for type github.com/kserve/kserve/pkg/apis/serving/v1alpha1.InfereceGraphRouterTimeouts
I0904 00:51:54.199892 4059010 api_linter.go:195] validating API rule streaming_list_type_proto_tags for type github.com/kserve/kserve/pkg/apis/serving/v1alpha1.InfereceGraphRouterTimeouts
I0904 00:51:54.199898 4059010 api_linter.go:108] validating API rules for type github.com/kserve/kserve/pkg/apis/serving/v1alpha1.InferenceGraph
I0904 00:51:54.199903 4059010 api_linter.go:195] validating API rule names_match for type github.com/kserve/kserve/pkg/apis/serving/v1alpha1.InferenceGraph
I0904 00:51:54.199912 4059010 api_linter.go:195] validating API rule omitempty_match_case for type github.com/kserve/kserve/pkg/apis/serving/v1alpha1.InferenceGraph
I0904 00:51:54.199921 4059010 api_linter.go:195] validating API rule list_type_missing for type github.com/kserve/kserve/pkg/apis/serving/v1alpha1.InferenceGraph
I0904 00:51:54.199927 4059010 api_linter.go:195] validating API rule streaming_list_type_field_order for type github.com/kserve/kserve/pkg/apis/serving/v1alpha1.InferenceGraph
I0904 00:51:54.199933 4059010 api_linter.go:195] validating API rule streaming_list_type_json_tags for type github.com/kserve/kserve/pkg/apis/serving/v1alpha1.InferenceGraph
I0904 00:51:54.199938 4059010 api_linter.go:195] validating API rule streaming_list_type_proto_tags for type github.com/kserve/kserve/pkg/apis/serving/v1alpha1.InferenceGraph
I0904 00:51:54.199944 4059010 api_linter.go:108] validating API rules for type github.com/kserve/kserve/pkg/apis/serving/v1alpha1.InferenceGraphList
I0904 00:51:54.199950 4059010 api_linter.go:195] validating API rule names_match for type github.com/kserve/kserve/pkg/apis/serving/v1alpha1.InferenceGraphList
I0904 00:51:54.199957 4059010 api_linter.go:195] validating API rule omitempty_match_case for type github.com/kserve/kserve/pkg/apis/serving/v1alpha1.InferenceGraphList
I0904 00:51:54.199963 4059010 api_linter.go:195] validating API rule list_type_missing for type github.com/kserve/kserve/pkg/apis/serving/v1alpha1.InferenceGraphList
I0904 00:51:54.199970 4059010 api_linter.go:195] validating API rule streaming_list_type_field_order for type github.com/kserve/kserve/pkg/apis/serving/v1alpha1.InferenceGraphList
I0904 00:51:54.199975 4059010 api_linter.go:195] validating API rule streaming_list_type_json_tags for type github.com/kserve/kserve/pkg/apis/serving/v1alpha1.InferenceGraphList
I0904 00:51:54.199981 4059010 api_linter.go:195] validating API rule streaming_list_type_proto_tags for type github.com/kserve/kserve/pkg/apis/serving/v1alpha1.InferenceGraphList
I0904 00:51:54.199987 4059010 api_linter.go:108] validating API rules for type github.com/kserve/kserve/pkg/apis/serving/v1alpha1.InferenceGraphSpec
I0904 00:51:54.199992 4059010 api_linter.go:195] validating API rule names_match for type github.com/kserve/kserve/pkg/apis/serving/v1alpha1.InferenceGraphSpec
I0904 00:51:54.200005 4059010 api_linter.go:195] validating API rule omitempty_match_case for type github.com/kserve/kserve/pkg/apis/serving/v1alpha1.InferenceGraphSpec
I0904 00:51:54.200012 4059010 api_linter.go:195] validating API rule list_type_missing for type github.com/kserve/kserve/pkg/apis/serving/v1alpha1.InferenceGraphSpec
I0904 00:51:54.200026 4059010 api_linter.go:195] validating API rule streaming_list_type_field_order for type github.com/kserve/kserve/pkg/apis/serving/v1alpha1.InferenceGraphSpec
I0904 00:51:54.200032 4059010 api_linter.go:195] validating API rule streaming_list_type_json_tags for type github.com/kserve/kserve/pkg/apis/serving/v1alpha1.InferenceGraphSpec
I0904 00:51:54.200037 4059010 api_linter.go:195] validating API rule streaming_list_type_proto_tags for type github.com/kserve/kserve/pkg/apis/serving/v1alpha1.InferenceGraphSpec
I0904 00:51:54.200046 4059010 api_linter.go:108] validating API rules for type github.com/kserve/kserve/pkg/apis/serving/v1alpha1.InferenceGraphStatus
I0904 00:51:54.200052 4059010 api_linter.go:195] validating API rule names_match for type github.com/kserve/kserve/pkg/apis/serving/v1alpha1.InferenceGraphStatus
I0904 00:51:54.200060 4059010 api_linter.go:195] validating API rule omitempty_match_case for type github.com/kserve/kserve/pkg/apis/serving/v1alpha1.InferenceGraphStatus
I0904 00:51:54.200066 4059010 api_linter.go:195] validating API rule list_type_missing for type github.com/kserve/kserve/pkg/apis/serving/v1alpha1.InferenceGraphStatus
I0904 00:51:54.200073 4059010 api_linter.go:195] validating API rule streaming_list_type_field_order for type github.com/kserve/kserve/pkg/apis/serving/v1alpha1.InferenceGraphStatus
I0904 00:51:54.200079 4059010 api_linter.go:195] validating API rule streaming_list_type_json_tags for type github.com/kserve/kserve/pkg/apis/serving/v1alpha1.InferenceGraphStatus
I0904 00:51:54.200084 4059010 api_linter.go:195] validating API rule streaming_list_type_proto_tags for type github.com/kserve/kserve/pkg/apis/serving/v1alpha1.InferenceGraphStatus
I0904 00:51:54.200090 4059010 api_linter.go:108] validating API rules for type github.com/kserve/kserve/pkg/apis/serving/v1alpha1.InferenceRouter
I0904 00:51:54.200096 4059010 api_linter.go:195] validating API rule names_match for type github.com/kserve/kserve/pkg/apis/serving/v1alpha1.InferenceRouter
I0904 00:51:54.200103 4059010 api_linter.go:195] validating API rule omitempty_match_case for type github.com/kserve/kserve/pkg/apis/serving/v1alpha1.InferenceRouter
I0904 00:51:54.200108 4059010 api_linter.go:195] validating API rule list_type_missing for type github.com/kserve/kserve/pkg/apis/serving/v1alpha1.InferenceRouter
I0904 00:51:54.200115 4059010 api_linter.go:195] validating API rule streaming_list_type_field_order for type github.com/kserve/kserve/pkg/apis/serving/v1alpha1.InferenceRouter
I0904 00:51:54.200120 4059010 api_linter.go:195] validating API rule streaming_list_type_json_tags for type github.com/kserve/kserve/pkg/apis/serving/v1alpha1.InferenceRouter
I0904 00:51:54.200126 4059010 api_linter.go:195] validating API rule streaming_list_type_proto_tags for type github.com/kserve/kserve/pkg/apis/serving/v1alpha1.InferenceRouter
I0904 00:51:54.200132 4059010 api_linter.go:108] validating API rules for type github.com/kserve/kserve/pkg/apis/serving/v1alpha1.InferenceRouterType
I0904 00:51:54.200137 4059010 api_linter.go:195] validating API rule names_match for type github.com/kserve/kserve/pkg/apis/serving/v1alpha1.InferenceRouterType
I0904 00:51:54.200143 4059010 api_linter.go:195] validating API rule omitempty_match_case for type github.com/kserve/kserve/pkg/apis/serving/v1alpha1.InferenceRouterType
I0904 00:51:54.200148 4059010 api_linter.go:195] validating API rule list_type_missing for type github.com/kserve/kserve/pkg/apis/serving/v1alpha1.InferenceRouterType
I0904 00:51:54.200153 4059010 api_linter.go:195] validating API rule streaming_list_type_field_order for type github.com/kserve/kserve/pkg/apis/serving/v1alpha1.InferenceRouterType
I0904 00:51:54.200159 4059010 api_linter.go:195] validating API rule streaming_list_type_json_tags for type github.com/kserve/kserve/pkg/apis/serving/v1alpha1.InferenceRouterType
I0904 00:51:54.200164 4059010 api_linter.go:195] validating API rule streaming_list_type_proto_tags for type github.com/kserve/kserve/pkg/apis/serving/v1alpha1.InferenceRouterType
I0904 00:51:54.200170 4059010 api_linter.go:108] validating API rules for type github.com/kserve/kserve/pkg/apis/serving/v1alpha1.InferenceStep
I0904 00:51:54.200175 4059010 api_linter.go:195] validating API rule names_match for type github.com/kserve/kserve/pkg/apis/serving/v1alpha1.InferenceStep
I0904 00:51:54.200185 4059010 api_linter.go:195] validating API rule omitempty_match_case for type github.com/kserve/kserve/pkg/apis/serving/v1alpha1.InferenceStep
I0904 00:51:54.200207 4059010 api_linter.go:195] validating API rule list_type_missing for type github.com/kserve/kserve/pkg/apis/serving/v1alpha1.InferenceStep
I0904 00:51:54.200235 4059010 api_linter.go:195] validating API rule streaming_list_type_field_order for type github.com/kserve/kserve/pkg/apis/serving/v1alpha1.InferenceStep
I0904 00:51:54.200243 4059010 api_linter.go:195] validating API rule streaming_list_type_json_tags for type github.com/kserve/kserve/pkg/apis/serving/v1alpha1.InferenceStep
I0904 00:51:54.200251 4059010 api_linter.go:195] validating API rule streaming_list_type_proto_tags for type github.com/kserve/kserve/pkg/apis/serving/v1alpha1.InferenceStep
I0904 00:51:54.200260 4059010 api_linter.go:108] validating API rules for type github.com/kserve/kserve/pkg/apis/serving/v1alpha1.InferenceStepDependencyType
I0904 00:51:54.200269 4059010 api_linter.go:195] validating API rule names_match for type github.com/kserve/kserve/pkg/apis/serving/v1alpha1.InferenceStepDependencyType
I0904 00:51:54.200283 4059010 api_linter.go:195] validating API rule omitempty_match_case for type github.com/kserve/kserve/pkg/apis/serving/v1alpha1.InferenceStepDependencyType
I0904 00:51:54.200289 4059010 api_linter.go:195] validating API rule list_type_missing for type github.com/kserve/kserve/pkg/apis/serving/v1alpha1.InferenceStepDependencyType
I0904 00:51:54.200295 4059010 api_linter.go:195] validating API rule streaming_list_type_field_order for type github.com/kserve/kserve/pkg/apis/serving/v1alpha1.InferenceStepDependencyType
I0904 00:51:54.200301 4059010 api_linter.go:195] validating API rule streaming_list_type_json_tags for type github.com/kserve/kserve/pkg/apis/serving/v1alpha1.InferenceStepDependencyType
I0904 00:51:54.200306 4059010 api_linter.go:195] validating API rule streaming_list_type_proto_tags for type github.com/kserve/kserve/pkg/apis/serving/v1alpha1.InferenceStepDependencyType
I0904 00:51:54.200312 4059010 api_linter.go:108] validating API rules for type github.com/kserve/kserve/pkg/apis/serving/v1alpha1.InferenceTarget
I0904 00:51:54.200318 4059010 api_linter.go:195] validating API rule names_match for type github.com/kserve/kserve/pkg/apis/serving/v1alpha1.InferenceTarget
I0904 00:51:54.200326 4059010 api_linter.go:195] validating API rule omitempty_match_case for type github.com/kserve/kserve/pkg/apis/serving/v1alpha1.InferenceTarget
I0904 00:51:54.200332 4059010 api_linter.go:195] validating API rule list_type_missing for type github.com/kserve/kserve/pkg/apis/serving/v1alpha1.InferenceTarget
I0904 00:51:54.200339 4059010 api_linter.go:195] validating API rule streaming_list_type_field_order for type github.com/kserve/kserve/pkg/apis/serving/v1alpha1.InferenceTarget
I0904 00:51:54.200344 4059010 api_linter.go:195] validating API rule streaming_list_type_json_tags for type github.com/kserve/kserve/pkg/apis/serving/v1alpha1.InferenceTarget
I0904 00:51:54.200349 4059010 api_linter.go:195] validating API rule streaming_list_type_proto_tags for type github.com/kserve/kserve/pkg/apis/serving/v1alpha1.InferenceTarget
I0904 00:51:54.200355 4059010 api_linter.go:108] validating API rules for type github.com/kserve/kserve/pkg/apis/serving/v1alpha1.LLMInferenceService
I0904 00:51:54.200361 4059010 api_linter.go:195] validating API rule names_match for type github.com/kserve/kserve/pkg/apis/serving/v1alpha1.LLMInferenceService
I0904 00:51:54.200369 4059010 api_linter.go:195] validating API rule omitempty_match_case for type github.com/kserve/kserve/pkg/apis/serving/v1alpha1.LLMInferenceService
I0904 00:51:54.200376 4059010 api_linter.go:195] validating API rule list_type_missing for type github.com/kserve/kserve/pkg/apis/serving/v1alpha1.LLMInferenceService
I0904 00:51:54.200382 4059010 api_linter.go:195] validating API rule streaming_list_type_field_order for type github.com/kserve/kserve/pkg/apis/serving/v1alpha1.LLMInferenceService
I0904 00:51:54.200387 4059010 api_linter.go:195] validating API rule streaming_list_type_json_tags for type github.com/kserve/kserve/pkg/apis/serving/v1alpha1.LLMInferenceService
I0904 00:51:54.200392 4059010 api_linter.go:195] validating API rule streaming_list_type_proto_tags for type github.com/kserve/kserve/pkg/apis/serving/v1alpha1.LLMInferenceService
I0904 00:51:54.200402 4059010 api_linter.go:108] validating API rules for type github.com/kserve/kserve/pkg/apis/serving/v1alpha1.LLMInferenceServiceConfig
I0904 00:51:54.200408 4059010 api_linter.go:195] validating API rule names_match for type github.com/kserve/kserve/pkg/apis/serving/v1alpha1.LLMInferenceServiceConfig
I0904 00:51:54.200421 4059010 api_linter.go:195] validating API rule omitempty_match_case for type github.com/kserve/kserve/pkg/apis/serving/v1alpha1.LLMInferenceServiceConfig
I0904 00:51:54.200428 4059010 api_linter.go:195] validating API rule list_type_missing for type github.com/kserve/kserve/pkg/apis/serving/v1alpha1.LLMInferenceServiceConfig
I0904 00:51:54.200434 4059010 api_linter.go:195] validating API rule streaming_list_type_field_order for type github.com/kserve/kserve/pkg/apis/serving/v1alpha1.LLMInferenceServiceConfig
I0904 00:51:54.200439 4059010 api_linter.go:195] validating API rule streaming_list_type_json_tags for type github.com/kserve/kserve/pkg/apis/serving/v1alpha1.LLMInferenceServiceConfig
I0904 00:51:54.200446 4059010 api_linter.go:195] validating API rule streaming_list_type_proto_tags for type github.com/kserve/kserve/pkg/apis/serving/v1alpha1.LLMInferenceServiceConfig
I0904 00:51:54.200452 4059010 api_linter.go:108] validating API rules for type github.com/kserve/kserve/pkg/apis/serving/v1alpha1.LLMInferenceServiceConfigList
I0904 00:51:54.200458 4059010 api_linter.go:195] validating API rule names_match for type github.com/kserve/kserve/pkg/apis/serving/v1alpha1.LLMInferenceServiceConfigList
I0904 00:51:54.200464 4059010 api_linter.go:195] validating API rule omitempty_match_case for type github.com/kserve/kserve/pkg/apis/serving/v1alpha1.LLMInferenceServiceConfigList
I0904 00:51:54.200470 4059010 api_linter.go:195] validating API rule list_type_missing for type github.com/kserve/kserve/pkg/apis/serving/v1alpha1.LLMInferenceServiceConfigList
I0904 00:51:54.200476 4059010 api_linter.go:195] validating API rule streaming_list_type_field_order for type github.com/kserve/kserve/pkg/apis/serving/v1alpha1.LLMInferenceServiceConfigList
I0904 00:51:54.200482 4059010 api_linter.go:195] validating API rule streaming_list_type_json_tags for type github.com/kserve/kserve/pkg/apis/serving/v1alpha1.LLMInferenceServiceConfigList
I0904 00:51:54.200487 4059010 api_linter.go:195] validating API rule streaming_list_type_proto_tags for type github.com/kserve/kserve/pkg/apis/serving/v1alpha1.LLMInferenceServiceConfigList
I0904 00:51:54.200494 4059010 api_linter.go:108] validating API rules for type github.com/kserve/kserve/pkg/apis/serving/v1alpha1.LLMInferenceServiceList
I0904 00:51:54.200500 4059010 api_linter.go:195] validating API rule names_match for type github.com/kserve/kserve/pkg/apis/serving/v1alpha1.LLMInferenceServiceList
I0904 00:51:54.200507 4059010 api_linter.go:195] validating API rule omitempty_match_case for type github.com/kserve/kserve/pkg/apis/serving/v1alpha1.LLMInferenceServiceList
I0904 00:51:54.200514 4059010 api_linter.go:195] validating API rule list_type_missing for type github.com/kserve/kserve/pkg/apis/serving/v1alpha1.LLMInferenceServiceList
I0904 00:51:54.200519 4059010 api_linter.go:195] validating API rule streaming_list_type_field_order for type github.com/kserve/kserve/pkg/apis/serving/v1alpha1.LLMInferenceServiceList
I0904 00:51:54.200525 4059010 api_linter.go:195] validating API rule streaming_list_type_json_tags for type github.com/kserve/kserve/pkg/apis/serving/v1alpha1.LLMInferenceServiceList
I0904 00:51:54.200530 4059010 api_linter.go:195] validating API rule streaming_list_type_proto_tags for type github.com/kserve/kserve/pkg/apis/serving/v1alpha1.LLMInferenceServiceList
I0904 00:51:54.200536 4059010 api_linter.go:108] validating API rules for type github.com/kserve/kserve/pkg/apis/serving/v1alpha1.LocalModelCache
I0904 00:51:54.200542 4059010 api_linter.go:195] validating API rule names_match for type github.com/kserve/kserve/pkg/apis/serving/v1alpha1.LocalModelCache
I0904 00:51:54.200553 4059010 api_linter.go:195] validating API rule omitempty_match_case for type github.com/kserve/kserve/pkg/apis/serving/v1alpha1.LocalModelCache
I0904 00:51:54.200559 4059010 api_linter.go:195] validating API rule list_type_missing for type github.com/kserve/kserve/pkg/apis/serving/v1alpha1.LocalModelCache
I0904 00:51:54.200565 4059010 api_linter.go:195] validating API rule streaming_list_type_field_order for type github.com/kserve/kserve/pkg/apis/serving/v1alpha1.LocalModelCache
I0904 00:51:54.200570 4059010 api_linter.go:195] validating API rule streaming_list_type_json_tags for type github.com/kserve/kserve/pkg/apis/serving/v1alpha1.LocalModelCache
I0904 00:51:54.200575 4059010 api_linter.go:195] validating API rule streaming_list_type_proto_tags for type github.com/kserve/kserve/pkg/apis/serving/v1alpha1.LocalModelCache
I0904 00:51:54.200581 4059010 api_linter.go:108] validating API rules for type github.com/kserve/kserve/pkg/apis/serving/v1alpha1.LocalModelCacheList
I0904 00:51:54.200587 4059010 api_linter.go:195] validating API rule names_match for type github.com/kserve/kserve/pkg/apis/serving/v1alpha1.LocalModelCacheList
I0904 00:51:54.200593 4059010 api_linter.go:195] validating API rule omitempty_match_case for type github.com/kserve/kserve/pkg/apis/serving/v1alpha1.LocalModelCacheList
I0904 00:51:54.200599 4059010 api_linter.go:195] validating API rule list_type_missing for type github.com/kserve/kserve/pkg/apis/serving/v1alpha1.LocalModelCacheList
I0904 00:51:54.200605 4059010 api_linter.go:195] validating API rule streaming_list_type_field_order for type github.com/kserve/kserve/pkg/apis/serving/v1alpha1.LocalModelCacheList
I0904 00:51:54.200610 4059010 api_linter.go:195] validating API rule streaming_list_type_json_tags for type github.com/kserve/kserve/pkg/apis/serving/v1alpha1.LocalModelCacheList
I0904 00:51:54.200616 4059010 api_linter.go:195] validating API rule streaming_list_type_proto_tags for type github.com/kserve/kserve/pkg/apis/serving/v1alpha1.LocalModelCacheList
I0904 00:51:54.200623 4059010 api_linter.go:108] validating API rules for type github.com/kserve/kserve/pkg/apis/serving/v1alpha1.LocalModelCacheSpec
I0904 00:51:54.200628 4059010 api_linter.go:195] validating API rule names_match for type github.com/kserve/kserve/pkg/apis/serving/v1alpha1.LocalModelCacheSpec
I0904 00:51:54.200637 4059010 api_linter.go:195] validating API rule omitempty_match_case for type github.com/kserve/kserve/pkg/apis/serving/v1alpha1.LocalModelCacheSpec
I0904 00:51:54.200643 4059010 api_linter.go:195] validating API rule list_type_missing for type github.com/kserve/kserve/pkg/apis/serving/v1alpha1.LocalModelCacheSpec
I0904 00:51:54.200653 4059010 api_linter.go:195] validating API rule streaming_list_type_field_order for type github.com/kserve/kserve/pkg/apis/serving/v1alpha1.LocalModelCacheSpec
I0904 00:51:54.200659 4059010 api_linter.go:195] validating API rule streaming_list_type_json_tags for type github.com/kserve/kserve/pkg/apis/serving/v1alpha1.LocalModelCacheSpec
I0904 00:51:54.200664 4059010 api_linter.go:195] validating API rule streaming_list_type_proto_tags for type github.com/kserve/kserve/pkg/apis/serving/v1alpha1.LocalModelCacheSpec
I0904 00:51:54.200670 4059010 api_linter.go:108] validating API rules for type github.com/kserve/kserve/pkg/apis/serving/v1alpha1.LocalModelNamespaceCache
I0904 00:51:54.200675 4059010 api_linter.go:195] validating API rule names_match for type github.com/kserve/kserve/pkg/apis/serving/v1alpha1.LocalModelNamespaceCache
I0904 00:51:54.200683 4059010 api_linter.go:195] validating API rule omitempty_match_case for type github.com/kserve/kserve/pkg/apis/serving/v1alpha1.LocalModelNamespaceCache
I0904 00:51:54.200689 4059010 api_linter.go:195] validating API rule list_type_missing for type github.com/kserve/kserve/pkg/apis/serving/v1alpha1.LocalModelNamespaceCache
I0904 00:51:54.200694 4059010 api_linter.go:195] validating API rule streaming_list_type_field_order for type github.com/kserve/kserve/pkg/apis/serving/v1alpha1.LocalModelNamespaceCache
I0904 00:51:54.200703 4059010 api_linter.go:195] validating API rule streaming_list_type_json_tags for type github.com/kserve/kserve/pkg/apis/serving/v1alpha1.LocalModelNamespaceCache
I0904 00:51:54.200708 4059010 api_linter.go:195] validating API rule streaming_list_type_proto_tags for type github.com/kserve/kserve/pkg/apis/serving/v1alpha1.LocalModelNamespaceCache
I0904 00:51:54.200714 4059010 api_linter.go:108] validating API rules for type github.com/kserve/kserve/pkg/apis/serving/v1alpha1.LocalModelNamespaceCacheList
I0904 00:51:54.200720 4059010 api_linter.go:195] validating API rule names_match for type github.com/kserve/kserve/pkg/apis/serving/v1alpha1.LocalModelNamespaceCacheList
I0904 00:51:54.200726 4059010 api_linter.go:195] validating API rule omitempty_match_case for type github.com/kserve/kserve/pkg/apis/serving/v1alpha1.LocalModelNamespaceCacheList
I0904 00:51:54.200733 4059010 api_linter.go:195] validating API rule list_type_missing for type github.com/kserve/kserve/pkg/apis/serving/v1alpha1.LocalModelNamespaceCacheList
I0904 00:51:54.200738 4059010 api_linter.go:195] validating API rule streaming_list_type_field_order for type github.com/kserve/kserve/pkg/apis/serving/v1alpha1.LocalModelNamespaceCacheList
I0904 00:51:54.200744 4059010 api_linter.go:195] validating API rule streaming_list_type_json_tags for type github.com/kserve/kserve/pkg/apis/serving/v1alpha1.LocalModelNamespaceCacheList
I0904 00:51:54.200750 4059010 api_linter.go:195] validating API rule streaming_list_type_proto_tags for type github.com/kserve/kserve/pkg/apis/serving/v1alpha1.LocalModelNamespaceCacheList
I0904 00:51:54.200756 4059010 api_linter.go:108] validating API rules for type github.com/kserve/kserve/pkg/apis/serving/v1alpha1.LocalModelNamespaceCacheSpec
I0904 00:51:54.200761 4059010 api_linter.go:195] validating API rule names_match for type github.com/kserve/kserve/pkg/apis/serving/v1alpha1.LocalModelNamespaceCacheSpec
I0904 00:51:54.200770 4059010 api_linter.go:195] validating API rule omitempty_match_case for type github.com/kserve/kserve/pkg/apis/serving/v1alpha1.LocalModelNamespaceCacheSpec
I0904 00:51:54.200777 4059010 api_linter.go:195] validating API rule list_type_missing for type github.com/kserve/kserve/pkg/apis/serving/v1alpha1.LocalModelNamespaceCacheSpec
I0904 00:51:54.200785 4059010 api_linter.go:195] validating API rule streaming_list_type_field_order for type github.com/kserve/kserve/pkg/apis/serving/v1alpha1.LocalModelNamespaceCacheSpec
I0904 00:51:54.200790 4059010 api_linter.go:195] validating API rule streaming_list_type_json_tags for type github.com/kserve/kserve/pkg/apis/serving/v1alpha1.LocalModelNamespaceCacheSpec
I0904 00:51:54.200796 4059010 api_linter.go:195] validating API rule streaming_list_type_proto_tags for type github.com/kserve/kserve/pkg/apis/serving/v1alpha1.LocalModelNamespaceCacheSpec
I0904 00:51:54.200802 4059010 api_linter.go:108] validating API rules for type github.com/kserve/kserve/pkg/apis/serving/v1alpha1.LocalModelNode
I0904 00:51:54.200807 4059010 api_linter.go:195] validating API rule names_match for type github.com/kserve/kserve/pkg/apis/serving/v1alpha1.LocalModelNode
I0904 00:51:54.200815 4059010 api_linter.go:195] validating API rule omitempty_match_case for type github.com/kserve/kserve/pkg/apis/serving/v1alpha1.LocalModelNode
I0904 00:51:54.200822 4059010 api_linter.go:195] validating API rule list_type_missing for type github.com/kserve/kserve/pkg/apis/serving/v1alpha1.LocalModelNode
I0904 00:51:54.200827 4059010 api_linter.go:195] validating API rule streaming_list_type_field_order for type github.com/kserve/kserve/pkg/apis/serving/v1alpha1.LocalModelNode
I0904 00:51:54.200833 4059010 api_linter.go:195] validating API rule streaming_list_type_json_tags for type github.com/kserve/kserve/pkg/apis/serving/v1alpha1.LocalModelNode
I0904 00:51:54.200838 4059010 api_linter.go:195] validating API rule streaming_list_type_proto_tags for type github.com/kserve/kserve/pkg/apis/serving/v1alpha1.LocalModelNode
I0904 00:51:54.200844 4059010 api_linter.go:108] validating API rules for type github.com/kserve/kserve/pkg/apis/serving/v1alpha1.LocalModelNodeGroup
I0904 00:51:54.200853 4059010 api_linter.go:195] validating API rule names_match for type github.com/kserve/kserve/pkg/apis/serving/v1alpha1.LocalModelNodeGroup
I0904 00:51:54.200862 4059010 api_linter.go:195] validating API rule omitempty_match_case for type github.com/kserve/kserve/pkg/apis/serving/v1alpha1.LocalModelNodeGroup
I0904 00:51:54.200868 4059010 api_linter.go:195] validating API rule list_type_missing for type github.com/kserve/kserve/pkg/apis/serving/v1alpha1.LocalModelNodeGroup
I0904 00:51:54.200873 4059010 api_linter.go:195] validating API rule streaming_list_type_field_order for type github.com/kserve/kserve/pkg/apis/serving/v1alpha1.LocalModelNodeGroup
I0904 00:51:54.200879 4059010 api_linter.go:195] validating API rule streaming_list_type_json_tags for type github.com/kserve/kserve/pkg/apis/serving/v1alpha1.LocalModelNodeGroup
I0904 00:51:54.200885 4059010 api_linter.go:195] validating API rule streaming_list_type_proto_tags for type github.com/kserve/kserve/pkg/apis/serving/v1alpha1.LocalModelNodeGroup
I0904 00:51:54.200890 4059010 api_linter.go:108] validating API rules for type github.com/kserve/kserve/pkg/apis/serving/v1alpha1.LocalModelNodeGroupList
I0904 00:51:54.200896 4059010 api_linter.go:195] validating API rule names_match for type github.com/kserve/kserve/pkg/apis/serving/v1alpha1.LocalModelNodeGroupList
I0904 00:51:54.200902 4059010 api_linter.go:195] validating API rule omitempty_match_case for type github.com/kserve/kserve/pkg/apis/serving/v1alpha1.LocalModelNodeGroupList
I0904 00:51:54.200909 4059010 api_linter.go:195] validating API rule list_type_missing for type github.com/kserve/kserve/pkg/apis/serving/v1alpha1.LocalModelNodeGroupList
I0904 00:51:54.200915 4059010 api_linter.go:195] validating API rule streaming_list_type_field_order for type github.com/kserve/kserve/pkg/apis/serving/v1alpha1.LocalModelNodeGroupList
I0904 00:51:54.200920 4059010 api_linter.go:195] validating API rule streaming_list_type_json_tags for type github.com/kserve/kserve/pkg/apis/serving/v1alpha1.LocalModelNodeGroupList
I0904 00:51:54.200926 4059010 api_linter.go:195] validating API rule streaming_list_type_proto_tags for type github.com/kserve/kserve/pkg/apis/serving/v1alpha1.LocalModelNodeGroupList
I0904 00:51:54.200932 4059010 api_linter.go:108] validating API rules for type github.com/kserve/kserve/pkg/apis/serving/v1alpha1.LocalModelNodeGroupSpec
I0904 00:51:54.200937 4059010 api_linter.go:195] validating API rule names_match for type github.com/kserve/kserve/pkg/apis/serving/v1alpha1.LocalModelNodeGroupSpec
I0904 00:51:54.200946 4059010 api_linter.go:195] validating API rule omitempty_match_case for type github.com/kserve/kserve/pkg/apis/serving/v1alpha1.LocalModelNodeGroupSpec
I0904 00:51:54.200952 4059010 api_linter.go:195] validating API rule list_type_missing for type github.com/kserve/kserve/pkg/apis/serving/v1alpha1.LocalModelNodeGroupSpec
I0904 00:51:54.200958 4059010 api_linter.go:195] validating API rule streaming_list_type_field_order for type github.com/kserve/kserve/pkg/apis/serving/v1alpha1.LocalModelNodeGroupSpec
I0904 00:51:54.200964 4059010 api_linter.go:195] validating API rule streaming_list_type_json_tags for type github.com/kserve/kserve/pkg/apis/serving/v1alpha1.LocalModelNodeGroupSpec
I0904 00:51:54.200970 4059010 api_linter.go:195] validating API rule streaming_list_type_proto_tags for type github.com/kserve/kserve/pkg/apis/serving/v1alpha1.LocalModelNodeGroupSpec
I0904 00:51:54.200975 4059010 api_linter.go:108] validating API rules for type github.com/kserve/kserve/pkg/apis/serving/v1alpha1.LocalModelNodeList
I0904 00:51:54.200981 4059010 api_linter.go:195] validating API rule names_match for type github.com/kserve/kserve/pkg/apis/serving/v1alpha1.LocalModelNodeList
I0904 00:51:54.200988 4059010 api_linter.go:195] validating API rule omitempty_match_case for type github.com/kserve/kserve/pkg/apis/serving/v1alpha1.LocalModelNodeList
I0904 00:51:54.200995 4059010 api_linter.go:195] validating API rule list_type_missing for type github.com/kserve/kserve/pkg/apis/serving/v1alpha1.LocalModelNodeList
I0904 00:51:54.201003 4059010 api_linter.go:195] validating API rule streaming_list_type_field_order for type github.com/kserve/kserve/pkg/apis/serving/v1alpha1.LocalModelNodeList
I0904 00:51:54.201009 4059010 api_linter.go:195] validating API rule streaming_list_type_json_tags for type github.com/kserve/kserve/pkg/apis/serving/v1alpha1.LocalModelNodeList
I0904 00:51:54.201015 4059010 api_linter.go:195] validating API rule streaming_list_type_proto_tags for type github.com/kserve/kserve/pkg/apis/serving/v1alpha1.LocalModelNodeList
I0904 00:51:54.201021 4059010 api_linter.go:108] validating API rules for type github.com/kserve/kserve/pkg/apis/serving/v1alpha1.LocalModelNodeSpec
I0904 00:51:54.201026 4059010 api_linter.go:195] validating API rule names_match for type github.com/kserve/kserve/pkg/apis/serving/v1alpha1.LocalModelNodeSpec
I0904 00:51:54.201033 4059010 api_linter.go:195] validating API rule omitempty_match_case for type github.com/kserve/kserve/pkg/apis/serving/v1alpha1.LocalModelNodeSpec
I0904 00:51:54.201039 4059010 api_linter.go:195] validating API rule list_type_missing for type github.com/kserve/kserve/pkg/apis/serving/v1alpha1.LocalModelNodeSpec
I0904 00:51:54.201044 4059010 api_linter.go:195] validating API rule streaming_list_type_field_order for type github.com/kserve/kserve/pkg/apis/serving/v1alpha1.LocalModelNodeSpec
I0904 00:51:54.201050 4059010 api_linter.go:195] validating API rule streaming_list_type_json_tags for type github.com/kserve/kserve/pkg/apis/serving/v1alpha1.LocalModelNodeSpec
I0904 00:51:54.201055 4059010 api_linter.go:195] validating API rule streaming_list_type_proto_tags for type github.com/kserve/kserve/pkg/apis/serving/v1alpha1.LocalModelNodeSpec
I0904 00:51:54.201060 4059010 api_linter.go:108] validating API rules for type github.com/kserve/kserve/pkg/apis/serving/v1alpha1.LocalModelStorageSpec
I0904 00:51:54.201066 4059010 api_linter.go:195] validating API rule names_match for type github.com/kserve/kserve/pkg/apis/serving/v1alpha1.LocalModelStorageSpec
I0904 00:51:54.201074 4059010 api_linter.go:195] validating API rule omitempty_match_case for type github.com/kserve/kserve/pkg/apis/serving/v1alpha1.LocalModelStorageSpec
I0904 00:51:54.201080 4059010 api_linter.go:195] validating API rule list_type_missing for type github.com/kserve/kserve/pkg/apis/serving/v1alpha1.LocalModelStorageSpec
I0904 00:51:54.201086 4059010 api_linter.go:195] validating API rule streaming_list_type_field_order for type github.com/kserve/kserve/pkg/apis/serving/v1alpha1.LocalModelStorageSpec
I0904 00:51:54.201092 4059010 api_linter.go:195] validating API rule streaming_list_type_json_tags for type github.com/kserve/kserve/pkg/apis/serving/v1alpha1.LocalModelStorageSpec
I0904 00:51:54.201098 4059010 api_linter.go:195] validating API rule streaming_list_type_proto_tags for type github.com/kserve/kserve/pkg/apis/serving/v1alpha1.LocalModelStorageSpec
I0904 00:51:54.201103 4059010 api_linter.go:108] validating API rules for type github.com/kserve/kserve/pkg/apis/serving/v1alpha1.ModelSpec
I0904 00:51:54.201109 4059010 api_linter.go:195] validating API rule names_match for type github.com/kserve/kserve/pkg/apis/serving/v1alpha1.ModelSpec
I0904 00:51:54.201117 4059010 api_linter.go:195] validating API rule omitempty_match_case for type github.com/kserve/kserve/pkg/apis/serving/v1alpha1.ModelSpec
I0904 00:51:54.201123 4059010 api_linter.go:195] validating API rule list_type_missing for type github.com/kserve/kserve/pkg/apis/serving/v1alpha1.ModelSpec
I0904 00:51:54.201130 4059010 api_linter.go:195] validating API rule streaming_list_type_field_order for type github.com/kserve/kserve/pkg/apis/serving/v1alpha1.ModelSpec
I0904 00:51:54.201135 4059010 api_linter.go:195] validating API rule streaming_list_type_json_tags for type github.com/kserve/kserve/pkg/apis/serving/v1alpha1.ModelSpec
I0904 00:51:54.201140 4059010 api_linter.go:195] validating API rule streaming_list_type_proto_tags for type github.com/kserve/kserve/pkg/apis/serving/v1alpha1.ModelSpec
I0904 00:51:54.201149 4059010 api_linter.go:108] validating API rules for type github.com/kserve/kserve/pkg/apis/serving/v1alpha1.ServerType
I0904 00:51:54.201155 4059010 api_linter.go:195] validating API rule names_match for type github.com/kserve/kserve/pkg/apis/serving/v1alpha1.ServerType
I0904 00:51:54.201161 4059010 api_linter.go:195] validating API rule omitempty_match_case for type github.com/kserve/kserve/pkg/apis/serving/v1alpha1.ServerType
I0904 00:51:54.201166 4059010 api_linter.go:195] validating API rule list_type_missing for type github.com/kserve/kserve/pkg/apis/serving/v1alpha1.ServerType
I0904 00:51:54.201171 4059010 api_linter.go:195] validating API rule streaming_list_type_field_order for type github.com/kserve/kserve/pkg/apis/serving/v1alpha1.ServerType
I0904 00:51:54.201177 4059010 api_linter.go:195] validating API rule streaming_list_type_json_tags for type github.com/kserve/kserve/pkg/apis/serving/v1alpha1.ServerType
I0904 00:51:54.201182 4059010 api_linter.go:195] validating API rule streaming_list_type_proto_tags for type github.com/kserve/kserve/pkg/apis/serving/v1alpha1.ServerType
I0904 00:51:54.201188 4059010 api_linter.go:108] validating API rules for type github.com/kserve/kserve/pkg/apis/serving/v1alpha1.ServingRuntime
I0904 00:51:54.201205 4059010 api_linter.go:195] validating API rule names_match for type github.com/kserve/kserve/pkg/apis/serving/v1alpha1.ServingRuntime
I0904 00:51:54.201216 4059010 api_linter.go:195] validating API rule omitempty_match_case for type github.com/kserve/kserve/pkg/apis/serving/v1alpha1.ServingRuntime
I0904 00:51:54.201222 4059010 api_linter.go:195] validating API rule list_type_missing for type github.com/kserve/kserve/pkg/apis/serving/v1alpha1.ServingRuntime
I0904 00:51:54.201229 4059010 api_linter.go:195] validating API rule streaming_list_type_field_order for type github.com/kserve/kserve/pkg/apis/serving/v1alpha1.ServingRuntime
I0904 00:51:54.201234 4059010 api_linter.go:195] validating API rule streaming_list_type_json_tags for type github.com/kserve/kserve/pkg/apis/serving/v1alpha1.ServingRuntime
I0904 00:51:54.201240 4059010 api_linter.go:195] validating API rule streaming_list_type_proto_tags for type github.com/kserve/kserve/pkg/apis/serving/v1alpha1.ServingRuntime
I0904 00:51:54.201246 4059010 api_linter.go:108] validating API rules for type github.com/kserve/kserve/pkg/apis/serving/v1alpha1.ServingRuntimeList
I0904 00:51:54.201252 4059010 api_linter.go:195] validating API rule names_match for type github.com/kserve/kserve/pkg/apis/serving/v1alpha1.ServingRuntimeList
I0904 00:51:54.201259 4059010 api_linter.go:195] validating API rule omitempty_match_case for type github.com/kserve/kserve/pkg/apis/serving/v1alpha1.ServingRuntimeList
I0904 00:51:54.201265 4059010 api_linter.go:195] validating API rule list_type_missing for type github.com/kserve/kserve/pkg/apis/serving/v1alpha1.ServingRuntimeList
I0904 00:51:54.201271 4059010 api_linter.go:195] validating API rule streaming_list_type_field_order for type github.com/kserve/kserve/pkg/apis/serving/v1alpha1.ServingRuntimeList
I0904 00:51:54.201277 4059010 api_linter.go:195] validating API rule streaming_list_type_json_tags for type github.com/kserve/kserve/pkg/apis/serving/v1alpha1.ServingRuntimeList
I0904 00:51:54.201282 4059010 api_linter.go:195] validating API rule streaming_list_type_proto_tags for type github.com/kserve/kserve/pkg/apis/serving/v1alpha1.ServingRuntimeList
I0904 00:51:54.201288 4059010 api_linter.go:108] validating API rules for type github.com/kserve/kserve/pkg/apis/serving/v1alpha1.ServingRuntimePodSpec
I0904 00:51:54.201294 4059010 api_linter.go:195] validating API rule names_match for type github.com/kserve/kserve/pkg/apis/serving/v1alpha1.ServingRuntimePodSpec
I0904 00:51:54.201306 4059010 api_linter.go:195] validating API rule omitempty_match_case for type github.com/kserve/kserve/pkg/apis/serving/v1alpha1.ServingRuntimePodSpec
I0904 00:51:54.201313 4059010 api_linter.go:195] validating API rule list_type_missing for type github.com/kserve/kserve/pkg/apis/serving/v1alpha1.ServingRuntimePodSpec
I0904 00:51:54.201336 4059010 api_linter.go:195] validating API rule streaming_list_type_field_order for type github.com/kserve/kserve/pkg/apis/serving/v1alpha1.ServingRuntimePodSpec
I0904 00:51:54.201348 4059010 api_linter.go:195] validating API rule streaming_list_type_json_tags for type github.com/kserve/kserve/pkg/apis/serving/v1alpha1.ServingRuntimePodSpec
I0904 00:51:54.201353 4059010 api_linter.go:195] validating API rule streaming_list_type_proto_tags for type github.com/kserve/kserve/pkg/apis/serving/v1alpha1.ServingRuntimePodSpec
I0904 00:51:54.201359 4059010 api_linter.go:108] validating API rules for type github.com/kserve/kserve/pkg/apis/serving/v1alpha1.ServingRuntimeSpec
I0904 00:51:54.201364 4059010 api_linter.go:195] validating API rule names_match for type github.com/kserve/kserve/pkg/apis/serving/v1alpha1.ServingRuntimeSpec
I0904 00:51:54.201374 4059010 api_linter.go:195] validating API rule omitempty_match_case for type github.com/kserve/kserve/pkg/apis/serving/v1alpha1.ServingRuntimeSpec
I0904 00:51:54.201382 4059010 api_linter.go:195] validating API rule list_type_missing for type github.com/kserve/kserve/pkg/apis/serving/v1alpha1.ServingRuntimeSpec
I0904 00:51:54.201395 4059010 api_linter.go:195] validating API rule streaming_list_type_field_order for type github.com/kserve/kserve/pkg/apis/serving/v1alpha1.ServingRuntimeSpec
I0904 00:51:54.201401 4059010 api_linter.go:195] validating API rule streaming_list_type_json_tags for type github.com/kserve/kserve/pkg/apis/serving/v1alpha1.ServingRuntimeSpec
I0904 00:51:54.201406 4059010 api_linter.go:195] validating API rule streaming_list_type_proto_tags for type github.com/kserve/kserve/pkg/apis/serving/v1alpha1.ServingRuntimeSpec
I0904 00:51:54.201412 4059010 api_linter.go:108] validating API rules for type github.com/kserve/kserve/pkg/apis/serving/v1alpha1.ServingRuntimeStatus
I0904 00:51:54.201429 4059010 api_linter.go:195] validating API rule names_match for type github.com/kserve/kserve/pkg/apis/serving/v1alpha1.ServingRuntimeStatus
I0904 00:51:54.201435 4059010 api_linter.go:195] validating API rule omitempty_match_case for type github.com/kserve/kserve/pkg/apis/serving/v1alpha1.ServingRuntimeStatus
I0904 00:51:54.201440 4059010 api_linter.go:195] validating API rule list_type_missing for type github.com/kserve/kserve/pkg/apis/serving/v1alpha1.ServingRuntimeStatus
I0904 00:51:54.201446 4059010 api_linter.go:195] validating API rule streaming_list_type_field_order for type github.com/kserve/kserve/pkg/apis/serving/v1alpha1.ServingRuntimeStatus
I0904 00:51:54.201451 4059010 api_linter.go:195] validating API rule streaming_list_type_json_tags for type github.com/kserve/kserve/pkg/apis/serving/v1alpha1.ServingRuntimeStatus
I0904 00:51:54.201456 4059010 api_linter.go:195] validating API rule streaming_list_type_proto_tags for type github.com/kserve/kserve/pkg/apis/serving/v1alpha1.ServingRuntimeStatus
I0904 00:51:54.201462 4059010 api_linter.go:108] validating API rules for type github.com/kserve/kserve/pkg/apis/serving/v1alpha1.StorageContainerSpec
I0904 00:51:54.201467 4059010 api_linter.go:195] validating API rule names_match for type github.com/kserve/kserve/pkg/apis/serving/v1alpha1.StorageContainerSpec
I0904 00:51:54.201476 4059010 api_linter.go:195] validating API rule omitempty_match_case for type github.com/kserve/kserve/pkg/apis/serving/v1alpha1.StorageContainerSpec
I0904 00:51:54.201483 4059010 api_linter.go:195] validating API rule list_type_missing for type github.com/kserve/kserve/pkg/apis/serving/v1alpha1.StorageContainerSpec
I0904 00:51:54.201490 4059010 api_linter.go:195] validating API rule streaming_list_type_field_order for type github.com/kserve/kserve/pkg/apis/serving/v1alpha1.StorageContainerSpec
I0904 00:51:54.201496 4059010 api_linter.go:195] validating API rule streaming_list_type_json_tags for type github.com/kserve/kserve/pkg/apis/serving/v1alpha1.StorageContainerSpec
I0904 00:51:54.201501 4059010 api_linter.go:195] validating API rule streaming_list_type_proto_tags for type github.com/kserve/kserve/pkg/apis/serving/v1alpha1.StorageContainerSpec
I0904 00:51:54.201511 4059010 api_linter.go:108] validating API rules for type github.com/kserve/kserve/pkg/apis/serving/v1alpha1.StorageHelper
I0904 00:51:54.201517 4059010 api_linter.go:195] validating API rule names_match for type github.com/kserve/kserve/pkg/apis/serving/v1alpha1.StorageHelper
I0904 00:51:54.201523 4059010 api_linter.go:195] validating API rule omitempty_match_case for type github.com/kserve/kserve/pkg/apis/serving/v1alpha1.StorageHelper
I0904 00:51:54.201529 4059010 api_linter.go:195] validating API rule list_type_missing for type github.com/kserve/kserve/pkg/apis/serving/v1alpha1.StorageHelper
I0904 00:51:54.201535 4059010 api_linter.go:195] validating API rule streaming_list_type_field_order for type github.com/kserve/kserve/pkg/apis/serving/v1alpha1.StorageHelper
I0904 00:51:54.201540 4059010 api_linter.go:195] validating API rule streaming_list_type_json_tags for type github.com/kserve/kserve/pkg/apis/serving/v1alpha1.StorageHelper
I0904 00:51:54.201550 4059010 api_linter.go:195] validating API rule streaming_list_type_proto_tags for type github.com/kserve/kserve/pkg/apis/serving/v1alpha1.StorageHelper
I0904 00:51:54.201556 4059010 api_linter.go:108] validating API rules for type github.com/kserve/kserve/pkg/apis/serving/v1alpha1.SupportedModelFormat
I0904 00:51:54.201562 4059010 api_linter.go:195] validating API rule names_match for type github.com/kserve/kserve/pkg/apis/serving/v1alpha1.SupportedModelFormat
I0904 00:51:54.201570 4059010 api_linter.go:195] validating API rule omitempty_match_case for type github.com/kserve/kserve/pkg/apis/serving/v1alpha1.SupportedModelFormat
I0904 00:51:54.201576 4059010 api_linter.go:195] validating API rule list_type_missing for type github.com/kserve/kserve/pkg/apis/serving/v1alpha1.SupportedModelFormat
I0904 00:51:54.201585 4059010 api_linter.go:195] validating API rule streaming_list_type_field_order for type github.com/kserve/kserve/pkg/apis/serving/v1alpha1.SupportedModelFormat
I0904 00:51:54.201591 4059010 api_linter.go:195] validating API rule streaming_list_type_json_tags for type github.com/kserve/kserve/pkg/apis/serving/v1alpha1.SupportedModelFormat
I0904 00:51:54.201596 4059010 api_linter.go:195] validating API rule streaming_list_type_proto_tags for type github.com/kserve/kserve/pkg/apis/serving/v1alpha1.SupportedModelFormat
I0904 00:51:54.201602 4059010 api_linter.go:108] validating API rules for type github.com/kserve/kserve/pkg/apis/serving/v1alpha1.SupportedUriFormat
I0904 00:51:54.201608 4059010 api_linter.go:195] validating API rule names_match for type github.com/kserve/kserve/pkg/apis/serving/v1alpha1.SupportedUriFormat
I0904 00:51:54.201614 4059010 api_linter.go:195] validating API rule omitempty_match_case for type github.com/kserve/kserve/pkg/apis/serving/v1alpha1.SupportedUriFormat
I0904 00:51:54.201620 4059010 api_linter.go:195] validating API rule list_type_missing for type github.com/kserve/kserve/pkg/apis/serving/v1alpha1.SupportedUriFormat
I0904 00:51:54.201626 4059010 api_linter.go:195] validating API rule streaming_list_type_field_order for type github.com/kserve/kserve/pkg/apis/serving/v1alpha1.SupportedUriFormat
I0904 00:51:54.201631 4059010 api_linter.go:195] validating API rule streaming_list_type_json_tags for type github.com/kserve/kserve/pkg/apis/serving/v1alpha1.SupportedUriFormat
I0904 00:51:54.201636 4059010 api_linter.go:195] validating API rule streaming_list_type_proto_tags for type github.com/kserve/kserve/pkg/apis/serving/v1alpha1.SupportedUriFormat
I0904 00:51:54.201642 4059010 api_linter.go:108] validating API rules for type github.com/kserve/kserve/pkg/apis/serving/v1alpha1.TrainedModel
I0904 00:51:54.201648 4059010 api_linter.go:195] validating API rule names_match for type github.com/kserve/kserve/pkg/apis/serving/v1alpha1.TrainedModel
I0904 00:51:54.201656 4059010 api_linter.go:195] validating API rule omitempty_match_case for type github.com/kserve/kserve/pkg/apis/serving/v1alpha1.TrainedModel
I0904 00:51:54.201663 4059010 api_linter.go:195] validating API rule list_type_missing for type github.com/kserve/kserve/pkg/apis/serving/v1alpha1.TrainedModel
I0904 00:51:54.201671 4059010 api_linter.go:195] validating API rule streaming_list_type_field_order for type github.com/kserve/kserve/pkg/apis/serving/v1alpha1.TrainedModel
I0904 00:51:54.201681 4059010 api_linter.go:195] validating API rule streaming_list_type_json_tags for type github.com/kserve/kserve/pkg/apis/serving/v1alpha1.TrainedModel
I0904 00:51:54.201686 4059010 api_linter.go:195] validating API rule streaming_list_type_proto_tags for type github.com/kserve/kserve/pkg/apis/serving/v1alpha1.TrainedModel
I0904 00:51:54.201692 4059010 api_linter.go:108] validating API rules for type github.com/kserve/kserve/pkg/apis/serving/v1alpha1.TrainedModelList
I0904 00:51:54.201698 4059010 api_linter.go:195] validating API rule names_match for type github.com/kserve/kserve/pkg/apis/serving/v1alpha1.TrainedModelList
I0904 00:51:54.201704 4059010 api_linter.go:195] validating API rule omitempty_match_case for type github.com/kserve/kserve/pkg/apis/serving/v1alpha1.TrainedModelList
I0904 00:51:54.201710 4059010 api_linter.go:195] validating API rule list_type_missing for type github.com/kserve/kserve/pkg/apis/serving/v1alpha1.TrainedModelList
I0904 00:51:54.201717 4059010 api_linter.go:195] validating API rule streaming_list_type_field_order for type github.com/kserve/kserve/pkg/apis/serving/v1alpha1.TrainedModelList
I0904 00:51:54.201723 4059010 api_linter.go:195] validating API rule streaming_list_type_json_tags for type github.com/kserve/kserve/pkg/apis/serving/v1alpha1.TrainedModelList
I0904 00:51:54.201729 4059010 api_linter.go:195] validating API rule streaming_list_type_proto_tags for type github.com/kserve/kserve/pkg/apis/serving/v1alpha1.TrainedModelList
I0904 00:51:54.201735 4059010 api_linter.go:108] validating API rules for type github.com/kserve/kserve/pkg/apis/serving/v1alpha1.TrainedModelSpec
I0904 00:51:54.201740 4059010 api_linter.go:195] validating API rule names_match for type github.com/kserve/kserve/pkg/apis/serving/v1alpha1.TrainedModelSpec
I0904 00:51:54.201747 4059010 api_linter.go:195] validating API rule omitempty_match_case for type github.com/kserve/kserve/pkg/apis/serving/v1alpha1.TrainedModelSpec
I0904 00:51:54.201753 4059010 api_linter.go:195] validating API rule list_type_missing for type github.com/kserve/kserve/pkg/apis/serving/v1alpha1.TrainedModelSpec
I0904 00:51:54.201760 4059010 api_linter.go:195] validating API rule streaming_list_type_field_order for type github.com/kserve/kserve/pkg/apis/serving/v1alpha1.TrainedModelSpec
I0904 00:51:54.201765 4059010 api_linter.go:195] validating API rule streaming_list_type_json_tags for type github.com/kserve/kserve/pkg/apis/serving/v1alpha1.TrainedModelSpec
I0904 00:51:54.201771 4059010 api_linter.go:195] validating API rule streaming_list_type_proto_tags for type github.com/kserve/kserve/pkg/apis/serving/v1alpha1.TrainedModelSpec
I0904 00:51:54.201777 4059010 api_linter.go:108] validating API rules for type github.com/kserve/kserve/pkg/apis/serving/v1alpha1.WorkloadType
I0904 00:51:54.201782 4059010 api_linter.go:195] validating API rule names_match for type github.com/kserve/kserve/pkg/apis/serving/v1alpha1.WorkloadType
I0904 00:51:54.201788 4059010 api_linter.go:195] validating API rule omitempty_match_case for type github.com/kserve/kserve/pkg/apis/serving/v1alpha1.WorkloadType
I0904 00:51:54.201793 4059010 api_linter.go:195] validating API rule list_type_missing for type github.com/kserve/kserve/pkg/apis/serving/v1alpha1.WorkloadType
I0904 00:51:54.201798 4059010 api_linter.go:195] validating API rule streaming_list_type_field_order for type github.com/kserve/kserve/pkg/apis/serving/v1alpha1.WorkloadType
I0904 00:51:54.201804 4059010 api_linter.go:195] validating API rule streaming_list_type_json_tags for type github.com/kserve/kserve/pkg/apis/serving/v1alpha1.WorkloadType
I0904 00:51:54.201809 4059010 api_linter.go:195] validating API rule streaming_list_type_proto_tags for type github.com/kserve/kserve/pkg/apis/serving/v1alpha1.WorkloadType
I0904 00:51:54.201818 4059010 api_linter.go:108] validating API rules for type github.com/kserve/kserve/pkg/apis/serving/v1alpha2.LLMInferenceService
I0904 00:51:54.201824 4059010 api_linter.go:195] validating API rule names_match for type github.com/kserve/kserve/pkg/apis/serving/v1alpha2.LLMInferenceService
I0904 00:51:54.201832 4059010 api_linter.go:195] validating API rule omitempty_match_case for type github.com/kserve/kserve/pkg/apis/serving/v1alpha2.LLMInferenceService
I0904 00:51:54.201838 4059010 api_linter.go:195] validating API rule list_type_missing for type github.com/kserve/kserve/pkg/apis/serving/v1alpha2.LLMInferenceService
I0904 00:51:54.201844 4059010 api_linter.go:195] validating API rule streaming_list_type_field_order for type github.com/kserve/kserve/pkg/apis/serving/v1alpha2.LLMInferenceService
I0904 00:51:54.201849 4059010 api_linter.go:195] validating API rule streaming_list_type_json_tags for type github.com/kserve/kserve/pkg/apis/serving/v1alpha2.LLMInferenceService
I0904 00:51:54.201855 4059010 api_linter.go:195] validating API rule streaming_list_type_proto_tags for type github.com/kserve/kserve/pkg/apis/serving/v1alpha2.LLMInferenceService
I0904 00:51:54.201860 4059010 api_linter.go:108] validating API rules for type github.com/kserve/kserve/pkg/apis/serving/v1alpha2.LLMInferenceServiceConfig
I0904 00:51:54.201866 4059010 api_linter.go:195] validating API rule names_match for type github.com/kserve/kserve/pkg/apis/serving/v1alpha2.LLMInferenceServiceConfig
I0904 00:51:54.201873 4059010 api_linter.go:195] validating API rule omitempty_match_case for type github.com/kserve/kserve/pkg/apis/serving/v1alpha2.LLMInferenceServiceConfig
I0904 00:51:54.201880 4059010 api_linter.go:195] validating API rule list_type_missing for type github.com/kserve/kserve/pkg/apis/serving/v1alpha2.LLMInferenceServiceConfig
I0904 00:51:54.201885 4059010 api_linter.go:195] validating API rule streaming_list_type_field_order for type github.com/kserve/kserve/pkg/apis/serving/v1alpha2.LLMInferenceServiceConfig
I0904 00:51:54.201891 4059010 api_linter.go:195] validating API rule streaming_list_type_json_tags for type github.com/kserve/kserve/pkg/apis/serving/v1alpha2.LLMInferenceServiceConfig
I0904 00:51:54.201896 4059010 api_linter.go:195] validating API rule streaming_list_type_proto_tags for type github.com/kserve/kserve/pkg/apis/serving/v1alpha2.LLMInferenceServiceConfig
I0904 00:51:54.201902 4059010 api_linter.go:108] validating API rules for type github.com/kserve/kserve/pkg/apis/serving/v1alpha2.LLMInferenceServiceConfigList
I0904 00:51:54.201908 4059010 api_linter.go:195] validating API rule names_match for type github.com/kserve/kserve/pkg/apis/serving/v1alpha2.LLMInferenceServiceConfigList
I0904 00:51:54.201915 4059010 api_linter.go:195] validating API rule omitempty_match_case for type github.com/kserve/kserve/pkg/apis/serving/v1alpha2.LLMInferenceServiceConfigList
I0904 00:51:54.201921 4059010 api_linter.go:195] validating API rule list_type_missing for type github.com/kserve/kserve/pkg/apis/serving/v1alpha2.LLMInferenceServiceConfigList
I0904 00:51:54.201927 4059010 api_linter.go:195] validating API rule streaming_list_type_field_order for type github.com/kserve/kserve/pkg/apis/serving/v1alpha2.LLMInferenceServiceConfigList
I0904 00:51:54.201933 4059010 api_linter.go:195] validating API rule streaming_list_type_json_tags for type github.com/kserve/kserve/pkg/apis/serving/v1alpha2.LLMInferenceServiceConfigList
I0904 00:51:54.201938 4059010 api_linter.go:195] validating API rule streaming_list_type_proto_tags for type github.com/kserve/kserve/pkg/apis/serving/v1alpha2.LLMInferenceServiceConfigList
I0904 00:51:54.201944 4059010 api_linter.go:108] validating API rules for type github.com/kserve/kserve/pkg/apis/serving/v1alpha2.LLMInferenceServiceList
I0904 00:51:54.201950 4059010 api_linter.go:195] validating API rule names_match for type github.com/kserve/kserve/pkg/apis/serving/v1alpha2.LLMInferenceServiceList
I0904 00:51:54.201957 4059010 api_linter.go:195] validating API rule omitempty_match_case for type github.com/kserve/kserve/pkg/apis/serving/v1alpha2.LLMInferenceServiceList
I0904 00:51:54.201966 4059010 api_linter.go:195] validating API rule list_type_missing for type github.com/kserve/kserve/pkg/apis/serving/v1alpha2.LLMInferenceServiceList
I0904 00:51:54.201972 4059010 api_linter.go:195] validating API rule streaming_list_type_field_order for type github.com/kserve/kserve/pkg/apis/serving/v1alpha2.LLMInferenceServiceList
I0904 00:51:54.201977 4059010 api_linter.go:195] validating API rule streaming_list_type_json_tags for type github.com/kserve/kserve/pkg/apis/serving/v1alpha2.LLMInferenceServiceList
I0904 00:51:54.201982 4059010 api_linter.go:195] validating API rule streaming_list_type_proto_tags for type github.com/kserve/kserve/pkg/apis/serving/v1alpha2.LLMInferenceServiceList
I0904 00:51:54.201989 4059010 api_linter.go:108] validating API rules for type github.com/kserve/kserve/pkg/apis/serving/v1beta1.APIVersion
I0904 00:51:54.201995 4059010 api_linter.go:195] validating API rule names_match for type github.com/kserve/kserve/pkg/apis/serving/v1beta1.APIVersion
I0904 00:51:54.202000 4059010 api_linter.go:195] validating API rule omitempty_match_case for type github.com/kserve/kserve/pkg/apis/serving/v1beta1.APIVersion
I0904 00:51:54.202006 4059010 api_linter.go:195] validating API rule list_type_missing for type github.com/kserve/kserve/pkg/apis/serving/v1beta1.APIVersion
I0904 00:51:54.202011 4059010 api_linter.go:195] validating API rule streaming_list_type_field_order for type github.com/kserve/kserve/pkg/apis/serving/v1beta1.APIVersion
I0904 00:51:54.202017 4059010 api_linter.go:195] validating API rule streaming_list_type_json_tags for type github.com/kserve/kserve/pkg/apis/serving/v1beta1.APIVersion
I0904 00:51:54.202022 4059010 api_linter.go:195] validating API rule streaming_list_type_proto_tags for type github.com/kserve/kserve/pkg/apis/serving/v1beta1.APIVersion
I0904 00:51:54.202027 4059010 api_linter.go:108] validating API rules for type github.com/kserve/kserve/pkg/apis/serving/v1beta1.ARTExplainerSpec
I0904 00:51:54.202033 4059010 api_linter.go:195] validating API rule names_match for type github.com/kserve/kserve/pkg/apis/serving/v1beta1.ARTExplainerSpec
I0904 00:51:54.202040 4059010 api_linter.go:195] validating API rule omitempty_match_case for type github.com/kserve/kserve/pkg/apis/serving/v1beta1.ARTExplainerSpec
I0904 00:51:54.202046 4059010 api_linter.go:195] validating API rule list_type_missing for type github.com/kserve/kserve/pkg/apis/serving/v1beta1.ARTExplainerSpec
I0904 00:51:54.202053 4059010 api_linter.go:195] validating API rule streaming_list_type_field_order for type github.com/kserve/kserve/pkg/apis/serving/v1beta1.ARTExplainerSpec
I0904 00:51:54.202058 4059010 api_linter.go:195] validating API rule streaming_list_type_json_tags for type github.com/kserve/kserve/pkg/apis/serving/v1beta1.ARTExplainerSpec
I0904 00:51:54.202065 4059010 api_linter.go:195] validating API rule streaming_list_type_proto_tags for type github.com/kserve/kserve/pkg/apis/serving/v1beta1.ARTExplainerSpec
I0904 00:51:54.202070 4059010 api_linter.go:108] validating API rules for type github.com/kserve/kserve/pkg/apis/serving/v1beta1.ARTExplainerType
I0904 00:51:54.202076 4059010 api_linter.go:195] validating API rule names_match for type github.com/kserve/kserve/pkg/apis/serving/v1beta1.ARTExplainerType
I0904 00:51:54.202081 4059010 api_linter.go:195] validating API rule omitempty_match_case for type github.com/kserve/kserve/pkg/apis/serving/v1beta1.ARTExplainerType
I0904 00:51:54.202087 4059010 api_linter.go:195] validating API rule list_type_missing for type github.com/kserve/kserve/pkg/apis/serving/v1beta1.ARTExplainerType
I0904 00:51:54.202092 4059010 api_linter.go:195] validating API rule streaming_list_type_field_order for type github.com/kserve/kserve/pkg/apis/serving/v1beta1.ARTExplainerType
I0904 00:51:54.202098 4059010 api_linter.go:195] validating API rule streaming_list_type_json_tags for type github.com/kserve/kserve/pkg/apis/serving/v1beta1.ARTExplainerType
I0904 00:51:54.202104 4059010 api_linter.go:195] validating API rule streaming_list_type_proto_tags for type github.com/kserve/kserve/pkg/apis/serving/v1beta1.ARTExplainerType
I0904 00:51:54.202112 4059010 api_linter.go:108] validating API rules for type github.com/kserve/kserve/pkg/apis/serving/v1beta1.ARTSquareAttackExplainer
I0904 00:51:54.202118 4059010 api_linter.go:195] validating API rule names_match for type github.com/kserve/kserve/pkg/apis/serving/v1beta1.ARTSquareAttackExplainer
I0904 00:51:54.202123 4059010 api_linter.go:195] validating API rule omitempty_match_case for type github.com/kserve/kserve/pkg/apis/serving/v1beta1.ARTSquareAttackExplainer
I0904 00:51:54.202129 4059010 api_linter.go:195] validating API rule list_type_missing for type github.com/kserve/kserve/pkg/apis/serving/v1beta1.ARTSquareAttackExplainer
I0904 00:51:54.202134 4059010 api_linter.go:195] validating API rule streaming_list_type_field_order for type github.com/kserve/kserve/pkg/apis/serving/v1beta1.ARTSquareAttackExplainer
I0904 00:51:54.202139 4059010 api_linter.go:195] validating API rule streaming_list_type_json_tags for type github.com/kserve/kserve/pkg/apis/serving/v1beta1.ARTSquareAttackExplainer
I0904 00:51:54.202145 4059010 api_linter.go:195] validating API rule streaming_list_type_proto_tags for type github.com/kserve/kserve/pkg/apis/serving/v1beta1.ARTSquareAttackExplainer
I0904 00:51:54.202150 4059010 api_linter.go:108] validating API rules for type github.com/kserve/kserve/pkg/apis/serving/v1beta1.AddToScheme
I0904 00:51:54.202156 4059010 api_linter.go:195] validating API rule names_match for type github.com/kserve/kserve/pkg/apis/serving/v1beta1.AddToScheme
I0904 00:51:54.202161 4059010 api_linter.go:195] validating API rule omitempty_match_case for type github.com/kserve/kserve/pkg/apis/serving/v1beta1.AddToScheme
I0904 00:51:54.202167 4059010 api_linter.go:195] validating API rule list_type_missing for type github.com/kserve/kserve/pkg/apis/serving/v1beta1.AddToScheme
I0904 00:51:54.202172 4059010 api_linter.go:195] validating API rule streaming_list_type_field_order for type github.com/kserve/kserve/pkg/apis/serving/v1beta1.AddToScheme
I0904 00:51:54.202178 4059010 api_linter.go:195] validating API rule streaming_list_type_json_tags for type github.com/kserve/kserve/pkg/apis/serving/v1beta1.AddToScheme
I0904 00:51:54.202183 4059010 api_linter.go:195] validating API rule streaming_list_type_proto_tags for type github.com/kserve/kserve/pkg/apis/serving/v1beta1.AddToScheme
I0904 00:51:54.202189 4059010 api_linter.go:108] validating API rules for type github.com/kserve/kserve/pkg/apis/serving/v1beta1.AuthenticationRef
I0904 00:51:54.202213 4059010 api_linter.go:195] validating API rule names_match for type github.com/kserve/kserve/pkg/apis/serving/v1beta1.AuthenticationRef
I0904 00:51:54.202225 4059010 api_linter.go:195] validating API rule omitempty_match_case for type github.com/kserve/kserve/pkg/apis/serving/v1beta1.AuthenticationRef
I0904 00:51:54.202233 4059010 api_linter.go:195] validating API rule list_type_missing for type github.com/kserve/kserve/pkg/apis/serving/v1beta1.AuthenticationRef
I0904 00:51:54.202242 4059010 api_linter.go:195] validating API rule streaming_list_type_field_order for type github.com/kserve/kserve/pkg/apis/serving/v1beta1.AuthenticationRef
I0904 00:51:54.202251 4059010 api_linter.go:195] validating API rule streaming_list_type_json_tags for type github.com/kserve/kserve/pkg/apis/serving/v1beta1.AuthenticationRef
I0904 00:51:54.202259 4059010 api_linter.go:195] validating API rule streaming_list_type_proto_tags for type github.com/kserve/kserve/pkg/apis/serving/v1beta1.AuthenticationRef
I0904 00:51:54.202265 4059010 api_linter.go:108] validating API rules for type github.com/kserve/kserve/pkg/apis/serving/v1beta1.AutoScalingSpec
I0904 00:51:54.202270 4059010 api_linter.go:195] validating API rule names_match for type github.com/kserve/kserve/pkg/apis/serving/v1beta1.AutoScalingSpec
I0904 00:51:54.202277 4059010 api_linter.go:195] validating API rule omitempty_match_case for type github.com/kserve/kserve/pkg/apis/serving/v1beta1.AutoScalingSpec
I0904 00:51:54.202291 4059010 api_linter.go:195] validating API rule list_type_missing for type github.com/kserve/kserve/pkg/apis/serving/v1beta1.AutoScalingSpec
I0904 00:51:54.202297 4059010 api_linter.go:195] validating API rule streaming_list_type_field_order for type github.com/kserve/kserve/pkg/apis/serving/v1beta1.AutoScalingSpec
I0904 00:51:54.202303 4059010 api_linter.go:195] validating API rule streaming_list_type_json_tags for type github.com/kserve/kserve/pkg/apis/serving/v1beta1.AutoScalingSpec
I0904 00:51:54.202308 4059010 api_linter.go:195] validating API rule streaming_list_type_proto_tags for type github.com/kserve/kserve/pkg/apis/serving/v1beta1.AutoScalingSpec
I0904 00:51:54.202314 4059010 api_linter.go:108] validating API rules for type github.com/kserve/kserve/pkg/apis/serving/v1beta1.AutoscalerConfig
I0904 00:51:54.202320 4059010 api_linter.go:195] validating API rule names_match for type github.com/kserve/kserve/pkg/apis/serving/v1beta1.AutoscalerConfig
I0904 00:51:54.202327 4059010 api_linter.go:195] validating API rule omitempty_match_case for type github.com/kserve/kserve/pkg/apis/serving/v1beta1.AutoscalerConfig
I0904 00:51:54.202334 4059010 api_linter.go:195] validating API rule list_type_missing for type github.com/kserve/kserve/pkg/apis/serving/v1beta1.AutoscalerConfig
I0904 00:51:54.202340 4059010 api_linter.go:195] validating API rule streaming_list_type_field_order for type github.com/kserve/kserve/pkg/apis/serving/v1beta1.AutoscalerConfig
I0904 00:51:54.202345 4059010 api_linter.go:195] validating API rule streaming_list_type_json_tags for type github.com/kserve/kserve/pkg/apis/serving/v1beta1.AutoscalerConfig
I0904 00:51:54.202351 4059010 api_linter.go:195] validating API rule streaming_list_type_proto_tags for type github.com/kserve/kserve/pkg/apis/serving/v1beta1.AutoscalerConfig
I0904 00:51:54.202357 4059010 api_linter.go:108] validating API rules for type github.com/kserve/kserve/pkg/apis/serving/v1beta1.AutoscalerConfigName
I0904 00:51:54.202362 4059010 api_linter.go:195] validating API rule names_match for type github.com/kserve/kserve/pkg/apis/serving/v1beta1.AutoscalerConfigName
I0904 00:51:54.202368 4059010 api_linter.go:195] validating API rule omitempty_match_case for type github.com/kserve/kserve/pkg/apis/serving/v1beta1.AutoscalerConfigName
I0904 00:51:54.202373 4059010 api_linter.go:195] validating API rule list_type_missing for type github.com/kserve/kserve/pkg/apis/serving/v1beta1.AutoscalerConfigName
I0904 00:51:54.202379 4059010 api_linter.go:195] validating API rule streaming_list_type_field_order for type github.com/kserve/kserve/pkg/apis/serving/v1beta1.AutoscalerConfigName
I0904 00:51:54.202384 4059010 api_linter.go:195] validating API rule streaming_list_type_json_tags for type github.com/kserve/kserve/pkg/apis/serving/v1beta1.AutoscalerConfigName
I0904 00:51:54.202390 4059010 api_linter.go:195] validating API rule streaming_list_type_proto_tags for type github.com/kserve/kserve/pkg/apis/serving/v1beta1.AutoscalerConfigName
I0904 00:51:54.202395 4059010 api_linter.go:108] validating API rules for type github.com/kserve/kserve/pkg/apis/serving/v1beta1.AverageValueMetricType
I0904 00:51:54.202401 4059010 api_linter.go:195] validating API rule names_match for type github.com/kserve/kserve/pkg/apis/serving/v1beta1.AverageValueMetricType
I0904 00:51:54.202406 4059010 api_linter.go:195] validating API rule omitempty_match_case for type github.com/kserve/kserve/pkg/apis/serving/v1beta1.AverageValueMetricType
I0904 00:51:54.202412 4059010 api_linter.go:195] validating API rule list_type_missing for type github.com/kserve/kserve/pkg/apis/serving/v1beta1.AverageValueMetricType
I0904 00:51:54.202423 4059010 api_linter.go:195] validating API rule streaming_list_type_field_order for type github.com/kserve/kserve/pkg/apis/serving/v1beta1.AverageValueMetricType
I0904 00:51:54.202429 4059010 api_linter.go:195] validating API rule streaming_list_type_json_tags for type github.com/kserve/kserve/pkg/apis/serving/v1beta1.AverageValueMetricType
I0904 00:51:54.202440 4059010 api_linter.go:195] validating API rule streaming_list_type_proto_tags for type github.com/kserve/kserve/pkg/apis/serving/v1beta1.AverageValueMetricType
I0904 00:51:54.202446 4059010 api_linter.go:108] validating API rules for type github.com/kserve/kserve/pkg/apis/serving/v1beta1.Batcher
I0904 00:51:54.202452 4059010 api_linter.go:195] validating API rule names_match for type github.com/kserve/kserve/pkg/apis/serving/v1beta1.Batcher
I0904 00:51:54.202459 4059010 api_linter.go:195] validating API rule omitempty_match_case for type github.com/kserve/kserve/pkg/apis/serving/v1beta1.Batcher
I0904 00:51:54.202465 4059010 api_linter.go:195] validating API rule list_type_missing for type github.com/kserve/kserve/pkg/apis/serving/v1beta1.Batcher
I0904 00:51:54.202472 4059010 api_linter.go:195] validating API rule streaming_list_type_field_order for type github.com/kserve/kserve/pkg/apis/serving/v1beta1.Batcher
I0904 00:51:54.202478 4059010 api_linter.go:195] validating API rule streaming_list_type_json_tags for type github.com/kserve/kserve/pkg/apis/serving/v1beta1.Batcher
I0904 00:51:54.202483 4059010 api_linter.go:195] validating API rule streaming_list_type_proto_tags for type github.com/kserve/kserve/pkg/apis/serving/v1beta1.Batcher
I0904 00:51:54.202488 4059010 api_linter.go:108] validating API rules for type github.com/kserve/kserve/pkg/apis/serving/v1beta1.BlockedByFailedLoad
I0904 00:51:54.202494 4059010 api_linter.go:195] validating API rule names_match for type github.com/kserve/kserve/pkg/apis/serving/v1beta1.BlockedByFailedLoad
I0904 00:51:54.202500 4059010 api_linter.go:195] validating API rule omitempty_match_case for type github.com/kserve/kserve/pkg/apis/serving/v1beta1.BlockedByFailedLoad
I0904 00:51:54.202505 4059010 api_linter.go:195] validating API rule list_type_missing for type github.com/kserve/kserve/pkg/apis/serving/v1beta1.BlockedByFailedLoad
I0904 00:51:54.202511 4059010 api_linter.go:195] validating API rule streaming_list_type_field_order for type github.com/kserve/kserve/pkg/apis/serving/v1beta1.BlockedByFailedLoad
I0904 00:51:54.202517 4059010 api_linter.go:195] validating API rule streaming_list_type_json_tags for type github.com/kserve/kserve/pkg/apis/serving/v1beta1.BlockedByFailedLoad
I0904 00:51:54.202522 4059010 api_linter.go:195] validating API rule streaming_list_type_proto_tags for type github.com/kserve/kserve/pkg/apis/serving/v1beta1.BlockedByFailedLoad
I0904 00:51:54.202527 4059010 api_linter.go:108] validating API rules for type github.com/kserve/kserve/pkg/apis/serving/v1beta1.CanaryPredictorReady
I0904 00:51:54.202533 4059010 api_linter.go:195] validating API rule names_match for type github.com/kserve/kserve/pkg/apis/serving/v1beta1.CanaryPredictorReady
I0904 00:51:54.202538 4059010 api_linter.go:195] validating API rule omitempty_match_case for type github.com/kserve/kserve/pkg/apis/serving/v1beta1.CanaryPredictorReady
I0904 00:51:54.202544 4059010 api_linter.go:195] validating API rule list_type_missing for type github.com/kserve/kserve/pkg/apis/serving/v1beta1.CanaryPredictorReady
I0904 00:51:54.202550 4059010 api_linter.go:195] validating API rule streaming_list_type_field_order for type github.com/kserve/kserve/pkg/apis/serving/v1beta1.CanaryPredictorReady
I0904 00:51:54.202555 4059010 api_linter.go:195] validating API rule streaming_list_type_json_tags for type github.com/kserve/kserve/pkg/apis/serving/v1beta1.CanaryPredictorReady
I0904 00:51:54.202560 4059010 api_linter.go:195] validating API rule streaming_list_type_proto_tags for type github.com/kserve/kserve/pkg/apis/serving/v1beta1.CanaryPredictorReady
I0904 00:51:54.202566 4059010 api_linter.go:108] validating API rules for type github.com/kserve/kserve/pkg/apis/serving/v1beta1.CanarySpec
I0904 00:51:54.202571 4059010 api_linter.go:195] validating API rule names_match for type github.com/kserve/kserve/pkg/apis/serving/v1beta1.CanarySpec
I0904 00:51:54.202578 4059010 api_linter.go:195] validating API rule omitempty_match_case for type github.com/kserve/kserve/pkg/apis/serving/v1beta1.CanarySpec
I0904 00:51:54.202587 4059010 api_linter.go:195] validating API rule list_type_missing for type github.com/kserve/kserve/pkg/apis/serving/v1beta1.CanarySpec
I0904 00:51:54.202594 4059010 api_linter.go:195] validating API rule streaming_list_type_field_order for type github.com/kserve/kserve/pkg/apis/serving/v1beta1.CanarySpec
I0904 00:51:54.202600 4059010 api_linter.go:195] validating API rule streaming_list_type_json_tags for type github.com/kserve/kserve/pkg/apis/serving/v1beta1.CanarySpec
I0904 00:51:54.202605 4059010 api_linter.go:195] validating API rule streaming_list_type_proto_tags for type github.com/kserve/kserve/pkg/apis/serving/v1beta1.CanarySpec
I0904 00:51:54.202611 4059010 api_linter.go:108] validating API rules for type github.com/kserve/kserve/pkg/apis/serving/v1beta1.CanaryStatus
I0904 00:51:54.202617 4059010 api_linter.go:195] validating API rule names_match for type github.com/kserve/kserve/pkg/apis/serving/v1beta1.CanaryStatus
I0904 00:51:54.202625 4059010 api_linter.go:195] validating API rule omitempty_match_case for type github.com/kserve/kserve/pkg/apis/serving/v1beta1.CanaryStatus
I0904 00:51:54.202631 4059010 api_linter.go:195] validating API rule list_type_missing for type github.com/kserve/kserve/pkg/apis/serving/v1beta1.CanaryStatus
I0904 00:51:54.202637 4059010 api_linter.go:195] validating API rule streaming_list_type_field_order for type github.com/kserve/kserve/pkg/apis/serving/v1beta1.CanaryStatus
I0904 00:51:54.202643 4059010 api_linter.go:195] validating API rule streaming_list_type_json_tags for type github.com/kserve/kserve/pkg/apis/serving/v1beta1.CanaryStatus
I0904 00:51:54.202648 4059010 api_linter.go:195] validating API rule streaming_list_type_proto_tags for type github.com/kserve/kserve/pkg/apis/serving/v1beta1.CanaryStatus
I0904 00:51:54.202653 4059010 api_linter.go:108] validating API rules for type github.com/kserve/kserve/pkg/apis/serving/v1beta1.Component
I0904 00:51:54.202659 4059010 api_linter.go:195] validating API rule names_match for type github.com/kserve/kserve/pkg/apis/serving/v1beta1.Component
I0904 00:51:54.202665 4059010 api_linter.go:195] validating API rule omitempty_match_case for type github.com/kserve/kserve/pkg/apis/serving/v1beta1.Component
I0904 00:51:54.202670 4059010 api_linter.go:195] validating API rule list_type_missing for type github.com/kserve/kserve/pkg/apis/serving/v1beta1.Component
I0904 00:51:54.202675 4059010 api_linter.go:195] validating API rule streaming_list_type_field_order for type github.com/kserve/kserve/pkg/apis/serving/v1beta1.Component
I0904 00:51:54.202681 4059010 api_linter.go:195] validating API rule streaming_list_type_json_tags for type github.com/kserve/kserve/pkg/apis/serving/v1beta1.Component
I0904 00:51:54.202686 4059010 api_linter.go:195] validating API rule streaming_list_type_proto_tags for type github.com/kserve/kserve/pkg/apis/serving/v1beta1.Component
I0904 00:51:54.202692 4059010 api_linter.go:108] validating API rules for type github.com/kserve/kserve/pkg/apis/serving/v1beta1.ComponentExtensionSpec
I0904 00:51:54.202697 4059010 api_linter.go:195] validating API rule names_match for type github.com/kserve/kserve/pkg/apis/serving/v1beta1.ComponentExtensionSpec
I0904 00:51:54.202709 4059010 api_linter.go:195] validating API rule omitempty_match_case for type github.com/kserve/kserve/pkg/apis/serving/v1beta1.ComponentExtensionSpec
I0904 00:51:54.202716 4059010 api_linter.go:195] validating API rule list_type_missing for type github.com/kserve/kserve/pkg/apis/serving/v1beta1.ComponentExtensionSpec
I0904 00:51:54.202726 4059010 api_linter.go:195] validating API rule streaming_list_type_field_order for type github.com/kserve/kserve/pkg/apis/serving/v1beta1.ComponentExtensionSpec
I0904 00:51:54.202731 4059010 api_linter.go:195] validating API rule streaming_list_type_json_tags for type github.com/kserve/kserve/pkg/apis/serving/v1beta1.ComponentExtensionSpec
I0904 00:51:54.202737 4059010 api_linter.go:195] validating API rule streaming_list_type_proto_tags for type github.com/kserve/kserve/pkg/apis/serving/v1beta1.ComponentExtensionSpec
I0904 00:51:54.202745 4059010 api_linter.go:108] validating API rules for type github.com/kserve/kserve/pkg/apis/serving/v1beta1.ComponentImplementation
I0904 00:51:54.202751 4059010 api_linter.go:195] validating API rule names_match for type github.com/kserve/kserve/pkg/apis/serving/v1beta1.ComponentImplementation
I0904 00:51:54.202757 4059010 api_linter.go:195] validating API rule omitempty_match_case for type github.com/kserve/kserve/pkg/apis/serving/v1beta1.ComponentImplementation
I0904 00:51:54.202762 4059010 api_linter.go:195] validating API rule list_type_missing for type github.com/kserve/kserve/pkg/apis/serving/v1beta1.ComponentImplementation
I0904 00:51:54.202768 4059010 api_linter.go:195] validating API rule streaming_list_type_field_order for type github.com/kserve/kserve/pkg/apis/serving/v1beta1.ComponentImplementation
I0904 00:51:54.202773 4059010 api_linter.go:195] validating API rule streaming_list_type_json_tags for type github.com/kserve/kserve/pkg/apis/serving/v1beta1.ComponentImplementation
I0904 00:51:54.202779 4059010 api_linter.go:195] validating API rule streaming_list_type_proto_tags for type github.com/kserve/kserve/pkg/apis/serving/v1beta1.ComponentImplementation
I0904 00:51:54.202784 4059010 api_linter.go:108] validating API rules for type github.com/kserve/kserve/pkg/apis/serving/v1beta1.ComponentStatusSpec
I0904 00:51:54.202790 4059010 api_linter.go:195] validating API rule names_match for type github.com/kserve/kserve/pkg/apis/serving/v1beta1.ComponentStatusSpec
I0904 00:51:54.202800 4059010 api_linter.go:195] validating API rule omitempty_match_case for type github.com/kserve/kserve/pkg/apis/serving/v1beta1.ComponentStatusSpec
I0904 00:51:54.202807 4059010 api_linter.go:195] validating API rule list_type_missing for type github.com/kserve/kserve/pkg/apis/serving/v1beta1.ComponentStatusSpec
I0904 00:51:54.202817 4059010 api_linter.go:195] validating API rule streaming_list_type_field_order for type github.com/kserve/kserve/pkg/apis/serving/v1beta1.ComponentStatusSpec
I0904 00:51:54.202823 4059010 api_linter.go:195] validating API rule streaming_list_type_json_tags for type github.com/kserve/kserve/pkg/apis/serving/v1beta1.ComponentStatusSpec
I0904 00:51:54.202829 4059010 api_linter.go:195] validating API rule streaming_list_type_proto_tags for type github.com/kserve/kserve/pkg/apis/serving/v1beta1.ComponentStatusSpec
I0904 00:51:54.202834 4059010 api_linter.go:108] validating API rules for type github.com/kserve/kserve/pkg/apis/serving/v1beta1.ComponentType
I0904 00:51:54.202840 4059010 api_linter.go:195] validating API rule names_match for type github.com/kserve/kserve/pkg/apis/serving/v1beta1.ComponentType
I0904 00:51:54.202846 4059010 api_linter.go:195] validating API rule omitempty_match_case for type github.com/kserve/kserve/pkg/apis/serving/v1beta1.ComponentType
I0904 00:51:54.202851 4059010 api_linter.go:195] validating API rule list_type_missing for type github.com/kserve/kserve/pkg/apis/serving/v1beta1.ComponentType
I0904 00:51:54.202856 4059010 api_linter.go:195] validating API rule streaming_list_type_field_order for type github.com/kserve/kserve/pkg/apis/serving/v1beta1.ComponentType
I0904 00:51:54.202861 4059010 api_linter.go:195] validating API rule streaming_list_type_json_tags for type github.com/kserve/kserve/pkg/apis/serving/v1beta1.ComponentType
I0904 00:51:54.202867 4059010 api_linter.go:195] validating API rule streaming_list_type_proto_tags for type github.com/kserve/kserve/pkg/apis/serving/v1beta1.ComponentType
I0904 00:51:54.202872 4059010 api_linter.go:108] validating API rules for type github.com/kserve/kserve/pkg/apis/serving/v1beta1.ConfidentialSpec
I0904 00:51:54.202878 4059010 api_linter.go:195] validating API rule names_match for type github.com/kserve/kserve/pkg/apis/serving/v1beta1.ConfidentialSpec
I0904 00:51:54.202884 4059010 api_linter.go:195] validating API rule omitempty_match_case for type github.com/kserve/kserve/pkg/apis/serving/v1beta1.ConfidentialSpec
I0904 00:51:54.202890 4059010 api_linter.go:195] validating API rule list_type_missing for type github.com/kserve/kserve/pkg/apis/serving/v1beta1.ConfidentialSpec
I0904 00:51:54.202900 4059010 api_linter.go:195] validating API rule streaming_list_type_field_order for type github.com/kserve/kserve/pkg/apis/serving/v1beta1.ConfidentialSpec
I0904 00:51:54.202905 4059010 api_linter.go:195] validating API rule streaming_list_type_json_tags for type github.com/kserve/kserve/pkg/apis/serving/v1beta1.ConfidentialSpec
I0904 00:51:54.202910 4059010 api_linter.go:195] validating API rule streaming_list_type_proto_tags for type github.com/kserve/kserve/pkg/apis/serving/v1beta1.ConfidentialSpec
I0904 00:51:54.202917 4059010 api_linter.go:108] validating API rules for type github.com/kserve/kserve/pkg/apis/serving/v1beta1.CustomExplainer
I0904 00:51:54.202924 4059010 api_linter.go:195] validating API rule names_match for type github.com/kserve/kserve/pkg/apis/serving/v1beta1.CustomExplainer
I0904 00:51:54.202931 4059010 api_linter.go:195] validating API rule omitempty_match_case for type github.com/kserve/kserve/pkg/apis/serving/v1beta1.CustomExplainer
I0904 00:51:54.202937 4059010 api_linter.go:195] validating API rule list_type_missing for type github.com/kserve/kserve/pkg/apis/serving/v1beta1.CustomExplainer
I0904 00:51:54.202942 4059010 api_linter.go:195] validating API rule streaming_list_type_field_order for type github.com/kserve/kserve/pkg/apis/serving/v1beta1.CustomExplainer
I0904 00:51:54.202948 4059010 api_linter.go:195] validating API rule streaming_list_type_json_tags for type github.com/kserve/kserve/pkg/apis/serving/v1beta1.CustomExplainer
I0904 00:51:54.202953 4059010 api_linter.go:195] validating API rule streaming_list_type_proto_tags for type github.com/kserve/kserve/pkg/apis/serving/v1beta1.CustomExplainer
I0904 00:51:54.202959 4059010 api_linter.go:108] validating API rules for type github.com/kserve/kserve/pkg/apis/serving/v1beta1.CustomPredictor
I0904 00:51:54.202964 4059010 api_linter.go:195] validating API rule names_match for type github.com/kserve/kserve/pkg/apis/serving/v1beta1.CustomPredictor
I0904 00:51:54.202970 4059010 api_linter.go:195] validating API rule omitempty_match_case for type github.com/kserve/kserve/pkg/apis/serving/v1beta1.CustomPredictor
I0904 00:51:54.202977 4059010 api_linter.go:195] validating API rule list_type_missing for type github.com/kserve/kserve/pkg/apis/serving/v1beta1.CustomPredictor
I0904 00:51:54.202994 4059010 api_linter.go:195] validating API rule streaming_list_type_field_order for type github.com/kserve/kserve/pkg/apis/serving/v1beta1.CustomPredictor
I0904 00:51:54.203000 4059010 api_linter.go:195] validating API rule streaming_list_type_json_tags for type github.com/kserve/kserve/pkg/apis/serving/v1beta1.CustomPredictor
I0904 00:51:54.203006 4059010 api_linter.go:195] validating API rule streaming_list_type_proto_tags for type github.com/kserve/kserve/pkg/apis/serving/v1beta1.CustomPredictor
I0904 00:51:54.203011 4059010 api_linter.go:108] validating API rules for type github.com/kserve/kserve/pkg/apis/serving/v1beta1.CustomTransformer
I0904 00:51:54.203017 4059010 api_linter.go:195] validating API rule names_match for type github.com/kserve/kserve/pkg/apis/serving/v1beta1.CustomTransformer
I0904 00:51:54.203023 4059010 api_linter.go:195] validating API rule omitempty_match_case for type github.com/kserve/kserve/pkg/apis/serving/v1beta1.CustomTransformer
I0904 00:51:54.203029 4059010 api_linter.go:195] validating API rule list_type_missing for type github.com/kserve/kserve/pkg/apis/serving/v1beta1.CustomTransformer
I0904 00:51:54.203034 4059010 api_linter.go:195] validating API rule streaming_list_type_field_order for type github.com/kserve/kserve/pkg/apis/serving/v1beta1.CustomTransformer
I0904 00:51:54.203040 4059010 api_linter.go:195] validating API rule streaming_list_type_json_tags for type github.com/kserve/kserve/pkg/apis/serving/v1beta1.CustomTransformer
I0904 00:51:54.203046 4059010 api_linter.go:195] validating API rule streaming_list_type_proto_tags for type github.com/kserve/kserve/pkg/apis/serving/v1beta1.CustomTransformer
I0904 00:51:54.203055 4059010 api_linter.go:108] validating API rules for type github.com/kserve/kserve/pkg/apis/serving/v1beta1.DefaultDomainTemplate
I0904 00:51:54.203061 4059010 api_linter.go:195] validating API rule names_match for type github.com/kserve/kserve/pkg/apis/serving/v1beta1.DefaultDomainTemplate
I0904 00:51:54.203066 4059010 api_linter.go:195] validating API rule omitempty_match_case for type github.com/kserve/kserve/pkg/apis/serving/v1beta1.DefaultDomainTemplate
I0904 00:51:54.203072 4059010 api_linter.go:195] validating API rule list_type_missing for type github.com/kserve/kserve/pkg/apis/serving/v1beta1.DefaultDomainTemplate
I0904 00:51:54.203077 4059010 api_linter.go:195] validating API rule streaming_list_type_field_order for type github.com/kserve/kserve/pkg/apis/serving/v1beta1.DefaultDomainTemplate
I0904 00:51:54.203083 4059010 api_linter.go:195] validating API rule streaming_list_type_json_tags for type github.com/kserve/kserve/pkg/apis/serving/v1beta1.DefaultDomainTemplate
I0904 00:51:54.203088 4059010 api_linter.go:195] validating API rule streaming_list_type_proto_tags for type github.com/kserve/kserve/pkg/apis/serving/v1beta1.DefaultDomainTemplate
I0904 00:51:54.203093 4059010 api_linter.go:108] validating API rules for type github.com/kserve/kserve/pkg/apis/serving/v1beta1.DefaultIngressDomain
I0904 00:51:54.203099 4059010 api_linter.go:195] validating API rule names_match for type github.com/kserve/kserve/pkg/apis/serving/v1beta1.DefaultIngressDomain
I0904 00:51:54.203105 4059010 api_linter.go:195] validating API rule omitempty_match_case for type github.com/kserve/kserve/pkg/apis/serving/v1beta1.DefaultIngressDomain
I0904 00:51:54.203110 4059010 api_linter.go:195] validating API rule list_type_missing for type github.com/kserve/kserve/pkg/apis/serving/v1beta1.DefaultIngressDomain
I0904 00:51:54.203116 4059010 api_linter.go:195] validating API rule streaming_list_type_field_order for type github.com/kserve/kserve/pkg/apis/serving/v1beta1.DefaultIngressDomain
I0904 00:51:54.203121 4059010 api_linter.go:195] validating API rule streaming_list_type_json_tags for type github.com/kserve/kserve/pkg/apis/serving/v1beta1.DefaultIngressDomain
I0904 00:51:54.203127 4059010 api_linter.go:195] validating API rule streaming_list_type_proto_tags for type github.com/kserve/kserve/pkg/apis/serving/v1beta1.DefaultIngressDomain
I0904 00:51:54.203132 4059010 api_linter.go:108] validating API rules for type github.com/kserve/kserve/pkg/apis/serving/v1beta1.DefaultModelBasedRoutingHeaderName
I0904 00:51:54.203138 4059010 api_linter.go:195] validating API rule names_match for type github.com/kserve/kserve/pkg/apis/serving/v1beta1.DefaultModelBasedRoutingHeaderName
I0904 00:51:54.203143 4059010 api_linter.go:195] validating API rule omitempty_match_case for type github.com/kserve/kserve/pkg/apis/serving/v1beta1.DefaultModelBasedRoutingHeaderName
I0904 00:51:54.203149 4059010 api_linter.go:195] validating API rule list_type_missing for type github.com/kserve/kserve/pkg/apis/serving/v1beta1.DefaultModelBasedRoutingHeaderName
I0904 00:51:54.203155 4059010 api_linter.go:195] validating API rule streaming_list_type_field_order for type github.com/kserve/kserve/pkg/apis/serving/v1beta1.DefaultModelBasedRoutingHeaderName
I0904 00:51:54.203161 4059010 api_linter.go:195] validating API rule streaming_list_type_json_tags for type github.com/kserve/kserve/pkg/apis/serving/v1beta1.DefaultModelBasedRoutingHeaderName
I0904 00:51:54.203166 4059010 api_linter.go:195] validating API rule streaming_list_type_proto_tags for type github.com/kserve/kserve/pkg/apis/serving/v1beta1.DefaultModelBasedRoutingHeaderName
I0904 00:51:54.203172 4059010 api_linter.go:108] validating API rules for type github.com/kserve/kserve/pkg/apis/serving/v1beta1.DefaultModelBasedRoutingMode
I0904 00:51:54.203177 4059010 api_linter.go:195] validating API rule names_match for type github.com/kserve/kserve/pkg/apis/serving/v1beta1.DefaultModelBasedRoutingMode
I0904 00:51:54.203182 4059010 api_linter.go:195] validating API rule omitempty_match_case for type github.com/kserve/kserve/pkg/apis/serving/v1beta1.DefaultModelBasedRoutingMode
I0904 00:51:54.203204 4059010 api_linter.go:195] validating API rule list_type_missing for type github.com/kserve/kserve/pkg/apis/serving/v1beta1.DefaultModelBasedRoutingMode
I0904 00:51:54.203217 4059010 api_linter.go:195] validating API rule streaming_list_type_field_order for type github.com/kserve/kserve/pkg/apis/serving/v1beta1.DefaultModelBasedRoutingMode
I0904 00:51:54.203226 4059010 api_linter.go:195] validating API rule streaming_list_type_json_tags for type github.com/kserve/kserve/pkg/apis/serving/v1beta1.DefaultModelBasedRoutingMode
I0904 00:51:54.203234 4059010 api_linter.go:195] validating API rule streaming_list_type_proto_tags for type github.com/kserve/kserve/pkg/apis/serving/v1beta1.DefaultModelBasedRoutingMode
I0904 00:51:54.203243 4059010 api_linter.go:108] validating API rules for type github.com/kserve/kserve/pkg/apis/serving/v1beta1.DefaultUrlScheme
I0904 00:51:54.203250 4059010 api_linter.go:195] validating API rule names_match for type github.com/kserve/kserve/pkg/apis/serving/v1beta1.DefaultUrlScheme
I0904 00:51:54.203262 4059010 api_linter.go:195] validating API rule omitempty_match_case for type github.com/kserve/kserve/pkg/apis/serving/v1beta1.DefaultUrlScheme
I0904 00:51:54.203268 4059010 api_linter.go:195] validating API rule list_type_missing for type github.com/kserve/kserve/pkg/apis/serving/v1beta1.DefaultUrlScheme
I0904 00:51:54.203274 4059010 api_linter.go:195] validating API rule streaming_list_type_field_order for type github.com/kserve/kserve/pkg/apis/serving/v1beta1.DefaultUrlScheme
I0904 00:51:54.203279 4059010 api_linter.go:195] validating API rule streaming_list_type_json_tags for type github.com/kserve/kserve/pkg/apis/serving/v1beta1.DefaultUrlScheme
I0904 00:51:54.203286 4059010 api_linter.go:195] validating API rule streaming_list_type_proto_tags for type github.com/kserve/kserve/pkg/apis/serving/v1beta1.DefaultUrlScheme
I0904 00:51:54.203291 4059010 api_linter.go:108] validating API rules for type github.com/kserve/kserve/pkg/apis/serving/v1beta1.DeployConfig
I0904 00:51:54.203298 4059010 api_linter.go:195] validating API rule names_match for type github.com/kserve/kserve/pkg/apis/serving/v1beta1.DeployConfig
I0904 00:51:54.203307 4059010 api_linter.go:195] validating API rule omitempty_match_case for type github.com/kserve/kserve/pkg/apis/serving/v1beta1.DeployConfig
I0904 00:51:54.203314 4059010 api_linter.go:195] validating API rule list_type_missing for type github.com/kserve/kserve/pkg/apis/serving/v1beta1.DeployConfig
I0904 00:51:54.203320 4059010 api_linter.go:195] validating API rule streaming_list_type_field_order for type github.com/kserve/kserve/pkg/apis/serving/v1beta1.DeployConfig
I0904 00:51:54.203326 4059010 api_linter.go:195] validating API rule streaming_list_type_json_tags for type github.com/kserve/kserve/pkg/apis/serving/v1beta1.DeployConfig
I0904 00:51:54.203331 4059010 api_linter.go:195] validating API rule streaming_list_type_proto_tags for type github.com/kserve/kserve/pkg/apis/serving/v1beta1.DeployConfig
I0904 00:51:54.203337 4059010 api_linter.go:108] validating API rules for type github.com/kserve/kserve/pkg/apis/serving/v1beta1.DeployConfigName
I0904 00:51:54.203343 4059010 api_linter.go:195] validating API rule names_match for type github.com/kserve/kserve/pkg/apis/serving/v1beta1.DeployConfigName
I0904 00:51:54.203348 4059010 api_linter.go:195] validating API rule omitempty_match_case for type github.com/kserve/kserve/pkg/apis/serving/v1beta1.DeployConfigName
I0904 00:51:54.203354 4059010 api_linter.go:195] validating API rule list_type_missing for type github.com/kserve/kserve/pkg/apis/serving/v1beta1.DeployConfigName
I0904 00:51:54.203359 4059010 api_linter.go:195] validating API rule streaming_list_type_field_order for type github.com/kserve/kserve/pkg/apis/serving/v1beta1.DeployConfigName
I0904 00:51:54.203365 4059010 api_linter.go:195] validating API rule streaming_list_type_json_tags for type github.com/kserve/kserve/pkg/apis/serving/v1beta1.DeployConfigName
I0904 00:51:54.203370 4059010 api_linter.go:195] validating API rule streaming_list_type_proto_tags for type github.com/kserve/kserve/pkg/apis/serving/v1beta1.DeployConfigName
I0904 00:51:54.203380 4059010 api_linter.go:108] validating API rules for type github.com/kserve/kserve/pkg/apis/serving/v1beta1.DeploymentRolloutStrategy
I0904 00:51:54.203386 4059010 api_linter.go:195] validating API rule names_match for type github.com/kserve/kserve/pkg/apis/serving/v1beta1.DeploymentRolloutStrategy
I0904 00:51:54.203393 4059010 api_linter.go:195] validating API rule omitempty_match_case for type github.com/kserve/kserve/pkg/apis/serving/v1beta1.DeploymentRolloutStrategy
I0904 00:51:54.203399 4059010 api_linter.go:195] validating API rule list_type_missing for type github.com/kserve/kserve/pkg/apis/serving/v1beta1.DeploymentRolloutStrategy
I0904 00:51:54.203405 4059010 api_linter.go:195] validating API rule streaming_list_type_field_order for type github.com/kserve/kserve/pkg/apis/serving/v1beta1.DeploymentRolloutStrategy
I0904 00:51:54.203410 4059010 api_linter.go:195] validating API rule streaming_list_type_json_tags for type github.com/kserve/kserve/pkg/apis/serving/v1beta1.DeploymentRolloutStrategy
I0904 00:51:54.203421 4059010 api_linter.go:195] validating API rule streaming_list_type_proto_tags for type github.com/kserve/kserve/pkg/apis/serving/v1beta1.DeploymentRolloutStrategy
I0904 00:51:54.203427 4059010 api_linter.go:108] validating API rules for type github.com/kserve/kserve/pkg/apis/serving/v1beta1.DisallowedMultipleContainersInWorkerSpecError
I0904 00:51:54.203432 4059010 api_linter.go:195] validating API rule names_match for type github.com/kserve/kserve/pkg/apis/serving/v1beta1.DisallowedMultipleContainersInWorkerSpecError
I0904 00:51:54.203438 4059010 api_linter.go:195] validating API rule omitempty_match_case for type github.com/kserve/kserve/pkg/apis/serving/v1beta1.DisallowedMultipleContainersInWorkerSpecError
I0904 00:51:54.203444 4059010 api_linter.go:195] validating API rule list_type_missing for type github.com/kserve/kserve/pkg/apis/serving/v1beta1.DisallowedMultipleContainersInWorkerSpecError
I0904 00:51:54.203449 4059010 api_linter.go:195] validating API rule streaming_list_type_field_order for type github.com/kserve/kserve/pkg/apis/serving/v1beta1.DisallowedMultipleContainersInWorkerSpecError
I0904 00:51:54.203455 4059010 api_linter.go:195] validating API rule streaming_list_type_json_tags for type github.com/kserve/kserve/pkg/apis/serving/v1beta1.DisallowedMultipleContainersInWorkerSpecError
I0904 00:51:54.203460 4059010 api_linter.go:195] validating API rule streaming_list_type_proto_tags for type github.com/kserve/kserve/pkg/apis/serving/v1beta1.DisallowedMultipleContainersInWorkerSpecError
I0904 00:51:54.203466 4059010 api_linter.go:108] validating API rules for type github.com/kserve/kserve/pkg/apis/serving/v1beta1.DisallowedWorkerSpecPipelineParallelSizeEnvError
I0904 00:51:54.203472 4059010 api_linter.go:195] validating API rule names_match for type github.com/kserve/kserve/pkg/apis/serving/v1beta1.DisallowedWorkerSpecPipelineParallelSizeEnvError
I0904 00:51:54.203477 4059010 api_linter.go:195] validating API rule omitempty_match_case for type github.com/kserve/kserve/pkg/apis/serving/v1beta1.DisallowedWorkerSpecPipelineParallelSizeEnvError
I0904 00:51:54.203483 4059010 api_linter.go:195] validating API rule list_type_missing for type github.com/kserve/kserve/pkg/apis/serving/v1beta1.DisallowedWorkerSpecPipelineParallelSizeEnvError
I0904 00:51:54.203488 4059010 api_linter.go:195] validating API rule streaming_list_type_field_order for type github.com/kserve/kserve/pkg/apis/serving/v1beta1.DisallowedWorkerSpecPipelineParallelSizeEnvError
I0904 00:51:54.203494 4059010 api_linter.go:195] validating API rule streaming_list_type_json_tags for type github.com/kserve/kserve/pkg/apis/serving/v1beta1.DisallowedWorkerSpecPipelineParallelSizeEnvError
I0904 00:51:54.203499 4059010 api_linter.go:195] validating API rule streaming_list_type_proto_tags for type github.com/kserve/kserve/pkg/apis/serving/v1beta1.DisallowedWorkerSpecPipelineParallelSizeEnvError
I0904 00:51:54.203508 4059010 api_linter.go:108] validating API rules for type github.com/kserve/kserve/pkg/apis/serving/v1beta1.DisallowedWorkerSpecTensorParallelSizeEnvError
I0904 00:51:54.203514 4059010 api_linter.go:195] validating API rule names_match for type github.com/kserve/kserve/pkg/apis/serving/v1beta1.DisallowedWorkerSpecTensorParallelSizeEnvError
I0904 00:51:54.203520 4059010 api_linter.go:195] validating API rule omitempty_match_case for type github.com/kserve/kserve/pkg/apis/serving/v1beta1.DisallowedWorkerSpecTensorParallelSizeEnvError
I0904 00:51:54.203525 4059010 api_linter.go:195] validating API rule list_type_missing for type github.com/kserve/kserve/pkg/apis/serving/v1beta1.DisallowedWorkerSpecTensorParallelSizeEnvError
I0904 00:51:54.203530 4059010 api_linter.go:195] validating API rule streaming_list_type_field_order for type github.com/kserve/kserve/pkg/apis/serving/v1beta1.DisallowedWorkerSpecTensorParallelSizeEnvError
I0904 00:51:54.203536 4059010 api_linter.go:195] validating API rule streaming_list_type_json_tags for type github.com/kserve/kserve/pkg/apis/serving/v1beta1.DisallowedWorkerSpecTensorParallelSizeEnvError
I0904 00:51:54.203542 4059010 api_linter.go:195] validating API rule streaming_list_type_proto_tags for type github.com/kserve/kserve/pkg/apis/serving/v1beta1.DisallowedWorkerSpecTensorParallelSizeEnvError
I0904 00:51:54.203547 4059010 api_linter.go:108] validating API rules for type github.com/kserve/kserve/pkg/apis/serving/v1beta1.ErrInvalidKserveIngressGatewayFormat
I0904 00:51:54.203553 4059010 api_linter.go:195] validating API rule names_match for type github.com/kserve/kserve/pkg/apis/serving/v1beta1.ErrInvalidKserveIngressGatewayFormat
I0904 00:51:54.203560 4059010 api_linter.go:195] validating API rule omitempty_match_case for type github.com/kserve/kserve/pkg/apis/serving/v1beta1.ErrInvalidKserveIngressGatewayFormat
I0904 00:51:54.203565 4059010 api_linter.go:195] validating API rule list_type_missing for type github.com/kserve/kserve/pkg/apis/serving/v1beta1.ErrInvalidKserveIngressGatewayFormat
I0904 00:51:54.203570 4059010 api_linter.go:195] validating API rule streaming_list_type_field_order for type github.com/kserve/kserve/pkg/apis/serving/v1beta1.ErrInvalidKserveIngressGatewayFormat
I0904 00:51:54.203576 4059010 api_linter.go:195] validating API rule streaming_list_type_json_tags for type github.com/kserve/kserve/pkg/apis/serving/v1beta1.ErrInvalidKserveIngressGatewayFormat
I0904 00:51:54.203581 4059010 api_linter.go:195] validating API rule streaming_list_type_proto_tags for type github.com/kserve/kserve/pkg/apis/serving/v1beta1.ErrInvalidKserveIngressGatewayFormat
I0904 00:51:54.203586 4059010 api_linter.go:108] validating API rules for type github.com/kserve/kserve/pkg/apis/serving/v1beta1.ErrInvalidKserveIngressGatewayName
I0904 00:51:54.203593 4059010 api_linter.go:195] validating API rule names_match for type github.com/kserve/kserve/pkg/apis/serving/v1beta1.ErrInvalidKserveIngressGatewayName
I0904 00:51:54.203599 4059010 api_linter.go:195] validating API rule omitempty_match_case for type github.com/kserve/kserve/pkg/apis/serving/v1beta1.ErrInvalidKserveIngressGatewayName
I0904 00:51:54.203604 4059010 api_linter.go:195] validating API rule list_type_missing for type github.com/kserve/kserve/pkg/apis/serving/v1beta1.ErrInvalidKserveIngressGatewayName
I0904 00:51:54.203609 4059010 api_linter.go:195] validating API rule streaming_list_type_field_order for type github.com/kserve/kserve/pkg/apis/serving/v1beta1.ErrInvalidKserveIngressGatewayName
I0904 00:51:54.203614 4059010 api_linter.go:195] validating API rule streaming_list_type_json_tags for type github.com/kserve/kserve/pkg/apis/serving/v1beta1.ErrInvalidKserveIngressGatewayName
I0904 00:51:54.203620 4059010 api_linter.go:195] validating API rule streaming_list_type_proto_tags for type github.com/kserve/kserve/pkg/apis/serving/v1beta1.ErrInvalidKserveIngressGatewayName
I0904 00:51:54.203625 4059010 api_linter.go:108] validating API rules for type github.com/kserve/kserve/pkg/apis/serving/v1beta1.ErrInvalidKserveIngressGatewayNamespace
I0904 00:51:54.203634 4059010 api_linter.go:195] validating API rule names_match for type github.com/kserve/kserve/pkg/apis/serving/v1beta1.ErrInvalidKserveIngressGatewayNamespace
I0904 00:51:54.203639 4059010 api_linter.go:195] validating API rule omitempty_match_case for type github.com/kserve/kserve/pkg/apis/serving/v1beta1.ErrInvalidKserveIngressGatewayNamespace
I0904 00:51:54.203645 4059010 api_linter.go:195] validating API rule list_type_missing for type github.com/kserve/kserve/pkg/apis/serving/v1beta1.ErrInvalidKserveIngressGatewayNamespace
I0904 00:51:54.203651 4059010 api_linter.go:195] validating API rule streaming_list_type_field_order for type github.com/kserve/kserve/pkg/apis/serving/v1beta1.ErrInvalidKserveIngressGatewayNamespace
I0904 00:51:54.203659 4059010 api_linter.go:195] validating API rule streaming_list_type_json_tags for type github.com/kserve/kserve/pkg/apis/serving/v1beta1.ErrInvalidKserveIngressGatewayNamespace
I0904 00:51:54.203665 4059010 api_linter.go:195] validating API rule streaming_list_type_proto_tags for type github.com/kserve/kserve/pkg/apis/serving/v1beta1.ErrInvalidKserveIngressGatewayNamespace
I0904 00:51:54.203670 4059010 api_linter.go:108] validating API rules for type github.com/kserve/kserve/pkg/apis/serving/v1beta1.ErrKserveIngressGatewayRequired
I0904 00:51:54.203677 4059010 api_linter.go:195] validating API rule names_match for type github.com/kserve/kserve/pkg/apis/serving/v1beta1.ErrKserveIngressGatewayRequired
I0904 00:51:54.203682 4059010 api_linter.go:195] validating API rule omitempty_match_case for type github.com/kserve/kserve/pkg/apis/serving/v1beta1.ErrKserveIngressGatewayRequired
I0904 00:51:54.203688 4059010 api_linter.go:195] validating API rule list_type_missing for type github.com/kserve/kserve/pkg/apis/serving/v1beta1.ErrKserveIngressGatewayRequired
I0904 00:51:54.203693 4059010 api_linter.go:195] validating API rule streaming_list_type_field_order for type github.com/kserve/kserve/pkg/apis/serving/v1beta1.ErrKserveIngressGatewayRequired
I0904 00:51:54.203699 4059010 api_linter.go:195] validating API rule streaming_list_type_json_tags for type github.com/kserve/kserve/pkg/apis/serving/v1beta1.ErrKserveIngressGatewayRequired
I0904 00:51:54.203704 4059010 api_linter.go:195] validating API rule streaming_list_type_proto_tags for type github.com/kserve/kserve/pkg/apis/serving/v1beta1.ErrKserveIngressGatewayRequired
I0904 00:51:54.203709 4059010 api_linter.go:108] validating API rules for type github.com/kserve/kserve/pkg/apis/serving/v1beta1.ExactlyOneErrorFor
I0904 00:51:54.203715 4059010 api_linter.go:195] validating API rule names_match for type github.com/kserve/kserve/pkg/apis/serving/v1beta1.ExactlyOneErrorFor
I0904 00:51:54.203721 4059010 api_linter.go:195] validating API rule omitempty_match_case for type github.com/kserve/kserve/pkg/apis/serving/v1beta1.ExactlyOneErrorFor
I0904 00:51:54.203726 4059010 api_linter.go:195] validating API rule list_type_missing for type github.com/kserve/kserve/pkg/apis/serving/v1beta1.ExactlyOneErrorFor
I0904 00:51:54.203732 4059010 api_linter.go:195] validating API rule streaming_list_type_field_order for type github.com/kserve/kserve/pkg/apis/serving/v1beta1.ExactlyOneErrorFor
I0904 00:51:54.203737 4059010 api_linter.go:195] validating API rule streaming_list_type_json_tags for type github.com/kserve/kserve/pkg/apis/serving/v1beta1.ExactlyOneErrorFor
I0904 00:51:54.203742 4059010 api_linter.go:195] validating API rule streaming_list_type_proto_tags for type github.com/kserve/kserve/pkg/apis/serving/v1beta1.ExactlyOneErrorFor
I0904 00:51:54.203748 4059010 api_linter.go:108] validating API rules for type github.com/kserve/kserve/pkg/apis/serving/v1beta1.ExplainerComponent
I0904 00:51:54.203754 4059010 api_linter.go:195] validating API rule names_match for type github.com/kserve/kserve/pkg/apis/serving/v1beta1.ExplainerComponent
I0904 00:51:54.203759 4059010 api_linter.go:195] validating API rule omitempty_match_case for type github.com/kserve/kserve/pkg/apis/serving/v1beta1.ExplainerComponent
I0904 00:51:54.203768 4059010 api_linter.go:195] validating API rule list_type_missing for type github.com/kserve/kserve/pkg/apis/serving/v1beta1.ExplainerComponent
I0904 00:51:54.203773 4059010 api_linter.go:195] validating API rule streaming_list_type_field_order for type github.com/kserve/kserve/pkg/apis/serving/v1beta1.ExplainerComponent
I0904 00:51:54.203779 4059010 api_linter.go:195] validating API rule streaming_list_type_json_tags for type github.com/kserve/kserve/pkg/apis/serving/v1beta1.ExplainerComponent
I0904 00:51:54.203785 4059010 api_linter.go:195] validating API rule streaming_list_type_proto_tags for type github.com/kserve/kserve/pkg/apis/serving/v1beta1.ExplainerComponent
I0904 00:51:54.203790 4059010 api_linter.go:108] validating API rules for type github.com/kserve/kserve/pkg/apis/serving/v1beta1.ExplainerConfig
I0904 00:51:54.203796 4059010 api_linter.go:195] validating API rule names_match for type github.com/kserve/kserve/pkg/apis/serving/v1beta1.ExplainerConfig
I0904 00:51:54.203803 4059010 api_linter.go:195] validating API rule omitempty_match_case for type github.com/kserve/kserve/pkg/apis/serving/v1beta1.ExplainerConfig
I0904 00:51:54.203809 4059010 api_linter.go:195] validating API rule list_type_missing for type github.com/kserve/kserve/pkg/apis/serving/v1beta1.ExplainerConfig
I0904 00:51:54.203816 4059010 api_linter.go:195] validating API rule streaming_list_type_field_order for type github.com/kserve/kserve/pkg/apis/serving/v1beta1.ExplainerConfig
I0904 00:51:54.203821 4059010 api_linter.go:195] validating API rule streaming_list_type_json_tags for type github.com/kserve/kserve/pkg/apis/serving/v1beta1.ExplainerConfig
I0904 00:51:54.203826 4059010 api_linter.go:195] validating API rule streaming_list_type_proto_tags for type github.com/kserve/kserve/pkg/apis/serving/v1beta1.ExplainerConfig
I0904 00:51:54.203832 4059010 api_linter.go:108] validating API rules for type github.com/kserve/kserve/pkg/apis/serving/v1beta1.ExplainerConfigKeyName
I0904 00:51:54.203838 4059010 api_linter.go:195] validating API rule names_match for type github.com/kserve/kserve/pkg/apis/serving/v1beta1.ExplainerConfigKeyName
I0904 00:51:54.203844 4059010 api_linter.go:195] validating API rule omitempty_match_case for type github.com/kserve/kserve/pkg/apis/serving/v1beta1.ExplainerConfigKeyName
I0904 00:51:54.203850 4059010 api_linter.go:195] validating API rule list_type_missing for type github.com/kserve/kserve/pkg/apis/serving/v1beta1.ExplainerConfigKeyName
I0904 00:51:54.203855 4059010 api_linter.go:195] validating API rule streaming_list_type_field_order for type github.com/kserve/kserve/pkg/apis/serving/v1beta1.ExplainerConfigKeyName
I0904 00:51:54.203861 4059010 api_linter.go:195] validating API rule streaming_list_type_json_tags for type github.com/kserve/kserve/pkg/apis/serving/v1beta1.ExplainerConfigKeyName
I0904 00:51:54.203867 4059010 api_linter.go:195] validating API rule streaming_list_type_proto_tags for type github.com/kserve/kserve/pkg/apis/serving/v1beta1.ExplainerConfigKeyName
I0904 00:51:54.203872 4059010 api_linter.go:108] validating API rules for type github.com/kserve/kserve/pkg/apis/serving/v1beta1.ExplainerConfigurationReady
I0904 00:51:54.203878 4059010 api_linter.go:195] validating API rule names_match for type github.com/kserve/kserve/pkg/apis/serving/v1beta1.ExplainerConfigurationReady
I0904 00:51:54.203884 4059010 api_linter.go:195] validating API rule omitempty_match_case for type github.com/kserve/kserve/pkg/apis/serving/v1beta1.ExplainerConfigurationReady
I0904 00:51:54.203889 4059010 api_linter.go:195] validating API rule list_type_missing for type github.com/kserve/kserve/pkg/apis/serving/v1beta1.ExplainerConfigurationReady
I0904 00:51:54.203894 4059010 api_linter.go:195] validating API rule streaming_list_type_field_order for type github.com/kserve/kserve/pkg/apis/serving/v1beta1.ExplainerConfigurationReady
I0904 00:51:54.203900 4059010 api_linter.go:195] validating API rule streaming_list_type_json_tags for type github.com/kserve/kserve/pkg/apis/serving/v1beta1.ExplainerConfigurationReady
I0904 00:51:54.203909 4059010 api_linter.go:195] validating API rule streaming_list_type_proto_tags for type github.com/kserve/kserve/pkg/apis/serving/v1beta1.ExplainerConfigurationReady
I0904 00:51:54.203916 4059010 api_linter.go:108] validating API rules for type github.com/kserve/kserve/pkg/apis/serving/v1beta1.ExplainerExtensionSpec
I0904 00:51:54.203924 4059010 api_linter.go:195] validating API rule names_match for type github.com/kserve/kserve/pkg/apis/serving/v1beta1.ExplainerExtensionSpec
I0904 00:51:54.203932 4059010 api_linter.go:195] validating API rule omitempty_match_case for type github.com/kserve/kserve/pkg/apis/serving/v1beta1.ExplainerExtensionSpec
I0904 00:51:54.203938 4059010 api_linter.go:195] validating API rule list_type_missing for type github.com/kserve/kserve/pkg/apis/serving/v1beta1.ExplainerExtensionSpec
I0904 00:51:54.203946 4059010 api_linter.go:195] validating API rule streaming_list_type_field_order for type github.com/kserve/kserve/pkg/apis/serving/v1beta1.ExplainerExtensionSpec
I0904 00:51:54.203951 4059010 api_linter.go:195] validating API rule streaming_list_type_json_tags for type github.com/kserve/kserve/pkg/apis/serving/v1beta1.ExplainerExtensionSpec
I0904 00:51:54.203957 4059010 api_linter.go:195] validating API rule streaming_list_type_proto_tags for type github.com/kserve/kserve/pkg/apis/serving/v1beta1.ExplainerExtensionSpec
I0904 00:51:54.203963 4059010 api_linter.go:108] validating API rules for type github.com/kserve/kserve/pkg/apis/serving/v1beta1.ExplainerReady
I0904 00:51:54.203969 4059010 api_linter.go:195] validating API rule names_match for type github.com/kserve/kserve/pkg/apis/serving/v1beta1.ExplainerReady
I0904 00:51:54.203974 4059010 api_linter.go:195] validating API rule omitempty_match_case for type github.com/kserve/kserve/pkg/apis/serving/v1beta1.ExplainerReady
I0904 00:51:54.203980 4059010 api_linter.go:195] validating API rule list_type_missing for type github.com/kserve/kserve/pkg/apis/serving/v1beta1.ExplainerReady
I0904 00:51:54.203986 4059010 api_linter.go:195] validating API rule streaming_list_type_field_order for type github.com/kserve/kserve/pkg/apis/serving/v1beta1.ExplainerReady
I0904 00:51:54.203991 4059010 api_linter.go:195] validating API rule streaming_list_type_json_tags for type github.com/kserve/kserve/pkg/apis/serving/v1beta1.ExplainerReady
I0904 00:51:54.203997 4059010 api_linter.go:195] validating API rule streaming_list_type_proto_tags for type github.com/kserve/kserve/pkg/apis/serving/v1beta1.ExplainerReady
I0904 00:51:54.204002 4059010 api_linter.go:108] validating API rules for type github.com/kserve/kserve/pkg/apis/serving/v1beta1.ExplainerRoutesReady
I0904 00:51:54.204008 4059010 api_linter.go:195] validating API rule names_match for type github.com/kserve/kserve/pkg/apis/serving/v1beta1.ExplainerRoutesReady
I0904 00:51:54.204013 4059010 api_linter.go:195] validating API rule omitempty_match_case for type github.com/kserve/kserve/pkg/apis/serving/v1beta1.ExplainerRoutesReady
I0904 00:51:54.204019 4059010 api_linter.go:195] validating API rule list_type_missing for type github.com/kserve/kserve/pkg/apis/serving/v1beta1.ExplainerRoutesReady
I0904 00:51:54.204025 4059010 api_linter.go:195] validating API rule streaming_list_type_field_order for type github.com/kserve/kserve/pkg/apis/serving/v1beta1.ExplainerRoutesReady
I0904 00:51:54.204031 4059010 api_linter.go:195] validating API rule streaming_list_type_json_tags for type github.com/kserve/kserve/pkg/apis/serving/v1beta1.ExplainerRoutesReady
I0904 00:51:54.204036 4059010 api_linter.go:195] validating API rule streaming_list_type_proto_tags for type github.com/kserve/kserve/pkg/apis/serving/v1beta1.ExplainerRoutesReady
I0904 00:51:54.204041 4059010 api_linter.go:108] validating API rules for type github.com/kserve/kserve/pkg/apis/serving/v1beta1.ExplainerSpec
I0904 00:51:54.204048 4059010 api_linter.go:195] validating API rule names_match for type github.com/kserve/kserve/pkg/apis/serving/v1beta1.ExplainerSpec
I0904 00:51:54.204055 4059010 api_linter.go:195] validating API rule omitempty_match_case for type github.com/kserve/kserve/pkg/apis/serving/v1beta1.ExplainerSpec
I0904 00:51:54.204064 4059010 api_linter.go:195] validating API rule list_type_missing for type github.com/kserve/kserve/pkg/apis/serving/v1beta1.ExplainerSpec
I0904 00:51:54.204071 4059010 api_linter.go:195] validating API rule streaming_list_type_field_order for type github.com/kserve/kserve/pkg/apis/serving/v1beta1.ExplainerSpec
I0904 00:51:54.204077 4059010 api_linter.go:195] validating API rule streaming_list_type_json_tags for type github.com/kserve/kserve/pkg/apis/serving/v1beta1.ExplainerSpec
I0904 00:51:54.204082 4059010 api_linter.go:195] validating API rule streaming_list_type_proto_tags for type github.com/kserve/kserve/pkg/apis/serving/v1beta1.ExplainerSpec
I0904 00:51:54.204088 4059010 api_linter.go:108] validating API rules for type github.com/kserve/kserve/pkg/apis/serving/v1beta1.ExplainersConfig
I0904 00:51:54.204094 4059010 api_linter.go:195] validating API rule names_match for type github.com/kserve/kserve/pkg/apis/serving/v1beta1.ExplainersConfig
I0904 00:51:54.204100 4059010 api_linter.go:195] validating API rule omitempty_match_case for type github.com/kserve/kserve/pkg/apis/serving/v1beta1.ExplainersConfig
I0904 00:51:54.204106 4059010 api_linter.go:195] validating API rule list_type_missing for type github.com/kserve/kserve/pkg/apis/serving/v1beta1.ExplainersConfig
I0904 00:51:54.204111 4059010 api_linter.go:195] validating API rule streaming_list_type_field_order for type github.com/kserve/kserve/pkg/apis/serving/v1beta1.ExplainersConfig
I0904 00:51:54.204117 4059010 api_linter.go:195] validating API rule streaming_list_type_json_tags for type github.com/kserve/kserve/pkg/apis/serving/v1beta1.ExplainersConfig
I0904 00:51:54.204123 4059010 api_linter.go:195] validating API rule streaming_list_type_proto_tags for type github.com/kserve/kserve/pkg/apis/serving/v1beta1.ExplainersConfig
I0904 00:51:54.204128 4059010 api_linter.go:108] validating API rules for type github.com/kserve/kserve/pkg/apis/serving/v1beta1.ExtMetricAuthentication
I0904 00:51:54.204135 4059010 api_linter.go:195] validating API rule names_match for type github.com/kserve/kserve/pkg/apis/serving/v1beta1.ExtMetricAuthentication
I0904 00:51:54.204142 4059010 api_linter.go:195] validating API rule omitempty_match_case for type github.com/kserve/kserve/pkg/apis/serving/v1beta1.ExtMetricAuthentication
I0904 00:51:54.204148 4059010 api_linter.go:195] validating API rule list_type_missing for type github.com/kserve/kserve/pkg/apis/serving/v1beta1.ExtMetricAuthentication
I0904 00:51:54.204154 4059010 api_linter.go:195] validating API rule streaming_list_type_field_order for type github.com/kserve/kserve/pkg/apis/serving/v1beta1.ExtMetricAuthentication
I0904 00:51:54.204160 4059010 api_linter.go:195] validating API rule streaming_list_type_json_tags for type github.com/kserve/kserve/pkg/apis/serving/v1beta1.ExtMetricAuthentication
I0904 00:51:54.204165 4059010 api_linter.go:195] validating API rule streaming_list_type_proto_tags for type github.com/kserve/kserve/pkg/apis/serving/v1beta1.ExtMetricAuthentication
I0904 00:51:54.204171 4059010 api_linter.go:108] validating API rules for type github.com/kserve/kserve/pkg/apis/serving/v1beta1.ExternalMetricSource
I0904 00:51:54.204176 4059010 api_linter.go:195] validating API rule names_match for type github.com/kserve/kserve/pkg/apis/serving/v1beta1.ExternalMetricSource
I0904 00:51:54.204185 4059010 api_linter.go:195] validating API rule omitempty_match_case for type github.com/kserve/kserve/pkg/apis/serving/v1beta1.ExternalMetricSource
I0904 00:51:54.204203 4059010 api_linter.go:195] validating API rule list_type_missing for type github.com/kserve/kserve/pkg/apis/serving/v1beta1.ExternalMetricSource
I0904 00:51:54.204218 4059010 api_linter.go:195] validating API rule streaming_list_type_field_order for type github.com/kserve/kserve/pkg/apis/serving/v1beta1.ExternalMetricSource
I0904 00:51:54.204227 4059010 api_linter.go:195] validating API rule streaming_list_type_json_tags for type github.com/kserve/kserve/pkg/apis/serving/v1beta1.ExternalMetricSource
I0904 00:51:54.204240 4059010 api_linter.go:195] validating API rule streaming_list_type_proto_tags for type github.com/kserve/kserve/pkg/apis/serving/v1beta1.ExternalMetricSource
I0904 00:51:54.204249 4059010 api_linter.go:108] validating API rules for type github.com/kserve/kserve/pkg/apis/serving/v1beta1.ExternalMetricSourceType
I0904 00:51:54.204258 4059010 api_linter.go:195] validating API rule names_match for type github.com/kserve/kserve/pkg/apis/serving/v1beta1.ExternalMetricSourceType
I0904 00:51:54.204263 4059010 api_linter.go:195] validating API rule omitempty_match_case for type github.com/kserve/kserve/pkg/apis/serving/v1beta1.ExternalMetricSourceType
I0904 00:51:54.204269 4059010 api_linter.go:195] validating API rule list_type_missing for type github.com/kserve/kserve/pkg/apis/serving/v1beta1.ExternalMetricSourceType
I0904 00:51:54.204275 4059010 api_linter.go:195] validating API rule streaming_list_type_field_order for type github.com/kserve/kserve/pkg/apis/serving/v1beta1.ExternalMetricSourceType
I0904 00:51:54.204280 4059010 api_linter.go:195] validating API rule streaming_list_type_json_tags for type github.com/kserve/kserve/pkg/apis/serving/v1beta1.ExternalMetricSourceType
I0904 00:51:54.204287 4059010 api_linter.go:195] validating API rule streaming_list_type_proto_tags for type github.com/kserve/kserve/pkg/apis/serving/v1beta1.ExternalMetricSourceType
I0904 00:51:54.204293 4059010 api_linter.go:108] validating API rules for type github.com/kserve/kserve/pkg/apis/serving/v1beta1.ExternalMetrics
I0904 00:51:54.204299 4059010 api_linter.go:195] validating API rule names_match for type github.com/kserve/kserve/pkg/apis/serving/v1beta1.ExternalMetrics
I0904 00:51:54.204307 4059010 api_linter.go:195] validating API rule omitempty_match_case for type github.com/kserve/kserve/pkg/apis/serving/v1beta1.ExternalMetrics
I0904 00:51:54.204314 4059010 api_linter.go:195] validating API rule list_type_missing for type github.com/kserve/kserve/pkg/apis/serving/v1beta1.ExternalMetrics
I0904 00:51:54.204323 4059010 api_linter.go:195] validating API rule streaming_list_type_field_order for type github.com/kserve/kserve/pkg/apis/serving/v1beta1.ExternalMetrics
I0904 00:51:54.204329 4059010 api_linter.go:195] validating API rule streaming_list_type_json_tags for type github.com/kserve/kserve/pkg/apis/serving/v1beta1.ExternalMetrics
I0904 00:51:54.204335 4059010 api_linter.go:195] validating API rule streaming_list_type_proto_tags for type github.com/kserve/kserve/pkg/apis/serving/v1beta1.ExternalMetrics
I0904 00:51:54.204341 4059010 api_linter.go:108] validating API rules for type github.com/kserve/kserve/pkg/apis/serving/v1beta1.FailedToLoad
I0904 00:51:54.204346 4059010 api_linter.go:195] validating API rule names_match for type github.com/kserve/kserve/pkg/apis/serving/v1beta1.FailedToLoad
I0904 00:51:54.204352 4059010 api_linter.go:195] validating API rule omitempty_match_case for type github.com/kserve/kserve/pkg/apis/serving/v1beta1.FailedToLoad
I0904 00:51:54.204357 4059010 api_linter.go:195] validating API rule list_type_missing for type github.com/kserve/kserve/pkg/apis/serving/v1beta1.FailedToLoad
I0904 00:51:54.204363 4059010 api_linter.go:195] validating API rule streaming_list_type_field_order for type github.com/kserve/kserve/pkg/apis/serving/v1beta1.FailedToLoad
I0904 00:51:54.204369 4059010 api_linter.go:195] validating API rule streaming_list_type_json_tags for type github.com/kserve/kserve/pkg/apis/serving/v1beta1.FailedToLoad
I0904 00:51:54.204374 4059010 api_linter.go:195] validating API rule streaming_list_type_proto_tags for type github.com/kserve/kserve/pkg/apis/serving/v1beta1.FailedToLoad
I0904 00:51:54.204380 4059010 api_linter.go:108] validating API rules for type github.com/kserve/kserve/pkg/apis/serving/v1beta1.FailureInfo
I0904 00:51:54.204385 4059010 api_linter.go:195] validating API rule names_match for type github.com/kserve/kserve/pkg/apis/serving/v1beta1.FailureInfo
I0904 00:51:54.204396 4059010 api_linter.go:195] validating API rule omitempty_match_case for type github.com/kserve/kserve/pkg/apis/serving/v1beta1.FailureInfo
I0904 00:51:54.204409 4059010 api_linter.go:195] validating API rule list_type_missing for type github.com/kserve/kserve/pkg/apis/serving/v1beta1.FailureInfo
I0904 00:51:54.204423 4059010 api_linter.go:195] validating API rule streaming_list_type_field_order for type github.com/kserve/kserve/pkg/apis/serving/v1beta1.FailureInfo
I0904 00:51:54.204429 4059010 api_linter.go:195] validating API rule streaming_list_type_json_tags for type github.com/kserve/kserve/pkg/apis/serving/v1beta1.FailureInfo
I0904 00:51:54.204434 4059010 api_linter.go:195] validating API rule streaming_list_type_proto_tags for type github.com/kserve/kserve/pkg/apis/serving/v1beta1.FailureInfo
I0904 00:51:54.204440 4059010 api_linter.go:108] validating API rules for type github.com/kserve/kserve/pkg/apis/serving/v1beta1.FailureReason
I0904 00:51:54.204445 4059010 api_linter.go:195] validating API rule names_match for type github.com/kserve/kserve/pkg/apis/serving/v1beta1.FailureReason
I0904 00:51:54.204451 4059010 api_linter.go:195] validating API rule omitempty_match_case for type github.com/kserve/kserve/pkg/apis/serving/v1beta1.FailureReason
I0904 00:51:54.204456 4059010 api_linter.go:195] validating API rule list_type_missing for type github.com/kserve/kserve/pkg/apis/serving/v1beta1.FailureReason
I0904 00:51:54.204462 4059010 api_linter.go:195] validating API rule streaming_list_type_field_order for type github.com/kserve/kserve/pkg/apis/serving/v1beta1.FailureReason
I0904 00:51:54.204467 4059010 api_linter.go:195] validating API rule streaming_list_type_json_tags for type github.com/kserve/kserve/pkg/apis/serving/v1beta1.FailureReason
I0904 00:51:54.204472 4059010 api_linter.go:195] validating API rule streaming_list_type_proto_tags for type github.com/kserve/kserve/pkg/apis/serving/v1beta1.FailureReason
I0904 00:51:54.204478 4059010 api_linter.go:108] validating API rules for type github.com/kserve/kserve/pkg/apis/serving/v1beta1.FirstNonNilComponent
I0904 00:51:54.204484 4059010 api_linter.go:195] validating API rule names_match for type github.com/kserve/kserve/pkg/apis/serving/v1beta1.FirstNonNilComponent
I0904 00:51:54.204490 4059010 api_linter.go:195] validating API rule omitempty_match_case for type github.com/kserve/kserve/pkg/apis/serving/v1beta1.FirstNonNilComponent
I0904 00:51:54.204495 4059010 api_linter.go:195] validating API rule list_type_missing for type github.com/kserve/kserve/pkg/apis/serving/v1beta1.FirstNonNilComponent
I0904 00:51:54.204501 4059010 api_linter.go:195] validating API rule streaming_list_type_field_order for type github.com/kserve/kserve/pkg/apis/serving/v1beta1.FirstNonNilComponent
I0904 00:51:54.204507 4059010 api_linter.go:195] validating API rule streaming_list_type_json_tags for type github.com/kserve/kserve/pkg/apis/serving/v1beta1.FirstNonNilComponent
I0904 00:51:54.204512 4059010 api_linter.go:195] validating API rule streaming_list_type_proto_tags for type github.com/kserve/kserve/pkg/apis/serving/v1beta1.FirstNonNilComponent
I0904 00:51:54.204518 4059010 api_linter.go:108] validating API rules for type github.com/kserve/kserve/pkg/apis/serving/v1beta1.GetConfidentialSpecFromPredictor
I0904 00:51:54.204523 4059010 api_linter.go:195] validating API rule names_match for type github.com/kserve/kserve/pkg/apis/serving/v1beta1.GetConfidentialSpecFromPredictor
I0904 00:51:54.204529 4059010 api_linter.go:195] validating API rule omitempty_match_case for type github.com/kserve/kserve/pkg/apis/serving/v1beta1.GetConfidentialSpecFromPredictor
I0904 00:51:54.204534 4059010 api_linter.go:195] validating API rule list_type_missing for type github.com/kserve/kserve/pkg/apis/serving/v1beta1.GetConfidentialSpecFromPredictor
I0904 00:51:54.204540 4059010 api_linter.go:195] validating API rule streaming_list_type_field_order for type github.com/kserve/kserve/pkg/apis/serving/v1beta1.GetConfidentialSpecFromPredictor
I0904 00:51:54.204546 4059010 api_linter.go:195] validating API rule streaming_list_type_json_tags for type github.com/kserve/kserve/pkg/apis/serving/v1beta1.GetConfidentialSpecFromPredictor
I0904 00:51:54.204554 4059010 api_linter.go:195] validating API rule streaming_list_type_proto_tags for type github.com/kserve/kserve/pkg/apis/serving/v1beta1.GetConfidentialSpecFromPredictor
I0904 00:51:54.204560 4059010 api_linter.go:108] validating API rules for type github.com/kserve/kserve/pkg/apis/serving/v1beta1.GetInferenceServiceConfigMap
I0904 00:51:54.204565 4059010 api_linter.go:195] validating API rule names_match for type github.com/kserve/kserve/pkg/apis/serving/v1beta1.GetInferenceServiceConfigMap
I0904 00:51:54.204571 4059010 api_linter.go:195] validating API rule omitempty_match_case for type github.com/kserve/kserve/pkg/apis/serving/v1beta1.GetInferenceServiceConfigMap
I0904 00:51:54.204577 4059010 api_linter.go:195] validating API rule list_type_missing for type github.com/kserve/kserve/pkg/apis/serving/v1beta1.GetInferenceServiceConfigMap
I0904 00:51:54.204582 4059010 api_linter.go:195] validating API rule streaming_list_type_field_order for type github.com/kserve/kserve/pkg/apis/serving/v1beta1.GetInferenceServiceConfigMap
I0904 00:51:54.204587 4059010 api_linter.go:195] validating API rule streaming_list_type_json_tags for type github.com/kserve/kserve/pkg/apis/serving/v1beta1.GetInferenceServiceConfigMap
I0904 00:51:54.204592 4059010 api_linter.go:195] validating API rule streaming_list_type_proto_tags for type github.com/kserve/kserve/pkg/apis/serving/v1beta1.GetInferenceServiceConfigMap
I0904 00:51:54.204598 4059010 api_linter.go:108] validating API rules for type github.com/kserve/kserve/pkg/apis/serving/v1beta1.GetProtocolVersionPriority
I0904 00:51:54.204604 4059010 api_linter.go:195] validating API rule names_match for type github.com/kserve/kserve/pkg/apis/serving/v1beta1.GetProtocolVersionPriority
I0904 00:51:54.204609 4059010 api_linter.go:195] validating API rule omitempty_match_case for type github.com/kserve/kserve/pkg/apis/serving/v1beta1.GetProtocolVersionPriority
I0904 00:51:54.204615 4059010 api_linter.go:195] validating API rule list_type_missing for type github.com/kserve/kserve/pkg/apis/serving/v1beta1.GetProtocolVersionPriority
I0904 00:51:54.204620 4059010 api_linter.go:195] validating API rule streaming_list_type_field_order for type github.com/kserve/kserve/pkg/apis/serving/v1beta1.GetProtocolVersionPriority
I0904 00:51:54.204625 4059010 api_linter.go:195] validating API rule streaming_list_type_json_tags for type github.com/kserve/kserve/pkg/apis/serving/v1beta1.GetProtocolVersionPriority
I0904 00:51:54.204631 4059010 api_linter.go:195] validating API rule streaming_list_type_proto_tags for type github.com/kserve/kserve/pkg/apis/serving/v1beta1.GetProtocolVersionPriority
I0904 00:51:54.204636 4059010 api_linter.go:108] validating API rules for type github.com/kserve/kserve/pkg/apis/serving/v1beta1.GetStorageInitializerConfigs
I0904 00:51:54.204642 4059010 api_linter.go:195] validating API rule names_match for type github.com/kserve/kserve/pkg/apis/serving/v1beta1.GetStorageInitializerConfigs
I0904 00:51:54.204648 4059010 api_linter.go:195] validating API rule omitempty_match_case for type github.com/kserve/kserve/pkg/apis/serving/v1beta1.GetStorageInitializerConfigs
I0904 00:51:54.204653 4059010 api_linter.go:195] validating API rule list_type_missing for type github.com/kserve/kserve/pkg/apis/serving/v1beta1.GetStorageInitializerConfigs
I0904 00:51:54.204658 4059010 api_linter.go:195] validating API rule streaming_list_type_field_order for type github.com/kserve/kserve/pkg/apis/serving/v1beta1.GetStorageInitializerConfigs
I0904 00:51:54.204664 4059010 api_linter.go:195] validating API rule streaming_list_type_json_tags for type github.com/kserve/kserve/pkg/apis/serving/v1beta1.GetStorageInitializerConfigs
I0904 00:51:54.204669 4059010 api_linter.go:195] validating API rule streaming_list_type_proto_tags for type github.com/kserve/kserve/pkg/apis/serving/v1beta1.GetStorageInitializerConfigs
I0904 00:51:54.204675 4059010 api_linter.go:108] validating API rules for type github.com/kserve/kserve/pkg/apis/serving/v1beta1.GraphiteBackend
I0904 00:51:54.204684 4059010 api_linter.go:195] validating API rule names_match for type github.com/kserve/kserve/pkg/apis/serving/v1beta1.GraphiteBackend
I0904 00:51:54.204690 4059010 api_linter.go:195] validating API rule omitempty_match_case for type github.com/kserve/kserve/pkg/apis/serving/v1beta1.GraphiteBackend
I0904 00:51:54.204696 4059010 api_linter.go:195] validating API rule list_type_missing for type github.com/kserve/kserve/pkg/apis/serving/v1beta1.GraphiteBackend
I0904 00:51:54.204701 4059010 api_linter.go:195] validating API rule streaming_list_type_field_order for type github.com/kserve/kserve/pkg/apis/serving/v1beta1.GraphiteBackend
I0904 00:51:54.204707 4059010 api_linter.go:195] validating API rule streaming_list_type_json_tags for type github.com/kserve/kserve/pkg/apis/serving/v1beta1.GraphiteBackend
I0904 00:51:54.204713 4059010 api_linter.go:195] validating API rule streaming_list_type_proto_tags for type github.com/kserve/kserve/pkg/apis/serving/v1beta1.GraphiteBackend
I0904 00:51:54.204718 4059010 api_linter.go:108] validating API rules for type github.com/kserve/kserve/pkg/apis/serving/v1beta1.HuggingFaceRuntimeSpec
I0904 00:51:54.204724 4059010 api_linter.go:195] validating API rule names_match for type github.com/kserve/kserve/pkg/apis/serving/v1beta1.HuggingFaceRuntimeSpec
I0904 00:51:54.204731 4059010 api_linter.go:195] validating API rule omitempty_match_case for type github.com/kserve/kserve/pkg/apis/serving/v1beta1.HuggingFaceRuntimeSpec
I0904 00:51:54.204737 4059010 api_linter.go:195] validating API rule list_type_missing for type github.com/kserve/kserve/pkg/apis/serving/v1beta1.HuggingFaceRuntimeSpec
I0904 00:51:54.204742 4059010 api_linter.go:195] validating API rule streaming_list_type_field_order for type github.com/kserve/kserve/pkg/apis/serving/v1beta1.HuggingFaceRuntimeSpec
I0904 00:51:54.204748 4059010 api_linter.go:195] validating API rule streaming_list_type_json_tags for type github.com/kserve/kserve/pkg/apis/serving/v1beta1.HuggingFaceRuntimeSpec
I0904 00:51:54.204753 4059010 api_linter.go:195] validating API rule streaming_list_type_proto_tags for type github.com/kserve/kserve/pkg/apis/serving/v1beta1.HuggingFaceRuntimeSpec
I0904 00:51:54.204759 4059010 api_linter.go:108] validating API rules for type github.com/kserve/kserve/pkg/apis/serving/v1beta1.InProgress
I0904 00:51:54.204765 4059010 api_linter.go:195] validating API rule names_match for type github.com/kserve/kserve/pkg/apis/serving/v1beta1.InProgress
I0904 00:51:54.204770 4059010 api_linter.go:195] validating API rule omitempty_match_case for type github.com/kserve/kserve/pkg/apis/serving/v1beta1.InProgress
I0904 00:51:54.204775 4059010 api_linter.go:195] validating API rule list_type_missing for type github.com/kserve/kserve/pkg/apis/serving/v1beta1.InProgress
I0904 00:51:54.204781 4059010 api_linter.go:195] validating API rule streaming_list_type_field_order for type github.com/kserve/kserve/pkg/apis/serving/v1beta1.InProgress
I0904 00:51:54.204786 4059010 api_linter.go:195] validating API rule streaming_list_type_json_tags for type github.com/kserve/kserve/pkg/apis/serving/v1beta1.InProgress
I0904 00:51:54.204791 4059010 api_linter.go:195] validating API rule streaming_list_type_proto_tags for type github.com/kserve/kserve/pkg/apis/serving/v1beta1.InProgress
I0904 00:51:54.204797 4059010 api_linter.go:108] validating API rules for type github.com/kserve/kserve/pkg/apis/serving/v1beta1.InferenceService
I0904 00:51:54.204802 4059010 api_linter.go:195] validating API rule names_match for type github.com/kserve/kserve/pkg/apis/serving/v1beta1.InferenceService
I0904 00:51:54.204810 4059010 api_linter.go:195] validating API rule omitempty_match_case for type github.com/kserve/kserve/pkg/apis/serving/v1beta1.InferenceService
I0904 00:51:54.204816 4059010 api_linter.go:195] validating API rule list_type_missing for type github.com/kserve/kserve/pkg/apis/serving/v1beta1.InferenceService
I0904 00:51:54.204823 4059010 api_linter.go:195] validating API rule streaming_list_type_field_order for type github.com/kserve/kserve/pkg/apis/serving/v1beta1.InferenceService
I0904 00:51:54.204831 4059010 api_linter.go:195] validating API rule streaming_list_type_json_tags for type github.com/kserve/kserve/pkg/apis/serving/v1beta1.InferenceService
I0904 00:51:54.204837 4059010 api_linter.go:195] validating API rule streaming_list_type_proto_tags for type github.com/kserve/kserve/pkg/apis/serving/v1beta1.InferenceService
I0904 00:51:54.204842 4059010 api_linter.go:108] validating API rules for type github.com/kserve/kserve/pkg/apis/serving/v1beta1.InferenceServiceConfigKeyName
I0904 00:51:54.204848 4059010 api_linter.go:195] validating API rule names_match for type github.com/kserve/kserve/pkg/apis/serving/v1beta1.InferenceServiceConfigKeyName
I0904 00:51:54.204854 4059010 api_linter.go:195] validating API rule omitempty_match_case for type github.com/kserve/kserve/pkg/apis/serving/v1beta1.InferenceServiceConfigKeyName
I0904 00:51:54.204859 4059010 api_linter.go:195] validating API rule list_type_missing for type github.com/kserve/kserve/pkg/apis/serving/v1beta1.InferenceServiceConfigKeyName
I0904 00:51:54.204864 4059010 api_linter.go:195] validating API rule streaming_list_type_field_order for type github.com/kserve/kserve/pkg/apis/serving/v1beta1.InferenceServiceConfigKeyName
I0904 00:51:54.204870 4059010 api_linter.go:195] validating API rule streaming_list_type_json_tags for type github.com/kserve/kserve/pkg/apis/serving/v1beta1.InferenceServiceConfigKeyName
I0904 00:51:54.204876 4059010 api_linter.go:195] validating API rule streaming_list_type_proto_tags for type github.com/kserve/kserve/pkg/apis/serving/v1beta1.InferenceServiceConfigKeyName
I0904 00:51:54.204881 4059010 api_linter.go:108] validating API rules for type github.com/kserve/kserve/pkg/apis/serving/v1beta1.InferenceServiceDefaulter
I0904 00:51:54.204887 4059010 api_linter.go:195] validating API rule names_match for type github.com/kserve/kserve/pkg/apis/serving/v1beta1.InferenceServiceDefaulter
I0904 00:51:54.204893 4059010 api_linter.go:195] validating API rule omitempty_match_case for type github.com/kserve/kserve/pkg/apis/serving/v1beta1.InferenceServiceDefaulter
I0904 00:51:54.204899 4059010 api_linter.go:195] validating API rule list_type_missing for type github.com/kserve/kserve/pkg/apis/serving/v1beta1.InferenceServiceDefaulter
I0904 00:51:54.204904 4059010 api_linter.go:195] validating API rule streaming_list_type_field_order for type github.com/kserve/kserve/pkg/apis/serving/v1beta1.InferenceServiceDefaulter
I0904 00:51:54.204909 4059010 api_linter.go:195] validating API rule streaming_list_type_json_tags for type github.com/kserve/kserve/pkg/apis/serving/v1beta1.InferenceServiceDefaulter
I0904 00:51:54.204914 4059010 api_linter.go:195] validating API rule streaming_list_type_proto_tags for type github.com/kserve/kserve/pkg/apis/serving/v1beta1.InferenceServiceDefaulter
I0904 00:51:54.204922 4059010 api_linter.go:108] validating API rules for type github.com/kserve/kserve/pkg/apis/serving/v1beta1.InferenceServiceList
I0904 00:51:54.204928 4059010 api_linter.go:195] validating API rule names_match for type github.com/kserve/kserve/pkg/apis/serving/v1beta1.InferenceServiceList
I0904 00:51:54.204935 4059010 api_linter.go:195] validating API rule omitempty_match_case for type github.com/kserve/kserve/pkg/apis/serving/v1beta1.InferenceServiceList
I0904 00:51:54.204941 4059010 api_linter.go:195] validating API rule list_type_missing for type github.com/kserve/kserve/pkg/apis/serving/v1beta1.InferenceServiceList
I0904 00:51:54.204947 4059010 api_linter.go:195] validating API rule streaming_list_type_field_order for type github.com/kserve/kserve/pkg/apis/serving/v1beta1.InferenceServiceList
I0904 00:51:54.204953 4059010 api_linter.go:195] validating API rule streaming_list_type_json_tags for type github.com/kserve/kserve/pkg/apis/serving/v1beta1.InferenceServiceList
I0904 00:51:54.204959 4059010 api_linter.go:195] validating API rule streaming_list_type_proto_tags for type github.com/kserve/kserve/pkg/apis/serving/v1beta1.InferenceServiceList
I0904 00:51:54.204969 4059010 api_linter.go:108] validating API rules for type github.com/kserve/kserve/pkg/apis/serving/v1beta1.InferenceServiceSpec
I0904 00:51:54.204975 4059010 api_linter.go:195] validating API rule names_match for type github.com/kserve/kserve/pkg/apis/serving/v1beta1.InferenceServiceSpec
I0904 00:51:54.204982 4059010 api_linter.go:195] validating API rule omitempty_match_case for type github.com/kserve/kserve/pkg/apis/serving/v1beta1.InferenceServiceSpec
I0904 00:51:54.204989 4059010 api_linter.go:195] validating API rule list_type_missing for type github.com/kserve/kserve/pkg/apis/serving/v1beta1.InferenceServiceSpec
I0904 00:51:54.204997 4059010 api_linter.go:195] validating API rule streaming_list_type_field_order for type github.com/kserve/kserve/pkg/apis/serving/v1beta1.InferenceServiceSpec
I0904 00:51:54.205002 4059010 api_linter.go:195] validating API rule streaming_list_type_json_tags for type github.com/kserve/kserve/pkg/apis/serving/v1beta1.InferenceServiceSpec
I0904 00:51:54.205008 4059010 api_linter.go:195] validating API rule streaming_list_type_proto_tags for type github.com/kserve/kserve/pkg/apis/serving/v1beta1.InferenceServiceSpec
I0904 00:51:54.205014 4059010 api_linter.go:108] validating API rules for type github.com/kserve/kserve/pkg/apis/serving/v1beta1.InferenceServiceStatus
I0904 00:51:54.205019 4059010 api_linter.go:195] validating API rule names_match for type github.com/kserve/kserve/pkg/apis/serving/v1beta1.InferenceServiceStatus
I0904 00:51:54.205030 4059010 api_linter.go:195] validating API rule omitempty_match_case for type github.com/kserve/kserve/pkg/apis/serving/v1beta1.InferenceServiceStatus
I0904 00:51:54.205037 4059010 api_linter.go:195] validating API rule list_type_missing for type github.com/kserve/kserve/pkg/apis/serving/v1beta1.InferenceServiceStatus
I0904 00:51:54.205046 4059010 api_linter.go:195] validating API rule streaming_list_type_field_order for type github.com/kserve/kserve/pkg/apis/serving/v1beta1.InferenceServiceStatus
I0904 00:51:54.205051 4059010 api_linter.go:195] validating API rule streaming_list_type_json_tags for type github.com/kserve/kserve/pkg/apis/serving/v1beta1.InferenceServiceStatus
I0904 00:51:54.205057 4059010 api_linter.go:195] validating API rule streaming_list_type_proto_tags for type github.com/kserve/kserve/pkg/apis/serving/v1beta1.InferenceServiceStatus
I0904 00:51:54.205063 4059010 api_linter.go:108] validating API rules for type github.com/kserve/kserve/pkg/apis/serving/v1beta1.InferenceServiceValidator
I0904 00:51:54.205068 4059010 api_linter.go:195] validating API rule names_match for type github.com/kserve/kserve/pkg/apis/serving/v1beta1.InferenceServiceValidator
I0904 00:51:54.205074 4059010 api_linter.go:195] validating API rule omitempty_match_case for type github.com/kserve/kserve/pkg/apis/serving/v1beta1.InferenceServiceValidator
I0904 00:51:54.205079 4059010 api_linter.go:195] validating API rule list_type_missing for type github.com/kserve/kserve/pkg/apis/serving/v1beta1.InferenceServiceValidator
I0904 00:51:54.205085 4059010 api_linter.go:195] validating API rule streaming_list_type_field_order for type github.com/kserve/kserve/pkg/apis/serving/v1beta1.InferenceServiceValidator
I0904 00:51:54.205090 4059010 api_linter.go:195] validating API rule streaming_list_type_json_tags for type github.com/kserve/kserve/pkg/apis/serving/v1beta1.InferenceServiceValidator
I0904 00:51:54.205096 4059010 api_linter.go:195] validating API rule streaming_list_type_proto_tags for type github.com/kserve/kserve/pkg/apis/serving/v1beta1.InferenceServiceValidator
I0904 00:51:54.205102 4059010 api_linter.go:108] validating API rules for type github.com/kserve/kserve/pkg/apis/serving/v1beta1.InferenceServicesConfig
I0904 00:51:54.205107 4059010 api_linter.go:195] validating API rule names_match for type github.com/kserve/kserve/pkg/apis/serving/v1beta1.InferenceServicesConfig
I0904 00:51:54.205115 4059010 api_linter.go:195] validating API rule omitempty_match_case for type github.com/kserve/kserve/pkg/apis/serving/v1beta1.InferenceServicesConfig
I0904 00:51:54.205125 4059010 api_linter.go:195] validating API rule list_type_missing for type github.com/kserve/kserve/pkg/apis/serving/v1beta1.InferenceServicesConfig
I0904 00:51:54.205132 4059010 api_linter.go:195] validating API rule streaming_list_type_field_order for type github.com/kserve/kserve/pkg/apis/serving/v1beta1.InferenceServicesConfig
I0904 00:51:54.205137 4059010 api_linter.go:195] validating API rule streaming_list_type_json_tags for type github.com/kserve/kserve/pkg/apis/serving/v1beta1.InferenceServicesConfig
I0904 00:51:54.205142 4059010 api_linter.go:195] validating API rule streaming_list_type_proto_tags for type github.com/kserve/kserve/pkg/apis/serving/v1beta1.InferenceServicesConfig
I0904 00:51:54.205148 4059010 api_linter.go:108] validating API rules for type github.com/kserve/kserve/pkg/apis/serving/v1beta1.IngressConfig
I0904 00:51:54.205153 4059010 api_linter.go:195] validating API rule names_match for type github.com/kserve/kserve/pkg/apis/serving/v1beta1.IngressConfig
I0904 00:51:54.205167 4059010 api_linter.go:195] validating API rule omitempty_match_case for type github.com/kserve/kserve/pkg/apis/serving/v1beta1.IngressConfig
I0904 00:51:54.205175 4059010 api_linter.go:195] validating API rule list_type_missing for type github.com/kserve/kserve/pkg/apis/serving/v1beta1.IngressConfig
I0904 00:51:54.205182 4059010 api_linter.go:195] validating API rule streaming_list_type_field_order for type github.com/kserve/kserve/pkg/apis/serving/v1beta1.IngressConfig
I0904 00:51:54.205188 4059010 api_linter.go:195] validating API rule streaming_list_type_json_tags for type github.com/kserve/kserve/pkg/apis/serving/v1beta1.IngressConfig
I0904 00:51:54.205204 4059010 api_linter.go:195] validating API rule streaming_list_type_proto_tags for type github.com/kserve/kserve/pkg/apis/serving/v1beta1.IngressConfig
I0904 00:51:54.205213 4059010 api_linter.go:108] validating API rules for type github.com/kserve/kserve/pkg/apis/serving/v1beta1.IngressConfigKeyName
I0904 00:51:54.205218 4059010 api_linter.go:195] validating API rule names_match for type github.com/kserve/kserve/pkg/apis/serving/v1beta1.IngressConfigKeyName
I0904 00:51:54.205224 4059010 api_linter.go:195] validating API rule omitempty_match_case for type github.com/kserve/kserve/pkg/apis/serving/v1beta1.IngressConfigKeyName
I0904 00:51:54.205229 4059010 api_linter.go:195] validating API rule list_type_missing for type github.com/kserve/kserve/pkg/apis/serving/v1beta1.IngressConfigKeyName
I0904 00:51:54.205235 4059010 api_linter.go:195] validating API rule streaming_list_type_field_order for type github.com/kserve/kserve/pkg/apis/serving/v1beta1.IngressConfigKeyName
I0904 00:51:54.205240 4059010 api_linter.go:195] validating API rule streaming_list_type_json_tags for type github.com/kserve/kserve/pkg/apis/serving/v1beta1.IngressConfigKeyName
I0904 00:51:54.205245 4059010 api_linter.go:195] validating API rule streaming_list_type_proto_tags for type github.com/kserve/kserve/pkg/apis/serving/v1beta1.IngressConfigKeyName
I0904 00:51:54.205251 4059010 api_linter.go:108] validating API rules for type github.com/kserve/kserve/pkg/apis/serving/v1beta1.IngressReady
I0904 00:51:54.205257 4059010 api_linter.go:195] validating API rule names_match for type github.com/kserve/kserve/pkg/apis/serving/v1beta1.IngressReady
I0904 00:51:54.205263 4059010 api_linter.go:195] validating API rule omitempty_match_case for type github.com/kserve/kserve/pkg/apis/serving/v1beta1.IngressReady
I0904 00:51:54.205268 4059010 api_linter.go:195] validating API rule list_type_missing for type github.com/kserve/kserve/pkg/apis/serving/v1beta1.IngressReady
I0904 00:51:54.205274 4059010 api_linter.go:195] validating API rule streaming_list_type_field_order for type github.com/kserve/kserve/pkg/apis/serving/v1beta1.IngressReady
I0904 00:51:54.205280 4059010 api_linter.go:195] validating API rule streaming_list_type_json_tags for type github.com/kserve/kserve/pkg/apis/serving/v1beta1.IngressReady
I0904 00:51:54.205285 4059010 api_linter.go:195] validating API rule streaming_list_type_proto_tags for type github.com/kserve/kserve/pkg/apis/serving/v1beta1.IngressReady
I0904 00:51:54.205294 4059010 api_linter.go:108] validating API rules for type github.com/kserve/kserve/pkg/apis/serving/v1beta1.InvalidAutoScalerError
I0904 00:51:54.205299 4059010 api_linter.go:195] validating API rule names_match for type github.com/kserve/kserve/pkg/apis/serving/v1beta1.InvalidAutoScalerError
I0904 00:51:54.205305 4059010 api_linter.go:195] validating API rule omitempty_match_case for type github.com/kserve/kserve/pkg/apis/serving/v1beta1.InvalidAutoScalerError
I0904 00:51:54.205311 4059010 api_linter.go:195] validating API rule list_type_missing for type github.com/kserve/kserve/pkg/apis/serving/v1beta1.InvalidAutoScalerError
I0904 00:51:54.205317 4059010 api_linter.go:195] validating API rule streaming_list_type_field_order for type github.com/kserve/kserve/pkg/apis/serving/v1beta1.InvalidAutoScalerError
I0904 00:51:54.205322 4059010 api_linter.go:195] validating API rule streaming_list_type_json_tags for type github.com/kserve/kserve/pkg/apis/serving/v1beta1.InvalidAutoScalerError
I0904 00:51:54.205327 4059010 api_linter.go:195] validating API rule streaming_list_type_proto_tags for type github.com/kserve/kserve/pkg/apis/serving/v1beta1.InvalidAutoScalerError
I0904 00:51:54.205333 4059010 api_linter.go:108] validating API rules for type github.com/kserve/kserve/pkg/apis/serving/v1beta1.InvalidGPUAllocation
I0904 00:51:54.205338 4059010 api_linter.go:195] validating API rule names_match for type github.com/kserve/kserve/pkg/apis/serving/v1beta1.InvalidGPUAllocation
I0904 00:51:54.205344 4059010 api_linter.go:195] validating API rule omitempty_match_case for type github.com/kserve/kserve/pkg/apis/serving/v1beta1.InvalidGPUAllocation
I0904 00:51:54.205350 4059010 api_linter.go:195] validating API rule list_type_missing for type github.com/kserve/kserve/pkg/apis/serving/v1beta1.InvalidGPUAllocation
I0904 00:51:54.205355 4059010 api_linter.go:195] validating API rule streaming_list_type_field_order for type github.com/kserve/kserve/pkg/apis/serving/v1beta1.InvalidGPUAllocation
I0904 00:51:54.205360 4059010 api_linter.go:195] validating API rule streaming_list_type_json_tags for type github.com/kserve/kserve/pkg/apis/serving/v1beta1.InvalidGPUAllocation
I0904 00:51:54.205366 4059010 api_linter.go:195] validating API rule streaming_list_type_proto_tags for type github.com/kserve/kserve/pkg/apis/serving/v1beta1.InvalidGPUAllocation
I0904 00:51:54.205371 4059010 api_linter.go:108] validating API rules for type github.com/kserve/kserve/pkg/apis/serving/v1beta1.InvalidISVCNameFormatError
I0904 00:51:54.205377 4059010 api_linter.go:195] validating API rule names_match for type github.com/kserve/kserve/pkg/apis/serving/v1beta1.InvalidISVCNameFormatError
I0904 00:51:54.205382 4059010 api_linter.go:195] validating API rule omitempty_match_case for type github.com/kserve/kserve/pkg/apis/serving/v1beta1.InvalidISVCNameFormatError
I0904 00:51:54.205388 4059010 api_linter.go:195] validating API rule list_type_missing for type github.com/kserve/kserve/pkg/apis/serving/v1beta1.InvalidISVCNameFormatError
I0904 00:51:54.205393 4059010 api_linter.go:195] validating API rule streaming_list_type_field_order for type github.com/kserve/kserve/pkg/apis/serving/v1beta1.InvalidISVCNameFormatError
I0904 00:51:54.205398 4059010 api_linter.go:195] validating API rule streaming_list_type_json_tags for type github.com/kserve/kserve/pkg/apis/serving/v1beta1.InvalidISVCNameFormatError
I0904 00:51:54.205404 4059010 api_linter.go:195] validating API rule streaming_list_type_proto_tags for type github.com/kserve/kserve/pkg/apis/serving/v1beta1.InvalidISVCNameFormatError
I0904 00:51:54.205409 4059010 api_linter.go:108] validating API rules for type github.com/kserve/kserve/pkg/apis/serving/v1beta1.InvalidLoggerStorageConfigError
I0904 00:51:54.205420 4059010 api_linter.go:195] validating API rule names_match for type github.com/kserve/kserve/pkg/apis/serving/v1beta1.InvalidLoggerStorageConfigError
I0904 00:51:54.205426 4059010 api_linter.go:195] validating API rule omitempty_match_case for type github.com/kserve/kserve/pkg/apis/serving/v1beta1.InvalidLoggerStorageConfigError
I0904 00:51:54.205434 4059010 api_linter.go:195] validating API rule list_type_missing for type github.com/kserve/kserve/pkg/apis/serving/v1beta1.InvalidLoggerStorageConfigError
I0904 00:51:54.205439 4059010 api_linter.go:195] validating API rule streaming_list_type_field_order for type github.com/kserve/kserve/pkg/apis/serving/v1beta1.InvalidLoggerStorageConfigError
I0904 00:51:54.205445 4059010 api_linter.go:195] validating API rule streaming_list_type_json_tags for type github.com/kserve/kserve/pkg/apis/serving/v1beta1.InvalidLoggerStorageConfigError
I0904 00:51:54.205450 4059010 api_linter.go:195] validating API rule streaming_list_type_proto_tags for type github.com/kserve/kserve/pkg/apis/serving/v1beta1.InvalidLoggerStorageConfigError
I0904 00:51:54.205455 4059010 api_linter.go:108] validating API rules for type github.com/kserve/kserve/pkg/apis/serving/v1beta1.InvalidLoggerType
I0904 00:51:54.205461 4059010 api_linter.go:195] validating API rule names_match for type github.com/kserve/kserve/pkg/apis/serving/v1beta1.InvalidLoggerType
I0904 00:51:54.205466 4059010 api_linter.go:195] validating API rule omitempty_match_case for type github.com/kserve/kserve/pkg/apis/serving/v1beta1.InvalidLoggerType
I0904 00:51:54.205472 4059010 api_linter.go:195] validating API rule list_type_missing for type github.com/kserve/kserve/pkg/apis/serving/v1beta1.InvalidLoggerType
I0904 00:51:54.205477 4059010 api_linter.go:195] validating API rule streaming_list_type_field_order for type github.com/kserve/kserve/pkg/apis/serving/v1beta1.InvalidLoggerType
I0904 00:51:54.205483 4059010 api_linter.go:195] validating API rule streaming_list_type_json_tags for type github.com/kserve/kserve/pkg/apis/serving/v1beta1.InvalidLoggerType
I0904 00:51:54.205488 4059010 api_linter.go:195] validating API rule streaming_list_type_proto_tags for type github.com/kserve/kserve/pkg/apis/serving/v1beta1.InvalidLoggerType
I0904 00:51:54.205494 4059010 api_linter.go:108] validating API rules for type github.com/kserve/kserve/pkg/apis/serving/v1beta1.InvalidNotSupportedStorageURIProtocolError
I0904 00:51:54.205500 4059010 api_linter.go:195] validating API rule names_match for type github.com/kserve/kserve/pkg/apis/serving/v1beta1.InvalidNotSupportedStorageURIProtocolError
I0904 00:51:54.205506 4059010 api_linter.go:195] validating API rule omitempty_match_case for type github.com/kserve/kserve/pkg/apis/serving/v1beta1.InvalidNotSupportedStorageURIProtocolError
I0904 00:51:54.205512 4059010 api_linter.go:195] validating API rule list_type_missing for type github.com/kserve/kserve/pkg/apis/serving/v1beta1.InvalidNotSupportedStorageURIProtocolError
I0904 00:51:54.205517 4059010 api_linter.go:195] validating API rule streaming_list_type_field_order for type github.com/kserve/kserve/pkg/apis/serving/v1beta1.InvalidNotSupportedStorageURIProtocolError
I0904 00:51:54.205523 4059010 api_linter.go:195] validating API rule streaming_list_type_json_tags for type github.com/kserve/kserve/pkg/apis/serving/v1beta1.InvalidNotSupportedStorageURIProtocolError
I0904 00:51:54.205528 4059010 api_linter.go:195] validating API rule streaming_list_type_proto_tags for type github.com/kserve/kserve/pkg/apis/serving/v1beta1.InvalidNotSupportedStorageURIProtocolError
I0904 00:51:54.205534 4059010 api_linter.go:108] validating API rules for type github.com/kserve/kserve/pkg/apis/serving/v1beta1.InvalidPredictorSpec
I0904 00:51:54.205539 4059010 api_linter.go:195] validating API rule names_match for type github.com/kserve/kserve/pkg/apis/serving/v1beta1.InvalidPredictorSpec
I0904 00:51:54.205545 4059010 api_linter.go:195] validating API rule omitempty_match_case for type github.com/kserve/kserve/pkg/apis/serving/v1beta1.InvalidPredictorSpec
I0904 00:51:54.205551 4059010 api_linter.go:195] validating API rule list_type_missing for type github.com/kserve/kserve/pkg/apis/serving/v1beta1.InvalidPredictorSpec
I0904 00:51:54.205556 4059010 api_linter.go:195] validating API rule streaming_list_type_field_order for type github.com/kserve/kserve/pkg/apis/serving/v1beta1.InvalidPredictorSpec
I0904 00:51:54.205564 4059010 api_linter.go:195] validating API rule streaming_list_type_json_tags for type github.com/kserve/kserve/pkg/apis/serving/v1beta1.InvalidPredictorSpec
I0904 00:51:54.205569 4059010 api_linter.go:195] validating API rule streaming_list_type_proto_tags for type github.com/kserve/kserve/pkg/apis/serving/v1beta1.InvalidPredictorSpec
I0904 00:51:54.205575 4059010 api_linter.go:108] validating API rules for type github.com/kserve/kserve/pkg/apis/serving/v1beta1.InvalidProtocol
I0904 00:51:54.205581 4059010 api_linter.go:195] validating API rule names_match for type github.com/kserve/kserve/pkg/apis/serving/v1beta1.InvalidProtocol
I0904 00:51:54.205586 4059010 api_linter.go:195] validating API rule omitempty_match_case for type github.com/kserve/kserve/pkg/apis/serving/v1beta1.InvalidProtocol
I0904 00:51:54.205592 4059010 api_linter.go:195] validating API rule list_type_missing for type github.com/kserve/kserve/pkg/apis/serving/v1beta1.InvalidProtocol
I0904 00:51:54.205598 4059010 api_linter.go:195] validating API rule streaming_list_type_field_order for type github.com/kserve/kserve/pkg/apis/serving/v1beta1.InvalidProtocol
I0904 00:51:54.205603 4059010 api_linter.go:195] validating API rule streaming_list_type_json_tags for type github.com/kserve/kserve/pkg/apis/serving/v1beta1.InvalidProtocol
I0904 00:51:54.205609 4059010 api_linter.go:195] validating API rule streaming_list_type_proto_tags for type github.com/kserve/kserve/pkg/apis/serving/v1beta1.InvalidProtocol
I0904 00:51:54.205614 4059010 api_linter.go:108] validating API rules for type github.com/kserve/kserve/pkg/apis/serving/v1beta1.InvalidPyTorchRuntimeExcludesGPU
I0904 00:51:54.205620 4059010 api_linter.go:195] validating API rule names_match for type github.com/kserve/kserve/pkg/apis/serving/v1beta1.InvalidPyTorchRuntimeExcludesGPU
I0904 00:51:54.205625 4059010 api_linter.go:195] validating API rule omitempty_match_case for type github.com/kserve/kserve/pkg/apis/serving/v1beta1.InvalidPyTorchRuntimeExcludesGPU
I0904 00:51:54.205631 4059010 api_linter.go:195] validating API rule list_type_missing for type github.com/kserve/kserve/pkg/apis/serving/v1beta1.InvalidPyTorchRuntimeExcludesGPU
I0904 00:51:54.205637 4059010 api_linter.go:195] validating API rule streaming_list_type_field_order for type github.com/kserve/kserve/pkg/apis/serving/v1beta1.InvalidPyTorchRuntimeExcludesGPU
I0904 00:51:54.205642 4059010 api_linter.go:195] validating API rule streaming_list_type_json_tags for type github.com/kserve/kserve/pkg/apis/serving/v1beta1.InvalidPyTorchRuntimeExcludesGPU
I0904 00:51:54.205648 4059010 api_linter.go:195] validating API rule streaming_list_type_proto_tags for type github.com/kserve/kserve/pkg/apis/serving/v1beta1.InvalidPyTorchRuntimeExcludesGPU
I0904 00:51:54.205653 4059010 api_linter.go:108] validating API rules for type github.com/kserve/kserve/pkg/apis/serving/v1beta1.InvalidPyTorchRuntimeIncludesGPU
I0904 00:51:54.205659 4059010 api_linter.go:195] validating API rule names_match for type github.com/kserve/kserve/pkg/apis/serving/v1beta1.InvalidPyTorchRuntimeIncludesGPU
I0904 00:51:54.205664 4059010 api_linter.go:195] validating API rule omitempty_match_case for type github.com/kserve/kserve/pkg/apis/serving/v1beta1.InvalidPyTorchRuntimeIncludesGPU
I0904 00:51:54.205670 4059010 api_linter.go:195] validating API rule list_type_missing for type github.com/kserve/kserve/pkg/apis/serving/v1beta1.InvalidPyTorchRuntimeIncludesGPU
I0904 00:51:54.205675 4059010 api_linter.go:195] validating API rule streaming_list_type_field_order for type github.com/kserve/kserve/pkg/apis/serving/v1beta1.InvalidPyTorchRuntimeIncludesGPU
I0904 00:51:54.205680 4059010 api_linter.go:195] validating API rule streaming_list_type_json_tags for type github.com/kserve/kserve/pkg/apis/serving/v1beta1.InvalidPyTorchRuntimeIncludesGPU
I0904 00:51:54.205686 4059010 api_linter.go:195] validating API rule streaming_list_type_proto_tags for type github.com/kserve/kserve/pkg/apis/serving/v1beta1.InvalidPyTorchRuntimeIncludesGPU
I0904 00:51:54.205695 4059010 api_linter.go:108] validating API rules for type github.com/kserve/kserve/pkg/apis/serving/v1beta1.InvalidSpec
I0904 00:51:54.205700 4059010 api_linter.go:195] validating API rule names_match for type github.com/kserve/kserve/pkg/apis/serving/v1beta1.InvalidSpec
I0904 00:51:54.205706 4059010 api_linter.go:195] validating API rule omitempty_match_case for type github.com/kserve/kserve/pkg/apis/serving/v1beta1.InvalidSpec
I0904 00:51:54.205711 4059010 api_linter.go:195] validating API rule list_type_missing for type github.com/kserve/kserve/pkg/apis/serving/v1beta1.InvalidSpec
I0904 00:51:54.205717 4059010 api_linter.go:195] validating API rule streaming_list_type_field_order for type github.com/kserve/kserve/pkg/apis/serving/v1beta1.InvalidSpec
I0904 00:51:54.205722 4059010 api_linter.go:195] validating API rule streaming_list_type_json_tags for type github.com/kserve/kserve/pkg/apis/serving/v1beta1.InvalidSpec
I0904 00:51:54.205727 4059010 api_linter.go:195] validating API rule streaming_list_type_proto_tags for type github.com/kserve/kserve/pkg/apis/serving/v1beta1.InvalidSpec
I0904 00:51:54.205732 4059010 api_linter.go:108] validating API rules for type github.com/kserve/kserve/pkg/apis/serving/v1beta1.InvalidStorageUriConfigError
I0904 00:51:54.205738 4059010 api_linter.go:195] validating API rule names_match for type github.com/kserve/kserve/pkg/apis/serving/v1beta1.InvalidStorageUriConfigError
I0904 00:51:54.205743 4059010 api_linter.go:195] validating API rule omitempty_match_case for type github.com/kserve/kserve/pkg/apis/serving/v1beta1.InvalidStorageUriConfigError
I0904 00:51:54.205749 4059010 api_linter.go:195] validating API rule list_type_missing for type github.com/kserve/kserve/pkg/apis/serving/v1beta1.InvalidStorageUriConfigError
I0904 00:51:54.205754 4059010 api_linter.go:195] validating API rule streaming_list_type_field_order for type github.com/kserve/kserve/pkg/apis/serving/v1beta1.InvalidStorageUriConfigError
I0904 00:51:54.205759 4059010 api_linter.go:195] validating API rule streaming_list_type_json_tags for type github.com/kserve/kserve/pkg/apis/serving/v1beta1.InvalidStorageUriConfigError
I0904 00:51:54.205764 4059010 api_linter.go:195] validating API rule streaming_list_type_proto_tags for type github.com/kserve/kserve/pkg/apis/serving/v1beta1.InvalidStorageUriConfigError
I0904 00:51:54.205770 4059010 api_linter.go:108] validating API rules for type github.com/kserve/kserve/pkg/apis/serving/v1beta1.InvalidTensorflowRuntimeExcludesGPU
I0904 00:51:54.205775 4059010 api_linter.go:195] validating API rule names_match for type github.com/kserve/kserve/pkg/apis/serving/v1beta1.InvalidTensorflowRuntimeExcludesGPU
I0904 00:51:54.205781 4059010 api_linter.go:195] validating API rule omitempty_match_case for type github.com/kserve/kserve/pkg/apis/serving/v1beta1.InvalidTensorflowRuntimeExcludesGPU
I0904 00:51:54.205787 4059010 api_linter.go:195] validating API rule list_type_missing for type github.com/kserve/kserve/pkg/apis/serving/v1beta1.InvalidTensorflowRuntimeExcludesGPU
I0904 00:51:54.205792 4059010 api_linter.go:195] validating API rule streaming_list_type_field_order for type github.com/kserve/kserve/pkg/apis/serving/v1beta1.InvalidTensorflowRuntimeExcludesGPU
I0904 00:51:54.205798 4059010 api_linter.go:195] validating API rule streaming_list_type_json_tags for type github.com/kserve/kserve/pkg/apis/serving/v1beta1.InvalidTensorflowRuntimeExcludesGPU
I0904 00:51:54.205803 4059010 api_linter.go:195] validating API rule streaming_list_type_proto_tags for type github.com/kserve/kserve/pkg/apis/serving/v1beta1.InvalidTensorflowRuntimeExcludesGPU
I0904 00:51:54.205808 4059010 api_linter.go:108] validating API rules for type github.com/kserve/kserve/pkg/apis/serving/v1beta1.InvalidTensorflowRuntimeIncludesGPU
I0904 00:51:54.205814 4059010 api_linter.go:195] validating API rule names_match for type github.com/kserve/kserve/pkg/apis/serving/v1beta1.InvalidTensorflowRuntimeIncludesGPU
I0904 00:51:54.205822 4059010 api_linter.go:195] validating API rule omitempty_match_case for type github.com/kserve/kserve/pkg/apis/serving/v1beta1.InvalidTensorflowRuntimeIncludesGPU
I0904 00:51:54.205828 4059010 api_linter.go:195] validating API rule list_type_missing for type github.com/kserve/kserve/pkg/apis/serving/v1beta1.InvalidTensorflowRuntimeIncludesGPU
I0904 00:51:54.205833 4059010 api_linter.go:195] validating API rule streaming_list_type_field_order for type github.com/kserve/kserve/pkg/apis/serving/v1beta1.InvalidTensorflowRuntimeIncludesGPU
I0904 00:51:54.205838 4059010 api_linter.go:195] validating API rule streaming_list_type_json_tags for type github.com/kserve/kserve/pkg/apis/serving/v1beta1.InvalidTensorflowRuntimeIncludesGPU
I0904 00:51:54.205843 4059010 api_linter.go:195] validating API rule streaming_list_type_proto_tags for type github.com/kserve/kserve/pkg/apis/serving/v1beta1.InvalidTensorflowRuntimeIncludesGPU
I0904 00:51:54.205849 4059010 api_linter.go:108] validating API rules for type github.com/kserve/kserve/pkg/apis/serving/v1beta1.InvalidUnknownGPUTypeError
I0904 00:51:54.205854 4059010 api_linter.go:195] validating API rule names_match for type github.com/kserve/kserve/pkg/apis/serving/v1beta1.InvalidUnknownGPUTypeError
I0904 00:51:54.205860 4059010 api_linter.go:195] validating API rule omitempty_match_case for type github.com/kserve/kserve/pkg/apis/serving/v1beta1.InvalidUnknownGPUTypeError
I0904 00:51:54.205865 4059010 api_linter.go:195] validating API rule list_type_missing for type github.com/kserve/kserve/pkg/apis/serving/v1beta1.InvalidUnknownGPUTypeError
I0904 00:51:54.205871 4059010 api_linter.go:195] validating API rule streaming_list_type_field_order for type github.com/kserve/kserve/pkg/apis/serving/v1beta1.InvalidUnknownGPUTypeError
I0904 00:51:54.205876 4059010 api_linter.go:195] validating API rule streaming_list_type_json_tags for type github.com/kserve/kserve/pkg/apis/serving/v1beta1.InvalidUnknownGPUTypeError
I0904 00:51:54.205882 4059010 api_linter.go:195] validating API rule streaming_list_type_proto_tags for type github.com/kserve/kserve/pkg/apis/serving/v1beta1.InvalidUnknownGPUTypeError
I0904 00:51:54.205887 4059010 api_linter.go:108] validating API rules for type github.com/kserve/kserve/pkg/apis/serving/v1beta1.InvalidWorkerSpecNotSet
I0904 00:51:54.205893 4059010 api_linter.go:195] validating API rule names_match for type github.com/kserve/kserve/pkg/apis/serving/v1beta1.InvalidWorkerSpecNotSet
I0904 00:51:54.205899 4059010 api_linter.go:195] validating API rule omitempty_match_case for type github.com/kserve/kserve/pkg/apis/serving/v1beta1.InvalidWorkerSpecNotSet
I0904 00:51:54.205904 4059010 api_linter.go:195] validating API rule list_type_missing for type github.com/kserve/kserve/pkg/apis/serving/v1beta1.InvalidWorkerSpecNotSet
I0904 00:51:54.205909 4059010 api_linter.go:195] validating API rule streaming_list_type_field_order for type github.com/kserve/kserve/pkg/apis/serving/v1beta1.InvalidWorkerSpecNotSet
I0904 00:51:54.205915 4059010 api_linter.go:195] validating API rule streaming_list_type_json_tags for type github.com/kserve/kserve/pkg/apis/serving/v1beta1.InvalidWorkerSpecNotSet
I0904 00:51:54.205923 4059010 api_linter.go:195] validating API rule streaming_list_type_proto_tags for type github.com/kserve/kserve/pkg/apis/serving/v1beta1.InvalidWorkerSpecNotSet
I0904 00:51:54.205928 4059010 api_linter.go:108] validating API rules for type github.com/kserve/kserve/pkg/apis/serving/v1beta1.InvalidWorkerSpecPipelineParallelSizeValueError
I0904 00:51:54.205934 4059010 api_linter.go:195] validating API rule names_match for type github.com/kserve/kserve/pkg/apis/serving/v1beta1.InvalidWorkerSpecPipelineParallelSizeValueError
I0904 00:51:54.205940 4059010 api_linter.go:195] validating API rule omitempty_match_case for type github.com/kserve/kserve/pkg/apis/serving/v1beta1.InvalidWorkerSpecPipelineParallelSizeValueError
I0904 00:51:54.205945 4059010 api_linter.go:195] validating API rule list_type_missing for type github.com/kserve/kserve/pkg/apis/serving/v1beta1.InvalidWorkerSpecPipelineParallelSizeValueError
I0904 00:51:54.205954 4059010 api_linter.go:195] validating API rule streaming_list_type_field_order for type github.com/kserve/kserve/pkg/apis/serving/v1beta1.InvalidWorkerSpecPipelineParallelSizeValueError
I0904 00:51:54.205959 4059010 api_linter.go:195] validating API rule streaming_list_type_json_tags for type github.com/kserve/kserve/pkg/apis/serving/v1beta1.InvalidWorkerSpecPipelineParallelSizeValueError
I0904 00:51:54.205965 4059010 api_linter.go:195] validating API rule streaming_list_type_proto_tags for type github.com/kserve/kserve/pkg/apis/serving/v1beta1.InvalidWorkerSpecPipelineParallelSizeValueError
I0904 00:51:54.205970 4059010 api_linter.go:108] validating API rules for type github.com/kserve/kserve/pkg/apis/serving/v1beta1.InvalidWorkerSpecTensorParallelSizeValueError
I0904 00:51:54.205976 4059010 api_linter.go:195] validating API rule names_match for type github.com/kserve/kserve/pkg/apis/serving/v1beta1.InvalidWorkerSpecTensorParallelSizeValueError
I0904 00:51:54.205981 4059010 api_linter.go:195] validating API rule omitempty_match_case for type github.com/kserve/kserve/pkg/apis/serving/v1beta1.InvalidWorkerSpecTensorParallelSizeValueError
I0904 00:51:54.205987 4059010 api_linter.go:195] validating API rule list_type_missing for type github.com/kserve/kserve/pkg/apis/serving/v1beta1.InvalidWorkerSpecTensorParallelSizeValueError
I0904 00:51:54.205992 4059010 api_linter.go:195] validating API rule streaming_list_type_field_order for type github.com/kserve/kserve/pkg/apis/serving/v1beta1.InvalidWorkerSpecTensorParallelSizeValueError
I0904 00:51:54.205997 4059010 api_linter.go:195] validating API rule streaming_list_type_json_tags for type github.com/kserve/kserve/pkg/apis/serving/v1beta1.InvalidWorkerSpecTensorParallelSizeValueError
I0904 00:51:54.206002 4059010 api_linter.go:195] validating API rule streaming_list_type_proto_tags for type github.com/kserve/kserve/pkg/apis/serving/v1beta1.InvalidWorkerSpecTensorParallelSizeValueError
I0904 00:51:54.206008 4059010 api_linter.go:108] validating API rules for type github.com/kserve/kserve/pkg/apis/serving/v1beta1.IsvcNameFmt
I0904 00:51:54.206013 4059010 api_linter.go:195] validating API rule names_match for type github.com/kserve/kserve/pkg/apis/serving/v1beta1.IsvcNameFmt
I0904 00:51:54.206020 4059010 api_linter.go:195] validating API rule omitempty_match_case for type github.com/kserve/kserve/pkg/apis/serving/v1beta1.IsvcNameFmt
I0904 00:51:54.206025 4059010 api_linter.go:195] validating API rule list_type_missing for type github.com/kserve/kserve/pkg/apis/serving/v1beta1.IsvcNameFmt
I0904 00:51:54.206030 4059010 api_linter.go:195] validating API rule streaming_list_type_field_order for type github.com/kserve/kserve/pkg/apis/serving/v1beta1.IsvcNameFmt
I0904 00:51:54.206035 4059010 api_linter.go:195] validating API rule streaming_list_type_json_tags for type github.com/kserve/kserve/pkg/apis/serving/v1beta1.IsvcNameFmt
I0904 00:51:54.206041 4059010 api_linter.go:195] validating API rule streaming_list_type_proto_tags for type github.com/kserve/kserve/pkg/apis/serving/v1beta1.IsvcNameFmt
I0904 00:51:54.206046 4059010 api_linter.go:108] validating API rules for type github.com/kserve/kserve/pkg/apis/serving/v1beta1.IsvcRegexp
I0904 00:51:54.206052 4059010 api_linter.go:195] validating API rule names_match for type github.com/kserve/kserve/pkg/apis/serving/v1beta1.IsvcRegexp
I0904 00:51:54.206058 4059010 api_linter.go:195] validating API rule omitempty_match_case for type github.com/kserve/kserve/pkg/apis/serving/v1beta1.IsvcRegexp
I0904 00:51:54.206063 4059010 api_linter.go:195] validating API rule list_type_missing for type github.com/kserve/kserve/pkg/apis/serving/v1beta1.IsvcRegexp
I0904 00:51:54.206069 4059010 api_linter.go:195] validating API rule streaming_list_type_field_order for type github.com/kserve/kserve/pkg/apis/serving/v1beta1.IsvcRegexp
I0904 00:51:54.206074 4059010 api_linter.go:195] validating API rule streaming_list_type_json_tags for type github.com/kserve/kserve/pkg/apis/serving/v1beta1.IsvcRegexp
I0904 00:51:54.206083 4059010 api_linter.go:195] validating API rule streaming_list_type_proto_tags for type github.com/kserve/kserve/pkg/apis/serving/v1beta1.IsvcRegexp
I0904 00:51:54.206088 4059010 api_linter.go:108] validating API rules for type github.com/kserve/kserve/pkg/apis/serving/v1beta1.LatestDeploymentReady
I0904 00:51:54.206094 4059010 api_linter.go:195] validating API rule names_match for type github.com/kserve/kserve/pkg/apis/serving/v1beta1.LatestDeploymentReady
I0904 00:51:54.206100 4059010 api_linter.go:195] validating API rule omitempty_match_case for type github.com/kserve/kserve/pkg/apis/serving/v1beta1.LatestDeploymentReady
I0904 00:51:54.206107 4059010 api_linter.go:195] validating API rule list_type_missing for type github.com/kserve/kserve/pkg/apis/serving/v1beta1.LatestDeploymentReady
I0904 00:51:54.206112 4059010 api_linter.go:195] validating API rule streaming_list_type_field_order for type github.com/kserve/kserve/pkg/apis/serving/v1beta1.LatestDeploymentReady
I0904 00:51:54.206118 4059010 api_linter.go:195] validating API rule streaming_list_type_json_tags for type github.com/kserve/kserve/pkg/apis/serving/v1beta1.LatestDeploymentReady
I0904 00:51:54.206123 4059010 api_linter.go:195] validating API rule streaming_list_type_proto_tags for type github.com/kserve/kserve/pkg/apis/serving/v1beta1.LatestDeploymentReady
I0904 00:51:54.206129 4059010 api_linter.go:108] validating API rules for type github.com/kserve/kserve/pkg/apis/serving/v1beta1.LightGBMSpec
I0904 00:51:54.206135 4059010 api_linter.go:195] validating API rule names_match for type github.com/kserve/kserve/pkg/apis/serving/v1beta1.LightGBMSpec
I0904 00:51:54.206141 4059010 api_linter.go:195] validating API rule omitempty_match_case for type github.com/kserve/kserve/pkg/apis/serving/v1beta1.LightGBMSpec
I0904 00:51:54.206147 4059010 api_linter.go:195] validating API rule list_type_missing for type github.com/kserve/kserve/pkg/apis/serving/v1beta1.LightGBMSpec
I0904 00:51:54.206153 4059010 api_linter.go:195] validating API rule streaming_list_type_field_order for type github.com/kserve/kserve/pkg/apis/serving/v1beta1.LightGBMSpec
I0904 00:51:54.206159 4059010 api_linter.go:195] validating API rule streaming_list_type_json_tags for type github.com/kserve/kserve/pkg/apis/serving/v1beta1.LightGBMSpec
I0904 00:51:54.206164 4059010 api_linter.go:195] validating API rule streaming_list_type_proto_tags for type github.com/kserve/kserve/pkg/apis/serving/v1beta1.LightGBMSpec
I0904 00:51:54.206170 4059010 api_linter.go:108] validating API rules for type github.com/kserve/kserve/pkg/apis/serving/v1beta1.Loaded
I0904 00:51:54.206176 4059010 api_linter.go:195] validating API rule names_match for type github.com/kserve/kserve/pkg/apis/serving/v1beta1.Loaded
I0904 00:51:54.206181 4059010 api_linter.go:195] validating API rule omitempty_match_case for type github.com/kserve/kserve/pkg/apis/serving/v1beta1.Loaded
I0904 00:51:54.206187 4059010 api_linter.go:195] validating API rule list_type_missing for type github.com/kserve/kserve/pkg/apis/serving/v1beta1.Loaded
I0904 00:51:54.206204 4059010 api_linter.go:195] validating API rule streaming_list_type_field_order for type github.com/kserve/kserve/pkg/apis/serving/v1beta1.Loaded
I0904 00:51:54.206217 4059010 api_linter.go:195] validating API rule streaming_list_type_json_tags for type github.com/kserve/kserve/pkg/apis/serving/v1beta1.Loaded
I0904 00:51:54.206225 4059010 api_linter.go:195] validating API rule streaming_list_type_proto_tags for type github.com/kserve/kserve/pkg/apis/serving/v1beta1.Loaded
I0904 00:51:54.206234 4059010 api_linter.go:108] validating API rules for type github.com/kserve/kserve/pkg/apis/serving/v1beta1.Loading
I0904 00:51:54.206242 4059010 api_linter.go:195] validating API rule names_match for type github.com/kserve/kserve/pkg/apis/serving/v1beta1.Loading
I0904 00:51:54.206251 4059010 api_linter.go:195] validating API rule omitempty_match_case for type github.com/kserve/kserve/pkg/apis/serving/v1beta1.Loading
I0904 00:51:54.206258 4059010 api_linter.go:195] validating API rule list_type_missing for type github.com/kserve/kserve/pkg/apis/serving/v1beta1.Loading
I0904 00:51:54.206268 4059010 api_linter.go:195] validating API rule streaming_list_type_field_order for type github.com/kserve/kserve/pkg/apis/serving/v1beta1.Loading
I0904 00:51:54.206274 4059010 api_linter.go:195] validating API rule streaming_list_type_json_tags for type github.com/kserve/kserve/pkg/apis/serving/v1beta1.Loading
I0904 00:51:54.206279 4059010 api_linter.go:195] validating API rule streaming_list_type_proto_tags for type github.com/kserve/kserve/pkg/apis/serving/v1beta1.Loading
I0904 00:51:54.206286 4059010 api_linter.go:108] validating API rules for type github.com/kserve/kserve/pkg/apis/serving/v1beta1.LocalModelConfig
I0904 00:51:54.206292 4059010 api_linter.go:195] validating API rule names_match for type github.com/kserve/kserve/pkg/apis/serving/v1beta1.LocalModelConfig
I0904 00:51:54.206301 4059010 api_linter.go:195] validating API rule omitempty_match_case for type github.com/kserve/kserve/pkg/apis/serving/v1beta1.LocalModelConfig
I0904 00:51:54.206308 4059010 api_linter.go:195] validating API rule list_type_missing for type github.com/kserve/kserve/pkg/apis/serving/v1beta1.LocalModelConfig
I0904 00:51:54.206314 4059010 api_linter.go:195] validating API rule streaming_list_type_field_order for type github.com/kserve/kserve/pkg/apis/serving/v1beta1.LocalModelConfig
I0904 00:51:54.206319 4059010 api_linter.go:195] validating API rule streaming_list_type_json_tags for type github.com/kserve/kserve/pkg/apis/serving/v1beta1.LocalModelConfig
I0904 00:51:54.206325 4059010 api_linter.go:195] validating API rule streaming_list_type_proto_tags for type github.com/kserve/kserve/pkg/apis/serving/v1beta1.LocalModelConfig
I0904 00:51:54.206330 4059010 api_linter.go:108] validating API rules for type github.com/kserve/kserve/pkg/apis/serving/v1beta1.LocalModelConfigName
I0904 00:51:54.206336 4059010 api_linter.go:195] validating API rule names_match for type github.com/kserve/kserve/pkg/apis/serving/v1beta1.LocalModelConfigName
I0904 00:51:54.206342 4059010 api_linter.go:195] validating API rule omitempty_match_case for type github.com/kserve/kserve/pkg/apis/serving/v1beta1.LocalModelConfigName
I0904 00:51:54.206349 4059010 api_linter.go:195] validating API rule list_type_missing for type github.com/kserve/kserve/pkg/apis/serving/v1beta1.LocalModelConfigName
I0904 00:51:54.206354 4059010 api_linter.go:195] validating API rule streaming_list_type_field_order for type github.com/kserve/kserve/pkg/apis/serving/v1beta1.LocalModelConfigName
I0904 00:51:54.206359 4059010 api_linter.go:195] validating API rule streaming_list_type_json_tags for type github.com/kserve/kserve/pkg/apis/serving/v1beta1.LocalModelConfigName
I0904 00:51:54.206365 4059010 api_linter.go:195] validating API rule streaming_list_type_proto_tags for type github.com/kserve/kserve/pkg/apis/serving/v1beta1.LocalModelConfigName
I0904 00:51:54.206371 4059010 api_linter.go:108] validating API rules for type github.com/kserve/kserve/pkg/apis/serving/v1beta1.LogAll
I0904 00:51:54.206377 4059010 api_linter.go:195] validating API rule names_match for type github.com/kserve/kserve/pkg/apis/serving/v1beta1.LogAll
I0904 00:51:54.206383 4059010 api_linter.go:195] validating API rule omitempty_match_case for type github.com/kserve/kserve/pkg/apis/serving/v1beta1.LogAll
I0904 00:51:54.206388 4059010 api_linter.go:195] validating API rule list_type_missing for type github.com/kserve/kserve/pkg/apis/serving/v1beta1.LogAll
I0904 00:51:54.206394 4059010 api_linter.go:195] validating API rule streaming_list_type_field_order for type github.com/kserve/kserve/pkg/apis/serving/v1beta1.LogAll
I0904 00:51:54.206399 4059010 api_linter.go:195] validating API rule streaming_list_type_json_tags for type github.com/kserve/kserve/pkg/apis/serving/v1beta1.LogAll
I0904 00:51:54.206405 4059010 api_linter.go:195] validating API rule streaming_list_type_proto_tags for type github.com/kserve/kserve/pkg/apis/serving/v1beta1.LogAll
I0904 00:51:54.206410 4059010 api_linter.go:108] validating API rules for type github.com/kserve/kserve/pkg/apis/serving/v1beta1.LogRequest
I0904 00:51:54.206424 4059010 api_linter.go:195] validating API rule names_match for type github.com/kserve/kserve/pkg/apis/serving/v1beta1.LogRequest
I0904 00:51:54.206430 4059010 api_linter.go:195] validating API rule omitempty_match_case for type github.com/kserve/kserve/pkg/apis/serving/v1beta1.LogRequest
I0904 00:51:54.206436 4059010 api_linter.go:195] validating API rule list_type_missing for type github.com/kserve/kserve/pkg/apis/serving/v1beta1.LogRequest
I0904 00:51:54.206441 4059010 api_linter.go:195] validating API rule streaming_list_type_field_order for type github.com/kserve/kserve/pkg/apis/serving/v1beta1.LogRequest
I0904 00:51:54.206446 4059010 api_linter.go:195] validating API rule streaming_list_type_json_tags for type github.com/kserve/kserve/pkg/apis/serving/v1beta1.LogRequest
I0904 00:51:54.206452 4059010 api_linter.go:195] validating API rule streaming_list_type_proto_tags for type github.com/kserve/kserve/pkg/apis/serving/v1beta1.LogRequest
I0904 00:51:54.206457 4059010 api_linter.go:108] validating API rules for type github.com/kserve/kserve/pkg/apis/serving/v1beta1.LogResponse
I0904 00:51:54.206463 4059010 api_linter.go:195] validating API rule names_match for type github.com/kserve/kserve/pkg/apis/serving/v1beta1.LogResponse
I0904 00:51:54.206468 4059010 api_linter.go:195] validating API rule omitempty_match_case for type github.com/kserve/kserve/pkg/apis/serving/v1beta1.LogResponse
I0904 00:51:54.206473 4059010 api_linter.go:195] validating API rule list_type_missing for type github.com/kserve/kserve/pkg/apis/serving/v1beta1.LogResponse
I0904 00:51:54.206479 4059010 api_linter.go:195] validating API rule streaming_list_type_field_order for type github.com/kserve/kserve/pkg/apis/serving/v1beta1.LogResponse
I0904 00:51:54.206486 4059010 api_linter.go:195] validating API rule streaming_list_type_json_tags for type github.com/kserve/kserve/pkg/apis/serving/v1beta1.LogResponse
I0904 00:51:54.206492 4059010 api_linter.go:195] validating API rule streaming_list_type_proto_tags for type github.com/kserve/kserve/pkg/apis/serving/v1beta1.LogResponse
I0904 00:51:54.206497 4059010 api_linter.go:108] validating API rules for type github.com/kserve/kserve/pkg/apis/serving/v1beta1.LoggerSpec
I0904 00:51:54.206503 4059010 api_linter.go:195] validating API rule names_match for type github.com/kserve/kserve/pkg/apis/serving/v1beta1.LoggerSpec
I0904 00:51:54.206515 4059010 api_linter.go:195] validating API rule omitempty_match_case for type github.com/kserve/kserve/pkg/apis/serving/v1beta1.LoggerSpec
I0904 00:51:54.206522 4059010 api_linter.go:195] validating API rule list_type_missing for type github.com/kserve/kserve/pkg/apis/serving/v1beta1.LoggerSpec
I0904 00:51:54.206531 4059010 api_linter.go:195] validating API rule streaming_list_type_field_order for type github.com/kserve/kserve/pkg/apis/serving/v1beta1.LoggerSpec
I0904 00:51:54.206537 4059010 api_linter.go:195] validating API rule streaming_list_type_json_tags for type github.com/kserve/kserve/pkg/apis/serving/v1beta1.LoggerSpec
I0904 00:51:54.206542 4059010 api_linter.go:195] validating API rule streaming_list_type_proto_tags for type github.com/kserve/kserve/pkg/apis/serving/v1beta1.LoggerSpec
I0904 00:51:54.206548 4059010 api_linter.go:108] validating API rules for type github.com/kserve/kserve/pkg/apis/serving/v1beta1.LoggerStorageSpec
I0904 00:51:54.206554 4059010 api_linter.go:195] validating API rule names_match for type github.com/kserve/kserve/pkg/apis/serving/v1beta1.LoggerStorageSpec
I0904 00:51:54.206560 4059010 api_linter.go:195] validating API rule omitempty_match_case for type github.com/kserve/kserve/pkg/apis/serving/v1beta1.LoggerStorageSpec
I0904 00:51:54.206566 4059010 api_linter.go:195] validating API rule list_type_missing for type github.com/kserve/kserve/pkg/apis/serving/v1beta1.LoggerStorageSpec
I0904 00:51:54.206572 4059010 api_linter.go:195] validating API rule streaming_list_type_field_order for type github.com/kserve/kserve/pkg/apis/serving/v1beta1.LoggerStorageSpec
I0904 00:51:54.206583 4059010 api_linter.go:195] validating API rule streaming_list_type_json_tags for type github.com/kserve/kserve/pkg/apis/serving/v1beta1.LoggerStorageSpec
I0904 00:51:54.206588 4059010 api_linter.go:195] validating API rule streaming_list_type_proto_tags for type github.com/kserve/kserve/pkg/apis/serving/v1beta1.LoggerStorageSpec
I0904 00:51:54.206594 4059010 api_linter.go:108] validating API rules for type github.com/kserve/kserve/pkg/apis/serving/v1beta1.LoggerType
I0904 00:51:54.206599 4059010 api_linter.go:195] validating API rule names_match for type github.com/kserve/kserve/pkg/apis/serving/v1beta1.LoggerType
I0904 00:51:54.206605 4059010 api_linter.go:195] validating API rule omitempty_match_case for type github.com/kserve/kserve/pkg/apis/serving/v1beta1.LoggerType
I0904 00:51:54.206610 4059010 api_linter.go:195] validating API rule list_type_missing for type github.com/kserve/kserve/pkg/apis/serving/v1beta1.LoggerType
I0904 00:51:54.206616 4059010 api_linter.go:195] validating API rule streaming_list_type_field_order for type github.com/kserve/kserve/pkg/apis/serving/v1beta1.LoggerType
I0904 00:51:54.206621 4059010 api_linter.go:195] validating API rule streaming_list_type_json_tags for type github.com/kserve/kserve/pkg/apis/serving/v1beta1.LoggerType
I0904 00:51:54.206627 4059010 api_linter.go:195] validating API rule streaming_list_type_proto_tags for type github.com/kserve/kserve/pkg/apis/serving/v1beta1.LoggerType
I0904 00:51:54.206632 4059010 api_linter.go:108] validating API rules for type github.com/kserve/kserve/pkg/apis/serving/v1beta1.MaxReplicasLowerBoundExceededError
I0904 00:51:54.206639 4059010 api_linter.go:195] validating API rule names_match for type github.com/kserve/kserve/pkg/apis/serving/v1beta1.MaxReplicasLowerBoundExceededError
I0904 00:51:54.206644 4059010 api_linter.go:195] validating API rule omitempty_match_case for type github.com/kserve/kserve/pkg/apis/serving/v1beta1.MaxReplicasLowerBoundExceededError
I0904 00:51:54.206650 4059010 api_linter.go:195] validating API rule list_type_missing for type github.com/kserve/kserve/pkg/apis/serving/v1beta1.MaxReplicasLowerBoundExceededError
I0904 00:51:54.206655 4059010 api_linter.go:195] validating API rule streaming_list_type_field_order for type github.com/kserve/kserve/pkg/apis/serving/v1beta1.MaxReplicasLowerBoundExceededError
I0904 00:51:54.206661 4059010 api_linter.go:195] validating API rule streaming_list_type_json_tags for type github.com/kserve/kserve/pkg/apis/serving/v1beta1.MaxReplicasLowerBoundExceededError
I0904 00:51:54.206666 4059010 api_linter.go:195] validating API rule streaming_list_type_proto_tags for type github.com/kserve/kserve/pkg/apis/serving/v1beta1.MaxReplicasLowerBoundExceededError
I0904 00:51:54.206672 4059010 api_linter.go:108] validating API rules for type github.com/kserve/kserve/pkg/apis/serving/v1beta1.MetricCPU
I0904 00:51:54.206677 4059010 api_linter.go:195] validating API rule names_match for type github.com/kserve/kserve/pkg/apis/serving/v1beta1.MetricCPU
I0904 00:51:54.206683 4059010 api_linter.go:195] validating API rule omitempty_match_case for type github.com/kserve/kserve/pkg/apis/serving/v1beta1.MetricCPU
I0904 00:51:54.206693 4059010 api_linter.go:195] validating API rule list_type_missing for type github.com/kserve/kserve/pkg/apis/serving/v1beta1.MetricCPU
I0904 00:51:54.206698 4059010 api_linter.go:195] validating API rule streaming_list_type_field_order for type github.com/kserve/kserve/pkg/apis/serving/v1beta1.MetricCPU
I0904 00:51:54.206704 4059010 api_linter.go:195] validating API rule streaming_list_type_json_tags for type github.com/kserve/kserve/pkg/apis/serving/v1beta1.MetricCPU
I0904 00:51:54.206709 4059010 api_linter.go:195] validating API rule streaming_list_type_proto_tags for type github.com/kserve/kserve/pkg/apis/serving/v1beta1.MetricCPU
I0904 00:51:54.206715 4059010 api_linter.go:108] validating API rules for type github.com/kserve/kserve/pkg/apis/serving/v1beta1.MetricConcurrency
I0904 00:51:54.206721 4059010 api_linter.go:195] validating API rule names_match for type github.com/kserve/kserve/pkg/apis/serving/v1beta1.MetricConcurrency
I0904 00:51:54.206729 4059010 api_linter.go:195] validating API rule omitempty_match_case for type github.com/kserve/kserve/pkg/apis/serving/v1beta1.MetricConcurrency
I0904 00:51:54.206735 4059010 api_linter.go:195] validating API rule list_type_missing for type github.com/kserve/kserve/pkg/apis/serving/v1beta1.MetricConcurrency
I0904 00:51:54.206740 4059010 api_linter.go:195] validating API rule streaming_list_type_field_order for type github.com/kserve/kserve/pkg/apis/serving/v1beta1.MetricConcurrency
I0904 00:51:54.206746 4059010 api_linter.go:195] validating API rule streaming_list_type_json_tags for type github.com/kserve/kserve/pkg/apis/serving/v1beta1.MetricConcurrency
I0904 00:51:54.206751 4059010 api_linter.go:195] validating API rule streaming_list_type_proto_tags for type github.com/kserve/kserve/pkg/apis/serving/v1beta1.MetricConcurrency
I0904 00:51:54.206757 4059010 api_linter.go:108] validating API rules for type github.com/kserve/kserve/pkg/apis/serving/v1beta1.MetricMemory
I0904 00:51:54.206763 4059010 api_linter.go:195] validating API rule names_match for type github.com/kserve/kserve/pkg/apis/serving/v1beta1.MetricMemory
I0904 00:51:54.206768 4059010 api_linter.go:195] validating API rule omitempty_match_case for type github.com/kserve/kserve/pkg/apis/serving/v1beta1.MetricMemory
I0904 00:51:54.206774 4059010 api_linter.go:195] validating API rule list_type_missing for type github.com/kserve/kserve/pkg/apis/serving/v1beta1.MetricMemory
I0904 00:51:54.206780 4059010 api_linter.go:195] validating API rule streaming_list_type_field_order for type github.com/kserve/kserve/pkg/apis/serving/v1beta1.MetricMemory
I0904 00:51:54.206785 4059010 api_linter.go:195] validating API rule streaming_list_type_json_tags for type github.com/kserve/kserve/pkg/apis/serving/v1beta1.MetricMemory
I0904 00:51:54.206790 4059010 api_linter.go:195] validating API rule streaming_list_type_proto_tags for type github.com/kserve/kserve/pkg/apis/serving/v1beta1.MetricMemory
I0904 00:51:54.206796 4059010 api_linter.go:108] validating API rules for type github.com/kserve/kserve/pkg/apis/serving/v1beta1.MetricRPS
I0904 00:51:54.206802 4059010 api_linter.go:195] validating API rule names_match for type github.com/kserve/kserve/pkg/apis/serving/v1beta1.MetricRPS
I0904 00:51:54.206807 4059010 api_linter.go:195] validating API rule omitempty_match_case for type github.com/kserve/kserve/pkg/apis/serving/v1beta1.MetricRPS
I0904 00:51:54.206813 4059010 api_linter.go:195] validating API rule list_type_missing for type github.com/kserve/kserve/pkg/apis/serving/v1beta1.MetricRPS
I0904 00:51:54.206818 4059010 api_linter.go:195] validating API rule streaming_list_type_field_order for type github.com/kserve/kserve/pkg/apis/serving/v1beta1.MetricRPS
I0904 00:51:54.206824 4059010 api_linter.go:195] validating API rule streaming_list_type_json_tags for type github.com/kserve/kserve/pkg/apis/serving/v1beta1.MetricRPS
I0904 00:51:54.206829 4059010 api_linter.go:195] validating API rule streaming_list_type_proto_tags for type github.com/kserve/kserve/pkg/apis/serving/v1beta1.MetricRPS
I0904 00:51:54.206835 4059010 api_linter.go:108] validating API rules for type github.com/kserve/kserve/pkg/apis/serving/v1beta1.MetricSourceType
I0904 00:51:54.206840 4059010 api_linter.go:195] validating API rule names_match for type github.com/kserve/kserve/pkg/apis/serving/v1beta1.MetricSourceType
I0904 00:51:54.206846 4059010 api_linter.go:195] validating API rule omitempty_match_case for type github.com/kserve/kserve/pkg/apis/serving/v1beta1.MetricSourceType
I0904 00:51:54.206853 4059010 api_linter.go:195] validating API rule list_type_missing for type github.com/kserve/kserve/pkg/apis/serving/v1beta1.MetricSourceType
I0904 00:51:54.206861 4059010 api_linter.go:195] validating API rule streaming_list_type_field_order for type github.com/kserve/kserve/pkg/apis/serving/v1beta1.MetricSourceType
I0904 00:51:54.206869 4059010 api_linter.go:195] validating API rule streaming_list_type_json_tags for type github.com/kserve/kserve/pkg/apis/serving/v1beta1.MetricSourceType
I0904 00:51:54.206883 4059010 api_linter.go:195] validating API rule streaming_list_type_proto_tags for type github.com/kserve/kserve/pkg/apis/serving/v1beta1.MetricSourceType
I0904 00:51:54.206890 4059010 api_linter.go:108] validating API rules for type github.com/kserve/kserve/pkg/apis/serving/v1beta1.MetricTarget
I0904 00:51:54.206896 4059010 api_linter.go:195] validating API rule names_match for type github.com/kserve/kserve/pkg/apis/serving/v1beta1.MetricTarget
I0904 00:51:54.206904 4059010 api_linter.go:195] validating API rule omitempty_match_case for type github.com/kserve/kserve/pkg/apis/serving/v1beta1.MetricTarget
I0904 00:51:54.206911 4059010 api_linter.go:195] validating API rule list_type_missing for type github.com/kserve/kserve/pkg/apis/serving/v1beta1.MetricTarget
I0904 00:51:54.206919 4059010 api_linter.go:195] validating API rule streaming_list_type_field_order for type github.com/kserve/kserve/pkg/apis/serving/v1beta1.MetricTarget
I0904 00:51:54.206924 4059010 api_linter.go:195] validating API rule streaming_list_type_json_tags for type github.com/kserve/kserve/pkg/apis/serving/v1beta1.MetricTarget
I0904 00:51:54.206930 4059010 api_linter.go:195] validating API rule streaming_list_type_proto_tags for type github.com/kserve/kserve/pkg/apis/serving/v1beta1.MetricTarget
I0904 00:51:54.206935 4059010 api_linter.go:108] validating API rules for type github.com/kserve/kserve/pkg/apis/serving/v1beta1.MetricTargetType
I0904 00:51:54.206941 4059010 api_linter.go:195] validating API rule names_match for type github.com/kserve/kserve/pkg/apis/serving/v1beta1.MetricTargetType
I0904 00:51:54.206946 4059010 api_linter.go:195] validating API rule omitempty_match_case for type github.com/kserve/kserve/pkg/apis/serving/v1beta1.MetricTargetType
I0904 00:51:54.206952 4059010 api_linter.go:195] validating API rule list_type_missing for type github.com/kserve/kserve/pkg/apis/serving/v1beta1.MetricTargetType
I0904 00:51:54.206958 4059010 api_linter.go:195] validating API rule streaming_list_type_field_order for type github.com/kserve/kserve/pkg/apis/serving/v1beta1.MetricTargetType
I0904 00:51:54.206964 4059010 api_linter.go:195] validating API rule streaming_list_type_json_tags for type github.com/kserve/kserve/pkg/apis/serving/v1beta1.MetricTargetType
I0904 00:51:54.206969 4059010 api_linter.go:195] validating API rule streaming_list_type_proto_tags for type github.com/kserve/kserve/pkg/apis/serving/v1beta1.MetricTargetType
I0904 00:51:54.206975 4059010 api_linter.go:108] validating API rules for type github.com/kserve/kserve/pkg/apis/serving/v1beta1.MetricsBackend
I0904 00:51:54.206980 4059010 api_linter.go:195] validating API rule names_match for type github.com/kserve/kserve/pkg/apis/serving/v1beta1.MetricsBackend
I0904 00:51:54.206986 4059010 api_linter.go:195] validating API rule omitempty_match_case for type github.com/kserve/kserve/pkg/apis/serving/v1beta1.MetricsBackend
I0904 00:51:54.206991 4059010 api_linter.go:195] validating API rule list_type_missing for type github.com/kserve/kserve/pkg/apis/serving/v1beta1.MetricsBackend
I0904 00:51:54.206997 4059010 api_linter.go:195] validating API rule streaming_list_type_field_order for type github.com/kserve/kserve/pkg/apis/serving/v1beta1.MetricsBackend
I0904 00:51:54.207002 4059010 api_linter.go:195] validating API rule streaming_list_type_json_tags for type github.com/kserve/kserve/pkg/apis/serving/v1beta1.MetricsBackend
I0904 00:51:54.207008 4059010 api_linter.go:195] validating API rule streaming_list_type_proto_tags for type github.com/kserve/kserve/pkg/apis/serving/v1beta1.MetricsBackend
I0904 00:51:54.207013 4059010 api_linter.go:108] validating API rules for type github.com/kserve/kserve/pkg/apis/serving/v1beta1.MetricsSpec
I0904 00:51:54.207019 4059010 api_linter.go:195] validating API rule names_match for type github.com/kserve/kserve/pkg/apis/serving/v1beta1.MetricsSpec
I0904 00:51:54.207027 4059010 api_linter.go:195] validating API rule omitempty_match_case for type github.com/kserve/kserve/pkg/apis/serving/v1beta1.MetricsSpec
I0904 00:51:54.207037 4059010 api_linter.go:195] validating API rule list_type_missing for type github.com/kserve/kserve/pkg/apis/serving/v1beta1.MetricsSpec
I0904 00:51:54.207045 4059010 api_linter.go:195] validating API rule streaming_list_type_field_order for type github.com/kserve/kserve/pkg/apis/serving/v1beta1.MetricsSpec
I0904 00:51:54.207050 4059010 api_linter.go:195] validating API rule streaming_list_type_json_tags for type github.com/kserve/kserve/pkg/apis/serving/v1beta1.MetricsSpec
I0904 00:51:54.207056 4059010 api_linter.go:195] validating API rule streaming_list_type_proto_tags for type github.com/kserve/kserve/pkg/apis/serving/v1beta1.MetricsSpec
I0904 00:51:54.207062 4059010 api_linter.go:108] validating API rules for type github.com/kserve/kserve/pkg/apis/serving/v1beta1.MinReplicasLowerBoundExceededError
I0904 00:51:54.207067 4059010 api_linter.go:195] validating API rule names_match for type github.com/kserve/kserve/pkg/apis/serving/v1beta1.MinReplicasLowerBoundExceededError
I0904 00:51:54.207073 4059010 api_linter.go:195] validating API rule omitempty_match_case for type github.com/kserve/kserve/pkg/apis/serving/v1beta1.MinReplicasLowerBoundExceededError
I0904 00:51:54.207079 4059010 api_linter.go:195] validating API rule list_type_missing for type github.com/kserve/kserve/pkg/apis/serving/v1beta1.MinReplicasLowerBoundExceededError
I0904 00:51:54.207085 4059010 api_linter.go:195] validating API rule streaming_list_type_field_order for type github.com/kserve/kserve/pkg/apis/serving/v1beta1.MinReplicasLowerBoundExceededError
I0904 00:51:54.207090 4059010 api_linter.go:195] validating API rule streaming_list_type_json_tags for type github.com/kserve/kserve/pkg/apis/serving/v1beta1.MinReplicasLowerBoundExceededError
I0904 00:51:54.207096 4059010 api_linter.go:195] validating API rule streaming_list_type_proto_tags for type github.com/kserve/kserve/pkg/apis/serving/v1beta1.MinReplicasLowerBoundExceededError
I0904 00:51:54.207101 4059010 api_linter.go:108] validating API rules for type github.com/kserve/kserve/pkg/apis/serving/v1beta1.MinReplicasShouldBeLessThanMaxError
I0904 00:51:54.207107 4059010 api_linter.go:195] validating API rule names_match for type github.com/kserve/kserve/pkg/apis/serving/v1beta1.MinReplicasShouldBeLessThanMaxError
I0904 00:51:54.207112 4059010 api_linter.go:195] validating API rule omitempty_match_case for type github.com/kserve/kserve/pkg/apis/serving/v1beta1.MinReplicasShouldBeLessThanMaxError
I0904 00:51:54.207118 4059010 api_linter.go:195] validating API rule list_type_missing for type github.com/kserve/kserve/pkg/apis/serving/v1beta1.MinReplicasShouldBeLessThanMaxError
I0904 00:51:54.207123 4059010 api_linter.go:195] validating API rule streaming_list_type_field_order for type github.com/kserve/kserve/pkg/apis/serving/v1beta1.MinReplicasShouldBeLessThanMaxError
I0904 00:51:54.207128 4059010 api_linter.go:195] validating API rule streaming_list_type_json_tags for type github.com/kserve/kserve/pkg/apis/serving/v1beta1.MinReplicasShouldBeLessThanMaxError
I0904 00:51:54.207134 4059010 api_linter.go:195] validating API rule streaming_list_type_proto_tags for type github.com/kserve/kserve/pkg/apis/serving/v1beta1.MinReplicasShouldBeLessThanMaxError
I0904 00:51:54.207140 4059010 api_linter.go:108] validating API rules for type github.com/kserve/kserve/pkg/apis/serving/v1beta1.MissingStorageURI
I0904 00:51:54.207145 4059010 api_linter.go:195] validating API rule names_match for type github.com/kserve/kserve/pkg/apis/serving/v1beta1.MissingStorageURI
I0904 00:51:54.207151 4059010 api_linter.go:195] validating API rule omitempty_match_case for type github.com/kserve/kserve/pkg/apis/serving/v1beta1.MissingStorageURI
I0904 00:51:54.207156 4059010 api_linter.go:195] validating API rule list_type_missing for type github.com/kserve/kserve/pkg/apis/serving/v1beta1.MissingStorageURI
I0904 00:51:54.207161 4059010 api_linter.go:195] validating API rule streaming_list_type_field_order for type github.com/kserve/kserve/pkg/apis/serving/v1beta1.MissingStorageURI
I0904 00:51:54.207169 4059010 api_linter.go:195] validating API rule streaming_list_type_json_tags for type github.com/kserve/kserve/pkg/apis/serving/v1beta1.MissingStorageURI
I0904 00:51:54.207175 4059010 api_linter.go:195] validating API rule streaming_list_type_proto_tags for type github.com/kserve/kserve/pkg/apis/serving/v1beta1.MissingStorageURI
I0904 00:51:54.207181 4059010 api_linter.go:108] validating API rules for type github.com/kserve/kserve/pkg/apis/serving/v1beta1.ModelCopies
I0904 00:51:54.207186 4059010 api_linter.go:195] validating API rule names_match for type github.com/kserve/kserve/pkg/apis/serving/v1beta1.ModelCopies
I0904 00:51:54.207212 4059010 api_linter.go:195] validating API rule omitempty_match_case for type github.com/kserve/kserve/pkg/apis/serving/v1beta1.ModelCopies
I0904 00:51:54.207227 4059010 api_linter.go:195] validating API rule list_type_missing for type github.com/kserve/kserve/pkg/apis/serving/v1beta1.ModelCopies
I0904 00:51:54.207238 4059010 api_linter.go:195] validating API rule streaming_list_type_field_order for type github.com/kserve/kserve/pkg/apis/serving/v1beta1.ModelCopies
I0904 00:51:54.207247 4059010 api_linter.go:195] validating API rule streaming_list_type_json_tags for type github.com/kserve/kserve/pkg/apis/serving/v1beta1.ModelCopies
I0904 00:51:54.207255 4059010 api_linter.go:195] validating API rule streaming_list_type_proto_tags for type github.com/kserve/kserve/pkg/apis/serving/v1beta1.ModelCopies
I0904 00:51:54.207261 4059010 api_linter.go:108] validating API rules for type github.com/kserve/kserve/pkg/apis/serving/v1beta1.ModelFormat
I0904 00:51:54.207268 4059010 api_linter.go:195] validating API rule names_match for type github.com/kserve/kserve/pkg/apis/serving/v1beta1.ModelFormat
I0904 00:51:54.207275 4059010 api_linter.go:195] validating API rule omitempty_match_case for type github.com/kserve/kserve/pkg/apis/serving/v1beta1.ModelFormat
I0904 00:51:54.207281 4059010 api_linter.go:195] validating API rule list_type_missing for type github.com/kserve/kserve/pkg/apis/serving/v1beta1.ModelFormat
I0904 00:51:54.207287 4059010 api_linter.go:195] validating API rule streaming_list_type_field_order for type github.com/kserve/kserve/pkg/apis/serving/v1beta1.ModelFormat
I0904 00:51:54.207293 4059010 api_linter.go:195] validating API rule streaming_list_type_json_tags for type github.com/kserve/kserve/pkg/apis/serving/v1beta1.ModelFormat
I0904 00:51:54.207299 4059010 api_linter.go:195] validating API rule streaming_list_type_proto_tags for type github.com/kserve/kserve/pkg/apis/serving/v1beta1.ModelFormat
I0904 00:51:54.207304 4059010 api_linter.go:108] validating API rules for type github.com/kserve/kserve/pkg/apis/serving/v1beta1.ModelLoadFailed
I0904 00:51:54.207310 4059010 api_linter.go:195] validating API rule names_match for type github.com/kserve/kserve/pkg/apis/serving/v1beta1.ModelLoadFailed
I0904 00:51:54.207316 4059010 api_linter.go:195] validating API rule omitempty_match_case for type github.com/kserve/kserve/pkg/apis/serving/v1beta1.ModelLoadFailed
I0904 00:51:54.207322 4059010 api_linter.go:195] validating API rule list_type_missing for type github.com/kserve/kserve/pkg/apis/serving/v1beta1.ModelLoadFailed
I0904 00:51:54.207327 4059010 api_linter.go:195] validating API rule streaming_list_type_field_order for type github.com/kserve/kserve/pkg/apis/serving/v1beta1.ModelLoadFailed
I0904 00:51:54.207333 4059010 api_linter.go:195] validating API rule streaming_list_type_json_tags for type github.com/kserve/kserve/pkg/apis/serving/v1beta1.ModelLoadFailed
I0904 00:51:54.207338 4059010 api_linter.go:195] validating API rule streaming_list_type_proto_tags for type github.com/kserve/kserve/pkg/apis/serving/v1beta1.ModelLoadFailed
I0904 00:51:54.207344 4059010 api_linter.go:108] validating API rules for type github.com/kserve/kserve/pkg/apis/serving/v1beta1.ModelRevisionStates
I0904 00:51:54.207349 4059010 api_linter.go:195] validating API rule names_match for type github.com/kserve/kserve/pkg/apis/serving/v1beta1.ModelRevisionStates
I0904 00:51:54.207362 4059010 api_linter.go:195] validating API rule omitempty_match_case for type github.com/kserve/kserve/pkg/apis/serving/v1beta1.ModelRevisionStates
I0904 00:51:54.207368 4059010 api_linter.go:195] validating API rule list_type_missing for type github.com/kserve/kserve/pkg/apis/serving/v1beta1.ModelRevisionStates
I0904 00:51:54.207374 4059010 api_linter.go:195] validating API rule streaming_list_type_field_order for type github.com/kserve/kserve/pkg/apis/serving/v1beta1.ModelRevisionStates
I0904 00:51:54.207380 4059010 api_linter.go:195] validating API rule streaming_list_type_json_tags for type github.com/kserve/kserve/pkg/apis/serving/v1beta1.ModelRevisionStates
I0904 00:51:54.207385 4059010 api_linter.go:195] validating API rule streaming_list_type_proto_tags for type github.com/kserve/kserve/pkg/apis/serving/v1beta1.ModelRevisionStates
I0904 00:51:54.207391 4059010 api_linter.go:108] validating API rules for type github.com/kserve/kserve/pkg/apis/serving/v1beta1.ModelSpec
I0904 00:51:54.207397 4059010 api_linter.go:195] validating API rule names_match for type github.com/kserve/kserve/pkg/apis/serving/v1beta1.ModelSpec
I0904 00:51:54.207404 4059010 api_linter.go:195] validating API rule omitempty_match_case for type github.com/kserve/kserve/pkg/apis/serving/v1beta1.ModelSpec
I0904 00:51:54.207411 4059010 api_linter.go:195] validating API rule list_type_missing for type github.com/kserve/kserve/pkg/apis/serving/v1beta1.ModelSpec
I0904 00:51:54.207423 4059010 api_linter.go:195] validating API rule streaming_list_type_field_order for type github.com/kserve/kserve/pkg/apis/serving/v1beta1.ModelSpec
I0904 00:51:54.207429 4059010 api_linter.go:195] validating API rule streaming_list_type_json_tags for type github.com/kserve/kserve/pkg/apis/serving/v1beta1.ModelSpec
I0904 00:51:54.207434 4059010 api_linter.go:195] validating API rule streaming_list_type_proto_tags for type github.com/kserve/kserve/pkg/apis/serving/v1beta1.ModelSpec
I0904 00:51:54.207440 4059010 api_linter.go:108] validating API rules for type github.com/kserve/kserve/pkg/apis/serving/v1beta1.ModelState
I0904 00:51:54.207446 4059010 api_linter.go:195] validating API rule names_match for type github.com/kserve/kserve/pkg/apis/serving/v1beta1.ModelState
I0904 00:51:54.207452 4059010 api_linter.go:195] validating API rule omitempty_match_case for type github.com/kserve/kserve/pkg/apis/serving/v1beta1.ModelState
I0904 00:51:54.207457 4059010 api_linter.go:195] validating API rule list_type_missing for type github.com/kserve/kserve/pkg/apis/serving/v1beta1.ModelState
I0904 00:51:54.207463 4059010 api_linter.go:195] validating API rule streaming_list_type_field_order for type github.com/kserve/kserve/pkg/apis/serving/v1beta1.ModelState
I0904 00:51:54.207468 4059010 api_linter.go:195] validating API rule streaming_list_type_json_tags for type github.com/kserve/kserve/pkg/apis/serving/v1beta1.ModelState
I0904 00:51:54.207474 4059010 api_linter.go:195] validating API rule streaming_list_type_proto_tags for type github.com/kserve/kserve/pkg/apis/serving/v1beta1.ModelState
I0904 00:51:54.207480 4059010 api_linter.go:108] validating API rules for type github.com/kserve/kserve/pkg/apis/serving/v1beta1.ModelStatus
I0904 00:51:54.207485 4059010 api_linter.go:195] validating API rule names_match for type github.com/kserve/kserve/pkg/apis/serving/v1beta1.ModelStatus
I0904 00:51:54.207494 4059010 api_linter.go:195] validating API rule omitempty_match_case for type github.com/kserve/kserve/pkg/apis/serving/v1beta1.ModelStatus
I0904 00:51:54.207501 4059010 api_linter.go:195] validating API rule list_type_missing for type github.com/kserve/kserve/pkg/apis/serving/v1beta1.ModelStatus
I0904 00:51:54.207507 4059010 api_linter.go:195] validating API rule streaming_list_type_field_order for type github.com/kserve/kserve/pkg/apis/serving/v1beta1.ModelStatus
I0904 00:51:54.207513 4059010 api_linter.go:195] validating API rule streaming_list_type_json_tags for type github.com/kserve/kserve/pkg/apis/serving/v1beta1.ModelStatus
I0904 00:51:54.207519 4059010 api_linter.go:195] validating API rule streaming_list_type_proto_tags for type github.com/kserve/kserve/pkg/apis/serving/v1beta1.ModelStatus
I0904 00:51:54.207528 4059010 api_linter.go:108] validating API rules for type github.com/kserve/kserve/pkg/apis/serving/v1beta1.ModelStorageSpec
I0904 00:51:54.207535 4059010 api_linter.go:195] validating API rule names_match for type github.com/kserve/kserve/pkg/apis/serving/v1beta1.ModelStorageSpec
I0904 00:51:54.207542 4059010 api_linter.go:195] validating API rule omitempty_match_case for type github.com/kserve/kserve/pkg/apis/serving/v1beta1.ModelStorageSpec
I0904 00:51:54.207548 4059010 api_linter.go:195] validating API rule list_type_missing for type github.com/kserve/kserve/pkg/apis/serving/v1beta1.ModelStorageSpec
I0904 00:51:54.207554 4059010 api_linter.go:195] validating API rule streaming_list_type_field_order for type github.com/kserve/kserve/pkg/apis/serving/v1beta1.ModelStorageSpec
I0904 00:51:54.207560 4059010 api_linter.go:195] validating API rule streaming_list_type_json_tags for type github.com/kserve/kserve/pkg/apis/serving/v1beta1.ModelStorageSpec
I0904 00:51:54.207565 4059010 api_linter.go:195] validating API rule streaming_list_type_proto_tags for type github.com/kserve/kserve/pkg/apis/serving/v1beta1.ModelStorageSpec
I0904 00:51:54.207571 4059010 api_linter.go:108] validating API rules for type github.com/kserve/kserve/pkg/apis/serving/v1beta1.MultiNodeConfig
I0904 00:51:54.207576 4059010 api_linter.go:195] validating API rule names_match for type github.com/kserve/kserve/pkg/apis/serving/v1beta1.MultiNodeConfig
I0904 00:51:54.207582 4059010 api_linter.go:195] validating API rule omitempty_match_case for type github.com/kserve/kserve/pkg/apis/serving/v1beta1.MultiNodeConfig
I0904 00:51:54.207588 4059010 api_linter.go:195] validating API rule list_type_missing for type github.com/kserve/kserve/pkg/apis/serving/v1beta1.MultiNodeConfig
I0904 00:51:54.207595 4059010 api_linter.go:195] validating API rule streaming_list_type_field_order for type github.com/kserve/kserve/pkg/apis/serving/v1beta1.MultiNodeConfig
I0904 00:51:54.207600 4059010 api_linter.go:195] validating API rule streaming_list_type_json_tags for type github.com/kserve/kserve/pkg/apis/serving/v1beta1.MultiNodeConfig
I0904 00:51:54.207606 4059010 api_linter.go:195] validating API rule streaming_list_type_proto_tags for type github.com/kserve/kserve/pkg/apis/serving/v1beta1.MultiNodeConfig
I0904 00:51:54.207611 4059010 api_linter.go:108] validating API rules for type github.com/kserve/kserve/pkg/apis/serving/v1beta1.MultiNodeConfigKeyName
I0904 00:51:54.207617 4059010 api_linter.go:195] validating API rule names_match for type github.com/kserve/kserve/pkg/apis/serving/v1beta1.MultiNodeConfigKeyName
I0904 00:51:54.207622 4059010 api_linter.go:195] validating API rule omitempty_match_case for type github.com/kserve/kserve/pkg/apis/serving/v1beta1.MultiNodeConfigKeyName
I0904 00:51:54.207628 4059010 api_linter.go:195] validating API rule list_type_missing for type github.com/kserve/kserve/pkg/apis/serving/v1beta1.MultiNodeConfigKeyName
I0904 00:51:54.207633 4059010 api_linter.go:195] validating API rule streaming_list_type_field_order for type github.com/kserve/kserve/pkg/apis/serving/v1beta1.MultiNodeConfigKeyName
I0904 00:51:54.207639 4059010 api_linter.go:195] validating API rule streaming_list_type_json_tags for type github.com/kserve/kserve/pkg/apis/serving/v1beta1.MultiNodeConfigKeyName
I0904 00:51:54.207644 4059010 api_linter.go:195] validating API rule streaming_list_type_proto_tags for type github.com/kserve/kserve/pkg/apis/serving/v1beta1.MultiNodeConfigKeyName
I0904 00:51:54.207649 4059010 api_linter.go:108] validating API rules for type github.com/kserve/kserve/pkg/apis/serving/v1beta1.NewAutoscalerConfig
I0904 00:51:54.207655 4059010 api_linter.go:195] validating API rule names_match for type github.com/kserve/kserve/pkg/apis/serving/v1beta1.NewAutoscalerConfig
I0904 00:51:54.207661 4059010 api_linter.go:195] validating API rule omitempty_match_case for type github.com/kserve/kserve/pkg/apis/serving/v1beta1.NewAutoscalerConfig
I0904 00:51:54.207669 4059010 api_linter.go:195] validating API rule list_type_missing for type github.com/kserve/kserve/pkg/apis/serving/v1beta1.NewAutoscalerConfig
I0904 00:51:54.207675 4059010 api_linter.go:195] validating API rule streaming_list_type_field_order for type github.com/kserve/kserve/pkg/apis/serving/v1beta1.NewAutoscalerConfig
I0904 00:51:54.207681 4059010 api_linter.go:195] validating API rule streaming_list_type_json_tags for type github.com/kserve/kserve/pkg/apis/serving/v1beta1.NewAutoscalerConfig
I0904 00:51:54.207686 4059010 api_linter.go:195] validating API rule streaming_list_type_proto_tags for type github.com/kserve/kserve/pkg/apis/serving/v1beta1.NewAutoscalerConfig
I0904 00:51:54.207692 4059010 api_linter.go:108] validating API rules for type github.com/kserve/kserve/pkg/apis/serving/v1beta1.NewCustomExplainer
I0904 00:51:54.207698 4059010 api_linter.go:195] validating API rule names_match for type github.com/kserve/kserve/pkg/apis/serving/v1beta1.NewCustomExplainer
I0904 00:51:54.207703 4059010 api_linter.go:195] validating API rule omitempty_match_case for type github.com/kserve/kserve/pkg/apis/serving/v1beta1.NewCustomExplainer
I0904 00:51:54.207708 4059010 api_linter.go:195] validating API rule list_type_missing for type github.com/kserve/kserve/pkg/apis/serving/v1beta1.NewCustomExplainer
I0904 00:51:54.207714 4059010 api_linter.go:195] validating API rule streaming_list_type_field_order for type github.com/kserve/kserve/pkg/apis/serving/v1beta1.NewCustomExplainer
I0904 00:51:54.207720 4059010 api_linter.go:195] validating API rule streaming_list_type_json_tags for type github.com/kserve/kserve/pkg/apis/serving/v1beta1.NewCustomExplainer
I0904 00:51:54.207725 4059010 api_linter.go:195] validating API rule streaming_list_type_proto_tags for type github.com/kserve/kserve/pkg/apis/serving/v1beta1.NewCustomExplainer
I0904 00:51:54.207731 4059010 api_linter.go:108] validating API rules for type github.com/kserve/kserve/pkg/apis/serving/v1beta1.NewCustomPredictor
I0904 00:51:54.207737 4059010 api_linter.go:195] validating API rule names_match for type github.com/kserve/kserve/pkg/apis/serving/v1beta1.NewCustomPredictor
I0904 00:51:54.207743 4059010 api_linter.go:195] validating API rule omitempty_match_case for type github.com/kserve/kserve/pkg/apis/serving/v1beta1.NewCustomPredictor
I0904 00:51:54.207748 4059010 api_linter.go:195] validating API rule list_type_missing for type github.com/kserve/kserve/pkg/apis/serving/v1beta1.NewCustomPredictor
I0904 00:51:54.207754 4059010 api_linter.go:195] validating API rule streaming_list_type_field_order for type github.com/kserve/kserve/pkg/apis/serving/v1beta1.NewCustomPredictor
I0904 00:51:54.207759 4059010 api_linter.go:195] validating API rule streaming_list_type_json_tags for type github.com/kserve/kserve/pkg/apis/serving/v1beta1.NewCustomPredictor
I0904 00:51:54.207764 4059010 api_linter.go:195] validating API rule streaming_list_type_proto_tags for type github.com/kserve/kserve/pkg/apis/serving/v1beta1.NewCustomPredictor
I0904 00:51:54.207770 4059010 api_linter.go:108] validating API rules for type github.com/kserve/kserve/pkg/apis/serving/v1beta1.NewCustomTransformer
I0904 00:51:54.207776 4059010 api_linter.go:195] validating API rule names_match for type github.com/kserve/kserve/pkg/apis/serving/v1beta1.NewCustomTransformer
I0904 00:51:54.207781 4059010 api_linter.go:195] validating API rule omitempty_match_case for type github.com/kserve/kserve/pkg/apis/serving/v1beta1.NewCustomTransformer
I0904 00:51:54.207787 4059010 api_linter.go:195] validating API rule list_type_missing for type github.com/kserve/kserve/pkg/apis/serving/v1beta1.NewCustomTransformer
I0904 00:51:54.207792 4059010 api_linter.go:195] validating API rule streaming_list_type_field_order for type github.com/kserve/kserve/pkg/apis/serving/v1beta1.NewCustomTransformer
I0904 00:51:54.207797 4059010 api_linter.go:195] validating API rule streaming_list_type_json_tags for type github.com/kserve/kserve/pkg/apis/serving/v1beta1.NewCustomTransformer
I0904 00:51:54.207806 4059010 api_linter.go:195] validating API rule streaming_list_type_proto_tags for type github.com/kserve/kserve/pkg/apis/serving/v1beta1.NewCustomTransformer
I0904 00:51:54.207811 4059010 api_linter.go:108] validating API rules for type github.com/kserve/kserve/pkg/apis/serving/v1beta1.NewDeployConfig
I0904 00:51:54.207817 4059010 api_linter.go:195] validating API rule names_match for type github.com/kserve/kserve/pkg/apis/serving/v1beta1.NewDeployConfig
I0904 00:51:54.207823 4059010 api_linter.go:195] validating API rule omitempty_match_case for type github.com/kserve/kserve/pkg/apis/serving/v1beta1.NewDeployConfig
I0904 00:51:54.207828 4059010 api_linter.go:195] validating API rule list_type_missing for type github.com/kserve/kserve/pkg/apis/serving/v1beta1.NewDeployConfig
I0904 00:51:54.207833 4059010 api_linter.go:195] validating API rule streaming_list_type_field_order for type github.com/kserve/kserve/pkg/apis/serving/v1beta1.NewDeployConfig
I0904 00:51:54.207838 4059010 api_linter.go:195] validating API rule streaming_list_type_json_tags for type github.com/kserve/kserve/pkg/apis/serving/v1beta1.NewDeployConfig
I0904 00:51:54.207844 4059010 api_linter.go:195] validating API rule streaming_list_type_proto_tags for type github.com/kserve/kserve/pkg/apis/serving/v1beta1.NewDeployConfig
I0904 00:51:54.207849 4059010 api_linter.go:108] validating API rules for type github.com/kserve/kserve/pkg/apis/serving/v1beta1.NewInferenceServicesConfig
I0904 00:51:54.207855 4059010 api_linter.go:195] validating API rule names_match for type github.com/kserve/kserve/pkg/apis/serving/v1beta1.NewInferenceServicesConfig
I0904 00:51:54.207860 4059010 api_linter.go:195] validating API rule omitempty_match_case for type github.com/kserve/kserve/pkg/apis/serving/v1beta1.NewInferenceServicesConfig
I0904 00:51:54.207865 4059010 api_linter.go:195] validating API rule list_type_missing for type github.com/kserve/kserve/pkg/apis/serving/v1beta1.NewInferenceServicesConfig
I0904 00:51:54.207871 4059010 api_linter.go:195] validating API rule streaming_list_type_field_order for type github.com/kserve/kserve/pkg/apis/serving/v1beta1.NewInferenceServicesConfig
I0904 00:51:54.207876 4059010 api_linter.go:195] validating API rule streaming_list_type_json_tags for type github.com/kserve/kserve/pkg/apis/serving/v1beta1.NewInferenceServicesConfig
I0904 00:51:54.207881 4059010 api_linter.go:195] validating API rule streaming_list_type_proto_tags for type github.com/kserve/kserve/pkg/apis/serving/v1beta1.NewInferenceServicesConfig
I0904 00:51:54.207887 4059010 api_linter.go:108] validating API rules for type github.com/kserve/kserve/pkg/apis/serving/v1beta1.NewIngressConfig
I0904 00:51:54.207893 4059010 api_linter.go:195] validating API rule names_match for type github.com/kserve/kserve/pkg/apis/serving/v1beta1.NewIngressConfig
I0904 00:51:54.207898 4059010 api_linter.go:195] validating API rule omitempty_match_case for type github.com/kserve/kserve/pkg/apis/serving/v1beta1.NewIngressConfig
I0904 00:51:54.207903 4059010 api_linter.go:195] validating API rule list_type_missing for type github.com/kserve/kserve/pkg/apis/serving/v1beta1.NewIngressConfig
I0904 00:51:54.207909 4059010 api_linter.go:195] validating API rule streaming_list_type_field_order for type github.com/kserve/kserve/pkg/apis/serving/v1beta1.NewIngressConfig
I0904 00:51:54.207914 4059010 api_linter.go:195] validating API rule streaming_list_type_json_tags for type github.com/kserve/kserve/pkg/apis/serving/v1beta1.NewIngressConfig
I0904 00:51:54.207919 4059010 api_linter.go:195] validating API rule streaming_list_type_proto_tags for type github.com/kserve/kserve/pkg/apis/serving/v1beta1.NewIngressConfig
I0904 00:51:54.207925 4059010 api_linter.go:108] validating API rules for type github.com/kserve/kserve/pkg/apis/serving/v1beta1.NewLocalModelConfig
I0904 00:51:54.207931 4059010 api_linter.go:195] validating API rule names_match for type github.com/kserve/kserve/pkg/apis/serving/v1beta1.NewLocalModelConfig
I0904 00:51:54.207937 4059010 api_linter.go:195] validating API rule omitempty_match_case for type github.com/kserve/kserve/pkg/apis/serving/v1beta1.NewLocalModelConfig
I0904 00:51:54.207945 4059010 api_linter.go:195] validating API rule list_type_missing for type github.com/kserve/kserve/pkg/apis/serving/v1beta1.NewLocalModelConfig
I0904 00:51:54.207951 4059010 api_linter.go:195] validating API rule streaming_list_type_field_order for type github.com/kserve/kserve/pkg/apis/serving/v1beta1.NewLocalModelConfig
I0904 00:51:54.207957 4059010 api_linter.go:195] validating API rule streaming_list_type_json_tags for type github.com/kserve/kserve/pkg/apis/serving/v1beta1.NewLocalModelConfig
I0904 00:51:54.207962 4059010 api_linter.go:195] validating API rule streaming_list_type_proto_tags for type github.com/kserve/kserve/pkg/apis/serving/v1beta1.NewLocalModelConfig
I0904 00:51:54.207967 4059010 api_linter.go:108] validating API rules for type github.com/kserve/kserve/pkg/apis/serving/v1beta1.NewMetricQuantity
I0904 00:51:54.207973 4059010 api_linter.go:195] validating API rule names_match for type github.com/kserve/kserve/pkg/apis/serving/v1beta1.NewMetricQuantity
I0904 00:51:54.207979 4059010 api_linter.go:195] validating API rule omitempty_match_case for type github.com/kserve/kserve/pkg/apis/serving/v1beta1.NewMetricQuantity
I0904 00:51:54.207984 4059010 api_linter.go:195] validating API rule list_type_missing for type github.com/kserve/kserve/pkg/apis/serving/v1beta1.NewMetricQuantity
I0904 00:51:54.207989 4059010 api_linter.go:195] validating API rule streaming_list_type_field_order for type github.com/kserve/kserve/pkg/apis/serving/v1beta1.NewMetricQuantity
I0904 00:51:54.207994 4059010 api_linter.go:195] validating API rule streaming_list_type_json_tags for type github.com/kserve/kserve/pkg/apis/serving/v1beta1.NewMetricQuantity
I0904 00:51:54.208000 4059010 api_linter.go:195] validating API rule streaming_list_type_proto_tags for type github.com/kserve/kserve/pkg/apis/serving/v1beta1.NewMetricQuantity
I0904 00:51:54.208005 4059010 api_linter.go:108] validating API rules for type github.com/kserve/kserve/pkg/apis/serving/v1beta1.NewMultiNodeConfig
I0904 00:51:54.208011 4059010 api_linter.go:195] validating API rule names_match for type github.com/kserve/kserve/pkg/apis/serving/v1beta1.NewMultiNodeConfig
I0904 00:51:54.208016 4059010 api_linter.go:195] validating API rule omitempty_match_case for type github.com/kserve/kserve/pkg/apis/serving/v1beta1.NewMultiNodeConfig
I0904 00:51:54.208022 4059010 api_linter.go:195] validating API rule list_type_missing for type github.com/kserve/kserve/pkg/apis/serving/v1beta1.NewMultiNodeConfig
I0904 00:51:54.208028 4059010 api_linter.go:195] validating API rule streaming_list_type_field_order for type github.com/kserve/kserve/pkg/apis/serving/v1beta1.NewMultiNodeConfig
I0904 00:51:54.208033 4059010 api_linter.go:195] validating API rule streaming_list_type_json_tags for type github.com/kserve/kserve/pkg/apis/serving/v1beta1.NewMultiNodeConfig
I0904 00:51:54.208039 4059010 api_linter.go:195] validating API rule streaming_list_type_proto_tags for type github.com/kserve/kserve/pkg/apis/serving/v1beta1.NewMultiNodeConfig
I0904 00:51:54.208044 4059010 api_linter.go:108] validating API rules for type github.com/kserve/kserve/pkg/apis/serving/v1beta1.NewOtelCollectorConfig
I0904 00:51:54.208050 4059010 api_linter.go:195] validating API rule names_match for type github.com/kserve/kserve/pkg/apis/serving/v1beta1.NewOtelCollectorConfig
I0904 00:51:54.208055 4059010 api_linter.go:195] validating API rule omitempty_match_case for type github.com/kserve/kserve/pkg/apis/serving/v1beta1.NewOtelCollectorConfig
I0904 00:51:54.208061 4059010 api_linter.go:195] validating API rule list_type_missing for type github.com/kserve/kserve/pkg/apis/serving/v1beta1.NewOtelCollectorConfig
I0904 00:51:54.208066 4059010 api_linter.go:195] validating API rule streaming_list_type_field_order for type github.com/kserve/kserve/pkg/apis/serving/v1beta1.NewOtelCollectorConfig
I0904 00:51:54.208071 4059010 api_linter.go:195] validating API rule streaming_list_type_json_tags for type github.com/kserve/kserve/pkg/apis/serving/v1beta1.NewOtelCollectorConfig
I0904 00:51:54.208079 4059010 api_linter.go:195] validating API rule streaming_list_type_proto_tags for type github.com/kserve/kserve/pkg/apis/serving/v1beta1.NewOtelCollectorConfig
I0904 00:51:54.208085 4059010 api_linter.go:108] validating API rules for type github.com/kserve/kserve/pkg/apis/serving/v1beta1.NewSecurityConfig
I0904 00:51:54.208091 4059010 api_linter.go:195] validating API rule names_match for type github.com/kserve/kserve/pkg/apis/serving/v1beta1.NewSecurityConfig
I0904 00:51:54.208097 4059010 api_linter.go:195] validating API rule omitempty_match_case for type github.com/kserve/kserve/pkg/apis/serving/v1beta1.NewSecurityConfig
I0904 00:51:54.208102 4059010 api_linter.go:195] validating API rule list_type_missing for type github.com/kserve/kserve/pkg/apis/serving/v1beta1.NewSecurityConfig
I0904 00:51:54.208108 4059010 api_linter.go:195] validating API rule streaming_list_type_field_order for type github.com/kserve/kserve/pkg/apis/serving/v1beta1.NewSecurityConfig
I0904 00:51:54.208114 4059010 api_linter.go:195] validating API rule streaming_list_type_json_tags for type github.com/kserve/kserve/pkg/apis/serving/v1beta1.NewSecurityConfig
I0904 00:51:54.208119 4059010 api_linter.go:195] validating API rule streaming_list_type_proto_tags for type github.com/kserve/kserve/pkg/apis/serving/v1beta1.NewSecurityConfig
I0904 00:51:54.208125 4059010 api_linter.go:108] validating API rules for type github.com/kserve/kserve/pkg/apis/serving/v1beta1.NewServiceConfig
I0904 00:51:54.208131 4059010 api_linter.go:195] validating API rule names_match for type github.com/kserve/kserve/pkg/apis/serving/v1beta1.NewServiceConfig
I0904 00:51:54.208136 4059010 api_linter.go:195] validating API rule omitempty_match_case for type github.com/kserve/kserve/pkg/apis/serving/v1beta1.NewServiceConfig
I0904 00:51:54.208142 4059010 api_linter.go:195] validating API rule list_type_missing for type github.com/kserve/kserve/pkg/apis/serving/v1beta1.NewServiceConfig
I0904 00:51:54.208147 4059010 api_linter.go:195] validating API rule streaming_list_type_field_order for type github.com/kserve/kserve/pkg/apis/serving/v1beta1.NewServiceConfig
I0904 00:51:54.208153 4059010 api_linter.go:195] validating API rule streaming_list_type_json_tags for type github.com/kserve/kserve/pkg/apis/serving/v1beta1.NewServiceConfig
I0904 00:51:54.208158 4059010 api_linter.go:195] validating API rule streaming_list_type_proto_tags for type github.com/kserve/kserve/pkg/apis/serving/v1beta1.NewServiceConfig
I0904 00:51:54.208164 4059010 api_linter.go:108] validating API rules for type github.com/kserve/kserve/pkg/apis/serving/v1beta1.NoSupportingRuntime
I0904 00:51:54.208169 4059010 api_linter.go:195] validating API rule names_match for type github.com/kserve/kserve/pkg/apis/serving/v1beta1.NoSupportingRuntime
I0904 00:51:54.208174 4059010 api_linter.go:195] validating API rule omitempty_match_case for type github.com/kserve/kserve/pkg/apis/serving/v1beta1.NoSupportingRuntime
I0904 00:51:54.208180 4059010 api_linter.go:195] validating API rule list_type_missing for type github.com/kserve/kserve/pkg/apis/serving/v1beta1.NoSupportingRuntime
I0904 00:51:54.208185 4059010 api_linter.go:195] validating API rule streaming_list_type_field_order for type github.com/kserve/kserve/pkg/apis/serving/v1beta1.NoSupportingRuntime
I0904 00:51:54.208190 4059010 api_linter.go:195] validating API rule streaming_list_type_json_tags for type github.com/kserve/kserve/pkg/apis/serving/v1beta1.NoSupportingRuntime
I0904 00:51:54.208214 4059010 api_linter.go:195] validating API rule streaming_list_type_proto_tags for type github.com/kserve/kserve/pkg/apis/serving/v1beta1.NoSupportingRuntime
I0904 00:51:54.208224 4059010 api_linter.go:108] validating API rules for type github.com/kserve/kserve/pkg/apis/serving/v1beta1.NonNilComponents
I0904 00:51:54.208232 4059010 api_linter.go:195] validating API rule names_match for type github.com/kserve/kserve/pkg/apis/serving/v1beta1.NonNilComponents
I0904 00:51:54.208240 4059010 api_linter.go:195] validating API rule omitempty_match_case for type github.com/kserve/kserve/pkg/apis/serving/v1beta1.NonNilComponents
I0904 00:51:54.208253 4059010 api_linter.go:195] validating API rule list_type_missing for type github.com/kserve/kserve/pkg/apis/serving/v1beta1.NonNilComponents
I0904 00:51:54.208261 4059010 api_linter.go:195] validating API rule streaming_list_type_field_order for type github.com/kserve/kserve/pkg/apis/serving/v1beta1.NonNilComponents
I0904 00:51:54.208267 4059010 api_linter.go:195] validating API rule streaming_list_type_json_tags for type github.com/kserve/kserve/pkg/apis/serving/v1beta1.NonNilComponents
I0904 00:51:54.208273 4059010 api_linter.go:195] validating API rule streaming_list_type_proto_tags for type github.com/kserve/kserve/pkg/apis/serving/v1beta1.NonNilComponents
I0904 00:51:54.208279 4059010 api_linter.go:108] validating API rules for type github.com/kserve/kserve/pkg/apis/serving/v1beta1.ONNXFileExt
I0904 00:51:54.208285 4059010 api_linter.go:195] validating API rule names_match for type github.com/kserve/kserve/pkg/apis/serving/v1beta1.ONNXFileExt
I0904 00:51:54.208291 4059010 api_linter.go:195] validating API rule omitempty_match_case for type github.com/kserve/kserve/pkg/apis/serving/v1beta1.ONNXFileExt
I0904 00:51:54.208296 4059010 api_linter.go:195] validating API rule list_type_missing for type github.com/kserve/kserve/pkg/apis/serving/v1beta1.ONNXFileExt
I0904 00:51:54.208302 4059010 api_linter.go:195] validating API rule streaming_list_type_field_order for type github.com/kserve/kserve/pkg/apis/serving/v1beta1.ONNXFileExt
I0904 00:51:54.208307 4059010 api_linter.go:195] validating API rule streaming_list_type_json_tags for type github.com/kserve/kserve/pkg/apis/serving/v1beta1.ONNXFileExt
I0904 00:51:54.208312 4059010 api_linter.go:195] validating API rule streaming_list_type_proto_tags for type github.com/kserve/kserve/pkg/apis/serving/v1beta1.ONNXFileExt
I0904 00:51:54.208318 4059010 api_linter.go:108] validating API rules for type github.com/kserve/kserve/pkg/apis/serving/v1beta1.ONNXRuntimeSpec
I0904 00:51:54.208325 4059010 api_linter.go:195] validating API rule names_match for type github.com/kserve/kserve/pkg/apis/serving/v1beta1.ONNXRuntimeSpec
I0904 00:51:54.208332 4059010 api_linter.go:195] validating API rule omitempty_match_case for type github.com/kserve/kserve/pkg/apis/serving/v1beta1.ONNXRuntimeSpec
I0904 00:51:54.208338 4059010 api_linter.go:195] validating API rule list_type_missing for type github.com/kserve/kserve/pkg/apis/serving/v1beta1.ONNXRuntimeSpec
I0904 00:51:54.208344 4059010 api_linter.go:195] validating API rule streaming_list_type_field_order for type github.com/kserve/kserve/pkg/apis/serving/v1beta1.ONNXRuntimeSpec
I0904 00:51:54.208350 4059010 api_linter.go:195] validating API rule streaming_list_type_json_tags for type github.com/kserve/kserve/pkg/apis/serving/v1beta1.ONNXRuntimeSpec
I0904 00:51:54.208355 4059010 api_linter.go:195] validating API rule streaming_list_type_proto_tags for type github.com/kserve/kserve/pkg/apis/serving/v1beta1.ONNXRuntimeSpec
I0904 00:51:54.208361 4059010 api_linter.go:108] validating API rules for type github.com/kserve/kserve/pkg/apis/serving/v1beta1.OpenTelemetryBackend
I0904 00:51:54.208367 4059010 api_linter.go:195] validating API rule names_match for type github.com/kserve/kserve/pkg/apis/serving/v1beta1.OpenTelemetryBackend
I0904 00:51:54.208373 4059010 api_linter.go:195] validating API rule omitempty_match_case for type github.com/kserve/kserve/pkg/apis/serving/v1beta1.OpenTelemetryBackend
I0904 00:51:54.208378 4059010 api_linter.go:195] validating API rule list_type_missing for type github.com/kserve/kserve/pkg/apis/serving/v1beta1.OpenTelemetryBackend
I0904 00:51:54.208383 4059010 api_linter.go:195] validating API rule streaming_list_type_field_order for type github.com/kserve/kserve/pkg/apis/serving/v1beta1.OpenTelemetryBackend
I0904 00:51:54.208389 4059010 api_linter.go:195] validating API rule streaming_list_type_json_tags for type github.com/kserve/kserve/pkg/apis/serving/v1beta1.OpenTelemetryBackend
I0904 00:51:54.208398 4059010 api_linter.go:195] validating API rule streaming_list_type_proto_tags for type github.com/kserve/kserve/pkg/apis/serving/v1beta1.OpenTelemetryBackend
I0904 00:51:54.208403 4059010 api_linter.go:108] validating API rules for type github.com/kserve/kserve/pkg/apis/serving/v1beta1.OtelCollectorConfig
I0904 00:51:54.208409 4059010 api_linter.go:195] validating API rule names_match for type github.com/kserve/kserve/pkg/apis/serving/v1beta1.OtelCollectorConfig
I0904 00:51:54.208424 4059010 api_linter.go:195] validating API rule omitempty_match_case for type github.com/kserve/kserve/pkg/apis/serving/v1beta1.OtelCollectorConfig
I0904 00:51:54.208431 4059010 api_linter.go:195] validating API rule list_type_missing for type github.com/kserve/kserve/pkg/apis/serving/v1beta1.OtelCollectorConfig
I0904 00:51:54.208437 4059010 api_linter.go:195] validating API rule streaming_list_type_field_order for type github.com/kserve/kserve/pkg/apis/serving/v1beta1.OtelCollectorConfig
I0904 00:51:54.208442 4059010 api_linter.go:195] validating API rule streaming_list_type_json_tags for type github.com/kserve/kserve/pkg/apis/serving/v1beta1.OtelCollectorConfig
I0904 00:51:54.208448 4059010 api_linter.go:195] validating API rule streaming_list_type_proto_tags for type github.com/kserve/kserve/pkg/apis/serving/v1beta1.OtelCollectorConfig
I0904 00:51:54.208454 4059010 api_linter.go:108] validating API rules for type github.com/kserve/kserve/pkg/apis/serving/v1beta1.OtelCollectorConfigName
I0904 00:51:54.208460 4059010 api_linter.go:195] validating API rule names_match for type github.com/kserve/kserve/pkg/apis/serving/v1beta1.OtelCollectorConfigName
I0904 00:51:54.208465 4059010 api_linter.go:195] validating API rule omitempty_match_case for type github.com/kserve/kserve/pkg/apis/serving/v1beta1.OtelCollectorConfigName
I0904 00:51:54.208470 4059010 api_linter.go:195] validating API rule list_type_missing for type github.com/kserve/kserve/pkg/apis/serving/v1beta1.OtelCollectorConfigName
I0904 00:51:54.208476 4059010 api_linter.go:195] validating API rule streaming_list_type_field_order for type github.com/kserve/kserve/pkg/apis/serving/v1beta1.OtelCollectorConfigName
I0904 00:51:54.208481 4059010 api_linter.go:195] validating API rule streaming_list_type_json_tags for type github.com/kserve/kserve/pkg/apis/serving/v1beta1.OtelCollectorConfigName
I0904 00:51:54.208487 4059010 api_linter.go:195] validating API rule streaming_list_type_proto_tags for type github.com/kserve/kserve/pkg/apis/serving/v1beta1.OtelCollectorConfigName
I0904 00:51:54.208492 4059010 api_linter.go:108] validating API rules for type github.com/kserve/kserve/pkg/apis/serving/v1beta1.PMMLSpec
I0904 00:51:54.208498 4059010 api_linter.go:195] validating API rule names_match for type github.com/kserve/kserve/pkg/apis/serving/v1beta1.PMMLSpec
I0904 00:51:54.208504 4059010 api_linter.go:195] validating API rule omitempty_match_case for type github.com/kserve/kserve/pkg/apis/serving/v1beta1.PMMLSpec
I0904 00:51:54.208509 4059010 api_linter.go:195] validating API rule list_type_missing for type github.com/kserve/kserve/pkg/apis/serving/v1beta1.PMMLSpec
I0904 00:51:54.208515 4059010 api_linter.go:195] validating API rule streaming_list_type_field_order for type github.com/kserve/kserve/pkg/apis/serving/v1beta1.PMMLSpec
I0904 00:51:54.208520 4059010 api_linter.go:195] validating API rule streaming_list_type_json_tags for type github.com/kserve/kserve/pkg/apis/serving/v1beta1.PMMLSpec
I0904 00:51:54.208526 4059010 api_linter.go:195] validating API rule streaming_list_type_proto_tags for type github.com/kserve/kserve/pkg/apis/serving/v1beta1.PMMLSpec
I0904 00:51:54.208532 4059010 api_linter.go:108] validating API rules for type github.com/kserve/kserve/pkg/apis/serving/v1beta1.PaddleServerSpec
I0904 00:51:54.208537 4059010 api_linter.go:195] validating API rule names_match for type github.com/kserve/kserve/pkg/apis/serving/v1beta1.PaddleServerSpec
I0904 00:51:54.208543 4059010 api_linter.go:195] validating API rule omitempty_match_case for type github.com/kserve/kserve/pkg/apis/serving/v1beta1.PaddleServerSpec
I0904 00:51:54.208552 4059010 api_linter.go:195] validating API rule list_type_missing for type github.com/kserve/kserve/pkg/apis/serving/v1beta1.PaddleServerSpec
I0904 00:51:54.208558 4059010 api_linter.go:195] validating API rule streaming_list_type_field_order for type github.com/kserve/kserve/pkg/apis/serving/v1beta1.PaddleServerSpec
I0904 00:51:54.208564 4059010 api_linter.go:195] validating API rule streaming_list_type_json_tags for type github.com/kserve/kserve/pkg/apis/serving/v1beta1.PaddleServerSpec
I0904 00:51:54.208569 4059010 api_linter.go:195] validating API rule streaming_list_type_proto_tags for type github.com/kserve/kserve/pkg/apis/serving/v1beta1.PaddleServerSpec
I0904 00:51:54.208575 4059010 api_linter.go:108] validating API rules for type github.com/kserve/kserve/pkg/apis/serving/v1beta1.ParallelismLowerBoundExceededError
I0904 00:51:54.208580 4059010 api_linter.go:195] validating API rule names_match for type github.com/kserve/kserve/pkg/apis/serving/v1beta1.ParallelismLowerBoundExceededError
I0904 00:51:54.208586 4059010 api_linter.go:195] validating API rule omitempty_match_case for type github.com/kserve/kserve/pkg/apis/serving/v1beta1.ParallelismLowerBoundExceededError
I0904 00:51:54.208591 4059010 api_linter.go:195] validating API rule list_type_missing for type github.com/kserve/kserve/pkg/apis/serving/v1beta1.ParallelismLowerBoundExceededError
I0904 00:51:54.208597 4059010 api_linter.go:195] validating API rule streaming_list_type_field_order for type github.com/kserve/kserve/pkg/apis/serving/v1beta1.ParallelismLowerBoundExceededError
I0904 00:51:54.208602 4059010 api_linter.go:195] validating API rule streaming_list_type_json_tags for type github.com/kserve/kserve/pkg/apis/serving/v1beta1.ParallelismLowerBoundExceededError
I0904 00:51:54.208608 4059010 api_linter.go:195] validating API rule streaming_list_type_proto_tags for type github.com/kserve/kserve/pkg/apis/serving/v1beta1.ParallelismLowerBoundExceededError
I0904 00:51:54.208614 4059010 api_linter.go:108] validating API rules for type github.com/kserve/kserve/pkg/apis/serving/v1beta1.Pending
I0904 00:51:54.208620 4059010 api_linter.go:195] validating API rule names_match for type github.com/kserve/kserve/pkg/apis/serving/v1beta1.Pending
I0904 00:51:54.208625 4059010 api_linter.go:195] validating API rule omitempty_match_case for type github.com/kserve/kserve/pkg/apis/serving/v1beta1.Pending
I0904 00:51:54.208631 4059010 api_linter.go:195] validating API rule list_type_missing for type github.com/kserve/kserve/pkg/apis/serving/v1beta1.Pending
I0904 00:51:54.208637 4059010 api_linter.go:195] validating API rule streaming_list_type_field_order for type github.com/kserve/kserve/pkg/apis/serving/v1beta1.Pending
I0904 00:51:54.208642 4059010 api_linter.go:195] validating API rule streaming_list_type_json_tags for type github.com/kserve/kserve/pkg/apis/serving/v1beta1.Pending
I0904 00:51:54.208647 4059010 api_linter.go:195] validating API rule streaming_list_type_proto_tags for type github.com/kserve/kserve/pkg/apis/serving/v1beta1.Pending
I0904 00:51:54.208653 4059010 api_linter.go:108] validating API rules for type github.com/kserve/kserve/pkg/apis/serving/v1beta1.PodMetricSource
I0904 00:51:54.208659 4059010 api_linter.go:195] validating API rule names_match for type github.com/kserve/kserve/pkg/apis/serving/v1beta1.PodMetricSource
I0904 00:51:54.208666 4059010 api_linter.go:195] validating API rule omitempty_match_case for type github.com/kserve/kserve/pkg/apis/serving/v1beta1.PodMetricSource
I0904 00:51:54.208672 4059010 api_linter.go:195] validating API rule list_type_missing for type github.com/kserve/kserve/pkg/apis/serving/v1beta1.PodMetricSource
I0904 00:51:54.208677 4059010 api_linter.go:195] validating API rule streaming_list_type_field_order for type github.com/kserve/kserve/pkg/apis/serving/v1beta1.PodMetricSource
I0904 00:51:54.208683 4059010 api_linter.go:195] validating API rule streaming_list_type_json_tags for type github.com/kserve/kserve/pkg/apis/serving/v1beta1.PodMetricSource
I0904 00:51:54.208694 4059010 api_linter.go:195] validating API rule streaming_list_type_proto_tags for type github.com/kserve/kserve/pkg/apis/serving/v1beta1.PodMetricSource
I0904 00:51:54.208699 4059010 api_linter.go:108] validating API rules for type github.com/kserve/kserve/pkg/apis/serving/v1beta1.PodMetricSourceType
I0904 00:51:54.208705 4059010 api_linter.go:195] validating API rule names_match for type github.com/kserve/kserve/pkg/apis/serving/v1beta1.PodMetricSourceType
I0904 00:51:54.208710 4059010 api_linter.go:195] validating API rule omitempty_match_case for type github.com/kserve/kserve/pkg/apis/serving/v1beta1.PodMetricSourceType
I0904 00:51:54.208716 4059010 api_linter.go:195] validating API rule list_type_missing for type github.com/kserve/kserve/pkg/apis/serving/v1beta1.PodMetricSourceType
I0904 00:51:54.208722 4059010 api_linter.go:195] validating API rule streaming_list_type_field_order for type github.com/kserve/kserve/pkg/apis/serving/v1beta1.PodMetricSourceType
I0904 00:51:54.208727 4059010 api_linter.go:195] validating API rule streaming_list_type_json_tags for type github.com/kserve/kserve/pkg/apis/serving/v1beta1.PodMetricSourceType
I0904 00:51:54.208733 4059010 api_linter.go:195] validating API rule streaming_list_type_proto_tags for type github.com/kserve/kserve/pkg/apis/serving/v1beta1.PodMetricSourceType
I0904 00:51:54.208739 4059010 api_linter.go:108] validating API rules for type github.com/kserve/kserve/pkg/apis/serving/v1beta1.PodMetrics
I0904 00:51:54.208744 4059010 api_linter.go:195] validating API rule names_match for type github.com/kserve/kserve/pkg/apis/serving/v1beta1.PodMetrics
I0904 00:51:54.208752 4059010 api_linter.go:195] validating API rule omitempty_match_case for type github.com/kserve/kserve/pkg/apis/serving/v1beta1.PodMetrics
I0904 00:51:54.208758 4059010 api_linter.go:195] validating API rule list_type_missing for type github.com/kserve/kserve/pkg/apis/serving/v1beta1.PodMetrics
I0904 00:51:54.208766 4059010 api_linter.go:195] validating API rule streaming_list_type_field_order for type github.com/kserve/kserve/pkg/apis/serving/v1beta1.PodMetrics
I0904 00:51:54.208771 4059010 api_linter.go:195] validating API rule streaming_list_type_json_tags for type github.com/kserve/kserve/pkg/apis/serving/v1beta1.PodMetrics
I0904 00:51:54.208777 4059010 api_linter.go:195] validating API rule streaming_list_type_proto_tags for type github.com/kserve/kserve/pkg/apis/serving/v1beta1.PodMetrics
I0904 00:51:54.208782 4059010 api_linter.go:108] validating API rules for type github.com/kserve/kserve/pkg/apis/serving/v1beta1.PodSpec
I0904 00:51:54.208788 4059010 api_linter.go:195] validating API rule names_match for type github.com/kserve/kserve/pkg/apis/serving/v1beta1.PodSpec
I0904 00:51:54.208814 4059010 api_linter.go:195] validating API rule omitempty_match_case for type github.com/kserve/kserve/pkg/apis/serving/v1beta1.PodSpec
I0904 00:51:54.208830 4059010 api_linter.go:195] validating API rule list_type_missing for type github.com/kserve/kserve/pkg/apis/serving/v1beta1.PodSpec
I0904 00:51:54.208853 4059010 api_linter.go:195] validating API rule streaming_list_type_field_order for type github.com/kserve/kserve/pkg/apis/serving/v1beta1.PodSpec
I0904 00:51:54.208861 4059010 api_linter.go:195] validating API rule streaming_list_type_json_tags for type github.com/kserve/kserve/pkg/apis/serving/v1beta1.PodSpec
I0904 00:51:54.208867 4059010 api_linter.go:195] validating API rule streaming_list_type_proto_tags for type github.com/kserve/kserve/pkg/apis/serving/v1beta1.PodSpec
I0904 00:51:54.208872 4059010 api_linter.go:108] validating API rules for type github.com/kserve/kserve/pkg/apis/serving/v1beta1.PodsMetricsBackend
I0904 00:51:54.208878 4059010 api_linter.go:195] validating API rule names_match for type github.com/kserve/kserve/pkg/apis/serving/v1beta1.PodsMetricsBackend
I0904 00:51:54.208883 4059010 api_linter.go:195] validating API rule omitempty_match_case for type github.com/kserve/kserve/pkg/apis/serving/v1beta1.PodsMetricsBackend
I0904 00:51:54.208889 4059010 api_linter.go:195] validating API rule list_type_missing for type github.com/kserve/kserve/pkg/apis/serving/v1beta1.PodsMetricsBackend
I0904 00:51:54.208898 4059010 api_linter.go:195] validating API rule streaming_list_type_field_order for type github.com/kserve/kserve/pkg/apis/serving/v1beta1.PodsMetricsBackend
I0904 00:51:54.208903 4059010 api_linter.go:195] validating API rule streaming_list_type_json_tags for type github.com/kserve/kserve/pkg/apis/serving/v1beta1.PodsMetricsBackend
I0904 00:51:54.208908 4059010 api_linter.go:195] validating API rule streaming_list_type_proto_tags for type github.com/kserve/kserve/pkg/apis/serving/v1beta1.PodsMetricsBackend
I0904 00:51:54.208914 4059010 api_linter.go:108] validating API rules for type github.com/kserve/kserve/pkg/apis/serving/v1beta1.PredictorComponent
I0904 00:51:54.208922 4059010 api_linter.go:195] validating API rule names_match for type github.com/kserve/kserve/pkg/apis/serving/v1beta1.PredictorComponent
I0904 00:51:54.208928 4059010 api_linter.go:195] validating API rule omitempty_match_case for type github.com/kserve/kserve/pkg/apis/serving/v1beta1.PredictorComponent
I0904 00:51:54.208934 4059010 api_linter.go:195] validating API rule list_type_missing for type github.com/kserve/kserve/pkg/apis/serving/v1beta1.PredictorComponent
I0904 00:51:54.208939 4059010 api_linter.go:195] validating API rule streaming_list_type_field_order for type github.com/kserve/kserve/pkg/apis/serving/v1beta1.PredictorComponent
I0904 00:51:54.208944 4059010 api_linter.go:195] validating API rule streaming_list_type_json_tags for type github.com/kserve/kserve/pkg/apis/serving/v1beta1.PredictorComponent
I0904 00:51:54.208950 4059010 api_linter.go:195] validating API rule streaming_list_type_proto_tags for type github.com/kserve/kserve/pkg/apis/serving/v1beta1.PredictorComponent
I0904 00:51:54.208955 4059010 api_linter.go:108] validating API rules for type github.com/kserve/kserve/pkg/apis/serving/v1beta1.PredictorConfigurationReady
I0904 00:51:54.208961 4059010 api_linter.go:195] validating API rule names_match for type github.com/kserve/kserve/pkg/apis/serving/v1beta1.PredictorConfigurationReady
I0904 00:51:54.208967 4059010 api_linter.go:195] validating API rule omitempty_match_case for type github.com/kserve/kserve/pkg/apis/serving/v1beta1.PredictorConfigurationReady
I0904 00:51:54.208972 4059010 api_linter.go:195] validating API rule list_type_missing for type github.com/kserve/kserve/pkg/apis/serving/v1beta1.PredictorConfigurationReady
I0904 00:51:54.208978 4059010 api_linter.go:195] validating API rule streaming_list_type_field_order for type github.com/kserve/kserve/pkg/apis/serving/v1beta1.PredictorConfigurationReady
I0904 00:51:54.208983 4059010 api_linter.go:195] validating API rule streaming_list_type_json_tags for type github.com/kserve/kserve/pkg/apis/serving/v1beta1.PredictorConfigurationReady
I0904 00:51:54.208988 4059010 api_linter.go:195] validating API rule streaming_list_type_proto_tags for type github.com/kserve/kserve/pkg/apis/serving/v1beta1.PredictorConfigurationReady
I0904 00:51:54.208994 4059010 api_linter.go:108] validating API rules for type github.com/kserve/kserve/pkg/apis/serving/v1beta1.PredictorExtensionSpec
I0904 00:51:54.209000 4059010 api_linter.go:195] validating API rule names_match for type github.com/kserve/kserve/pkg/apis/serving/v1beta1.PredictorExtensionSpec
I0904 00:51:54.209008 4059010 api_linter.go:195] validating API rule omitempty_match_case for type github.com/kserve/kserve/pkg/apis/serving/v1beta1.PredictorExtensionSpec
I0904 00:51:54.209015 4059010 api_linter.go:195] validating API rule list_type_missing for type github.com/kserve/kserve/pkg/apis/serving/v1beta1.PredictorExtensionSpec
I0904 00:51:54.209023 4059010 api_linter.go:195] validating API rule streaming_list_type_field_order for type github.com/kserve/kserve/pkg/apis/serving/v1beta1.PredictorExtensionSpec
I0904 00:51:54.209028 4059010 api_linter.go:195] validating API rule streaming_list_type_json_tags for type github.com/kserve/kserve/pkg/apis/serving/v1beta1.PredictorExtensionSpec
I0904 00:51:54.209037 4059010 api_linter.go:195] validating API rule streaming_list_type_proto_tags for type github.com/kserve/kserve/pkg/apis/serving/v1beta1.PredictorExtensionSpec
I0904 00:51:54.209042 4059010 api_linter.go:108] validating API rules for type github.com/kserve/kserve/pkg/apis/serving/v1beta1.PredictorImplementation
I0904 00:51:54.209049 4059010 api_linter.go:195] validating API rule names_match for type github.com/kserve/kserve/pkg/apis/serving/v1beta1.PredictorImplementation
I0904 00:51:54.209054 4059010 api_linter.go:195] validating API rule omitempty_match_case for type github.com/kserve/kserve/pkg/apis/serving/v1beta1.PredictorImplementation
I0904 00:51:54.209060 4059010 api_linter.go:195] validating API rule list_type_missing for type github.com/kserve/kserve/pkg/apis/serving/v1beta1.PredictorImplementation
I0904 00:51:54.209065 4059010 api_linter.go:195] validating API rule streaming_list_type_field_order for type github.com/kserve/kserve/pkg/apis/serving/v1beta1.PredictorImplementation
I0904 00:51:54.209071 4059010 api_linter.go:195] validating API rule streaming_list_type_json_tags for type github.com/kserve/kserve/pkg/apis/serving/v1beta1.PredictorImplementation
I0904 00:51:54.209076 4059010 api_linter.go:195] validating API rule streaming_list_type_proto_tags for type github.com/kserve/kserve/pkg/apis/serving/v1beta1.PredictorImplementation
I0904 00:51:54.209082 4059010 api_linter.go:108] validating API rules for type github.com/kserve/kserve/pkg/apis/serving/v1beta1.PredictorReady
I0904 00:51:54.209087 4059010 api_linter.go:195] validating API rule names_match for type github.com/kserve/kserve/pkg/apis/serving/v1beta1.PredictorReady
I0904 00:51:54.209093 4059010 api_linter.go:195] validating API rule omitempty_match_case for type github.com/kserve/kserve/pkg/apis/serving/v1beta1.PredictorReady
I0904 00:51:54.209099 4059010 api_linter.go:195] validating API rule list_type_missing for type github.com/kserve/kserve/pkg/apis/serving/v1beta1.PredictorReady
I0904 00:51:54.209104 4059010 api_linter.go:195] validating API rule streaming_list_type_field_order for type github.com/kserve/kserve/pkg/apis/serving/v1beta1.PredictorReady
I0904 00:51:54.209109 4059010 api_linter.go:195] validating API rule streaming_list_type_json_tags for type github.com/kserve/kserve/pkg/apis/serving/v1beta1.PredictorReady
I0904 00:51:54.209115 4059010 api_linter.go:195] validating API rule streaming_list_type_proto_tags for type github.com/kserve/kserve/pkg/apis/serving/v1beta1.PredictorReady
I0904 00:51:54.209121 4059010 api_linter.go:108] validating API rules for type github.com/kserve/kserve/pkg/apis/serving/v1beta1.PredictorRouteReady
I0904 00:51:54.209126 4059010 api_linter.go:195] validating API rule names_match for type github.com/kserve/kserve/pkg/apis/serving/v1beta1.PredictorRouteReady
I0904 00:51:54.209132 4059010 api_linter.go:195] validating API rule omitempty_match_case for type github.com/kserve/kserve/pkg/apis/serving/v1beta1.PredictorRouteReady
I0904 00:51:54.209138 4059010 api_linter.go:195] validating API rule list_type_missing for type github.com/kserve/kserve/pkg/apis/serving/v1beta1.PredictorRouteReady
I0904 00:51:54.209144 4059010 api_linter.go:195] validating API rule streaming_list_type_field_order for type github.com/kserve/kserve/pkg/apis/serving/v1beta1.PredictorRouteReady
I0904 00:51:54.209149 4059010 api_linter.go:195] validating API rule streaming_list_type_json_tags for type github.com/kserve/kserve/pkg/apis/serving/v1beta1.PredictorRouteReady
I0904 00:51:54.209154 4059010 api_linter.go:195] validating API rule streaming_list_type_proto_tags for type github.com/kserve/kserve/pkg/apis/serving/v1beta1.PredictorRouteReady
I0904 00:51:54.209161 4059010 api_linter.go:108] validating API rules for type github.com/kserve/kserve/pkg/apis/serving/v1beta1.PredictorSpec
I0904 00:51:54.209167 4059010 api_linter.go:195] validating API rule names_match for type github.com/kserve/kserve/pkg/apis/serving/v1beta1.PredictorSpec
I0904 00:51:54.209179 4059010 api_linter.go:195] validating API rule omitempty_match_case for type github.com/kserve/kserve/pkg/apis/serving/v1beta1.PredictorSpec
I0904 00:51:54.209190 4059010 api_linter.go:195] validating API rule list_type_missing for type github.com/kserve/kserve/pkg/apis/serving/v1beta1.PredictorSpec
I0904 00:51:54.209215 4059010 api_linter.go:195] validating API rule streaming_list_type_field_order for type github.com/kserve/kserve/pkg/apis/serving/v1beta1.PredictorSpec
I0904 00:51:54.209221 4059010 api_linter.go:195] validating API rule streaming_list_type_json_tags for type github.com/kserve/kserve/pkg/apis/serving/v1beta1.PredictorSpec
I0904 00:51:54.209226 4059010 api_linter.go:195] validating API rule streaming_list_type_proto_tags for type github.com/kserve/kserve/pkg/apis/serving/v1beta1.PredictorSpec
I0904 00:51:54.209233 4059010 api_linter.go:108] validating API rules for type github.com/kserve/kserve/pkg/apis/serving/v1beta1.PrometheusBackend
I0904 00:51:54.209239 4059010 api_linter.go:195] validating API rule names_match for type github.com/kserve/kserve/pkg/apis/serving/v1beta1.PrometheusBackend
I0904 00:51:54.209244 4059010 api_linter.go:195] validating API rule omitempty_match_case for type github.com/kserve/kserve/pkg/apis/serving/v1beta1.PrometheusBackend
I0904 00:51:54.209249 4059010 api_linter.go:195] validating API rule list_type_missing for type github.com/kserve/kserve/pkg/apis/serving/v1beta1.PrometheusBackend
I0904 00:51:54.209255 4059010 api_linter.go:195] validating API rule streaming_list_type_field_order for type github.com/kserve/kserve/pkg/apis/serving/v1beta1.PrometheusBackend
I0904 00:51:54.209260 4059010 api_linter.go:195] validating API rule streaming_list_type_json_tags for type github.com/kserve/kserve/pkg/apis/serving/v1beta1.PrometheusBackend
I0904 00:51:54.209265 4059010 api_linter.go:195] validating API rule streaming_list_type_proto_tags for type github.com/kserve/kserve/pkg/apis/serving/v1beta1.PrometheusBackend
I0904 00:51:54.209271 4059010 api_linter.go:108] validating API rules for type github.com/kserve/kserve/pkg/apis/serving/v1beta1.PyTorchServingGPUSuffix
I0904 00:51:54.209276 4059010 api_linter.go:195] validating API rule names_match for type github.com/kserve/kserve/pkg/apis/serving/v1beta1.PyTorchServingGPUSuffix
I0904 00:51:54.209282 4059010 api_linter.go:195] validating API rule omitempty_match_case for type github.com/kserve/kserve/pkg/apis/serving/v1beta1.PyTorchServingGPUSuffix
I0904 00:51:54.209287 4059010 api_linter.go:195] validating API rule list_type_missing for type github.com/kserve/kserve/pkg/apis/serving/v1beta1.PyTorchServingGPUSuffix
I0904 00:51:54.209292 4059010 api_linter.go:195] validating API rule streaming_list_type_field_order for type github.com/kserve/kserve/pkg/apis/serving/v1beta1.PyTorchServingGPUSuffix
I0904 00:51:54.209298 4059010 api_linter.go:195] validating API rule streaming_list_type_json_tags for type github.com/kserve/kserve/pkg/apis/serving/v1beta1.PyTorchServingGPUSuffix
I0904 00:51:54.209303 4059010 api_linter.go:195] validating API rule streaming_list_type_proto_tags for type github.com/kserve/kserve/pkg/apis/serving/v1beta1.PyTorchServingGPUSuffix
I0904 00:51:54.209309 4059010 api_linter.go:108] validating API rules for type github.com/kserve/kserve/pkg/apis/serving/v1beta1.Resource
I0904 00:51:54.209314 4059010 api_linter.go:195] validating API rule names_match for type github.com/kserve/kserve/pkg/apis/serving/v1beta1.Resource
I0904 00:51:54.209320 4059010 api_linter.go:195] validating API rule omitempty_match_case for type github.com/kserve/kserve/pkg/apis/serving/v1beta1.Resource
I0904 00:51:54.209325 4059010 api_linter.go:195] validating API rule list_type_missing for type github.com/kserve/kserve/pkg/apis/serving/v1beta1.Resource
I0904 00:51:54.209330 4059010 api_linter.go:195] validating API rule streaming_list_type_field_order for type github.com/kserve/kserve/pkg/apis/serving/v1beta1.Resource
I0904 00:51:54.209336 4059010 api_linter.go:195] validating API rule streaming_list_type_json_tags for type github.com/kserve/kserve/pkg/apis/serving/v1beta1.Resource
I0904 00:51:54.209341 4059010 api_linter.go:195] validating API rule streaming_list_type_proto_tags for type github.com/kserve/kserve/pkg/apis/serving/v1beta1.Resource
I0904 00:51:54.209350 4059010 api_linter.go:108] validating API rules for type github.com/kserve/kserve/pkg/apis/serving/v1beta1.ResourceConfig
I0904 00:51:54.209356 4059010 api_linter.go:195] validating API rule names_match for type github.com/kserve/kserve/pkg/apis/serving/v1beta1.ResourceConfig
I0904 00:51:54.209363 4059010 api_linter.go:195] validating API rule omitempty_match_case for type github.com/kserve/kserve/pkg/apis/serving/v1beta1.ResourceConfig
I0904 00:51:54.209369 4059010 api_linter.go:195] validating API rule list_type_missing for type github.com/kserve/kserve/pkg/apis/serving/v1beta1.ResourceConfig
I0904 00:51:54.209375 4059010 api_linter.go:195] validating API rule streaming_list_type_field_order for type github.com/kserve/kserve/pkg/apis/serving/v1beta1.ResourceConfig
I0904 00:51:54.209381 4059010 api_linter.go:195] validating API rule streaming_list_type_json_tags for type github.com/kserve/kserve/pkg/apis/serving/v1beta1.ResourceConfig
I0904 00:51:54.209387 4059010 api_linter.go:195] validating API rule streaming_list_type_proto_tags for type github.com/kserve/kserve/pkg/apis/serving/v1beta1.ResourceConfig
I0904 00:51:54.209392 4059010 api_linter.go:108] validating API rules for type github.com/kserve/kserve/pkg/apis/serving/v1beta1.ResourceConfigName
I0904 00:51:54.209398 4059010 api_linter.go:195] validating API rule names_match for type github.com/kserve/kserve/pkg/apis/serving/v1beta1.ResourceConfigName
I0904 00:51:54.209404 4059010 api_linter.go:195] validating API rule omitempty_match_case for type github.com/kserve/kserve/pkg/apis/serving/v1beta1.ResourceConfigName
I0904 00:51:54.209409 4059010 api_linter.go:195] validating API rule list_type_missing for type github.com/kserve/kserve/pkg/apis/serving/v1beta1.ResourceConfigName
I0904 00:51:54.209420 4059010 api_linter.go:195] validating API rule streaming_list_type_field_order for type github.com/kserve/kserve/pkg/apis/serving/v1beta1.ResourceConfigName
I0904 00:51:54.209426 4059010 api_linter.go:195] validating API rule streaming_list_type_json_tags for type github.com/kserve/kserve/pkg/apis/serving/v1beta1.ResourceConfigName
I0904 00:51:54.209431 4059010 api_linter.go:195] validating API rule streaming_list_type_proto_tags for type github.com/kserve/kserve/pkg/apis/serving/v1beta1.ResourceConfigName
I0904 00:51:54.209437 4059010 api_linter.go:108] validating API rules for type github.com/kserve/kserve/pkg/apis/serving/v1beta1.ResourceMetric
I0904 00:51:54.209442 4059010 api_linter.go:195] validating API rule names_match for type github.com/kserve/kserve/pkg/apis/serving/v1beta1.ResourceMetric
I0904 00:51:54.209448 4059010 api_linter.go:195] validating API rule omitempty_match_case for type github.com/kserve/kserve/pkg/apis/serving/v1beta1.ResourceMetric
I0904 00:51:54.209453 4059010 api_linter.go:195] validating API rule list_type_missing for type github.com/kserve/kserve/pkg/apis/serving/v1beta1.ResourceMetric
I0904 00:51:54.209459 4059010 api_linter.go:195] validating API rule streaming_list_type_field_order for type github.com/kserve/kserve/pkg/apis/serving/v1beta1.ResourceMetric
I0904 00:51:54.209464 4059010 api_linter.go:195] validating API rule streaming_list_type_json_tags for type github.com/kserve/kserve/pkg/apis/serving/v1beta1.ResourceMetric
I0904 00:51:54.209469 4059010 api_linter.go:195] validating API rule streaming_list_type_proto_tags for type github.com/kserve/kserve/pkg/apis/serving/v1beta1.ResourceMetric
I0904 00:51:54.209475 4059010 api_linter.go:108] validating API rules for type github.com/kserve/kserve/pkg/apis/serving/v1beta1.ResourceMetricCPU
I0904 00:51:54.209481 4059010 api_linter.go:195] validating API rule names_match for type github.com/kserve/kserve/pkg/apis/serving/v1beta1.ResourceMetricCPU
I0904 00:51:54.209487 4059010 api_linter.go:195] validating API rule omitempty_match_case for type github.com/kserve/kserve/pkg/apis/serving/v1beta1.ResourceMetricCPU
I0904 00:51:54.209495 4059010 api_linter.go:195] validating API rule list_type_missing for type github.com/kserve/kserve/pkg/apis/serving/v1beta1.ResourceMetricCPU
I0904 00:51:54.209501 4059010 api_linter.go:195] validating API rule streaming_list_type_field_order for type github.com/kserve/kserve/pkg/apis/serving/v1beta1.ResourceMetricCPU
I0904 00:51:54.209506 4059010 api_linter.go:195] validating API rule streaming_list_type_json_tags for type github.com/kserve/kserve/pkg/apis/serving/v1beta1.ResourceMetricCPU
I0904 00:51:54.209511 4059010 api_linter.go:195] validating API rule streaming_list_type_proto_tags for type github.com/kserve/kserve/pkg/apis/serving/v1beta1.ResourceMetricCPU
I0904 00:51:54.209517 4059010 api_linter.go:108] validating API rules for type github.com/kserve/kserve/pkg/apis/serving/v1beta1.ResourceMetricMemory
I0904 00:51:54.209523 4059010 api_linter.go:195] validating API rule names_match for type github.com/kserve/kserve/pkg/apis/serving/v1beta1.ResourceMetricMemory
I0904 00:51:54.209528 4059010 api_linter.go:195] validating API rule omitempty_match_case for type github.com/kserve/kserve/pkg/apis/serving/v1beta1.ResourceMetricMemory
I0904 00:51:54.209534 4059010 api_linter.go:195] validating API rule list_type_missing for type github.com/kserve/kserve/pkg/apis/serving/v1beta1.ResourceMetricMemory
I0904 00:51:54.209539 4059010 api_linter.go:195] validating API rule streaming_list_type_field_order for type github.com/kserve/kserve/pkg/apis/serving/v1beta1.ResourceMetricMemory
I0904 00:51:54.209544 4059010 api_linter.go:195] validating API rule streaming_list_type_json_tags for type github.com/kserve/kserve/pkg/apis/serving/v1beta1.ResourceMetricMemory
I0904 00:51:54.209550 4059010 api_linter.go:195] validating API rule streaming_list_type_proto_tags for type github.com/kserve/kserve/pkg/apis/serving/v1beta1.ResourceMetricMemory
I0904 00:51:54.209556 4059010 api_linter.go:108] validating API rules for type github.com/kserve/kserve/pkg/apis/serving/v1beta1.ResourceMetricSource
I0904 00:51:54.209561 4059010 api_linter.go:195] validating API rule names_match for type github.com/kserve/kserve/pkg/apis/serving/v1beta1.ResourceMetricSource
I0904 00:51:54.209568 4059010 api_linter.go:195] validating API rule omitempty_match_case for type github.com/kserve/kserve/pkg/apis/serving/v1beta1.ResourceMetricSource
I0904 00:51:54.209574 4059010 api_linter.go:195] validating API rule list_type_missing for type github.com/kserve/kserve/pkg/apis/serving/v1beta1.ResourceMetricSource
I0904 00:51:54.209580 4059010 api_linter.go:195] validating API rule streaming_list_type_field_order for type github.com/kserve/kserve/pkg/apis/serving/v1beta1.ResourceMetricSource
I0904 00:51:54.209586 4059010 api_linter.go:195] validating API rule streaming_list_type_json_tags for type github.com/kserve/kserve/pkg/apis/serving/v1beta1.ResourceMetricSource
I0904 00:51:54.209591 4059010 api_linter.go:195] validating API rule streaming_list_type_proto_tags for type github.com/kserve/kserve/pkg/apis/serving/v1beta1.ResourceMetricSource
I0904 00:51:54.209597 4059010 api_linter.go:108] validating API rules for type github.com/kserve/kserve/pkg/apis/serving/v1beta1.ResourceMetricSourceType
I0904 00:51:54.209603 4059010 api_linter.go:195] validating API rule names_match for type github.com/kserve/kserve/pkg/apis/serving/v1beta1.ResourceMetricSourceType
I0904 00:51:54.209608 4059010 api_linter.go:195] validating API rule omitempty_match_case for type github.com/kserve/kserve/pkg/apis/serving/v1beta1.ResourceMetricSourceType
I0904 00:51:54.209614 4059010 api_linter.go:195] validating API rule list_type_missing for type github.com/kserve/kserve/pkg/apis/serving/v1beta1.ResourceMetricSourceType
I0904 00:51:54.209619 4059010 api_linter.go:195] validating API rule streaming_list_type_field_order for type github.com/kserve/kserve/pkg/apis/serving/v1beta1.ResourceMetricSourceType
I0904 00:51:54.209625 4059010 api_linter.go:195] validating API rule streaming_list_type_json_tags for type github.com/kserve/kserve/pkg/apis/serving/v1beta1.ResourceMetricSourceType
I0904 00:51:54.209634 4059010 api_linter.go:195] validating API rule streaming_list_type_proto_tags for type github.com/kserve/kserve/pkg/apis/serving/v1beta1.ResourceMetricSourceType
I0904 00:51:54.209639 4059010 api_linter.go:108] validating API rules for type github.com/kserve/kserve/pkg/apis/serving/v1beta1.RolloutSpec
I0904 00:51:54.209645 4059010 api_linter.go:195] validating API rule names_match for type github.com/kserve/kserve/pkg/apis/serving/v1beta1.RolloutSpec
I0904 00:51:54.209651 4059010 api_linter.go:195] validating API rule omitempty_match_case for type github.com/kserve/kserve/pkg/apis/serving/v1beta1.RolloutSpec
I0904 00:51:54.209657 4059010 api_linter.go:195] validating API rule list_type_missing for type github.com/kserve/kserve/pkg/apis/serving/v1beta1.RolloutSpec
I0904 00:51:54.209663 4059010 api_linter.go:195] validating API rule streaming_list_type_field_order for type github.com/kserve/kserve/pkg/apis/serving/v1beta1.RolloutSpec
I0904 00:51:54.209669 4059010 api_linter.go:195] validating API rule streaming_list_type_json_tags for type github.com/kserve/kserve/pkg/apis/serving/v1beta1.RolloutSpec
I0904 00:51:54.209674 4059010 api_linter.go:195] validating API rule streaming_list_type_proto_tags for type github.com/kserve/kserve/pkg/apis/serving/v1beta1.RolloutSpec
I0904 00:51:54.209680 4059010 api_linter.go:108] validating API rules for type github.com/kserve/kserve/pkg/apis/serving/v1beta1.RoutesReady
I0904 00:51:54.209686 4059010 api_linter.go:195] validating API rule names_match for type github.com/kserve/kserve/pkg/apis/serving/v1beta1.RoutesReady
I0904 00:51:54.209691 4059010 api_linter.go:195] validating API rule omitempty_match_case for type github.com/kserve/kserve/pkg/apis/serving/v1beta1.RoutesReady
I0904 00:51:54.209697 4059010 api_linter.go:195] validating API rule list_type_missing for type github.com/kserve/kserve/pkg/apis/serving/v1beta1.RoutesReady
I0904 00:51:54.209703 4059010 api_linter.go:195] validating API rule streaming_list_type_field_order for type github.com/kserve/kserve/pkg/apis/serving/v1beta1.RoutesReady
I0904 00:51:54.209708 4059010 api_linter.go:195] validating API rule streaming_list_type_json_tags for type github.com/kserve/kserve/pkg/apis/serving/v1beta1.RoutesReady
I0904 00:51:54.209713 4059010 api_linter.go:195] validating API rule streaming_list_type_proto_tags for type github.com/kserve/kserve/pkg/apis/serving/v1beta1.RoutesReady
I0904 00:51:54.209719 4059010 api_linter.go:108] validating API rules for type github.com/kserve/kserve/pkg/apis/serving/v1beta1.RuntimeDisabled
I0904 00:51:54.209725 4059010 api_linter.go:195] validating API rule names_match for type github.com/kserve/kserve/pkg/apis/serving/v1beta1.RuntimeDisabled
I0904 00:51:54.209730 4059010 api_linter.go:195] validating API rule omitempty_match_case for type github.com/kserve/kserve/pkg/apis/serving/v1beta1.RuntimeDisabled
I0904 00:51:54.209736 4059010 api_linter.go:195] validating API rule list_type_missing for type github.com/kserve/kserve/pkg/apis/serving/v1beta1.RuntimeDisabled
I0904 00:51:54.209741 4059010 api_linter.go:195] validating API rule streaming_list_type_field_order for type github.com/kserve/kserve/pkg/apis/serving/v1beta1.RuntimeDisabled
I0904 00:51:54.209746 4059010 api_linter.go:195] validating API rule streaming_list_type_json_tags for type github.com/kserve/kserve/pkg/apis/serving/v1beta1.RuntimeDisabled
I0904 00:51:54.209752 4059010 api_linter.go:195] validating API rule streaming_list_type_proto_tags for type github.com/kserve/kserve/pkg/apis/serving/v1beta1.RuntimeDisabled
I0904 00:51:54.209757 4059010 api_linter.go:108] validating API rules for type github.com/kserve/kserve/pkg/apis/serving/v1beta1.RuntimeNotRecognized
I0904 00:51:54.209764 4059010 api_linter.go:195] validating API rule names_match for type github.com/kserve/kserve/pkg/apis/serving/v1beta1.RuntimeNotRecognized
I0904 00:51:54.209769 4059010 api_linter.go:195] validating API rule omitempty_match_case for type github.com/kserve/kserve/pkg/apis/serving/v1beta1.RuntimeNotRecognized
I0904 00:51:54.209775 4059010 api_linter.go:195] validating API rule list_type_missing for type github.com/kserve/kserve/pkg/apis/serving/v1beta1.RuntimeNotRecognized
I0904 00:51:54.209784 4059010 api_linter.go:195] validating API rule streaming_list_type_field_order for type github.com/kserve/kserve/pkg/apis/serving/v1beta1.RuntimeNotRecognized
I0904 00:51:54.209789 4059010 api_linter.go:195] validating API rule streaming_list_type_json_tags for type github.com/kserve/kserve/pkg/apis/serving/v1beta1.RuntimeNotRecognized
I0904 00:51:54.209795 4059010 api_linter.go:195] validating API rule streaming_list_type_proto_tags for type github.com/kserve/kserve/pkg/apis/serving/v1beta1.RuntimeNotRecognized
I0904 00:51:54.209800 4059010 api_linter.go:108] validating API rules for type github.com/kserve/kserve/pkg/apis/serving/v1beta1.RuntimeUnhealthy
I0904 00:51:54.209806 4059010 api_linter.go:195] validating API rule names_match for type github.com/kserve/kserve/pkg/apis/serving/v1beta1.RuntimeUnhealthy
I0904 00:51:54.209811 4059010 api_linter.go:195] validating API rule omitempty_match_case for type github.com/kserve/kserve/pkg/apis/serving/v1beta1.RuntimeUnhealthy
I0904 00:51:54.209816 4059010 api_linter.go:195] validating API rule list_type_missing for type github.com/kserve/kserve/pkg/apis/serving/v1beta1.RuntimeUnhealthy
I0904 00:51:54.209821 4059010 api_linter.go:195] validating API rule streaming_list_type_field_order for type github.com/kserve/kserve/pkg/apis/serving/v1beta1.RuntimeUnhealthy
I0904 00:51:54.209827 4059010 api_linter.go:195] validating API rule streaming_list_type_json_tags for type github.com/kserve/kserve/pkg/apis/serving/v1beta1.RuntimeUnhealthy
I0904 00:51:54.209832 4059010 api_linter.go:195] validating API rule streaming_list_type_proto_tags for type github.com/kserve/kserve/pkg/apis/serving/v1beta1.RuntimeUnhealthy
I0904 00:51:54.209837 4059010 api_linter.go:108] validating API rules for type github.com/kserve/kserve/pkg/apis/serving/v1beta1.SKLearnSpec
I0904 00:51:54.209843 4059010 api_linter.go:195] validating API rule names_match for type github.com/kserve/kserve/pkg/apis/serving/v1beta1.SKLearnSpec
I0904 00:51:54.209849 4059010 api_linter.go:195] validating API rule omitempty_match_case for type github.com/kserve/kserve/pkg/apis/serving/v1beta1.SKLearnSpec
I0904 00:51:54.209855 4059010 api_linter.go:195] validating API rule list_type_missing for type github.com/kserve/kserve/pkg/apis/serving/v1beta1.SKLearnSpec
I0904 00:51:54.209860 4059010 api_linter.go:195] validating API rule streaming_list_type_field_order for type github.com/kserve/kserve/pkg/apis/serving/v1beta1.SKLearnSpec
I0904 00:51:54.209867 4059010 api_linter.go:195] validating API rule streaming_list_type_json_tags for type github.com/kserve/kserve/pkg/apis/serving/v1beta1.SKLearnSpec
I0904 00:51:54.209872 4059010 api_linter.go:195] validating API rule streaming_list_type_proto_tags for type github.com/kserve/kserve/pkg/apis/serving/v1beta1.SKLearnSpec
I0904 00:51:54.209877 4059010 api_linter.go:108] validating API rules for type github.com/kserve/kserve/pkg/apis/serving/v1beta1.ScaleMetric
I0904 00:51:54.209883 4059010 api_linter.go:195] validating API rule names_match for type github.com/kserve/kserve/pkg/apis/serving/v1beta1.ScaleMetric
I0904 00:51:54.209889 4059010 api_linter.go:195] validating API rule omitempty_match_case for type github.com/kserve/kserve/pkg/apis/serving/v1beta1.ScaleMetric
I0904 00:51:54.209894 4059010 api_linter.go:195] validating API rule list_type_missing for type github.com/kserve/kserve/pkg/apis/serving/v1beta1.ScaleMetric
I0904 00:51:54.209900 4059010 api_linter.go:195] validating API rule streaming_list_type_field_order for type github.com/kserve/kserve/pkg/apis/serving/v1beta1.ScaleMetric
I0904 00:51:54.209905 4059010 api_linter.go:195] validating API rule streaming_list_type_json_tags for type github.com/kserve/kserve/pkg/apis/serving/v1beta1.ScaleMetric
I0904 00:51:54.209910 4059010 api_linter.go:195] validating API rule streaming_list_type_proto_tags for type github.com/kserve/kserve/pkg/apis/serving/v1beta1.ScaleMetric
I0904 00:51:54.209919 4059010 api_linter.go:108] validating API rules for type github.com/kserve/kserve/pkg/apis/serving/v1beta1.SchemeBuilder
I0904 00:51:54.209924 4059010 api_linter.go:195] validating API rule names_match for type github.com/kserve/kserve/pkg/apis/serving/v1beta1.SchemeBuilder
I0904 00:51:54.209930 4059010 api_linter.go:195] validating API rule omitempty_match_case for type github.com/kserve/kserve/pkg/apis/serving/v1beta1.SchemeBuilder
I0904 00:51:54.209936 4059010 api_linter.go:195] validating API rule list_type_missing for type github.com/kserve/kserve/pkg/apis/serving/v1beta1.SchemeBuilder
I0904 00:51:54.209941 4059010 api_linter.go:195] validating API rule streaming_list_type_field_order for type github.com/kserve/kserve/pkg/apis/serving/v1beta1.SchemeBuilder
I0904 00:51:54.209946 4059010 api_linter.go:195] validating API rule streaming_list_type_json_tags for type github.com/kserve/kserve/pkg/apis/serving/v1beta1.SchemeBuilder
I0904 00:51:54.209952 4059010 api_linter.go:195] validating API rule streaming_list_type_proto_tags for type github.com/kserve/kserve/pkg/apis/serving/v1beta1.SchemeBuilder
I0904 00:51:54.209957 4059010 api_linter.go:108] validating API rules for type github.com/kserve/kserve/pkg/apis/serving/v1beta1.SchemeGroupVersion
I0904 00:51:54.209963 4059010 api_linter.go:195] validating API rule names_match for type github.com/kserve/kserve/pkg/apis/serving/v1beta1.SchemeGroupVersion
I0904 00:51:54.209968 4059010 api_linter.go:195] validating API rule omitempty_match_case for type github.com/kserve/kserve/pkg/apis/serving/v1beta1.SchemeGroupVersion
I0904 00:51:54.209974 4059010 api_linter.go:195] validating API rule list_type_missing for type github.com/kserve/kserve/pkg/apis/serving/v1beta1.SchemeGroupVersion
I0904 00:51:54.209979 4059010 api_linter.go:195] validating API rule streaming_list_type_field_order for type github.com/kserve/kserve/pkg/apis/serving/v1beta1.SchemeGroupVersion
I0904 00:51:54.209985 4059010 api_linter.go:195] validating API rule streaming_list_type_json_tags for type github.com/kserve/kserve/pkg/apis/serving/v1beta1.SchemeGroupVersion
I0904 00:51:54.209990 4059010 api_linter.go:195] validating API rule streaming_list_type_proto_tags for type github.com/kserve/kserve/pkg/apis/serving/v1beta1.SchemeGroupVersion
I0904 00:51:54.209995 4059010 api_linter.go:108] validating API rules for type github.com/kserve/kserve/pkg/apis/serving/v1beta1.SecurityConfig
I0904 00:51:54.210001 4059010 api_linter.go:195] validating API rule names_match for type github.com/kserve/kserve/pkg/apis/serving/v1beta1.SecurityConfig
I0904 00:51:54.210007 4059010 api_linter.go:195] validating API rule omitempty_match_case for type github.com/kserve/kserve/pkg/apis/serving/v1beta1.SecurityConfig
I0904 00:51:54.210013 4059010 api_linter.go:195] validating API rule list_type_missing for type github.com/kserve/kserve/pkg/apis/serving/v1beta1.SecurityConfig
I0904 00:51:54.210018 4059010 api_linter.go:195] validating API rule streaming_list_type_field_order for type github.com/kserve/kserve/pkg/apis/serving/v1beta1.SecurityConfig
I0904 00:51:54.210024 4059010 api_linter.go:195] validating API rule streaming_list_type_json_tags for type github.com/kserve/kserve/pkg/apis/serving/v1beta1.SecurityConfig
I0904 00:51:54.210029 4059010 api_linter.go:195] validating API rule streaming_list_type_proto_tags for type github.com/kserve/kserve/pkg/apis/serving/v1beta1.SecurityConfig
I0904 00:51:54.210035 4059010 api_linter.go:108] validating API rules for type github.com/kserve/kserve/pkg/apis/serving/v1beta1.SecurityConfigName
I0904 00:51:54.210040 4059010 api_linter.go:195] validating API rule names_match for type github.com/kserve/kserve/pkg/apis/serving/v1beta1.SecurityConfigName
I0904 00:51:54.210045 4059010 api_linter.go:195] validating API rule omitempty_match_case for type github.com/kserve/kserve/pkg/apis/serving/v1beta1.SecurityConfigName
I0904 00:51:54.210051 4059010 api_linter.go:195] validating API rule list_type_missing for type github.com/kserve/kserve/pkg/apis/serving/v1beta1.SecurityConfigName
I0904 00:51:54.210059 4059010 api_linter.go:195] validating API rule streaming_list_type_field_order for type github.com/kserve/kserve/pkg/apis/serving/v1beta1.SecurityConfigName
I0904 00:51:54.210065 4059010 api_linter.go:195] validating API rule streaming_list_type_json_tags for type github.com/kserve/kserve/pkg/apis/serving/v1beta1.SecurityConfigName
I0904 00:51:54.210070 4059010 api_linter.go:195] validating API rule streaming_list_type_proto_tags for type github.com/kserve/kserve/pkg/apis/serving/v1beta1.SecurityConfigName
I0904 00:51:54.210076 4059010 api_linter.go:108] validating API rules for type github.com/kserve/kserve/pkg/apis/serving/v1beta1.ServiceConfig
I0904 00:51:54.210082 4059010 api_linter.go:195] validating API rule names_match for type github.com/kserve/kserve/pkg/apis/serving/v1beta1.ServiceConfig
I0904 00:51:54.210088 4059010 api_linter.go:195] validating API rule omitempty_match_case for type github.com/kserve/kserve/pkg/apis/serving/v1beta1.ServiceConfig
I0904 00:51:54.210094 4059010 api_linter.go:195] validating API rule list_type_missing for type github.com/kserve/kserve/pkg/apis/serving/v1beta1.ServiceConfig
I0904 00:51:54.210100 4059010 api_linter.go:195] validating API rule streaming_list_type_field_order for type github.com/kserve/kserve/pkg/apis/serving/v1beta1.ServiceConfig
I0904 00:51:54.210105 4059010 api_linter.go:195] validating API rule streaming_list_type_json_tags for type github.com/kserve/kserve/pkg/apis/serving/v1beta1.ServiceConfig
I0904 00:51:54.210110 4059010 api_linter.go:195] validating API rule streaming_list_type_proto_tags for type github.com/kserve/kserve/pkg/apis/serving/v1beta1.ServiceConfig
I0904 00:51:54.210116 4059010 api_linter.go:108] validating API rules for type github.com/kserve/kserve/pkg/apis/serving/v1beta1.ServiceConfigName
I0904 00:51:54.210121 4059010 api_linter.go:195] validating API rule names_match for type github.com/kserve/kserve/pkg/apis/serving/v1beta1.ServiceConfigName
I0904 00:51:54.210127 4059010 api_linter.go:195] validating API rule omitempty_match_case for type github.com/kserve/kserve/pkg/apis/serving/v1beta1.ServiceConfigName
I0904 00:51:54.210132 4059010 api_linter.go:195] validating API rule list_type_missing for type github.com/kserve/kserve/pkg/apis/serving/v1beta1.ServiceConfigName
I0904 00:51:54.210138 4059010 api_linter.go:195] validating API rule streaming_list_type_field_order for type github.com/kserve/kserve/pkg/apis/serving/v1beta1.ServiceConfigName
I0904 00:51:54.210144 4059010 api_linter.go:195] validating API rule streaming_list_type_json_tags for type github.com/kserve/kserve/pkg/apis/serving/v1beta1.ServiceConfigName
I0904 00:51:54.210149 4059010 api_linter.go:195] validating API rule streaming_list_type_proto_tags for type github.com/kserve/kserve/pkg/apis/serving/v1beta1.ServiceConfigName
I0904 00:51:54.210154 4059010 api_linter.go:108] validating API rules for type github.com/kserve/kserve/pkg/apis/serving/v1beta1.Standby
I0904 00:51:54.210160 4059010 api_linter.go:195] validating API rule names_match for type github.com/kserve/kserve/pkg/apis/serving/v1beta1.Standby
I0904 00:51:54.210166 4059010 api_linter.go:195] validating API rule omitempty_match_case for type github.com/kserve/kserve/pkg/apis/serving/v1beta1.Standby
I0904 00:51:54.210171 4059010 api_linter.go:195] validating API rule list_type_missing for type github.com/kserve/kserve/pkg/apis/serving/v1beta1.Standby
I0904 00:51:54.210176 4059010 api_linter.go:195] validating API rule streaming_list_type_field_order for type github.com/kserve/kserve/pkg/apis/serving/v1beta1.Standby
I0904 00:51:54.210181 4059010 api_linter.go:195] validating API rule streaming_list_type_json_tags for type github.com/kserve/kserve/pkg/apis/serving/v1beta1.Standby
I0904 00:51:54.210186 4059010 api_linter.go:195] validating API rule streaming_list_type_proto_tags for type github.com/kserve/kserve/pkg/apis/serving/v1beta1.Standby
I0904 00:51:54.210204 4059010 api_linter.go:108] validating API rules for type github.com/kserve/kserve/pkg/apis/serving/v1beta1.Stopped
I0904 00:51:54.210217 4059010 api_linter.go:195] validating API rule names_match for type github.com/kserve/kserve/pkg/apis/serving/v1beta1.Stopped
I0904 00:51:54.210231 4059010 api_linter.go:195] validating API rule omitempty_match_case for type github.com/kserve/kserve/pkg/apis/serving/v1beta1.Stopped
I0904 00:51:54.210238 4059010 api_linter.go:195] validating API rule list_type_missing for type github.com/kserve/kserve/pkg/apis/serving/v1beta1.Stopped
I0904 00:51:54.210246 4059010 api_linter.go:195] validating API rule streaming_list_type_field_order for type github.com/kserve/kserve/pkg/apis/serving/v1beta1.Stopped
I0904 00:51:54.210255 4059010 api_linter.go:195] validating API rule streaming_list_type_json_tags for type github.com/kserve/kserve/pkg/apis/serving/v1beta1.Stopped
I0904 00:51:54.210261 4059010 api_linter.go:195] validating API rule streaming_list_type_proto_tags for type github.com/kserve/kserve/pkg/apis/serving/v1beta1.Stopped
I0904 00:51:54.210267 4059010 api_linter.go:108] validating API rules for type github.com/kserve/kserve/pkg/apis/serving/v1beta1.StoppedISVCReason
I0904 00:51:54.210273 4059010 api_linter.go:195] validating API rule names_match for type github.com/kserve/kserve/pkg/apis/serving/v1beta1.StoppedISVCReason
I0904 00:51:54.210279 4059010 api_linter.go:195] validating API rule omitempty_match_case for type github.com/kserve/kserve/pkg/apis/serving/v1beta1.StoppedISVCReason
I0904 00:51:54.210285 4059010 api_linter.go:195] validating API rule list_type_missing for type github.com/kserve/kserve/pkg/apis/serving/v1beta1.StoppedISVCReason
I0904 00:51:54.210291 4059010 api_linter.go:195] validating API rule streaming_list_type_field_order for type github.com/kserve/kserve/pkg/apis/serving/v1beta1.StoppedISVCReason
I0904 00:51:54.210297 4059010 api_linter.go:195] validating API rule streaming_list_type_json_tags for type github.com/kserve/kserve/pkg/apis/serving/v1beta1.StoppedISVCReason
I0904 00:51:54.210302 4059010 api_linter.go:195] validating API rule streaming_list_type_proto_tags for type github.com/kserve/kserve/pkg/apis/serving/v1beta1.StoppedISVCReason
I0904 00:51:54.210307 4059010 api_linter.go:108] validating API rules for type github.com/kserve/kserve/pkg/apis/serving/v1beta1.StorageInitializerConfigMapKeyName
I0904 00:51:54.210313 4059010 api_linter.go:195] validating API rule names_match for type github.com/kserve/kserve/pkg/apis/serving/v1beta1.StorageInitializerConfigMapKeyName
I0904 00:51:54.210318 4059010 api_linter.go:195] validating API rule omitempty_match_case for type github.com/kserve/kserve/pkg/apis/serving/v1beta1.StorageInitializerConfigMapKeyName
I0904 00:51:54.210324 4059010 api_linter.go:195] validating API rule list_type_missing for type github.com/kserve/kserve/pkg/apis/serving/v1beta1.StorageInitializerConfigMapKeyName
I0904 00:51:54.210329 4059010 api_linter.go:195] validating API rule streaming_list_type_field_order for type github.com/kserve/kserve/pkg/apis/serving/v1beta1.StorageInitializerConfigMapKeyName
I0904 00:51:54.210335 4059010 api_linter.go:195] validating API rule streaming_list_type_json_tags for type github.com/kserve/kserve/pkg/apis/serving/v1beta1.StorageInitializerConfigMapKeyName
I0904 00:51:54.210340 4059010 api_linter.go:195] validating API rule streaming_list_type_proto_tags for type github.com/kserve/kserve/pkg/apis/serving/v1beta1.StorageInitializerConfigMapKeyName
I0904 00:51:54.210345 4059010 api_linter.go:108] validating API rules for type github.com/kserve/kserve/pkg/apis/serving/v1beta1.StorageSpec
I0904 00:51:54.210351 4059010 api_linter.go:195] validating API rule names_match for type github.com/kserve/kserve/pkg/apis/serving/v1beta1.StorageSpec
I0904 00:51:54.210360 4059010 api_linter.go:195] validating API rule omitempty_match_case for type github.com/kserve/kserve/pkg/apis/serving/v1beta1.StorageSpec
I0904 00:51:54.210367 4059010 api_linter.go:195] validating API rule list_type_missing for type github.com/kserve/kserve/pkg/apis/serving/v1beta1.StorageSpec
I0904 00:51:54.210375 4059010 api_linter.go:195] validating API rule streaming_list_type_field_order for type github.com/kserve/kserve/pkg/apis/serving/v1beta1.StorageSpec
I0904 00:51:54.210384 4059010 api_linter.go:195] validating API rule streaming_list_type_json_tags for type github.com/kserve/kserve/pkg/apis/serving/v1beta1.StorageSpec
I0904 00:51:54.210389 4059010 api_linter.go:195] validating API rule streaming_list_type_proto_tags for type github.com/kserve/kserve/pkg/apis/serving/v1beta1.StorageSpec
I0904 00:51:54.210395 4059010 api_linter.go:108] validating API rules for type github.com/kserve/kserve/pkg/apis/serving/v1beta1.StorageUri
I0904 00:51:54.210401 4059010 api_linter.go:195] validating API rule names_match for type github.com/kserve/kserve/pkg/apis/serving/v1beta1.StorageUri
I0904 00:51:54.210407 4059010 api_linter.go:195] validating API rule omitempty_match_case for type github.com/kserve/kserve/pkg/apis/serving/v1beta1.StorageUri
I0904 00:51:54.210413 4059010 api_linter.go:195] validating API rule list_type_missing for type github.com/kserve/kserve/pkg/apis/serving/v1beta1.StorageUri
I0904 00:51:54.210426 4059010 api_linter.go:195] validating API rule streaming_list_type_field_order for type github.com/kserve/kserve/pkg/apis/serving/v1beta1.StorageUri
I0904 00:51:54.210432 4059010 api_linter.go:195] validating API rule streaming_list_type_json_tags for type github.com/kserve/kserve/pkg/apis/serving/v1beta1.StorageUri
I0904 00:51:54.210437 4059010 api_linter.go:195] validating API rule streaming_list_type_proto_tags for type github.com/kserve/kserve/pkg/apis/serving/v1beta1.StorageUri
I0904 00:51:54.210443 4059010 api_linter.go:108] validating API rules for type github.com/kserve/kserve/pkg/apis/serving/v1beta1.StorageUriPresentInTransformerError
I0904 00:51:54.210449 4059010 api_linter.go:195] validating API rule names_match for type github.com/kserve/kserve/pkg/apis/serving/v1beta1.StorageUriPresentInTransformerError
I0904 00:51:54.210454 4059010 api_linter.go:195] validating API rule omitempty_match_case for type github.com/kserve/kserve/pkg/apis/serving/v1beta1.StorageUriPresentInTransformerError
I0904 00:51:54.210460 4059010 api_linter.go:195] validating API rule list_type_missing for type github.com/kserve/kserve/pkg/apis/serving/v1beta1.StorageUriPresentInTransformerError
I0904 00:51:54.210465 4059010 api_linter.go:195] validating API rule streaming_list_type_field_order for type github.com/kserve/kserve/pkg/apis/serving/v1beta1.StorageUriPresentInTransformerError
I0904 00:51:54.210470 4059010 api_linter.go:195] validating API rule streaming_list_type_json_tags for type github.com/kserve/kserve/pkg/apis/serving/v1beta1.StorageUriPresentInTransformerError
I0904 00:51:54.210475 4059010 api_linter.go:195] validating API rule streaming_list_type_proto_tags for type github.com/kserve/kserve/pkg/apis/serving/v1beta1.StorageUriPresentInTransformerError
I0904 00:51:54.210481 4059010 api_linter.go:108] validating API rules for type github.com/kserve/kserve/pkg/apis/serving/v1beta1.SupportedStorageSpecURIPrefixList
I0904 00:51:54.210487 4059010 api_linter.go:195] validating API rule names_match for type github.com/kserve/kserve/pkg/apis/serving/v1beta1.SupportedStorageSpecURIPrefixList
I0904 00:51:54.210492 4059010 api_linter.go:195] validating API rule omitempty_match_case for type github.com/kserve/kserve/pkg/apis/serving/v1beta1.SupportedStorageSpecURIPrefixList
I0904 00:51:54.210497 4059010 api_linter.go:195] validating API rule list_type_missing for type github.com/kserve/kserve/pkg/apis/serving/v1beta1.SupportedStorageSpecURIPrefixList
I0904 00:51:54.210503 4059010 api_linter.go:195] validating API rule streaming_list_type_field_order for type github.com/kserve/kserve/pkg/apis/serving/v1beta1.SupportedStorageSpecURIPrefixList
I0904 00:51:54.210508 4059010 api_linter.go:195] validating API rule streaming_list_type_json_tags for type github.com/kserve/kserve/pkg/apis/serving/v1beta1.SupportedStorageSpecURIPrefixList
I0904 00:51:54.210514 4059010 api_linter.go:195] validating API rule streaming_list_type_proto_tags for type github.com/kserve/kserve/pkg/apis/serving/v1beta1.SupportedStorageSpecURIPrefixList
I0904 00:51:54.210522 4059010 api_linter.go:108] validating API rules for type github.com/kserve/kserve/pkg/apis/serving/v1beta1.TFServingSpec
I0904 00:51:54.210528 4059010 api_linter.go:195] validating API rule names_match for type github.com/kserve/kserve/pkg/apis/serving/v1beta1.TFServingSpec
I0904 00:51:54.210535 4059010 api_linter.go:195] validating API rule omitempty_match_case for type github.com/kserve/kserve/pkg/apis/serving/v1beta1.TFServingSpec
I0904 00:51:54.210540 4059010 api_linter.go:195] validating API rule list_type_missing for type github.com/kserve/kserve/pkg/apis/serving/v1beta1.TFServingSpec
I0904 00:51:54.210546 4059010 api_linter.go:195] validating API rule streaming_list_type_field_order for type github.com/kserve/kserve/pkg/apis/serving/v1beta1.TFServingSpec
I0904 00:51:54.210552 4059010 api_linter.go:195] validating API rule streaming_list_type_json_tags for type github.com/kserve/kserve/pkg/apis/serving/v1beta1.TFServingSpec
I0904 00:51:54.210557 4059010 api_linter.go:195] validating API rule streaming_list_type_proto_tags for type github.com/kserve/kserve/pkg/apis/serving/v1beta1.TFServingSpec
I0904 00:51:54.210563 4059010 api_linter.go:108] validating API rules for type github.com/kserve/kserve/pkg/apis/serving/v1beta1.TensorflowEntrypointCommand
I0904 00:51:54.210569 4059010 api_linter.go:195] validating API rule names_match for type github.com/kserve/kserve/pkg/apis/serving/v1beta1.TensorflowEntrypointCommand
I0904 00:51:54.210575 4059010 api_linter.go:195] validating API rule omitempty_match_case for type github.com/kserve/kserve/pkg/apis/serving/v1beta1.TensorflowEntrypointCommand
I0904 00:51:54.210581 4059010 api_linter.go:195] validating API rule list_type_missing for type github.com/kserve/kserve/pkg/apis/serving/v1beta1.TensorflowEntrypointCommand
I0904 00:51:54.210586 4059010 api_linter.go:195] validating API rule streaming_list_type_field_order for type github.com/kserve/kserve/pkg/apis/serving/v1beta1.TensorflowEntrypointCommand
I0904 00:51:54.210591 4059010 api_linter.go:195] validating API rule streaming_list_type_json_tags for type github.com/kserve/kserve/pkg/apis/serving/v1beta1.TensorflowEntrypointCommand
I0904 00:51:54.210597 4059010 api_linter.go:195] validating API rule streaming_list_type_proto_tags for type github.com/kserve/kserve/pkg/apis/serving/v1beta1.TensorflowEntrypointCommand
I0904 00:51:54.210602 4059010 api_linter.go:108] validating API rules for type github.com/kserve/kserve/pkg/apis/serving/v1beta1.TensorflowServingGPUSuffix
I0904 00:51:54.210608 4059010 api_linter.go:195] validating API rule names_match for type github.com/kserve/kserve/pkg/apis/serving/v1beta1.TensorflowServingGPUSuffix
I0904 00:51:54.210613 4059010 api_linter.go:195] validating API rule omitempty_match_case for type github.com/kserve/kserve/pkg/apis/serving/v1beta1.TensorflowServingGPUSuffix
I0904 00:51:54.210620 4059010 api_linter.go:195] validating API rule list_type_missing for type github.com/kserve/kserve/pkg/apis/serving/v1beta1.TensorflowServingGPUSuffix
I0904 00:51:54.210626 4059010 api_linter.go:195] validating API rule streaming_list_type_field_order for type github.com/kserve/kserve/pkg/apis/serving/v1beta1.TensorflowServingGPUSuffix
I0904 00:51:54.210631 4059010 api_linter.go:195] validating API rule streaming_list_type_json_tags for type github.com/kserve/kserve/pkg/apis/serving/v1beta1.TensorflowServingGPUSuffix
I0904 00:51:54.210636 4059010 api_linter.go:195] validating API rule streaming_list_type_proto_tags for type github.com/kserve/kserve/pkg/apis/serving/v1beta1.TensorflowServingGPUSuffix
I0904 00:51:54.210642 4059010 api_linter.go:108] validating API rules for type github.com/kserve/kserve/pkg/apis/serving/v1beta1.TensorflowServingGRPCPort
I0904 00:51:54.210648 4059010 api_linter.go:195] validating API rule names_match for type github.com/kserve/kserve/pkg/apis/serving/v1beta1.TensorflowServingGRPCPort
I0904 00:51:54.210653 4059010 api_linter.go:195] validating API rule omitempty_match_case for type github.com/kserve/kserve/pkg/apis/serving/v1beta1.TensorflowServingGRPCPort
I0904 00:51:54.210662 4059010 api_linter.go:195] validating API rule list_type_missing for type github.com/kserve/kserve/pkg/apis/serving/v1beta1.TensorflowServingGRPCPort
I0904 00:51:54.210667 4059010 api_linter.go:195] validating API rule streaming_list_type_field_order for type github.com/kserve/kserve/pkg/apis/serving/v1beta1.TensorflowServingGRPCPort
I0904 00:51:54.210673 4059010 api_linter.go:195] validating API rule streaming_list_type_json_tags for type github.com/kserve/kserve/pkg/apis/serving/v1beta1.TensorflowServingGRPCPort
I0904 00:51:54.210678 4059010 api_linter.go:195] validating API rule streaming_list_type_proto_tags for type github.com/kserve/kserve/pkg/apis/serving/v1beta1.TensorflowServingGRPCPort
I0904 00:51:54.210684 4059010 api_linter.go:108] validating API rules for type github.com/kserve/kserve/pkg/apis/serving/v1beta1.TensorflowServingRestPort
I0904 00:51:54.210690 4059010 api_linter.go:195] validating API rule names_match for type github.com/kserve/kserve/pkg/apis/serving/v1beta1.TensorflowServingRestPort
I0904 00:51:54.210695 4059010 api_linter.go:195] validating API rule omitempty_match_case for type github.com/kserve/kserve/pkg/apis/serving/v1beta1.TensorflowServingRestPort
I0904 00:51:54.210701 4059010 api_linter.go:195] validating API rule list_type_missing for type github.com/kserve/kserve/pkg/apis/serving/v1beta1.TensorflowServingRestPort
I0904 00:51:54.210706 4059010 api_linter.go:195] validating API rule streaming_list_type_field_order for type github.com/kserve/kserve/pkg/apis/serving/v1beta1.TensorflowServingRestPort
I0904 00:51:54.210712 4059010 api_linter.go:195] validating API rule streaming_list_type_json_tags for type github.com/kserve/kserve/pkg/apis/serving/v1beta1.TensorflowServingRestPort
I0904 00:51:54.210717 4059010 api_linter.go:195] validating API rule streaming_list_type_proto_tags for type github.com/kserve/kserve/pkg/apis/serving/v1beta1.TensorflowServingRestPort
I0904 00:51:54.210722 4059010 api_linter.go:108] validating API rules for type github.com/kserve/kserve/pkg/apis/serving/v1beta1.TorchServeSpec
I0904 00:51:54.210728 4059010 api_linter.go:195] validating API rule names_match for type github.com/kserve/kserve/pkg/apis/serving/v1beta1.TorchServeSpec
I0904 00:51:54.210734 4059010 api_linter.go:195] validating API rule omitempty_match_case for type github.com/kserve/kserve/pkg/apis/serving/v1beta1.TorchServeSpec
I0904 00:51:54.210740 4059010 api_linter.go:195] validating API rule list_type_missing for type github.com/kserve/kserve/pkg/apis/serving/v1beta1.TorchServeSpec
I0904 00:51:54.210745 4059010 api_linter.go:195] validating API rule streaming_list_type_field_order for type github.com/kserve/kserve/pkg/apis/serving/v1beta1.TorchServeSpec
I0904 00:51:54.210751 4059010 api_linter.go:195] validating API rule streaming_list_type_json_tags for type github.com/kserve/kserve/pkg/apis/serving/v1beta1.TorchServeSpec
I0904 00:51:54.210756 4059010 api_linter.go:195] validating API rule streaming_list_type_proto_tags for type github.com/kserve/kserve/pkg/apis/serving/v1beta1.TorchServeSpec
I0904 00:51:54.210762 4059010 api_linter.go:108] validating API rules for type github.com/kserve/kserve/pkg/apis/serving/v1beta1.TransformerComponent
I0904 00:51:54.210768 4059010 api_linter.go:195] validating API rule names_match for type github.com/kserve/kserve/pkg/apis/serving/v1beta1.TransformerComponent
I0904 00:51:54.210773 4059010 api_linter.go:195] validating API rule omitempty_match_case for type github.com/kserve/kserve/pkg/apis/serving/v1beta1.TransformerComponent
I0904 00:51:54.210779 4059010 api_linter.go:195] validating API rule list_type_missing for type github.com/kserve/kserve/pkg/apis/serving/v1beta1.TransformerComponent
I0904 00:51:54.210785 4059010 api_linter.go:195] validating API rule streaming_list_type_field_order for type github.com/kserve/kserve/pkg/apis/serving/v1beta1.TransformerComponent
I0904 00:51:54.210790 4059010 api_linter.go:195] validating API rule streaming_list_type_json_tags for type github.com/kserve/kserve/pkg/apis/serving/v1beta1.TransformerComponent
I0904 00:51:54.210798 4059010 api_linter.go:195] validating API rule streaming_list_type_proto_tags for type github.com/kserve/kserve/pkg/apis/serving/v1beta1.TransformerComponent
I0904 00:51:54.210804 4059010 api_linter.go:108] validating API rules for type github.com/kserve/kserve/pkg/apis/serving/v1beta1.TransformerConfigurationReady
I0904 00:51:54.210809 4059010 api_linter.go:195] validating API rule names_match for type github.com/kserve/kserve/pkg/apis/serving/v1beta1.TransformerConfigurationReady
I0904 00:51:54.210815 4059010 api_linter.go:195] validating API rule omitempty_match_case for type github.com/kserve/kserve/pkg/apis/serving/v1beta1.TransformerConfigurationReady
I0904 00:51:54.210821 4059010 api_linter.go:195] validating API rule list_type_missing for type github.com/kserve/kserve/pkg/apis/serving/v1beta1.TransformerConfigurationReady
I0904 00:51:54.210826 4059010 api_linter.go:195] validating API rule streaming_list_type_field_order for type github.com/kserve/kserve/pkg/apis/serving/v1beta1.TransformerConfigurationReady
I0904 00:51:54.210832 4059010 api_linter.go:195] validating API rule streaming_list_type_json_tags for type github.com/kserve/kserve/pkg/apis/serving/v1beta1.TransformerConfigurationReady
I0904 00:51:54.210837 4059010 api_linter.go:195] validating API rule streaming_list_type_proto_tags for type github.com/kserve/kserve/pkg/apis/serving/v1beta1.TransformerConfigurationReady
I0904 00:51:54.210842 4059010 api_linter.go:108] validating API rules for type github.com/kserve/kserve/pkg/apis/serving/v1beta1.TransformerReady
I0904 00:51:54.210848 4059010 api_linter.go:195] validating API rule names_match for type github.com/kserve/kserve/pkg/apis/serving/v1beta1.TransformerReady
I0904 00:51:54.210854 4059010 api_linter.go:195] validating API rule omitempty_match_case for type github.com/kserve/kserve/pkg/apis/serving/v1beta1.TransformerReady
I0904 00:51:54.210860 4059010 api_linter.go:195] validating API rule list_type_missing for type github.com/kserve/kserve/pkg/apis/serving/v1beta1.TransformerReady
I0904 00:51:54.210865 4059010 api_linter.go:195] validating API rule streaming_list_type_field_order for type github.com/kserve/kserve/pkg/apis/serving/v1beta1.TransformerReady
I0904 00:51:54.210870 4059010 api_linter.go:195] validating API rule streaming_list_type_json_tags for type github.com/kserve/kserve/pkg/apis/serving/v1beta1.TransformerReady
I0904 00:51:54.210876 4059010 api_linter.go:195] validating API rule streaming_list_type_proto_tags for type github.com/kserve/kserve/pkg/apis/serving/v1beta1.TransformerReady
I0904 00:51:54.210881 4059010 api_linter.go:108] validating API rules for type github.com/kserve/kserve/pkg/apis/serving/v1beta1.TransformerRouteReady
I0904 00:51:54.210887 4059010 api_linter.go:195] validating API rule names_match for type github.com/kserve/kserve/pkg/apis/serving/v1beta1.TransformerRouteReady
I0904 00:51:54.210892 4059010 api_linter.go:195] validating API rule omitempty_match_case for type github.com/kserve/kserve/pkg/apis/serving/v1beta1.TransformerRouteReady
I0904 00:51:54.210897 4059010 api_linter.go:195] validating API rule list_type_missing for type github.com/kserve/kserve/pkg/apis/serving/v1beta1.TransformerRouteReady
I0904 00:51:54.210903 4059010 api_linter.go:195] validating API rule streaming_list_type_field_order for type github.com/kserve/kserve/pkg/apis/serving/v1beta1.TransformerRouteReady
I0904 00:51:54.210909 4059010 api_linter.go:195] validating API rule streaming_list_type_json_tags for type github.com/kserve/kserve/pkg/apis/serving/v1beta1.TransformerRouteReady
I0904 00:51:54.210914 4059010 api_linter.go:195] validating API rule streaming_list_type_proto_tags for type github.com/kserve/kserve/pkg/apis/serving/v1beta1.TransformerRouteReady
I0904 00:51:54.210919 4059010 api_linter.go:108] validating API rules for type github.com/kserve/kserve/pkg/apis/serving/v1beta1.TransformerSpec
I0904 00:51:54.210925 4059010 api_linter.go:195] validating API rule names_match for type github.com/kserve/kserve/pkg/apis/serving/v1beta1.TransformerSpec
I0904 00:51:54.210938 4059010 api_linter.go:195] validating API rule omitempty_match_case for type github.com/kserve/kserve/pkg/apis/serving/v1beta1.TransformerSpec
I0904 00:51:54.210949 4059010 api_linter.go:195] validating API rule list_type_missing for type github.com/kserve/kserve/pkg/apis/serving/v1beta1.TransformerSpec
I0904 00:51:54.210957 4059010 api_linter.go:195] validating API rule streaming_list_type_field_order for type github.com/kserve/kserve/pkg/apis/serving/v1beta1.TransformerSpec
I0904 00:51:54.210962 4059010 api_linter.go:195] validating API rule streaming_list_type_json_tags for type github.com/kserve/kserve/pkg/apis/serving/v1beta1.TransformerSpec
I0904 00:51:54.210967 4059010 api_linter.go:195] validating API rule streaming_list_type_proto_tags for type github.com/kserve/kserve/pkg/apis/serving/v1beta1.TransformerSpec
I0904 00:51:54.210973 4059010 api_linter.go:108] validating API rules for type github.com/kserve/kserve/pkg/apis/serving/v1beta1.TransitionStatus
I0904 00:51:54.210979 4059010 api_linter.go:195] validating API rule names_match for type github.com/kserve/kserve/pkg/apis/serving/v1beta1.TransitionStatus
I0904 00:51:54.210984 4059010 api_linter.go:195] validating API rule omitempty_match_case for type github.com/kserve/kserve/pkg/apis/serving/v1beta1.TransitionStatus
I0904 00:51:54.210990 4059010 api_linter.go:195] validating API rule list_type_missing for type github.com/kserve/kserve/pkg/apis/serving/v1beta1.TransitionStatus
I0904 00:51:54.210995 4059010 api_linter.go:195] validating API rule streaming_list_type_field_order for type github.com/kserve/kserve/pkg/apis/serving/v1beta1.TransitionStatus
I0904 00:51:54.211001 4059010 api_linter.go:195] validating API rule streaming_list_type_json_tags for type github.com/kserve/kserve/pkg/apis/serving/v1beta1.TransitionStatus
I0904 00:51:54.211007 4059010 api_linter.go:195] validating API rule streaming_list_type_proto_tags for type github.com/kserve/kserve/pkg/apis/serving/v1beta1.TransitionStatus
I0904 00:51:54.211012 4059010 api_linter.go:108] validating API rules for type github.com/kserve/kserve/pkg/apis/serving/v1beta1.TritonSpec
I0904 00:51:54.211018 4059010 api_linter.go:195] validating API rule names_match for type github.com/kserve/kserve/pkg/apis/serving/v1beta1.TritonSpec
I0904 00:51:54.211023 4059010 api_linter.go:195] validating API rule omitempty_match_case for type github.com/kserve/kserve/pkg/apis/serving/v1beta1.TritonSpec
I0904 00:51:54.211029 4059010 api_linter.go:195] validating API rule list_type_missing for type github.com/kserve/kserve/pkg/apis/serving/v1beta1.TritonSpec
I0904 00:51:54.211035 4059010 api_linter.go:195] validating API rule streaming_list_type_field_order for type github.com/kserve/kserve/pkg/apis/serving/v1beta1.TritonSpec
I0904 00:51:54.211041 4059010 api_linter.go:195] validating API rule streaming_list_type_json_tags for type github.com/kserve/kserve/pkg/apis/serving/v1beta1.TritonSpec
I0904 00:51:54.211046 4059010 api_linter.go:195] validating API rule streaming_list_type_proto_tags for type github.com/kserve/kserve/pkg/apis/serving/v1beta1.TritonSpec
I0904 00:51:54.211052 4059010 api_linter.go:108] validating API rules for type github.com/kserve/kserve/pkg/apis/serving/v1beta1.UnsupportedStorageSpecFormatError
I0904 00:51:54.211057 4059010 api_linter.go:195] validating API rule names_match for type github.com/kserve/kserve/pkg/apis/serving/v1beta1.UnsupportedStorageSpecFormatError
I0904 00:51:54.211063 4059010 api_linter.go:195] validating API rule omitempty_match_case for type github.com/kserve/kserve/pkg/apis/serving/v1beta1.UnsupportedStorageSpecFormatError
I0904 00:51:54.211068 4059010 api_linter.go:195] validating API rule list_type_missing for type github.com/kserve/kserve/pkg/apis/serving/v1beta1.UnsupportedStorageSpecFormatError
I0904 00:51:54.211074 4059010 api_linter.go:195] validating API rule streaming_list_type_field_order for type github.com/kserve/kserve/pkg/apis/serving/v1beta1.UnsupportedStorageSpecFormatError
I0904 00:51:54.211079 4059010 api_linter.go:195] validating API rule streaming_list_type_json_tags for type github.com/kserve/kserve/pkg/apis/serving/v1beta1.UnsupportedStorageSpecFormatError
I0904 00:51:54.211088 4059010 api_linter.go:195] validating API rule streaming_list_type_proto_tags for type github.com/kserve/kserve/pkg/apis/serving/v1beta1.UnsupportedStorageSpecFormatError
I0904 00:51:54.211093 4059010 api_linter.go:108] validating API rules for type github.com/kserve/kserve/pkg/apis/serving/v1beta1.UnsupportedStorageURIFormatError
I0904 00:51:54.211099 4059010 api_linter.go:195] validating API rule names_match for type github.com/kserve/kserve/pkg/apis/serving/v1beta1.UnsupportedStorageURIFormatError
I0904 00:51:54.211105 4059010 api_linter.go:195] validating API rule omitempty_match_case for type github.com/kserve/kserve/pkg/apis/serving/v1beta1.UnsupportedStorageURIFormatError
I0904 00:51:54.211110 4059010 api_linter.go:195] validating API rule list_type_missing for type github.com/kserve/kserve/pkg/apis/serving/v1beta1.UnsupportedStorageURIFormatError
I0904 00:51:54.211116 4059010 api_linter.go:195] validating API rule streaming_list_type_field_order for type github.com/kserve/kserve/pkg/apis/serving/v1beta1.UnsupportedStorageURIFormatError
I0904 00:51:54.211121 4059010 api_linter.go:195] validating API rule streaming_list_type_json_tags for type github.com/kserve/kserve/pkg/apis/serving/v1beta1.UnsupportedStorageURIFormatError
I0904 00:51:54.211127 4059010 api_linter.go:195] validating API rule streaming_list_type_proto_tags for type github.com/kserve/kserve/pkg/apis/serving/v1beta1.UnsupportedStorageURIFormatError
I0904 00:51:54.211132 4059010 api_linter.go:108] validating API rules for type github.com/kserve/kserve/pkg/apis/serving/v1beta1.UpToDate
I0904 00:51:54.211138 4059010 api_linter.go:195] validating API rule names_match for type github.com/kserve/kserve/pkg/apis/serving/v1beta1.UpToDate
I0904 00:51:54.211144 4059010 api_linter.go:195] validating API rule omitempty_match_case for type github.com/kserve/kserve/pkg/apis/serving/v1beta1.UpToDate
I0904 00:51:54.211149 4059010 api_linter.go:195] validating API rule list_type_missing for type github.com/kserve/kserve/pkg/apis/serving/v1beta1.UpToDate
I0904 00:51:54.211155 4059010 api_linter.go:195] validating API rule streaming_list_type_field_order for type github.com/kserve/kserve/pkg/apis/serving/v1beta1.UpToDate
I0904 00:51:54.211160 4059010 api_linter.go:195] validating API rule streaming_list_type_json_tags for type github.com/kserve/kserve/pkg/apis/serving/v1beta1.UpToDate
I0904 00:51:54.211165 4059010 api_linter.go:195] validating API rule streaming_list_type_proto_tags for type github.com/kserve/kserve/pkg/apis/serving/v1beta1.UpToDate
I0904 00:51:54.211171 4059010 api_linter.go:108] validating API rules for type github.com/kserve/kserve/pkg/apis/serving/v1beta1.UtilizationMetricType
I0904 00:51:54.211176 4059010 api_linter.go:195] validating API rule names_match for type github.com/kserve/kserve/pkg/apis/serving/v1beta1.UtilizationMetricType
I0904 00:51:54.211182 4059010 api_linter.go:195] validating API rule omitempty_match_case for type github.com/kserve/kserve/pkg/apis/serving/v1beta1.UtilizationMetricType
I0904 00:51:54.211188 4059010 api_linter.go:195] validating API rule list_type_missing for type github.com/kserve/kserve/pkg/apis/serving/v1beta1.UtilizationMetricType
I0904 00:51:54.211208 4059010 api_linter.go:195] validating API rule streaming_list_type_field_order for type github.com/kserve/kserve/pkg/apis/serving/v1beta1.UtilizationMetricType
I0904 00:51:54.211221 4059010 api_linter.go:195] validating API rule streaming_list_type_json_tags for type github.com/kserve/kserve/pkg/apis/serving/v1beta1.UtilizationMetricType
I0904 00:51:54.211229 4059010 api_linter.go:195] validating API rule streaming_list_type_proto_tags for type github.com/kserve/kserve/pkg/apis/serving/v1beta1.UtilizationMetricType
I0904 00:51:54.211238 4059010 api_linter.go:108] validating API rules for type github.com/kserve/kserve/pkg/apis/serving/v1beta1.V1ServiceEnvelope
I0904 00:51:54.211247 4059010 api_linter.go:195] validating API rule names_match for type github.com/kserve/kserve/pkg/apis/serving/v1beta1.V1ServiceEnvelope
I0904 00:51:54.211258 4059010 api_linter.go:195] validating API rule omitempty_match_case for type github.com/kserve/kserve/pkg/apis/serving/v1beta1.V1ServiceEnvelope
I0904 00:51:54.211264 4059010 api_linter.go:195] validating API rule list_type_missing for type github.com/kserve/kserve/pkg/apis/serving/v1beta1.V1ServiceEnvelope
I0904 00:51:54.211269 4059010 api_linter.go:195] validating API rule streaming_list_type_field_order for type github.com/kserve/kserve/pkg/apis/serving/v1beta1.V1ServiceEnvelope
I0904 00:51:54.211276 4059010 api_linter.go:195] validating API rule streaming_list_type_json_tags for type github.com/kserve/kserve/pkg/apis/serving/v1beta1.V1ServiceEnvelope
I0904 00:51:54.211281 4059010 api_linter.go:195] validating API rule streaming_list_type_proto_tags for type github.com/kserve/kserve/pkg/apis/serving/v1beta1.V1ServiceEnvelope
I0904 00:51:54.211287 4059010 api_linter.go:108] validating API rules for type github.com/kserve/kserve/pkg/apis/serving/v1beta1.V2ServiceEnvelope
I0904 00:51:54.211293 4059010 api_linter.go:195] validating API rule names_match for type github.com/kserve/kserve/pkg/apis/serving/v1beta1.V2ServiceEnvelope
I0904 00:51:54.211299 4059010 api_linter.go:195] validating API rule omitempty_match_case for type github.com/kserve/kserve/pkg/apis/serving/v1beta1.V2ServiceEnvelope
I0904 00:51:54.211305 4059010 api_linter.go:195] validating API rule list_type_missing for type github.com/kserve/kserve/pkg/apis/serving/v1beta1.V2ServiceEnvelope
I0904 00:51:54.211310 4059010 api_linter.go:195] validating API rule streaming_list_type_field_order for type github.com/kserve/kserve/pkg/apis/serving/v1beta1.V2ServiceEnvelope
I0904 00:51:54.211316 4059010 api_linter.go:195] validating API rule streaming_list_type_json_tags for type github.com/kserve/kserve/pkg/apis/serving/v1beta1.V2ServiceEnvelope
I0904 00:51:54.211322 4059010 api_linter.go:195] validating API rule streaming_list_type_proto_tags for type github.com/kserve/kserve/pkg/apis/serving/v1beta1.V2ServiceEnvelope
I0904 00:51:54.211327 4059010 api_linter.go:108] validating API rules for type github.com/kserve/kserve/pkg/apis/serving/v1beta1.ValueMetricType
I0904 00:51:54.211333 4059010 api_linter.go:195] validating API rule names_match for type github.com/kserve/kserve/pkg/apis/serving/v1beta1.ValueMetricType
I0904 00:51:54.211339 4059010 api_linter.go:195] validating API rule omitempty_match_case for type github.com/kserve/kserve/pkg/apis/serving/v1beta1.ValueMetricType
I0904 00:51:54.211345 4059010 api_linter.go:195] validating API rule list_type_missing for type github.com/kserve/kserve/pkg/apis/serving/v1beta1.ValueMetricType
I0904 00:51:54.211350 4059010 api_linter.go:195] validating API rule streaming_list_type_field_order for type github.com/kserve/kserve/pkg/apis/serving/v1beta1.ValueMetricType
I0904 00:51:54.211355 4059010 api_linter.go:195] validating API rule streaming_list_type_json_tags for type github.com/kserve/kserve/pkg/apis/serving/v1beta1.ValueMetricType
I0904 00:51:54.211361 4059010 api_linter.go:195] validating API rule streaming_list_type_proto_tags for type github.com/kserve/kserve/pkg/apis/serving/v1beta1.ValueMetricType
I0904 00:51:54.211367 4059010 api_linter.go:108] validating API rules for type github.com/kserve/kserve/pkg/apis/serving/v1beta1.WorkerSpec
I0904 00:51:54.211373 4059010 api_linter.go:195] validating API rule names_match for type github.com/kserve/kserve/pkg/apis/serving/v1beta1.WorkerSpec
I0904 00:51:54.211380 4059010 api_linter.go:195] validating API rule omitempty_match_case for type github.com/kserve/kserve/pkg/apis/serving/v1beta1.WorkerSpec
I0904 00:51:54.211387 4059010 api_linter.go:195] validating API rule list_type_missing for type github.com/kserve/kserve/pkg/apis/serving/v1beta1.WorkerSpec
I0904 00:51:54.211393 4059010 api_linter.go:195] validating API rule streaming_list_type_field_order for type github.com/kserve/kserve/pkg/apis/serving/v1beta1.WorkerSpec
I0904 00:51:54.211399 4059010 api_linter.go:195] validating API rule streaming_list_type_json_tags for type github.com/kserve/kserve/pkg/apis/serving/v1beta1.WorkerSpec
I0904 00:51:54.211407 4059010 api_linter.go:195] validating API rule streaming_list_type_proto_tags for type github.com/kserve/kserve/pkg/apis/serving/v1beta1.WorkerSpec
I0904 00:51:54.211413 4059010 api_linter.go:108] validating API rules for type github.com/kserve/kserve/pkg/apis/serving/v1beta1.XGBoostSpec
I0904 00:51:54.211423 4059010 api_linter.go:195] validating API rule names_match for type github.com/kserve/kserve/pkg/apis/serving/v1beta1.XGBoostSpec
I0904 00:51:54.211429 4059010 api_linter.go:195] validating API rule omitempty_match_case for type github.com/kserve/kserve/pkg/apis/serving/v1beta1.XGBoostSpec
I0904 00:51:54.211435 4059010 api_linter.go:195] validating API rule list_type_missing for type github.com/kserve/kserve/pkg/apis/serving/v1beta1.XGBoostSpec
I0904 00:51:54.211441 4059010 api_linter.go:195] validating API rule streaming_list_type_field_order for type github.com/kserve/kserve/pkg/apis/serving/v1beta1.XGBoostSpec
I0904 00:51:54.211447 4059010 api_linter.go:195] validating API rule streaming_list_type_json_tags for type github.com/kserve/kserve/pkg/apis/serving/v1beta1.XGBoostSpec
I0904 00:51:54.211452 4059010 api_linter.go:195] validating API rule streaming_list_type_proto_tags for type github.com/kserve/kserve/pkg/apis/serving/v1beta1.XGBoostSpec
I0904 00:51:54.211458 4059010 api_linter.go:108] validating API rules for type github.com/kserve/kserve/pkg/apis/serving/v1beta1.allStatusesTrue
I0904 00:51:54.211463 4059010 api_linter.go:195] validating API rule names_match for type github.com/kserve/kserve/pkg/apis/serving/v1beta1.allStatusesTrue
I0904 00:51:54.211469 4059010 api_linter.go:195] validating API rule omitempty_match_case for type github.com/kserve/kserve/pkg/apis/serving/v1beta1.allStatusesTrue
I0904 00:51:54.211474 4059010 api_linter.go:195] validating API rule list_type_missing for type github.com/kserve/kserve/pkg/apis/serving/v1beta1.allStatusesTrue
I0904 00:51:54.211479 4059010 api_linter.go:195] validating API rule streaming_list_type_field_order for type github.com/kserve/kserve/pkg/apis/serving/v1beta1.allStatusesTrue
I0904 00:51:54.211485 4059010 api_linter.go:195] validating API rule streaming_list_type_json_tags for type github.com/kserve/kserve/pkg/apis/serving/v1beta1.allStatusesTrue
I0904 00:51:54.211490 4059010 api_linter.go:195] validating API rule streaming_list_type_proto_tags for type github.com/kserve/kserve/pkg/apis/serving/v1beta1.allStatusesTrue
I0904 00:51:54.211496 4059010 api_linter.go:108] validating API rules for type github.com/kserve/kserve/pkg/apis/serving/v1beta1.conditionSet
I0904 00:51:54.211501 4059010 api_linter.go:195] validating API rule names_match for type github.com/kserve/kserve/pkg/apis/serving/v1beta1.conditionSet
I0904 00:51:54.211507 4059010 api_linter.go:195] validating API rule omitempty_match_case for type github.com/kserve/kserve/pkg/apis/serving/v1beta1.conditionSet
I0904 00:51:54.211513 4059010 api_linter.go:195] validating API rule list_type_missing for type github.com/kserve/kserve/pkg/apis/serving/v1beta1.conditionSet
I0904 00:51:54.211518 4059010 api_linter.go:195] validating API rule streaming_list_type_field_order for type github.com/kserve/kserve/pkg/apis/serving/v1beta1.conditionSet
I0904 00:51:54.211524 4059010 api_linter.go:195] validating API rule streaming_list_type_json_tags for type github.com/kserve/kserve/pkg/apis/serving/v1beta1.conditionSet
I0904 00:51:54.211529 4059010 api_linter.go:195] validating API rule streaming_list_type_proto_tags for type github.com/kserve/kserve/pkg/apis/serving/v1beta1.conditionSet
I0904 00:51:54.211534 4059010 api_linter.go:108] validating API rules for type github.com/kserve/kserve/pkg/apis/serving/v1beta1.conditionsMapIndex
I0904 00:51:54.211540 4059010 api_linter.go:195] validating API rule names_match for type github.com/kserve/kserve/pkg/apis/serving/v1beta1.conditionsMapIndex
I0904 00:51:54.211546 4059010 api_linter.go:195] validating API rule omitempty_match_case for type github.com/kserve/kserve/pkg/apis/serving/v1beta1.conditionsMapIndex
I0904 00:51:54.211555 4059010 api_linter.go:195] validating API rule list_type_missing for type github.com/kserve/kserve/pkg/apis/serving/v1beta1.conditionsMapIndex
I0904 00:51:54.211561 4059010 api_linter.go:195] validating API rule streaming_list_type_field_order for type github.com/kserve/kserve/pkg/apis/serving/v1beta1.conditionsMapIndex
I0904 00:51:54.211566 4059010 api_linter.go:195] validating API rule streaming_list_type_json_tags for type github.com/kserve/kserve/pkg/apis/serving/v1beta1.conditionsMapIndex
I0904 00:51:54.211571 4059010 api_linter.go:195] validating API rule streaming_list_type_proto_tags for type github.com/kserve/kserve/pkg/apis/serving/v1beta1.conditionsMapIndex
I0904 00:51:54.211577 4059010 api_linter.go:108] validating API rules for type github.com/kserve/kserve/pkg/apis/serving/v1beta1.configurationConditionsMap
I0904 00:51:54.211583 4059010 api_linter.go:195] validating API rule names_match for type github.com/kserve/kserve/pkg/apis/serving/v1beta1.configurationConditionsMap
I0904 00:51:54.211588 4059010 api_linter.go:195] validating API rule omitempty_match_case for type github.com/kserve/kserve/pkg/apis/serving/v1beta1.configurationConditionsMap
I0904 00:51:54.211594 4059010 api_linter.go:195] validating API rule list_type_missing for type github.com/kserve/kserve/pkg/apis/serving/v1beta1.configurationConditionsMap
I0904 00:51:54.211599 4059010 api_linter.go:195] validating API rule streaming_list_type_field_order for type github.com/kserve/kserve/pkg/apis/serving/v1beta1.configurationConditionsMap
I0904 00:51:54.211605 4059010 api_linter.go:195] validating API rule streaming_list_type_json_tags for type github.com/kserve/kserve/pkg/apis/serving/v1beta1.configurationConditionsMap
I0904 00:51:54.211610 4059010 api_linter.go:195] validating API rule streaming_list_type_proto_tags for type github.com/kserve/kserve/pkg/apis/serving/v1beta1.configurationConditionsMap
I0904 00:51:54.211616 4059010 api_linter.go:108] validating API rules for type github.com/kserve/kserve/pkg/apis/serving/v1beta1.countReadyPods
I0904 00:51:54.211621 4059010 api_linter.go:195] validating API rule names_match for type github.com/kserve/kserve/pkg/apis/serving/v1beta1.countReadyPods
I0904 00:51:54.211626 4059010 api_linter.go:195] validating API rule omitempty_match_case for type github.com/kserve/kserve/pkg/apis/serving/v1beta1.countReadyPods
I0904 00:51:54.211632 4059010 api_linter.go:195] validating API rule list_type_missing for type github.com/kserve/kserve/pkg/apis/serving/v1beta1.countReadyPods
I0904 00:51:54.211637 4059010 api_linter.go:195] validating API rule streaming_list_type_field_order for type github.com/kserve/kserve/pkg/apis/serving/v1beta1.countReadyPods
I0904 00:51:54.211642 4059010 api_linter.go:195] validating API rule streaming_list_type_json_tags for type github.com/kserve/kserve/pkg/apis/serving/v1beta1.countReadyPods
I0904 00:51:54.211648 4059010 api_linter.go:195] validating API rule streaming_list_type_proto_tags for type github.com/kserve/kserve/pkg/apis/serving/v1beta1.countReadyPods
I0904 00:51:54.211653 4059010 api_linter.go:108] validating API rules for type github.com/kserve/kserve/pkg/apis/serving/v1beta1.customTransformerLogger
I0904 00:51:54.211659 4059010 api_linter.go:195] validating API rule names_match for type github.com/kserve/kserve/pkg/apis/serving/v1beta1.customTransformerLogger
I0904 00:51:54.211664 4059010 api_linter.go:195] validating API rule omitempty_match_case for type github.com/kserve/kserve/pkg/apis/serving/v1beta1.customTransformerLogger
I0904 00:51:54.211670 4059010 api_linter.go:195] validating API rule list_type_missing for type github.com/kserve/kserve/pkg/apis/serving/v1beta1.customTransformerLogger
I0904 00:51:54.211676 4059010 api_linter.go:195] validating API rule streaming_list_type_field_order for type github.com/kserve/kserve/pkg/apis/serving/v1beta1.customTransformerLogger
I0904 00:51:54.211682 4059010 api_linter.go:195] validating API rule streaming_list_type_json_tags for type github.com/kserve/kserve/pkg/apis/serving/v1beta1.customTransformerLogger
I0904 00:51:54.211690 4059010 api_linter.go:195] validating API rule streaming_list_type_proto_tags for type github.com/kserve/kserve/pkg/apis/serving/v1beta1.customTransformerLogger
I0904 00:51:54.211696 4059010 api_linter.go:108] validating API rules for type github.com/kserve/kserve/pkg/apis/serving/v1beta1.deleteLocalModelMetadata
I0904 00:51:54.211701 4059010 api_linter.go:195] validating API rule names_match for type github.com/kserve/kserve/pkg/apis/serving/v1beta1.deleteLocalModelMetadata
I0904 00:51:54.211707 4059010 api_linter.go:195] validating API rule omitempty_match_case for type github.com/kserve/kserve/pkg/apis/serving/v1beta1.deleteLocalModelMetadata
I0904 00:51:54.211712 4059010 api_linter.go:195] validating API rule list_type_missing for type github.com/kserve/kserve/pkg/apis/serving/v1beta1.deleteLocalModelMetadata
I0904 00:51:54.211719 4059010 api_linter.go:195] validating API rule streaming_list_type_field_order for type github.com/kserve/kserve/pkg/apis/serving/v1beta1.deleteLocalModelMetadata
I0904 00:51:54.211724 4059010 api_linter.go:195] validating API rule streaming_list_type_json_tags for type github.com/kserve/kserve/pkg/apis/serving/v1beta1.deleteLocalModelMetadata
I0904 00:51:54.211729 4059010 api_linter.go:195] validating API rule streaming_list_type_proto_tags for type github.com/kserve/kserve/pkg/apis/serving/v1beta1.deleteLocalModelMetadata
I0904 00:51:54.211735 4059010 api_linter.go:108] validating API rules for type github.com/kserve/kserve/pkg/apis/serving/v1beta1.disableAutomountServiceAccountToken
I0904 00:51:54.211741 4059010 api_linter.go:195] validating API rule names_match for type github.com/kserve/kserve/pkg/apis/serving/v1beta1.disableAutomountServiceAccountToken
I0904 00:51:54.211747 4059010 api_linter.go:195] validating API rule omitempty_match_case for type github.com/kserve/kserve/pkg/apis/serving/v1beta1.disableAutomountServiceAccountToken
I0904 00:51:54.211753 4059010 api_linter.go:195] validating API rule list_type_missing for type github.com/kserve/kserve/pkg/apis/serving/v1beta1.disableAutomountServiceAccountToken
I0904 00:51:54.211758 4059010 api_linter.go:195] validating API rule streaming_list_type_field_order for type github.com/kserve/kserve/pkg/apis/serving/v1beta1.disableAutomountServiceAccountToken
I0904 00:51:54.211764 4059010 api_linter.go:195] validating API rule streaming_list_type_json_tags for type github.com/kserve/kserve/pkg/apis/serving/v1beta1.disableAutomountServiceAccountToken
I0904 00:51:54.211769 4059010 api_linter.go:195] validating API rule streaming_list_type_proto_tags for type github.com/kserve/kserve/pkg/apis/serving/v1beta1.disableAutomountServiceAccountToken
I0904 00:51:54.211775 4059010 api_linter.go:108] validating API rules for type github.com/kserve/kserve/pkg/apis/serving/v1beta1.getComponentConfig
I0904 00:51:54.211780 4059010 api_linter.go:195] validating API rule names_match for type github.com/kserve/kserve/pkg/apis/serving/v1beta1.getComponentConfig
I0904 00:51:54.211785 4059010 api_linter.go:195] validating API rule omitempty_match_case for type github.com/kserve/kserve/pkg/apis/serving/v1beta1.getComponentConfig
I0904 00:51:54.211791 4059010 api_linter.go:195] validating API rule list_type_missing for type github.com/kserve/kserve/pkg/apis/serving/v1beta1.getComponentConfig
I0904 00:51:54.211796 4059010 api_linter.go:195] validating API rule streaming_list_type_field_order for type github.com/kserve/kserve/pkg/apis/serving/v1beta1.getComponentConfig
I0904 00:51:54.211801 4059010 api_linter.go:195] validating API rule streaming_list_type_json_tags for type github.com/kserve/kserve/pkg/apis/serving/v1beta1.getComponentConfig
I0904 00:51:54.211807 4059010 api_linter.go:195] validating API rule streaming_list_type_proto_tags for type github.com/kserve/kserve/pkg/apis/serving/v1beta1.getComponentConfig
I0904 00:51:54.211812 4059010 api_linter.go:108] validating API rules for type github.com/kserve/kserve/pkg/apis/serving/v1beta1.getDeploymentCondition
I0904 00:51:54.211821 4059010 api_linter.go:195] validating API rule names_match for type github.com/kserve/kserve/pkg/apis/serving/v1beta1.getDeploymentCondition
I0904 00:51:54.211826 4059010 api_linter.go:195] validating API rule omitempty_match_case for type github.com/kserve/kserve/pkg/apis/serving/v1beta1.getDeploymentCondition
I0904 00:51:54.211831 4059010 api_linter.go:195] validating API rule list_type_missing for type github.com/kserve/kserve/pkg/apis/serving/v1beta1.getDeploymentCondition
I0904 00:51:54.211837 4059010 api_linter.go:195] validating API rule streaming_list_type_field_order for type github.com/kserve/kserve/pkg/apis/serving/v1beta1.getDeploymentCondition
I0904 00:51:54.211842 4059010 api_linter.go:195] validating API rule streaming_list_type_json_tags for type github.com/kserve/kserve/pkg/apis/serving/v1beta1.getDeploymentCondition
I0904 00:51:54.211847 4059010 api_linter.go:195] validating API rule streaming_list_type_proto_tags for type github.com/kserve/kserve/pkg/apis/serving/v1beta1.getDeploymentCondition
I0904 00:51:54.211853 4059010 api_linter.go:108] validating API rules for type github.com/kserve/kserve/pkg/apis/serving/v1beta1.getPredictorStorageURI
I0904 00:51:54.211859 4059010 api_linter.go:195] validating API rule names_match for type github.com/kserve/kserve/pkg/apis/serving/v1beta1.getPredictorStorageURI
I0904 00:51:54.211864 4059010 api_linter.go:195] validating API rule omitempty_match_case for type github.com/kserve/kserve/pkg/apis/serving/v1beta1.getPredictorStorageURI
I0904 00:51:54.211870 4059010 api_linter.go:195] validating API rule list_type_missing for type github.com/kserve/kserve/pkg/apis/serving/v1beta1.getPredictorStorageURI
I0904 00:51:54.211875 4059010 api_linter.go:195] validating API rule streaming_list_type_field_order for type github.com/kserve/kserve/pkg/apis/serving/v1beta1.getPredictorStorageURI
I0904 00:51:54.211881 4059010 api_linter.go:195] validating API rule streaming_list_type_json_tags for type github.com/kserve/kserve/pkg/apis/serving/v1beta1.getPredictorStorageURI
I0904 00:51:54.211886 4059010 api_linter.go:195] validating API rule streaming_list_type_proto_tags for type github.com/kserve/kserve/pkg/apis/serving/v1beta1.getPredictorStorageURI
I0904 00:51:54.211892 4059010 api_linter.go:108] validating API rules for type github.com/kserve/kserve/pkg/apis/serving/v1beta1.mutatorLogger
I0904 00:51:54.211897 4059010 api_linter.go:195] validating API rule names_match for type github.com/kserve/kserve/pkg/apis/serving/v1beta1.mutatorLogger
I0904 00:51:54.211902 4059010 api_linter.go:195] validating API rule omitempty_match_case for type github.com/kserve/kserve/pkg/apis/serving/v1beta1.mutatorLogger
I0904 00:51:54.211908 4059010 api_linter.go:195] validating API rule list_type_missing for type github.com/kserve/kserve/pkg/apis/serving/v1beta1.mutatorLogger
I0904 00:51:54.211913 4059010 api_linter.go:195] validating API rule streaming_list_type_field_order for type github.com/kserve/kserve/pkg/apis/serving/v1beta1.mutatorLogger
I0904 00:51:54.211918 4059010 api_linter.go:195] validating API rule streaming_list_type_json_tags for type github.com/kserve/kserve/pkg/apis/serving/v1beta1.mutatorLogger
I0904 00:51:54.211923 4059010 api_linter.go:195] validating API rule streaming_list_type_proto_tags for type github.com/kserve/kserve/pkg/apis/serving/v1beta1.mutatorLogger
I0904 00:51:54.211929 4059010 api_linter.go:108] validating API rules for type github.com/kserve/kserve/pkg/apis/serving/v1beta1.predictorFrameworkContainer
I0904 00:51:54.211935 4059010 api_linter.go:195] validating API rule names_match for type github.com/kserve/kserve/pkg/apis/serving/v1beta1.predictorFrameworkContainer
I0904 00:51:54.211941 4059010 api_linter.go:195] validating API rule omitempty_match_case for type github.com/kserve/kserve/pkg/apis/serving/v1beta1.predictorFrameworkContainer
I0904 00:51:54.211946 4059010 api_linter.go:195] validating API rule list_type_missing for type github.com/kserve/kserve/pkg/apis/serving/v1beta1.predictorFrameworkContainer
I0904 00:51:54.211955 4059010 api_linter.go:195] validating API rule streaming_list_type_field_order for type github.com/kserve/kserve/pkg/apis/serving/v1beta1.predictorFrameworkContainer
I0904 00:51:54.211960 4059010 api_linter.go:195] validating API rule streaming_list_type_json_tags for type github.com/kserve/kserve/pkg/apis/serving/v1beta1.predictorFrameworkContainer
I0904 00:51:54.211965 4059010 api_linter.go:195] validating API rule streaming_list_type_proto_tags for type github.com/kserve/kserve/pkg/apis/serving/v1beta1.predictorFrameworkContainer
I0904 00:51:54.211971 4059010 api_linter.go:108] validating API rules for type github.com/kserve/kserve/pkg/apis/serving/v1beta1.readyConditionsMap
I0904 00:51:54.211976 4059010 api_linter.go:195] validating API rule names_match for type github.com/kserve/kserve/pkg/apis/serving/v1beta1.readyConditionsMap
I0904 00:51:54.211982 4059010 api_linter.go:195] validating API rule omitempty_match_case for type github.com/kserve/kserve/pkg/apis/serving/v1beta1.readyConditionsMap
I0904 00:51:54.211987 4059010 api_linter.go:195] validating API rule list_type_missing for type github.com/kserve/kserve/pkg/apis/serving/v1beta1.readyConditionsMap
I0904 00:51:54.211993 4059010 api_linter.go:195] validating API rule streaming_list_type_field_order for type github.com/kserve/kserve/pkg/apis/serving/v1beta1.readyConditionsMap
I0904 00:51:54.211998 4059010 api_linter.go:195] validating API rule streaming_list_type_json_tags for type github.com/kserve/kserve/pkg/apis/serving/v1beta1.readyConditionsMap
I0904 00:51:54.212003 4059010 api_linter.go:195] validating API rule streaming_list_type_proto_tags for type github.com/kserve/kserve/pkg/apis/serving/v1beta1.readyConditionsMap
I0904 00:51:54.212009 4059010 api_linter.go:108] validating API rules for type github.com/kserve/kserve/pkg/apis/serving/v1beta1.routeConditionsMap
I0904 00:51:54.212014 4059010 api_linter.go:195] validating API rule names_match for type github.com/kserve/kserve/pkg/apis/serving/v1beta1.routeConditionsMap
I0904 00:51:54.212020 4059010 api_linter.go:195] validating API rule omitempty_match_case for type github.com/kserve/kserve/pkg/apis/serving/v1beta1.routeConditionsMap
I0904 00:51:54.212025 4059010 api_linter.go:195] validating API rule list_type_missing for type github.com/kserve/kserve/pkg/apis/serving/v1beta1.routeConditionsMap
I0904 00:51:54.212031 4059010 api_linter.go:195] validating API rule streaming_list_type_field_order for type github.com/kserve/kserve/pkg/apis/serving/v1beta1.routeConditionsMap
I0904 00:51:54.212035 4059010 api_linter.go:195] validating API rule streaming_list_type_json_tags for type github.com/kserve/kserve/pkg/apis/serving/v1beta1.routeConditionsMap
I0904 00:51:54.212041 4059010 api_linter.go:195] validating API rule streaming_list_type_proto_tags for type github.com/kserve/kserve/pkg/apis/serving/v1beta1.routeConditionsMap
I0904 00:51:54.212046 4059010 api_linter.go:108] validating API rules for type github.com/kserve/kserve/pkg/apis/serving/v1beta1.setResourceRequirementDefaults
I0904 00:51:54.212052 4059010 api_linter.go:195] validating API rule names_match for type github.com/kserve/kserve/pkg/apis/serving/v1beta1.setResourceRequirementDefaults
I0904 00:51:54.212058 4059010 api_linter.go:195] validating API rule omitempty_match_case for type github.com/kserve/kserve/pkg/apis/serving/v1beta1.setResourceRequirementDefaults
I0904 00:51:54.212063 4059010 api_linter.go:195] validating API rule list_type_missing for type github.com/kserve/kserve/pkg/apis/serving/v1beta1.setResourceRequirementDefaults
I0904 00:51:54.212068 4059010 api_linter.go:195] validating API rule streaming_list_type_field_order for type github.com/kserve/kserve/pkg/apis/serving/v1beta1.setResourceRequirementDefaults
I0904 00:51:54.212073 4059010 api_linter.go:195] validating API rule streaming_list_type_json_tags for type github.com/kserve/kserve/pkg/apis/serving/v1beta1.setResourceRequirementDefaults
I0904 00:51:54.212078 4059010 api_linter.go:195] validating API rule streaming_list_type_proto_tags for type github.com/kserve/kserve/pkg/apis/serving/v1beta1.setResourceRequirementDefaults
I0904 00:51:54.212087 4059010 api_linter.go:108] validating API rules for type github.com/kserve/kserve/pkg/apis/serving/v1beta1.sortClusterServingRuntimeList
I0904 00:51:54.212092 4059010 api_linter.go:195] validating API rule names_match for type github.com/kserve/kserve/pkg/apis/serving/v1beta1.sortClusterServingRuntimeList
I0904 00:51:54.212098 4059010 api_linter.go:195] validating API rule omitempty_match_case for type github.com/kserve/kserve/pkg/apis/serving/v1beta1.sortClusterServingRuntimeList
I0904 00:51:54.212104 4059010 api_linter.go:195] validating API rule list_type_missing for type github.com/kserve/kserve/pkg/apis/serving/v1beta1.sortClusterServingRuntimeList
I0904 00:51:54.212109 4059010 api_linter.go:195] validating API rule streaming_list_type_field_order for type github.com/kserve/kserve/pkg/apis/serving/v1beta1.sortClusterServingRuntimeList
I0904 00:51:54.212115 4059010 api_linter.go:195] validating API rule streaming_list_type_json_tags for type github.com/kserve/kserve/pkg/apis/serving/v1beta1.sortClusterServingRuntimeList
I0904 00:51:54.212121 4059010 api_linter.go:195] validating API rule streaming_list_type_proto_tags for type github.com/kserve/kserve/pkg/apis/serving/v1beta1.sortClusterServingRuntimeList
I0904 00:51:54.212126 4059010 api_linter.go:108] validating API rules for type github.com/kserve/kserve/pkg/apis/serving/v1beta1.sortServingRuntimeList
I0904 00:51:54.212132 4059010 api_linter.go:195] validating API rule names_match for type github.com/kserve/kserve/pkg/apis/serving/v1beta1.sortServingRuntimeList
I0904 00:51:54.212137 4059010 api_linter.go:195] validating API rule omitempty_match_case for type github.com/kserve/kserve/pkg/apis/serving/v1beta1.sortServingRuntimeList
I0904 00:51:54.212143 4059010 api_linter.go:195] validating API rule list_type_missing for type github.com/kserve/kserve/pkg/apis/serving/v1beta1.sortServingRuntimeList
I0904 00:51:54.212148 4059010 api_linter.go:195] validating API rule streaming_list_type_field_order for type github.com/kserve/kserve/pkg/apis/serving/v1beta1.sortServingRuntimeList
I0904 00:51:54.212153 4059010 api_linter.go:195] validating API rule streaming_list_type_json_tags for type github.com/kserve/kserve/pkg/apis/serving/v1beta1.sortServingRuntimeList
I0904 00:51:54.212158 4059010 api_linter.go:195] validating API rule streaming_list_type_proto_tags for type github.com/kserve/kserve/pkg/apis/serving/v1beta1.sortServingRuntimeList
I0904 00:51:54.212164 4059010 api_linter.go:108] validating API rules for type github.com/kserve/kserve/pkg/apis/serving/v1beta1.sortSupportedRuntimeByPriority
I0904 00:51:54.212169 4059010 api_linter.go:195] validating API rule names_match for type github.com/kserve/kserve/pkg/apis/serving/v1beta1.sortSupportedRuntimeByPriority
I0904 00:51:54.212175 4059010 api_linter.go:195] validating API rule omitempty_match_case for type github.com/kserve/kserve/pkg/apis/serving/v1beta1.sortSupportedRuntimeByPriority
I0904 00:51:54.212181 4059010 api_linter.go:195] validating API rule list_type_missing for type github.com/kserve/kserve/pkg/apis/serving/v1beta1.sortSupportedRuntimeByPriority
I0904 00:51:54.212186 4059010 api_linter.go:195] validating API rule streaming_list_type_field_order for type github.com/kserve/kserve/pkg/apis/serving/v1beta1.sortSupportedRuntimeByPriority
I0904 00:51:54.212203 4059010 api_linter.go:195] validating API rule streaming_list_type_json_tags for type github.com/kserve/kserve/pkg/apis/serving/v1beta1.sortSupportedRuntimeByPriority
I0904 00:51:54.212216 4059010 api_linter.go:195] validating API rule streaming_list_type_proto_tags for type github.com/kserve/kserve/pkg/apis/serving/v1beta1.sortSupportedRuntimeByPriority
I0904 00:51:54.212225 4059010 api_linter.go:108] validating API rules for type github.com/kserve/kserve/pkg/apis/serving/v1beta1.stringSet
I0904 00:51:54.212233 4059010 api_linter.go:195] validating API rule names_match for type github.com/kserve/kserve/pkg/apis/serving/v1beta1.stringSet
I0904 00:51:54.212242 4059010 api_linter.go:195] validating API rule omitempty_match_case for type github.com/kserve/kserve/pkg/apis/serving/v1beta1.stringSet
I0904 00:51:54.212257 4059010 api_linter.go:195] validating API rule list_type_missing for type github.com/kserve/kserve/pkg/apis/serving/v1beta1.stringSet
I0904 00:51:54.212265 4059010 api_linter.go:195] validating API rule streaming_list_type_field_order for type github.com/kserve/kserve/pkg/apis/serving/v1beta1.stringSet
I0904 00:51:54.212270 4059010 api_linter.go:195] validating API rule streaming_list_type_json_tags for type github.com/kserve/kserve/pkg/apis/serving/v1beta1.stringSet
I0904 00:51:54.212276 4059010 api_linter.go:195] validating API rule streaming_list_type_proto_tags for type github.com/kserve/kserve/pkg/apis/serving/v1beta1.stringSet
I0904 00:51:54.212282 4059010 api_linter.go:108] validating API rules for type github.com/kserve/kserve/pkg/apis/serving/v1beta1.validateAutoScalingCompExtension
I0904 00:51:54.212287 4059010 api_linter.go:195] validating API rule names_match for type github.com/kserve/kserve/pkg/apis/serving/v1beta1.validateAutoScalingCompExtension
I0904 00:51:54.212293 4059010 api_linter.go:195] validating API rule omitempty_match_case for type github.com/kserve/kserve/pkg/apis/serving/v1beta1.validateAutoScalingCompExtension
I0904 00:51:54.212299 4059010 api_linter.go:195] validating API rule list_type_missing for type github.com/kserve/kserve/pkg/apis/serving/v1beta1.validateAutoScalingCompExtension
I0904 00:51:54.212304 4059010 api_linter.go:195] validating API rule streaming_list_type_field_order for type github.com/kserve/kserve/pkg/apis/serving/v1beta1.validateAutoScalingCompExtension
I0904 00:51:54.212309 4059010 api_linter.go:195] validating API rule streaming_list_type_json_tags for type github.com/kserve/kserve/pkg/apis/serving/v1beta1.validateAutoScalingCompExtension
I0904 00:51:54.212315 4059010 api_linter.go:195] validating API rule streaming_list_type_proto_tags for type github.com/kserve/kserve/pkg/apis/serving/v1beta1.validateAutoScalingCompExtension
I0904 00:51:54.212320 4059010 api_linter.go:108] validating API rules for type github.com/kserve/kserve/pkg/apis/serving/v1beta1.validateBlockedEnvVars
I0904 00:51:54.212326 4059010 api_linter.go:195] validating API rule names_match for type github.com/kserve/kserve/pkg/apis/serving/v1beta1.validateBlockedEnvVars
I0904 00:51:54.212332 4059010 api_linter.go:195] validating API rule omitempty_match_case for type github.com/kserve/kserve/pkg/apis/serving/v1beta1.validateBlockedEnvVars
I0904 00:51:54.212338 4059010 api_linter.go:195] validating API rule list_type_missing for type github.com/kserve/kserve/pkg/apis/serving/v1beta1.validateBlockedEnvVars
I0904 00:51:54.212343 4059010 api_linter.go:195] validating API rule streaming_list_type_field_order for type github.com/kserve/kserve/pkg/apis/serving/v1beta1.validateBlockedEnvVars
I0904 00:51:54.212349 4059010 api_linter.go:195] validating API rule streaming_list_type_json_tags for type github.com/kserve/kserve/pkg/apis/serving/v1beta1.validateBlockedEnvVars
I0904 00:51:54.212354 4059010 api_linter.go:195] validating API rule streaming_list_type_proto_tags for type github.com/kserve/kserve/pkg/apis/serving/v1beta1.validateBlockedEnvVars
I0904 00:51:54.212360 4059010 api_linter.go:108] validating API rules for type github.com/kserve/kserve/pkg/apis/serving/v1beta1.validateCanarySpecs
I0904 00:51:54.212365 4059010 api_linter.go:195] validating API rule names_match for type github.com/kserve/kserve/pkg/apis/serving/v1beta1.validateCanarySpecs
I0904 00:51:54.212371 4059010 api_linter.go:195] validating API rule omitempty_match_case for type github.com/kserve/kserve/pkg/apis/serving/v1beta1.validateCanarySpecs
I0904 00:51:54.212377 4059010 api_linter.go:195] validating API rule list_type_missing for type github.com/kserve/kserve/pkg/apis/serving/v1beta1.validateCanarySpecs
I0904 00:51:54.212382 4059010 api_linter.go:195] validating API rule streaming_list_type_field_order for type github.com/kserve/kserve/pkg/apis/serving/v1beta1.validateCanarySpecs
I0904 00:51:54.212391 4059010 api_linter.go:195] validating API rule streaming_list_type_json_tags for type github.com/kserve/kserve/pkg/apis/serving/v1beta1.validateCanarySpecs
I0904 00:51:54.212396 4059010 api_linter.go:195] validating API rule streaming_list_type_proto_tags for type github.com/kserve/kserve/pkg/apis/serving/v1beta1.validateCanarySpecs
I0904 00:51:54.212401 4059010 api_linter.go:108] validating API rules for type github.com/kserve/kserve/pkg/apis/serving/v1beta1.validateCollocationStorageURI
I0904 00:51:54.212407 4059010 api_linter.go:195] validating API rule names_match for type github.com/kserve/kserve/pkg/apis/serving/v1beta1.validateCollocationStorageURI
I0904 00:51:54.212413 4059010 api_linter.go:195] validating API rule omitempty_match_case for type github.com/kserve/kserve/pkg/apis/serving/v1beta1.validateCollocationStorageURI
I0904 00:51:54.212424 4059010 api_linter.go:195] validating API rule list_type_missing for type github.com/kserve/kserve/pkg/apis/serving/v1beta1.validateCollocationStorageURI
I0904 00:51:54.212429 4059010 api_linter.go:195] validating API rule streaming_list_type_field_order for type github.com/kserve/kserve/pkg/apis/serving/v1beta1.validateCollocationStorageURI
I0904 00:51:54.212434 4059010 api_linter.go:195] validating API rule streaming_list_type_json_tags for type github.com/kserve/kserve/pkg/apis/serving/v1beta1.validateCollocationStorageURI
I0904 00:51:54.212440 4059010 api_linter.go:195] validating API rule streaming_list_type_proto_tags for type github.com/kserve/kserve/pkg/apis/serving/v1beta1.validateCollocationStorageURI
I0904 00:51:54.212446 4059010 api_linter.go:108] validating API rules for type github.com/kserve/kserve/pkg/apis/serving/v1beta1.validateConfidential
I0904 00:51:54.212451 4059010 api_linter.go:195] validating API rule names_match for type github.com/kserve/kserve/pkg/apis/serving/v1beta1.validateConfidential
I0904 00:51:54.212457 4059010 api_linter.go:195] validating API rule omitempty_match_case for type github.com/kserve/kserve/pkg/apis/serving/v1beta1.validateConfidential
I0904 00:51:54.212463 4059010 api_linter.go:195] validating API rule list_type_missing for type github.com/kserve/kserve/pkg/apis/serving/v1beta1.validateConfidential
I0904 00:51:54.212468 4059010 api_linter.go:195] validating API rule streaming_list_type_field_order for type github.com/kserve/kserve/pkg/apis/serving/v1beta1.validateConfidential
I0904 00:51:54.212473 4059010 api_linter.go:195] validating API rule streaming_list_type_json_tags for type github.com/kserve/kserve/pkg/apis/serving/v1beta1.validateConfidential
I0904 00:51:54.212479 4059010 api_linter.go:195] validating API rule streaming_list_type_proto_tags for type github.com/kserve/kserve/pkg/apis/serving/v1beta1.validateConfidential
I0904 00:51:54.212484 4059010 api_linter.go:108] validating API rules for type github.com/kserve/kserve/pkg/apis/serving/v1beta1.validateContainerConcurrency
I0904 00:51:54.212490 4059010 api_linter.go:195] validating API rule names_match for type github.com/kserve/kserve/pkg/apis/serving/v1beta1.validateContainerConcurrency
I0904 00:51:54.212496 4059010 api_linter.go:195] validating API rule omitempty_match_case for type github.com/kserve/kserve/pkg/apis/serving/v1beta1.validateContainerConcurrency
I0904 00:51:54.212501 4059010 api_linter.go:195] validating API rule list_type_missing for type github.com/kserve/kserve/pkg/apis/serving/v1beta1.validateContainerConcurrency
I0904 00:51:54.212507 4059010 api_linter.go:195] validating API rule streaming_list_type_field_order for type github.com/kserve/kserve/pkg/apis/serving/v1beta1.validateContainerConcurrency
I0904 00:51:54.212512 4059010 api_linter.go:195] validating API rule streaming_list_type_json_tags for type github.com/kserve/kserve/pkg/apis/serving/v1beta1.validateContainerConcurrency
I0904 00:51:54.212517 4059010 api_linter.go:195] validating API rule streaming_list_type_proto_tags for type github.com/kserve/kserve/pkg/apis/serving/v1beta1.validateContainerConcurrency
I0904 00:51:54.212523 4059010 api_linter.go:108] validating API rules for type github.com/kserve/kserve/pkg/apis/serving/v1beta1.validateDeploymentMode
I0904 00:51:54.212532 4059010 api_linter.go:195] validating API rule names_match for type github.com/kserve/kserve/pkg/apis/serving/v1beta1.validateDeploymentMode
I0904 00:51:54.212538 4059010 api_linter.go:195] validating API rule omitempty_match_case for type github.com/kserve/kserve/pkg/apis/serving/v1beta1.validateDeploymentMode
I0904 00:51:54.212544 4059010 api_linter.go:195] validating API rule list_type_missing for type github.com/kserve/kserve/pkg/apis/serving/v1beta1.validateDeploymentMode
I0904 00:51:54.212549 4059010 api_linter.go:195] validating API rule streaming_list_type_field_order for type github.com/kserve/kserve/pkg/apis/serving/v1beta1.validateDeploymentMode
I0904 00:51:54.212554 4059010 api_linter.go:195] validating API rule streaming_list_type_json_tags for type github.com/kserve/kserve/pkg/apis/serving/v1beta1.validateDeploymentMode
I0904 00:51:54.212560 4059010 api_linter.go:195] validating API rule streaming_list_type_proto_tags for type github.com/kserve/kserve/pkg/apis/serving/v1beta1.validateDeploymentMode
I0904 00:51:54.212565 4059010 api_linter.go:108] validating API rules for type github.com/kserve/kserve/pkg/apis/serving/v1beta1.validateExactlyOneImplementation
I0904 00:51:54.212571 4059010 api_linter.go:195] validating API rule names_match for type github.com/kserve/kserve/pkg/apis/serving/v1beta1.validateExactlyOneImplementation
I0904 00:51:54.212576 4059010 api_linter.go:195] validating API rule omitempty_match_case for type github.com/kserve/kserve/pkg/apis/serving/v1beta1.validateExactlyOneImplementation
I0904 00:51:54.212581 4059010 api_linter.go:195] validating API rule list_type_missing for type github.com/kserve/kserve/pkg/apis/serving/v1beta1.validateExactlyOneImplementation
I0904 00:51:54.212587 4059010 api_linter.go:195] validating API rule streaming_list_type_field_order for type github.com/kserve/kserve/pkg/apis/serving/v1beta1.validateExactlyOneImplementation
I0904 00:51:54.212592 4059010 api_linter.go:195] validating API rule streaming_list_type_json_tags for type github.com/kserve/kserve/pkg/apis/serving/v1beta1.validateExactlyOneImplementation
I0904 00:51:54.212597 4059010 api_linter.go:195] validating API rule streaming_list_type_proto_tags for type github.com/kserve/kserve/pkg/apis/serving/v1beta1.validateExactlyOneImplementation
I0904 00:51:54.212603 4059010 api_linter.go:108] validating API rules for type github.com/kserve/kserve/pkg/apis/serving/v1beta1.validateHPAMetrics
I0904 00:51:54.212609 4059010 api_linter.go:195] validating API rule names_match for type github.com/kserve/kserve/pkg/apis/serving/v1beta1.validateHPAMetrics
I0904 00:51:54.212615 4059010 api_linter.go:195] validating API rule omitempty_match_case for type github.com/kserve/kserve/pkg/apis/serving/v1beta1.validateHPAMetrics
I0904 00:51:54.212620 4059010 api_linter.go:195] validating API rule list_type_missing for type github.com/kserve/kserve/pkg/apis/serving/v1beta1.validateHPAMetrics
I0904 00:51:54.212625 4059010 api_linter.go:195] validating API rule streaming_list_type_field_order for type github.com/kserve/kserve/pkg/apis/serving/v1beta1.validateHPAMetrics
I0904 00:51:54.212631 4059010 api_linter.go:195] validating API rule streaming_list_type_json_tags for type github.com/kserve/kserve/pkg/apis/serving/v1beta1.validateHPAMetrics
I0904 00:51:54.212636 4059010 api_linter.go:195] validating API rule streaming_list_type_proto_tags for type github.com/kserve/kserve/pkg/apis/serving/v1beta1.validateHPAMetrics
I0904 00:51:54.212642 4059010 api_linter.go:108] validating API rules for type github.com/kserve/kserve/pkg/apis/serving/v1beta1.validateInferenceService
I0904 00:51:54.212647 4059010 api_linter.go:195] validating API rule names_match for type github.com/kserve/kserve/pkg/apis/serving/v1beta1.validateInferenceService
I0904 00:51:54.212653 4059010 api_linter.go:195] validating API rule omitempty_match_case for type github.com/kserve/kserve/pkg/apis/serving/v1beta1.validateInferenceService
I0904 00:51:54.212662 4059010 api_linter.go:195] validating API rule list_type_missing for type github.com/kserve/kserve/pkg/apis/serving/v1beta1.validateInferenceService
I0904 00:51:54.212667 4059010 api_linter.go:195] validating API rule streaming_list_type_field_order for type github.com/kserve/kserve/pkg/apis/serving/v1beta1.validateInferenceService
I0904 00:51:54.212673 4059010 api_linter.go:195] validating API rule streaming_list_type_json_tags for type github.com/kserve/kserve/pkg/apis/serving/v1beta1.validateInferenceService
I0904 00:51:54.212678 4059010 api_linter.go:195] validating API rule streaming_list_type_proto_tags for type github.com/kserve/kserve/pkg/apis/serving/v1beta1.validateInferenceService
I0904 00:51:54.212684 4059010 api_linter.go:108] validating API rules for type github.com/kserve/kserve/pkg/apis/serving/v1beta1.validateInferenceServiceAutoscaler
I0904 00:51:54.212689 4059010 api_linter.go:195] validating API rule names_match for type github.com/kserve/kserve/pkg/apis/serving/v1beta1.validateInferenceServiceAutoscaler
I0904 00:51:54.212696 4059010 api_linter.go:195] validating API rule omitempty_match_case for type github.com/kserve/kserve/pkg/apis/serving/v1beta1.validateInferenceServiceAutoscaler
I0904 00:51:54.212701 4059010 api_linter.go:195] validating API rule list_type_missing for type github.com/kserve/kserve/pkg/apis/serving/v1beta1.validateInferenceServiceAutoscaler
I0904 00:51:54.212707 4059010 api_linter.go:195] validating API rule streaming_list_type_field_order for type github.com/kserve/kserve/pkg/apis/serving/v1beta1.validateInferenceServiceAutoscaler
I0904 00:51:54.212712 4059010 api_linter.go:195] validating API rule streaming_list_type_json_tags for type github.com/kserve/kserve/pkg/apis/serving/v1beta1.validateInferenceServiceAutoscaler
I0904 00:51:54.212718 4059010 api_linter.go:195] validating API rule streaming_list_type_proto_tags for type github.com/kserve/kserve/pkg/apis/serving/v1beta1.validateInferenceServiceAutoscaler
I0904 00:51:54.212723 4059010 api_linter.go:108] validating API rules for type github.com/kserve/kserve/pkg/apis/serving/v1beta1.validateInferenceServiceName
I0904 00:51:54.212729 4059010 api_linter.go:195] validating API rule names_match for type github.com/kserve/kserve/pkg/apis/serving/v1beta1.validateInferenceServiceName
I0904 00:51:54.212734 4059010 api_linter.go:195] validating API rule omitempty_match_case for type github.com/kserve/kserve/pkg/apis/serving/v1beta1.validateInferenceServiceName
I0904 00:51:54.212740 4059010 api_linter.go:195] validating API rule list_type_missing for type github.com/kserve/kserve/pkg/apis/serving/v1beta1.validateInferenceServiceName
I0904 00:51:54.212745 4059010 api_linter.go:195] validating API rule streaming_list_type_field_order for type github.com/kserve/kserve/pkg/apis/serving/v1beta1.validateInferenceServiceName
I0904 00:51:54.212751 4059010 api_linter.go:195] validating API rule streaming_list_type_json_tags for type github.com/kserve/kserve/pkg/apis/serving/v1beta1.validateInferenceServiceName
I0904 00:51:54.212756 4059010 api_linter.go:195] validating API rule streaming_list_type_proto_tags for type github.com/kserve/kserve/pkg/apis/serving/v1beta1.validateInferenceServiceName
I0904 00:51:54.212762 4059010 api_linter.go:108] validating API rules for type github.com/kserve/kserve/pkg/apis/serving/v1beta1.validateIngressGateway
I0904 00:51:54.212767 4059010 api_linter.go:195] validating API rule names_match for type github.com/kserve/kserve/pkg/apis/serving/v1beta1.validateIngressGateway
I0904 00:51:54.212773 4059010 api_linter.go:195] validating API rule omitempty_match_case for type github.com/kserve/kserve/pkg/apis/serving/v1beta1.validateIngressGateway
I0904 00:51:54.212779 4059010 api_linter.go:195] validating API rule list_type_missing for type github.com/kserve/kserve/pkg/apis/serving/v1beta1.validateIngressGateway
I0904 00:51:54.212785 4059010 api_linter.go:195] validating API rule streaming_list_type_field_order for type github.com/kserve/kserve/pkg/apis/serving/v1beta1.validateIngressGateway
I0904 00:51:54.212790 4059010 api_linter.go:195] validating API rule streaming_list_type_json_tags for type github.com/kserve/kserve/pkg/apis/serving/v1beta1.validateIngressGateway
I0904 00:51:54.212798 4059010 api_linter.go:195] validating API rule streaming_list_type_proto_tags for type github.com/kserve/kserve/pkg/apis/serving/v1beta1.validateIngressGateway
I0904 00:51:54.212804 4059010 api_linter.go:108] validating API rules for type github.com/kserve/kserve/pkg/apis/serving/v1beta1.validateKPAMetrics
I0904 00:51:54.212810 4059010 api_linter.go:195] validating API rule names_match for type github.com/kserve/kserve/pkg/apis/serving/v1beta1.validateKPAMetrics
I0904 00:51:54.212815 4059010 api_linter.go:195] validating API rule omitempty_match_case for type github.com/kserve/kserve/pkg/apis/serving/v1beta1.validateKPAMetrics
I0904 00:51:54.212821 4059010 api_linter.go:195] validating API rule list_type_missing for type github.com/kserve/kserve/pkg/apis/serving/v1beta1.validateKPAMetrics
I0904 00:51:54.212826 4059010 api_linter.go:195] validating API rule streaming_list_type_field_order for type github.com/kserve/kserve/pkg/apis/serving/v1beta1.validateKPAMetrics
I0904 00:51:54.212831 4059010 api_linter.go:195] validating API rule streaming_list_type_json_tags for type github.com/kserve/kserve/pkg/apis/serving/v1beta1.validateKPAMetrics
I0904 00:51:54.212837 4059010 api_linter.go:195] validating API rule streaming_list_type_proto_tags for type github.com/kserve/kserve/pkg/apis/serving/v1beta1.validateKPAMetrics
I0904 00:51:54.212843 4059010 api_linter.go:108] validating API rules for type github.com/kserve/kserve/pkg/apis/serving/v1beta1.validateLogger
I0904 00:51:54.212848 4059010 api_linter.go:195] validating API rule names_match for type github.com/kserve/kserve/pkg/apis/serving/v1beta1.validateLogger
I0904 00:51:54.212854 4059010 api_linter.go:195] validating API rule omitempty_match_case for type github.com/kserve/kserve/pkg/apis/serving/v1beta1.validateLogger
I0904 00:51:54.212859 4059010 api_linter.go:195] validating API rule list_type_missing for type github.com/kserve/kserve/pkg/apis/serving/v1beta1.validateLogger
I0904 00:51:54.212865 4059010 api_linter.go:195] validating API rule streaming_list_type_field_order for type github.com/kserve/kserve/pkg/apis/serving/v1beta1.validateLogger
I0904 00:51:54.212870 4059010 api_linter.go:195] validating API rule streaming_list_type_json_tags for type github.com/kserve/kserve/pkg/apis/serving/v1beta1.validateLogger
I0904 00:51:54.212876 4059010 api_linter.go:195] validating API rule streaming_list_type_proto_tags for type github.com/kserve/kserve/pkg/apis/serving/v1beta1.validateLogger
I0904 00:51:54.212881 4059010 api_linter.go:108] validating API rules for type github.com/kserve/kserve/pkg/apis/serving/v1beta1.validateMultiNodeVariables
I0904 00:51:54.212887 4059010 api_linter.go:195] validating API rule names_match for type github.com/kserve/kserve/pkg/apis/serving/v1beta1.validateMultiNodeVariables
I0904 00:51:54.212892 4059010 api_linter.go:195] validating API rule omitempty_match_case for type github.com/kserve/kserve/pkg/apis/serving/v1beta1.validateMultiNodeVariables
I0904 00:51:54.212897 4059010 api_linter.go:195] validating API rule list_type_missing for type github.com/kserve/kserve/pkg/apis/serving/v1beta1.validateMultiNodeVariables
I0904 00:51:54.212903 4059010 api_linter.go:195] validating API rule streaming_list_type_field_order for type github.com/kserve/kserve/pkg/apis/serving/v1beta1.validateMultiNodeVariables
I0904 00:51:54.212908 4059010 api_linter.go:195] validating API rule streaming_list_type_json_tags for type github.com/kserve/kserve/pkg/apis/serving/v1beta1.validateMultiNodeVariables
I0904 00:51:54.212914 4059010 api_linter.go:195] validating API rule streaming_list_type_proto_tags for type github.com/kserve/kserve/pkg/apis/serving/v1beta1.validateMultiNodeVariables
I0904 00:51:54.212922 4059010 api_linter.go:108] validating API rules for type github.com/kserve/kserve/pkg/apis/serving/v1beta1.validateMultipleStorageURIs
I0904 00:51:54.212928 4059010 api_linter.go:195] validating API rule names_match for type github.com/kserve/kserve/pkg/apis/serving/v1beta1.validateMultipleStorageURIs
I0904 00:51:54.212939 4059010 api_linter.go:195] validating API rule omitempty_match_case for type github.com/kserve/kserve/pkg/apis/serving/v1beta1.validateMultipleStorageURIs
I0904 00:51:54.212945 4059010 api_linter.go:195] validating API rule list_type_missing for type github.com/kserve/kserve/pkg/apis/serving/v1beta1.validateMultipleStorageURIs
I0904 00:51:54.212950 4059010 api_linter.go:195] validating API rule streaming_list_type_field_order for type github.com/kserve/kserve/pkg/apis/serving/v1beta1.validateMultipleStorageURIs
I0904 00:51:54.212955 4059010 api_linter.go:195] validating API rule streaming_list_type_json_tags for type github.com/kserve/kserve/pkg/apis/serving/v1beta1.validateMultipleStorageURIs
I0904 00:51:54.212960 4059010 api_linter.go:195] validating API rule streaming_list_type_proto_tags for type github.com/kserve/kserve/pkg/apis/serving/v1beta1.validateMultipleStorageURIs
I0904 00:51:54.212966 4059010 api_linter.go:108] validating API rules for type github.com/kserve/kserve/pkg/apis/serving/v1beta1.validateMultipleStorageURIsSpec
I0904 00:51:54.212972 4059010 api_linter.go:195] validating API rule names_match for type github.com/kserve/kserve/pkg/apis/serving/v1beta1.validateMultipleStorageURIsSpec
I0904 00:51:54.212977 4059010 api_linter.go:195] validating API rule omitempty_match_case for type github.com/kserve/kserve/pkg/apis/serving/v1beta1.validateMultipleStorageURIsSpec
I0904 00:51:54.212983 4059010 api_linter.go:195] validating API rule list_type_missing for type github.com/kserve/kserve/pkg/apis/serving/v1beta1.validateMultipleStorageURIsSpec
I0904 00:51:54.212988 4059010 api_linter.go:195] validating API rule streaming_list_type_field_order for type github.com/kserve/kserve/pkg/apis/serving/v1beta1.validateMultipleStorageURIsSpec
I0904 00:51:54.212993 4059010 api_linter.go:195] validating API rule streaming_list_type_json_tags for type github.com/kserve/kserve/pkg/apis/serving/v1beta1.validateMultipleStorageURIsSpec
I0904 00:51:54.212999 4059010 api_linter.go:195] validating API rule streaming_list_type_proto_tags for type github.com/kserve/kserve/pkg/apis/serving/v1beta1.validateMultipleStorageURIsSpec
I0904 00:51:54.213004 4059010 api_linter.go:108] validating API rules for type github.com/kserve/kserve/pkg/apis/serving/v1beta1.validatePredictor
I0904 00:51:54.213010 4059010 api_linter.go:195] validating API rule names_match for type github.com/kserve/kserve/pkg/apis/serving/v1beta1.validatePredictor
I0904 00:51:54.213015 4059010 api_linter.go:195] validating API rule omitempty_match_case for type github.com/kserve/kserve/pkg/apis/serving/v1beta1.validatePredictor
I0904 00:51:54.213020 4059010 api_linter.go:195] validating API rule list_type_missing for type github.com/kserve/kserve/pkg/apis/serving/v1beta1.validatePredictor
I0904 00:51:54.213026 4059010 api_linter.go:195] validating API rule streaming_list_type_field_order for type github.com/kserve/kserve/pkg/apis/serving/v1beta1.validatePredictor
I0904 00:51:54.213031 4059010 api_linter.go:195] validating API rule streaming_list_type_json_tags for type github.com/kserve/kserve/pkg/apis/serving/v1beta1.validatePredictor
I0904 00:51:54.213036 4059010 api_linter.go:195] validating API rule streaming_list_type_proto_tags for type github.com/kserve/kserve/pkg/apis/serving/v1beta1.validatePredictor
I0904 00:51:54.213042 4059010 api_linter.go:108] validating API rules for type github.com/kserve/kserve/pkg/apis/serving/v1beta1.validatePredictorNameChange
I0904 00:51:54.213048 4059010 api_linter.go:195] validating API rule names_match for type github.com/kserve/kserve/pkg/apis/serving/v1beta1.validatePredictorNameChange
I0904 00:51:54.213053 4059010 api_linter.go:195] validating API rule omitempty_match_case for type github.com/kserve/kserve/pkg/apis/serving/v1beta1.validatePredictorNameChange
I0904 00:51:54.213058 4059010 api_linter.go:195] validating API rule list_type_missing for type github.com/kserve/kserve/pkg/apis/serving/v1beta1.validatePredictorNameChange
I0904 00:51:54.213066 4059010 api_linter.go:195] validating API rule streaming_list_type_field_order for type github.com/kserve/kserve/pkg/apis/serving/v1beta1.validatePredictorNameChange
I0904 00:51:54.213072 4059010 api_linter.go:195] validating API rule streaming_list_type_json_tags for type github.com/kserve/kserve/pkg/apis/serving/v1beta1.validatePredictorNameChange
I0904 00:51:54.213077 4059010 api_linter.go:195] validating API rule streaming_list_type_proto_tags for type github.com/kserve/kserve/pkg/apis/serving/v1beta1.validatePredictorNameChange
I0904 00:51:54.213083 4059010 api_linter.go:108] validating API rules for type github.com/kserve/kserve/pkg/apis/serving/v1beta1.validateReplicas
I0904 00:51:54.213088 4059010 api_linter.go:195] validating API rule names_match for type github.com/kserve/kserve/pkg/apis/serving/v1beta1.validateReplicas
I0904 00:51:54.213098 4059010 api_linter.go:195] validating API rule omitempty_match_case for type github.com/kserve/kserve/pkg/apis/serving/v1beta1.validateReplicas
I0904 00:51:54.213103 4059010 api_linter.go:195] validating API rule list_type_missing for type github.com/kserve/kserve/pkg/apis/serving/v1beta1.validateReplicas
I0904 00:51:54.213109 4059010 api_linter.go:195] validating API rule streaming_list_type_field_order for type github.com/kserve/kserve/pkg/apis/serving/v1beta1.validateReplicas
I0904 00:51:54.213114 4059010 api_linter.go:195] validating API rule streaming_list_type_json_tags for type github.com/kserve/kserve/pkg/apis/serving/v1beta1.validateReplicas
I0904 00:51:54.213120 4059010 api_linter.go:195] validating API rule streaming_list_type_proto_tags for type github.com/kserve/kserve/pkg/apis/serving/v1beta1.validateReplicas
I0904 00:51:54.213125 4059010 api_linter.go:108] validating API rules for type github.com/kserve/kserve/pkg/apis/serving/v1beta1.validateScaleTarget
I0904 00:51:54.213131 4059010 api_linter.go:195] validating API rule names_match for type github.com/kserve/kserve/pkg/apis/serving/v1beta1.validateScaleTarget
I0904 00:51:54.213136 4059010 api_linter.go:195] validating API rule omitempty_match_case for type github.com/kserve/kserve/pkg/apis/serving/v1beta1.validateScaleTarget
I0904 00:51:54.213142 4059010 api_linter.go:195] validating API rule list_type_missing for type github.com/kserve/kserve/pkg/apis/serving/v1beta1.validateScaleTarget
I0904 00:51:54.213147 4059010 api_linter.go:195] validating API rule streaming_list_type_field_order for type github.com/kserve/kserve/pkg/apis/serving/v1beta1.validateScaleTarget
I0904 00:51:54.213152 4059010 api_linter.go:195] validating API rule streaming_list_type_json_tags for type github.com/kserve/kserve/pkg/apis/serving/v1beta1.validateScaleTarget
I0904 00:51:54.213158 4059010 api_linter.go:195] validating API rule streaming_list_type_proto_tags for type github.com/kserve/kserve/pkg/apis/serving/v1beta1.validateScaleTarget
I0904 00:51:54.213163 4059010 api_linter.go:108] validating API rules for type github.com/kserve/kserve/pkg/apis/serving/v1beta1.validateScalingHPACompExtension
I0904 00:51:54.213169 4059010 api_linter.go:195] validating API rule names_match for type github.com/kserve/kserve/pkg/apis/serving/v1beta1.validateScalingHPACompExtension
I0904 00:51:54.213174 4059010 api_linter.go:195] validating API rule omitempty_match_case for type github.com/kserve/kserve/pkg/apis/serving/v1beta1.validateScalingHPACompExtension
I0904 00:51:54.213180 4059010 api_linter.go:195] validating API rule list_type_missing for type github.com/kserve/kserve/pkg/apis/serving/v1beta1.validateScalingHPACompExtension
I0904 00:51:54.213186 4059010 api_linter.go:195] validating API rule streaming_list_type_field_order for type github.com/kserve/kserve/pkg/apis/serving/v1beta1.validateScalingHPACompExtension
I0904 00:51:54.213203 4059010 api_linter.go:195] validating API rule streaming_list_type_json_tags for type github.com/kserve/kserve/pkg/apis/serving/v1beta1.validateScalingHPACompExtension
I0904 00:51:54.213211 4059010 api_linter.go:195] validating API rule streaming_list_type_proto_tags for type github.com/kserve/kserve/pkg/apis/serving/v1beta1.validateScalingHPACompExtension
I0904 00:51:54.213220 4059010 api_linter.go:108] validating API rules for type github.com/kserve/kserve/pkg/apis/serving/v1beta1.validateScalingKPACompExtension
I0904 00:51:54.213226 4059010 api_linter.go:195] validating API rule names_match for type github.com/kserve/kserve/pkg/apis/serving/v1beta1.validateScalingKPACompExtension
I0904 00:51:54.213231 4059010 api_linter.go:195] validating API rule omitempty_match_case for type github.com/kserve/kserve/pkg/apis/serving/v1beta1.validateScalingKPACompExtension
I0904 00:51:54.213237 4059010 api_linter.go:195] validating API rule list_type_missing for type github.com/kserve/kserve/pkg/apis/serving/v1beta1.validateScalingKPACompExtension
I0904 00:51:54.213242 4059010 api_linter.go:195] validating API rule streaming_list_type_field_order for type github.com/kserve/kserve/pkg/apis/serving/v1beta1.validateScalingKPACompExtension
I0904 00:51:54.213248 4059010 api_linter.go:195] validating API rule streaming_list_type_json_tags for type github.com/kserve/kserve/pkg/apis/serving/v1beta1.validateScalingKPACompExtension
I0904 00:51:54.213253 4059010 api_linter.go:195] validating API rule streaming_list_type_proto_tags for type github.com/kserve/kserve/pkg/apis/serving/v1beta1.validateScalingKPACompExtension
I0904 00:51:54.213258 4059010 api_linter.go:108] validating API rules for type github.com/kserve/kserve/pkg/apis/serving/v1beta1.validateScalingKedaCompExtension
I0904 00:51:54.213264 4059010 api_linter.go:195] validating API rule names_match for type github.com/kserve/kserve/pkg/apis/serving/v1beta1.validateScalingKedaCompExtension
I0904 00:51:54.213270 4059010 api_linter.go:195] validating API rule omitempty_match_case for type github.com/kserve/kserve/pkg/apis/serving/v1beta1.validateScalingKedaCompExtension
I0904 00:51:54.213276 4059010 api_linter.go:195] validating API rule list_type_missing for type github.com/kserve/kserve/pkg/apis/serving/v1beta1.validateScalingKedaCompExtension
I0904 00:51:54.213281 4059010 api_linter.go:195] validating API rule streaming_list_type_field_order for type github.com/kserve/kserve/pkg/apis/serving/v1beta1.validateScalingKedaCompExtension
I0904 00:51:54.213286 4059010 api_linter.go:195] validating API rule streaming_list_type_json_tags for type github.com/kserve/kserve/pkg/apis/serving/v1beta1.validateScalingKedaCompExtension
I0904 00:51:54.213291 4059010 api_linter.go:195] validating API rule streaming_list_type_proto_tags for type github.com/kserve/kserve/pkg/apis/serving/v1beta1.validateScalingKedaCompExtension
I0904 00:51:54.213298 4059010 api_linter.go:108] validating API rules for type github.com/kserve/kserve/pkg/apis/serving/v1beta1.validateStorageSpec
I0904 00:51:54.213303 4059010 api_linter.go:195] validating API rule names_match for type github.com/kserve/kserve/pkg/apis/serving/v1beta1.validateStorageSpec
I0904 00:51:54.213309 4059010 api_linter.go:195] validating API rule omitempty_match_case for type github.com/kserve/kserve/pkg/apis/serving/v1beta1.validateStorageSpec
I0904 00:51:54.213314 4059010 api_linter.go:195] validating API rule list_type_missing for type github.com/kserve/kserve/pkg/apis/serving/v1beta1.validateStorageSpec
I0904 00:51:54.213320 4059010 api_linter.go:195] validating API rule streaming_list_type_field_order for type github.com/kserve/kserve/pkg/apis/serving/v1beta1.validateStorageSpec
I0904 00:51:54.213325 4059010 api_linter.go:195] validating API rule streaming_list_type_json_tags for type github.com/kserve/kserve/pkg/apis/serving/v1beta1.validateStorageSpec
I0904 00:51:54.213331 4059010 api_linter.go:195] validating API rule streaming_list_type_proto_tags for type github.com/kserve/kserve/pkg/apis/serving/v1beta1.validateStorageSpec
I0904 00:51:54.213337 4059010 api_linter.go:108] validating API rules for type github.com/kserve/kserve/pkg/apis/serving/v1beta1.validateStorageURISpec
I0904 00:51:54.213342 4059010 api_linter.go:195] validating API rule names_match for type github.com/kserve/kserve/pkg/apis/serving/v1beta1.validateStorageURISpec
I0904 00:51:54.213351 4059010 api_linter.go:195] validating API rule omitempty_match_case for type github.com/kserve/kserve/pkg/apis/serving/v1beta1.validateStorageURISpec
I0904 00:51:54.213356 4059010 api_linter.go:195] validating API rule list_type_missing for type github.com/kserve/kserve/pkg/apis/serving/v1beta1.validateStorageURISpec
I0904 00:51:54.213362 4059010 api_linter.go:195] validating API rule streaming_list_type_field_order for type github.com/kserve/kserve/pkg/apis/serving/v1beta1.validateStorageURISpec
I0904 00:51:54.213367 4059010 api_linter.go:195] validating API rule streaming_list_type_json_tags for type github.com/kserve/kserve/pkg/apis/serving/v1beta1.validateStorageURISpec
I0904 00:51:54.213373 4059010 api_linter.go:195] validating API rule streaming_list_type_proto_tags for type github.com/kserve/kserve/pkg/apis/serving/v1beta1.validateStorageURISpec
I0904 00:51:54.213378 4059010 api_linter.go:108] validating API rules for type github.com/kserve/kserve/pkg/apis/serving/v1beta1.validateTargetUtilization
I0904 00:51:54.213384 4059010 api_linter.go:195] validating API rule names_match for type github.com/kserve/kserve/pkg/apis/serving/v1beta1.validateTargetUtilization
I0904 00:51:54.213390 4059010 api_linter.go:195] validating API rule omitempty_match_case for type github.com/kserve/kserve/pkg/apis/serving/v1beta1.validateTargetUtilization
I0904 00:51:54.213396 4059010 api_linter.go:195] validating API rule list_type_missing for type github.com/kserve/kserve/pkg/apis/serving/v1beta1.validateTargetUtilization
I0904 00:51:54.213401 4059010 api_linter.go:195] validating API rule streaming_list_type_field_order for type github.com/kserve/kserve/pkg/apis/serving/v1beta1.validateTargetUtilization
I0904 00:51:54.213407 4059010 api_linter.go:195] validating API rule streaming_list_type_json_tags for type github.com/kserve/kserve/pkg/apis/serving/v1beta1.validateTargetUtilization
I0904 00:51:54.213412 4059010 api_linter.go:195] validating API rule streaming_list_type_proto_tags for type github.com/kserve/kserve/pkg/apis/serving/v1beta1.validateTargetUtilization
I0904 00:51:54.213423 4059010 api_linter.go:108] validating API rules for type github.com/kserve/kserve/pkg/apis/serving/v1beta1.validatorLogger
I0904 00:51:54.213429 4059010 api_linter.go:195] validating API rule names_match for type github.com/kserve/kserve/pkg/apis/serving/v1beta1.validatorLogger
I0904 00:51:54.213435 4059010 api_linter.go:195] validating API rule omitempty_match_case for type github.com/kserve/kserve/pkg/apis/serving/v1beta1.validatorLogger
I0904 00:51:54.213440 4059010 api_linter.go:195] validating API rule list_type_missing for type github.com/kserve/kserve/pkg/apis/serving/v1beta1.validatorLogger
I0904 00:51:54.213445 4059010 api_linter.go:195] validating API rule streaming_list_type_field_order for type github.com/kserve/kserve/pkg/apis/serving/v1beta1.validatorLogger
I0904 00:51:54.213451 4059010 api_linter.go:195] validating API rule streaming_list_type_json_tags for type github.com/kserve/kserve/pkg/apis/serving/v1beta1.validatorLogger
I0904 00:51:54.213456 4059010 api_linter.go:195] validating API rule streaming_list_type_proto_tags for type github.com/kserve/kserve/pkg/apis/serving/v1beta1.validatorLogger
I0904 00:51:54.213504 4059010 execute.go:58] Assembling file "pkg/openapi/openapi_generated.go"
I0904 00:51:54.540963 4059010 api_linter.go:43] Assembling file "hack/current_violation_exceptions.list"
Successfully updated OpenAPI specs and swagger.json.
hack/python-sdk/client-gen.sh
Downloading the swagger-codegen JAR package ...
--2026-09-04 00:51:55--  https://repo1.maven.org/maven2/org/openapitools/openapi-generator-cli/4.3.1/openapi-generator-cli-4.3.1.jar
Resolving repo1.maven.org (repo1.maven.org)... 104.18.19.12, 104.18.18.12, 2606:4700::6812:130c, ...
Connecting to repo1.maven.org (repo1.maven.org)|104.18.19.12|:443... connected.
HTTP request sent, awaiting response... 200 OK
Length: 24043322 (23M) [application/java-archive]
Saving to: ‘hack/python-sdk/openapi-generator-cli-4.3.1.jar’

     0K .......... .......... .......... .......... ..........  0% 12.9M 2s
    50K .......... .......... .......... .......... ..........  0% 2.83M 5s
   100K .......... .......... .......... .......... ..........  0% 3.25M 6s
   150K .......... .......... .......... .......... ..........  0% 11.6M 5s
   200K .......... .......... .......... .......... ..........  1% 10.7M 4s
   250K .......... .......... .......... .......... ..........  1% 12.3M 4s
   300K .......... .......... .......... .......... ..........  1% 12.8M 3s
   350K .......... .......... .......... .......... ..........  1% 9.51M 3s
   400K .......... .......... .......... .......... ..........  1% 13.9M 3s
   450K .......... .......... .......... .......... ..........  2% 17.5M 3s
   500K .......... .......... .......... .......... ..........  2% 17.7M 3s
   550K .......... .......... .......... .......... ..........  2% 16.8M 3s
   600K .......... .......... .......... .......... ..........  2% 25.6M 3s
   650K .......... .......... .......... .......... ..........  2% 16.7M 2s
   700K .......... .......... .......... .......... ..........  3% 46.1M 2s
   750K .......... .......... .......... .......... ..........  3% 23.2M 2s
   800K .......... .......... .......... .......... ..........  3% 30.4M 2s
   850K .......... .......... .......... .......... ..........  3% 49.0M 2s
   900K .......... .......... .......... .......... ..........  4% 26.6M 2s
   950K .......... .......... .......... .......... ..........  4% 42.2M 2s
  1000K .......... .......... .......... .......... ..........  4% 48.2M 2s
  1050K .......... .......... .......... .......... ..........  4% 27.0M 2s
  1100K .......... .......... .......... .......... ..........  4% 54.8M 2s
  1150K .......... .......... .......... .......... ..........  5% 24.4M 2s
  1200K .......... .......... .......... .......... ..........  5% 59.1M 2s
  1250K .......... .......... .......... .......... ..........  5% 47.9M 2s
  1300K .......... .......... .......... .......... ..........  5% 39.2M 2s
  1350K .......... .......... .......... .......... ..........  5% 58.1M 1s
  1400K .......... .......... .......... .......... ..........  6% 53.0M 1s
  1450K .......... .......... .......... .......... ..........  6% 48.5M 1s
  1500K .......... .......... .......... .......... ..........  6% 46.1M 1s
  1550K .......... .......... .......... .......... ..........  6% 34.8M 1s
  1600K .......... .......... .......... .......... ..........  7% 66.3M 1s
  1650K .......... .......... .......... .......... ..........  7% 49.1M 1s
  1700K .......... .......... .......... .......... ..........  7% 55.5M 1s
  1750K .......... .......... .......... .......... ..........  7%  115M 1s
  1800K .......... .......... .......... .......... ..........  7% 48.1M 1s
  1850K .......... .......... .......... .......... ..........  8% 60.5M 1s
  1900K .......... .......... .......... .......... ..........  8% 63.3M 1s
  1950K .......... .......... .......... .......... ..........  8% 62.5M 1s
  2000K .......... .......... .......... .......... ..........  8%  127M 1s
  2050K .......... .......... .......... .......... ..........  8% 64.8M 1s
  2100K .......... .......... .......... .......... ..........  9% 59.4M 1s
  2150K .......... .......... .......... .......... ..........  9% 86.0M 1s
  2200K .......... .......... .......... .......... ..........  9% 66.8M 1s
  2250K .......... .......... .......... .......... ..........  9%  138M 1s
  2300K .......... .......... .......... .......... .......... 10% 65.4M 1s
  2350K .......... .......... .......... .......... .......... 10% 88.2M 1s
  2400K .......... .......... .......... .......... .......... 10% 84.4M 1s
  2450K .......... .......... .......... .......... .......... 10% 81.6M 1s
  2500K .......... .......... .......... .......... .......... 10%  125M 1s
  2550K .......... .......... .......... .......... .......... 11% 96.1M 1s
  2600K .......... .......... .......... .......... .......... 11% 67.4M 1s
  2650K .......... .......... .......... .......... .......... 11%  102M 1s
  2700K .......... .......... .......... .......... .......... 11% 97.5M 1s
  2750K .......... .......... .......... .......... .......... 11%  101M 1s
  2800K .......... .......... .......... .......... .......... 12%  125M 1s
  2850K .......... .......... .......... .......... .......... 12% 98.1M 1s
  2900K .......... .......... .......... .......... .......... 12% 85.6M 1s
  2950K .......... .......... .......... .......... .......... 12%  115M 1s
  3000K .......... .......... .......... .......... .......... 12%  129M 1s
  3050K .......... .......... .......... .......... .......... 13%  134M 1s
  3100K .......... .......... .......... .......... .......... 13%  125M 1s
  3150K .......... .......... .......... .......... .......... 13%  112M 1s
  3200K .......... .......... .......... .......... .......... 13% 74.6M 1s
  3250K .......... .......... .......... .......... .......... 14%  130M 1s
  3300K .......... .......... .......... .......... .......... 14%  138M 1s
  3350K .......... .......... .......... .......... .......... 14% 96.1M 1s
  3400K .......... .......... .......... .......... .......... 14%  133M 1s
  3450K .......... .......... .......... .......... .......... 14%  123M 1s
  3500K .......... .......... .......... .......... .......... 15%  135M 1s
  3550K .......... .......... .......... .......... .......... 15%  119M 1s
  3600K .......... .......... .......... .......... .......... 15% 97.2M 1s
  3650K .......... .......... .......... .......... .......... 15%  136M 1s
  3700K .......... .......... .......... .......... .......... 15%  124M 1s
  3750K .......... .......... .......... .......... .......... 16%  117M 1s
  3800K .......... .......... .......... .......... .......... 16%  140M 1s
  3850K .......... .......... .......... .......... .......... 16%  115M 1s
  3900K .......... .......... .......... .......... .......... 16%  114M 1s
  3950K .......... .......... .......... .......... .......... 17%  126M 1s
  4000K .......... .......... .......... .......... .......... 17%  135M 1s
  4050K .......... .......... .......... .......... .......... 17%  134M 1s
  4100K .......... .......... .......... .......... .......... 17%  111M 1s
  4150K .......... .......... .......... .......... .......... 17%  134M 1s
  4200K .......... .......... .......... .......... .......... 18%  123M 1s
  4250K .......... .......... .......... .......... .......... 18%  129M 1s
  4300K .......... .......... .......... .......... .......... 18%  116M 1s
  4350K .......... .......... .......... .......... .......... 18%  127M 1s
  4400K .......... .......... .......... .......... .......... 18%  125M 1s
  4450K .......... .......... .......... .......... .......... 19%  131M 1s
  4500K .......... .......... .......... .......... .......... 19%  115M 1s
  4550K .......... .......... .......... .......... .......... 19%  135M 1s
  4600K .......... .......... .......... .......... .......... 19%  117M 1s
  4650K .......... .......... .......... .......... .......... 20%  134M 1s
  4700K .......... .......... .......... .......... .......... 20%  135M 1s
  4750K .......... .......... .......... .......... .......... 20%  112M 1s
  4800K .......... .......... .......... .......... .......... 20%  139M 0s
  4850K .......... .......... .......... .......... .......... 20%  121M 0s
  4900K .......... .......... .......... .......... .......... 21%  133M 0s
  4950K .......... .......... .......... .......... .......... 21%  117M 0s
  5000K .......... .......... .......... .......... .......... 21%  125M 0s
  5050K .......... .......... .......... .......... .......... 21%  129M 0s
  5100K .......... .......... .......... .......... .......... 21%  123M 0s
  5150K .......... .......... .......... .......... .......... 22%  118M 0s
  5200K .......... .......... .......... .......... .......... 22%  132M 0s
  5250K .......... .......... .......... .......... .......... 22%  126M 0s
  5300K .......... .......... .......... .......... .......... 22%  133M 0s
  5350K .......... .......... .......... .......... .......... 22%  108M 0s
  5400K .......... .......... .......... .......... .......... 23%  133M 0s
  5450K .......... .......... .......... .......... .......... 23%  133M 0s
  5500K .......... .......... .......... .......... .......... 23%  124M 0s
  5550K .......... .......... .......... .......... .......... 23%  112M 0s
  5600K .......... .......... .......... .......... .......... 24%  132M 0s
  5650K .......... .......... .......... .......... .......... 24%  119M 0s
  5700K .......... .......... .......... .......... .......... 24%  132M 0s
  5750K .......... .......... .......... .......... .......... 24%  114M 0s
  5800K .......... .......... .......... .......... .......... 24%  134M 0s
  5850K .......... .......... .......... .......... .......... 25%  136M 0s
  5900K .......... .......... .......... .......... .......... 25%  123M 0s
  5950K .......... .......... .......... .......... .......... 25%  112M 0s
  6000K .......... .......... .......... .......... .......... 25%  123M 0s
  6050K .......... .......... .......... .......... .......... 25%  130M 0s
  6100K .......... .......... .......... .......... .......... 26%  117M 0s
  6150K .......... .......... .......... .......... .......... 26%  121M 0s
  6200K .......... .......... .......... .......... .......... 26%  137M 0s
  6250K .......... .......... .......... .......... .......... 26%  122M 0s
  6300K .......... .......... .......... .......... .......... 27%  117M 0s
  6350K .......... .......... .......... .......... .......... 27%  133M 0s
  6400K .......... .......... .......... .......... .......... 27%  127M 0s
  6450K .......... .......... .......... .......... .......... 27%  123M 0s
  6500K .......... .......... .......... .......... .......... 27%  130M 0s
  6550K .......... .......... .......... .......... .......... 28%  124M 0s
  6600K .......... .......... .......... .......... .......... 28%  134M 0s
  6650K .......... .......... .......... .......... .......... 28%  127M 0s
  6700K .......... .......... .......... .......... .......... 28%  120M 0s
  6750K .......... .......... .......... .......... .......... 28%  130M 0s
  6800K .......... .......... .......... .......... .......... 29%  133M 0s
  6850K .......... .......... .......... .......... .......... 29%  136M 0s
  6900K .......... .......... .......... .......... .......... 29%  110M 0s
  6950K .......... .......... .......... .......... .......... 29%  135M 0s
  7000K .......... .......... .......... .......... .......... 30%  135M 0s
  7050K .......... .......... .......... .......... .......... 30%  124M 0s
  7100K .......... .......... .......... .......... .......... 30%  119M 0s
  7150K .......... .......... .......... .......... .......... 30%  125M 0s
  7200K .......... .......... .......... .......... .......... 30%  134M 0s
  7250K .......... .......... .......... .......... .......... 31%  122M 0s
  7300K .......... .......... .......... .......... .......... 31%  130M 0s
  7350K .......... .......... .......... .......... .......... 31%  136M 0s
  7400K .......... .......... .......... .......... .......... 31%  134M 0s
  7450K .......... .......... .......... .......... .......... 31%  112M 0s
  7500K .......... .......... .......... .......... .......... 32%  133M 0s
  7550K .......... .......... .......... .......... .......... 32%  128M 0s
  7600K .......... .......... .......... .......... .......... 32%  116M 0s
  7650K .......... .......... .......... .......... .......... 32% 1.59M 0s
  7700K .......... .......... .......... .......... .......... 33% 58.6M 0s
  7750K .......... .......... .......... .......... .......... 33%  119M 0s
  7800K .......... .......... .......... .......... .......... 33%  117M 0s
  7850K .......... .......... .......... .......... .......... 33%  125M 0s
  7900K .......... .......... .......... .......... .......... 33%  134M 0s
  7950K .......... .......... .......... .......... .......... 34%  139M 0s
  8000K .......... .......... .......... .......... .......... 34%  110M 0s
  8050K .......... .......... .......... .......... .......... 34%  134M 0s
  8100K .......... .......... .......... .......... .......... 34%  125M 0s
  8150K .......... .......... .......... .......... .......... 34%  133M 0s
  8200K .......... .......... .......... .......... .......... 35%  129M 0s
  8250K .......... .......... .......... .......... .......... 35%  117M 0s
  8300K .......... .......... .......... .......... .......... 35%  135M 0s
  8350K .......... .......... .......... .......... .......... 35%  135M 0s
  8400K .......... .......... .......... .......... .......... 35%  120M 0s
  8450K .......... .......... .......... .......... .......... 36% 59.6M 0s
  8500K .......... .......... .......... .......... .......... 36% 32.0M 0s
  8550K .......... .......... .......... .......... .......... 36%  111M 0s
  8600K .......... .......... .......... .......... .......... 36%  112M 0s
  8650K .......... .......... .......... .......... .......... 37%  123M 0s
  8700K .......... .......... .......... .......... .......... 37%  135M 0s
  8750K .......... .......... .......... .......... .......... 37%  129M 0s
  8800K .......... .......... .......... .......... .......... 37%  110M 0s
  8850K .......... .......... .......... .......... .......... 37%  130M 0s
  8900K .......... .......... .......... .......... .......... 38%  129M 0s
  8950K .......... .......... .......... .......... .......... 38%  128M 0s
  9000K .......... .......... .......... .......... .......... 38%  118M 0s
  9050K .......... .......... .......... .......... .......... 38%  108M 0s
  9100K .......... .......... .......... .......... .......... 38%  123M 0s
  9150K .......... .......... .......... .......... .......... 39%  123M 0s
  9200K .......... .......... .......... .......... .......... 39%  133M 0s
  9250K .......... .......... .......... .......... .......... 39%  113M 0s
  9300K .......... .......... .......... .......... .......... 39%  126M 0s
  9350K .......... .......... .......... .......... .......... 40%  120M 0s
  9400K .......... .......... .......... .......... .......... 40%  132M 0s
  9450K .......... .......... .......... .......... .......... 40%  119M 0s
  9500K .......... .......... .......... .......... .......... 40%  127M 0s
  9550K .......... .......... .......... .......... .......... 40%  134M 0s
  9600K .......... .......... .......... .......... .......... 41%  112M 0s
  9650K .......... .......... .......... .......... .......... 41%  124M 0s
  9700K .......... .......... .......... .......... .......... 41%  129M 0s
  9750K .......... .......... .......... .......... .......... 41%  129M 0s
  9800K .......... .......... .......... .......... .......... 41%  122M 0s
  9850K .......... .......... .......... .......... .......... 42%  115M 0s
  9900K .......... .......... .......... .......... .......... 42%  139M 0s
  9950K .......... .......... .......... .......... .......... 42%  131M 0s
 10000K .......... .......... .......... .......... .......... 42%  114M 0s
 10050K .......... .......... .......... .......... .......... 43%  124M 0s
 10100K .......... .......... .......... .......... .......... 43%  133M 0s
 10150K .......... .......... .......... .......... .......... 43%  137M 0s
 10200K .......... .......... .......... .......... .......... 43%  108M 0s
 10250K .......... .......... .......... .......... .......... 43%  131M 0s
 10300K .......... .......... .......... .......... .......... 44%  136M 0s
 10350K .......... .......... .......... .......... .......... 44%  141M 0s
 10400K .......... .......... .......... .......... .......... 44%  116M 0s
 10450K .......... .......... .......... .......... .......... 44%  134M 0s
 10500K .......... .......... .......... .......... .......... 44%  141M 0s
 10550K .......... .......... .......... .......... .......... 45%  138M 0s
 10600K .......... .......... .......... .......... .......... 45%  114M 0s
 10650K .......... .......... .......... .......... .......... 45%  130M 0s
 10700K .......... .......... .......... .......... .......... 45%  127M 0s
 10750K .......... .......... .......... .......... .......... 45%  137M 0s
 10800K .......... .......... .......... .......... .......... 46%  122M 0s
 10850K .......... .......... .......... .......... .......... 46%  125M 0s
 10900K .......... .......... .......... .......... .......... 46%  134M 0s
 10950K .......... .......... .......... .......... .......... 46%  130M 0s
 11000K .......... .......... .......... .......... .......... 47%  117M 0s
 11050K .......... .......... .......... .......... .......... 47%  130M 0s
 11100K .......... .......... .......... .......... .......... 47%  130M 0s
 11150K .......... .......... .......... .......... .......... 47%  138M 0s
 11200K .......... .......... .......... .......... .......... 47%  115M 0s
 11250K .......... .......... .......... .......... .......... 48%  129M 0s
 11300K .......... .......... .......... .......... .......... 48%  135M 0s
 11350K .......... .......... .......... .......... .......... 48%  127M 0s
 11400K .......... .......... .......... .......... .......... 48%  117M 0s
 11450K .......... .......... .......... .......... .......... 48%  127M 0s
 11500K .......... .......... .......... .......... .......... 49%  123M 0s
 11550K .......... .......... .......... .......... .......... 49%  132M 0s
 11600K .......... .......... .......... .......... .......... 49%  133M 0s
 11650K .......... .......... .......... .......... .......... 49%  108M 0s
 11700K .......... .......... .......... .......... .......... 50%  133M 0s
 11750K .......... .......... .......... .......... .......... 50%  129M 0s
 11800K .......... .......... .......... .......... .......... 50%  114M 0s
 11850K .......... .......... .......... .......... .......... 50%  134M 0s
 11900K .......... .......... .......... .......... .......... 50%  128M 0s
 11950K .......... .......... .......... .......... .......... 51%  134M 0s
 12000K .......... .......... .......... .......... .......... 51%  114M 0s
 12050K .......... .......... .......... .......... .......... 51%  126M 0s
 12100K .......... .......... .......... .......... .......... 51%  127M 0s
 12150K .......... .......... .......... .......... .......... 51%  130M 0s
 12200K .......... .......... .......... .......... .......... 52%  118M 0s
 12250K .......... .......... .......... .......... .......... 52%  126M 0s
 12300K .......... .......... .......... .......... .......... 52%  134M 0s
 12350K .......... .......... .......... .......... .......... 52%  136M 0s
 12400K .......... .......... .......... .......... .......... 53% 93.1M 0s
 12450K .......... .......... .......... .......... .......... 53%  125M 0s
 12500K .......... .......... .......... .......... .......... 53%  117M 0s
 12550K .......... .......... .......... .......... .......... 53%  119M 0s
 12600K .......... .......... .......... .......... .......... 53%  128M 0s
 12650K .......... .......... .......... .......... .......... 54%  106M 0s
 12700K .......... .......... .......... .......... .......... 54%  133M 0s
 12750K .......... .......... .......... .......... .......... 54%  126M 0s
 12800K .......... .......... .......... .......... .......... 54%  135M 0s
 12850K .......... .......... .......... .......... .......... 54%  116M 0s
 12900K .......... .......... .......... .......... .......... 55%  121M 0s
 12950K .......... .......... .......... .......... .......... 55%  134M 0s
 13000K .......... .......... .......... .......... .......... 55%  123M 0s
 13050K .......... .......... .......... .......... .......... 55%  129M 0s
 13100K .......... .......... .......... .......... .......... 56%  116M 0s
 13150K .......... .......... .......... .......... .......... 56%  129M 0s
 13200K .......... .......... .......... .......... .......... 56%  119M 0s
 13250K .......... .......... .......... .......... .......... 56%  129M 0s
 13300K .......... .......... .......... .......... .......... 56%  137M 0s
 13350K .......... .......... .......... .......... .......... 57%  138M 0s
 13400K .......... .......... .......... .......... .......... 57%  115M 0s
 13450K .......... .......... .......... .......... .......... 57%  132M 0s
 13500K .......... .......... .......... .......... .......... 57%  139M 0s
 13550K .......... .......... .......... .......... .......... 57%  116M 0s
 13600K .......... .......... .......... .......... .......... 58%  124M 0s
 13650K .......... .......... .......... .......... .......... 58%  127M 0s
 13700K .......... .......... .......... .......... .......... 58%  112M 0s
 13750K .......... .......... .......... .......... .......... 58%  130M 0s
 13800K .......... .......... .......... .......... .......... 58%  129M 0s
 13850K .......... .......... .......... .......... .......... 59%  131M 0s
 13900K .......... .......... .......... .......... .......... 59%  109M 0s
 13950K .......... .......... .......... .......... .......... 59%  128M 0s
 14000K .......... .......... .......... .......... .......... 59%  133M 0s
 14050K .......... .......... .......... .......... .......... 60%  127M 0s
 14100K .......... .......... .......... .......... .......... 60%  113M 0s
 14150K .......... .......... .......... .......... .......... 60%  123M 0s
 14200K .......... .......... .......... .......... .......... 60%  134M 0s
 14250K .......... .......... .......... .......... .......... 60%  112M 0s
 14300K .......... .......... .......... .......... .......... 61%  117M 0s
 14350K .......... .......... .......... .......... .......... 61%  132M 0s
 14400K .......... .......... .......... .......... .......... 61%  126M 0s
 14450K .......... .......... .......... .......... .......... 61%  106M 0s
 14500K .......... .......... .......... .......... .......... 61%  124M 0s
 14550K .......... .......... .......... .......... .......... 62%  121M 0s
 14600K .......... .......... .......... .......... .......... 62%  134M 0s
 14650K .......... .......... .......... .......... .......... 62%  124M 0s
 14700K .......... .......... .......... .......... .......... 62%  115M 0s
 14750K .......... .......... .......... .......... .......... 63%  133M 0s
 14800K .......... .......... .......... .......... .......... 63%  129M 0s
 14850K .......... .......... .......... .......... .......... 63%  125M 0s
 14900K .......... .......... .......... .......... .......... 63%  131M 0s
 14950K .......... .......... .......... .......... .......... 63%  112M 0s
 15000K .......... .......... .......... .......... .......... 64%  128M 0s
 15050K .......... .......... .......... .......... .......... 64%  127M 0s
 15100K .......... .......... .......... .......... .......... 64%  134M 0s
 15150K .......... .......... .......... .......... .......... 64%  121M 0s
 15200K .......... .......... .......... .......... .......... 64%  114M 0s
 15250K .......... .......... .......... .......... .......... 65%  133M 0s
 15300K .......... .......... .......... .......... .......... 65%  119M 0s
 15350K .......... .......... .......... .......... .......... 65%  131M 0s
 15400K .......... .......... .......... .......... .......... 65%  114M 0s
 15450K .......... .......... .......... .......... .......... 66%  119M 0s
 15500K .......... .......... .......... .......... .......... 66%  133M 0s
 15550K .......... .......... .......... .......... .......... 66%  127M 0s
 15600K .......... .......... .......... .......... .......... 66%  116M 0s
 15650K .......... .......... .......... .......... .......... 66%  129M 0s
 15700K .......... .......... .......... .......... .......... 67%  131M 0s
 15750K .......... .......... .......... .......... .......... 67%  130M 0s
 15800K .......... .......... .......... .......... .......... 67%  110M 0s
 15850K .......... .......... .......... .......... .......... 67%  136M 0s
 15900K .......... .......... .......... .......... .......... 67%  128M 0s
 15950K .......... .......... .......... .......... .......... 68%  124M 0s
 16000K .......... .......... .......... .......... .......... 68%  117M 0s
 16050K .......... .......... .......... .......... .......... 68%  130M 0s
 16100K .......... .......... .......... .......... .......... 68%  129M 0s
 16150K .......... .......... .......... .......... .......... 68%  133M 0s
 16200K .......... .......... .......... .......... .......... 69%  121M 0s
 16250K .......... .......... .......... .......... .......... 69%  114M 0s
 16300K .......... .......... .......... .......... .......... 69%  119M 0s
 16350K .......... .......... .......... .......... .......... 69%  127M 0s
 16400K .......... .......... .......... .......... .......... 70%  134M 0s
 16450K .......... .......... .......... .......... .......... 70%  107M 0s
 16500K .......... .......... .......... .......... .......... 70%  123M 0s
 16550K .......... .......... .......... .......... .......... 70%  122M 0s
 16600K .......... .......... .......... .......... .......... 70%  131M 0s
 16650K .......... .......... .......... .......... .......... 71%  122M 0s
 16700K .......... .......... .......... .......... .......... 71%  131M 0s
 16750K .......... .......... .......... .......... .......... 71%  134M 0s
 16800K .......... .......... .......... .......... .......... 71% 99.6M 0s
 16850K .......... .......... .......... .......... .......... 71%  133M 0s
 16900K .......... .......... .......... .......... .......... 72%  135M 0s
 16950K .......... .......... .......... .......... .......... 72%  132M 0s
 17000K .......... .......... .......... .......... .......... 72%  119M 0s
 17050K .......... .......... .......... .......... .......... 72%  136M 0s
 17100K .......... .......... .......... .......... .......... 73%  131M 0s
 17150K .......... .......... .......... .......... .......... 73%  137M 0s
 17200K .......... .......... .......... .......... .......... 73%  110M 0s
 17250K .......... .......... .......... .......... .......... 73%  131M 0s
 17300K .......... .......... .......... .......... .......... 73%  110M 0s
 17350K .......... .......... .......... .......... .......... 74%  126M 0s
 17400K .......... .......... .......... .......... .......... 74%  132M 0s
 17450K .......... .......... .......... .......... .......... 74%  130M 0s
 17500K .......... .......... .......... .......... .......... 74%  116M 0s
 17550K .......... .......... .......... .......... .......... 74%  128M 0s
 17600K .......... .......... .......... .......... .......... 75%  130M 0s
 17650K .......... .......... .......... .......... .......... 75%  126M 0s
 17700K .......... .......... .......... .......... .......... 75%  109M 0s
 17750K .......... .......... .......... .......... .......... 75%  131M 0s
 17800K .......... .......... .......... .......... .......... 76%  127M 0s
 17850K .......... .......... .......... .......... .......... 76%  130M 0s
 17900K .......... .......... .......... .......... .......... 76%  126M 0s
 17950K .......... .......... .......... .......... .......... 76%  108M 0s
 18000K .......... .......... .......... .......... .......... 76%  133M 0s
 18050K .......... .......... .......... .......... .......... 77%  135M 0s
 18100K .......... .......... .......... .......... .......... 77%  111M 0s
 18150K .......... .......... .......... .......... .......... 77%  136M 0s
 18200K .......... .......... .......... .......... .......... 77%  134M 0s
 18250K .......... .......... .......... .......... .......... 77%  123M 0s
 18300K .......... .......... .......... .......... .......... 78%  116M 0s
 18350K .......... .......... .......... .......... .......... 78%  131M 0s
 18400K .......... .......... .......... .......... .......... 78%  126M 0s
 18450K .......... .......... .......... .......... .......... 78%  127M 0s
 18500K .......... .......... .......... .......... .......... 79%  112M 0s
 18550K .......... .......... .......... .......... .......... 79%  102M 0s
 18600K .......... .......... .......... .......... .......... 79%  116M 0s
 18650K .......... .......... .......... .......... .......... 79%  126M 0s
 18700K .......... .......... .......... .......... .......... 79%  108M 0s
 18750K .......... .......... .......... .......... .......... 80%  134M 0s
 18800K .......... .......... .......... .......... .......... 80%  130M 0s
 18850K .......... .......... .......... .......... .......... 80%  121M 0s
 18900K .......... .......... .......... .......... .......... 80%  116M 0s
 18950K .......... .......... .......... .......... .......... 80%  134M 0s
 19000K .......... .......... .......... .......... .......... 81%  125M 0s
 19050K .......... .......... .......... .......... .......... 81%  117M 0s
 19100K .......... .......... .......... .......... .......... 81%  121M 0s
 19150K .......... .......... .......... .......... .......... 81%  130M 0s
 19200K .......... .......... .......... .......... .......... 81%  123M 0s
 19250K .......... .......... .......... .......... .......... 82%  125M 0s
 19300K .......... .......... .......... .......... .......... 82%  117M 0s
 19350K .......... .......... .......... .......... .......... 82%  114M 0s
 19400K .......... .......... .......... .......... .......... 82%  134M 0s
 19450K .......... .......... .......... .......... .......... 83%  122M 0s
 19500K .......... .......... .......... .......... .......... 83%  120M 0s
 19550K .......... .......... .......... .......... .......... 83%  117M 0s
 19600K .......... .......... .......... .......... .......... 83%  129M 0s
 19650K .......... .......... .......... .......... .......... 83%  128M 0s
 19700K .......... .......... .......... .......... .......... 84%  119M 0s
 19750K .......... .......... .......... .......... .......... 84%  103M 0s
 19800K .......... .......... .......... .......... .......... 84%  131M 0s
 19850K .......... .......... .......... .......... .......... 84%  127M 0s
 19900K .......... .......... .......... .......... .......... 84%  130M 0s
 19950K .......... .......... .......... .......... .......... 85%  117M 0s
 20000K .......... .......... .......... .......... .......... 85%  127M 0s
 20050K .......... .......... .......... .......... .......... 85%  125M 0s
 20100K .......... .......... .......... .......... .......... 85%  108M 0s
 20150K .......... .......... .......... .......... .......... 86%  127M 0s
 20200K .......... .......... .......... .......... .......... 86%  134M 0s
 20250K .......... .......... .......... .......... .......... 86%  126M 0s
 20300K .......... .......... .......... .......... .......... 86%  123M 0s
 20350K .......... .......... .......... .......... .......... 86%  110M 0s
 20400K .......... .......... .......... .......... .......... 87%  123M 0s
 20450K .......... .......... .......... .......... .......... 87%  132M 0s
 20500K .......... .......... .......... .......... .......... 87%  124M 0s
 20550K .......... .......... .......... .......... .......... 87%  110M 0s
 20600K .......... .......... .......... .......... .......... 87%  129M 0s
 20650K .......... .......... .......... .......... .......... 88%  135M 0s
 20700K .......... .......... .......... .......... .......... 88%  129M 0s
 20750K .......... .......... .......... .......... .......... 88%  112M 0s
 20800K .......... .......... .......... .......... .......... 88%  134M 0s
 20850K .......... .......... .......... .......... .......... 89%  126M 0s
 20900K .......... .......... .......... .......... .......... 89%  134M 0s
 20950K .......... .......... .......... .......... .......... 89%  112M 0s
 21000K .......... .......... .......... .......... .......... 89%  125M 0s
 21050K .......... .......... .......... .......... .......... 89%  134M 0s
 21100K .......... .......... .......... .......... .......... 90%  113M 0s
 21150K .......... .......... .......... .......... .......... 90%  130M 0s
 21200K .......... .......... .......... .......... .......... 90%  134M 0s
 21250K .......... .......... .......... .......... .......... 90%  112M 0s
 21300K .......... .......... .......... .......... .......... 90%  128M 0s
 21350K .......... .......... .......... .......... .......... 91%  113M 0s
 21400K .......... .......... .......... .......... .......... 91%  133M 0s
 21450K .......... .......... .......... .......... .......... 91%  112M 0s
 21500K .......... .......... .......... .......... .......... 91%  125M 0s
 21550K .......... .......... .......... .......... .......... 91%  133M 0s
 21600K .......... .......... .......... .......... .......... 92%  131M 0s
 21650K .......... .......... .......... .......... .......... 92%  114M 0s
 21700K .......... .......... .......... .......... .......... 92%  134M 0s
 21750K .......... .......... .......... .......... .......... 92%  130M 0s
 21800K .......... .......... .......... .......... .......... 93%  137M 0s
 21850K .......... .......... .......... .......... .......... 93%  117M 0s
 21900K .......... .......... .......... .......... .......... 93%  136M 0s
 21950K .......... .......... .......... .......... .......... 93%  135M 0s
 22000K .......... .......... .......... .......... .......... 93%  115M 0s
 22050K .......... .......... .......... .......... .......... 94%  132M 0s
 22100K .......... .......... .......... .......... .......... 94%  133M 0s
 22150K .......... .......... .......... .......... .......... 94%  128M 0s
 22200K .......... .......... .......... .......... .......... 94%  118M 0s
 22250K .......... .......... .......... .......... .......... 94%  115M 0s
 22300K .......... .......... .......... .......... .......... 95%  136M 0s
 22350K .......... .......... .......... .......... .......... 95%  115M 0s
 22400K .......... .......... .......... .......... .......... 95%  134M 0s
 22450K .......... .......... .......... .......... .......... 95%  136M 0s
 22500K .......... .......... .......... .......... .......... 96%  113M 0s
 22550K .......... .......... .......... .......... .......... 96%  132M 0s
 22600K .......... .......... .......... .......... .......... 96%  134M 0s
 22650K .......... .......... .......... .......... .......... 96%  125M 0s
 22700K .......... .......... .......... .......... .......... 96%  137M 0s
 22750K .......... .......... .......... .......... .......... 97%  116M 0s
 22800K .......... .......... .......... .......... .......... 97%  128M 0s
 22850K .......... .......... .......... .......... .......... 97%  134M 0s
 22900K .......... .......... .......... .......... .......... 97%  130M 0s
 22950K .......... .......... .......... .......... .......... 97%  117M 0s
 23000K .......... .......... .......... .......... .......... 98%  134M 0s
 23050K .......... .......... .......... .......... .......... 98%  129M 0s
 23100K .......... .......... .......... .......... .......... 98%  136M 0s
 23150K .......... .......... .......... .......... .......... 98%  115M 0s
 23200K .......... .......... .......... .......... .......... 99%  129M 0s
 23250K .......... .......... .......... .......... .......... 99%  135M 0s
 23300K .......... .......... .......... .......... .......... 99%  130M 0s
 23350K .......... .......... .......... .......... .......... 99%  120M 0s
 23400K .......... .......... .......... .......... .......... 99%  133M 0s
 23450K .......... .......... .........                       100%  108M=0.3s

2026-09-04 00:51:55 (74.4 MB/s) - ‘hack/python-sdk/openapi-generator-cli-4.3.1.jar’ saved [24043322/24043322]

Generating Python SDK for KServe ...
[main] INFO  o.o.codegen.DefaultGenerator - Generating with dryRun=false
[main] INFO  o.o.codegen.DefaultGenerator - OpenAPI Generator: python (client)
[main] INFO  o.o.codegen.DefaultGenerator - Generator 'python' is considered stable.
[main] INFO  o.o.c.languages.PythonClientCodegen - Environment variable PYTHON_POST_PROCESS_FILE not defined so the Python code may not be properly formatted. To define it, try 'export PYTHON_POST_PROCESS_FILE="/usr/local/bin/yapf -i"' (Linux/Mac)
[main] INFO  o.o.c.languages.PythonClientCodegen - NOTE: To enable file post-processing, 'enablePostProcessFile' must be set to `true` (--enable-post-process-file for CLI).
[main] WARN  o.o.codegen.utils.URLPathUtils - 'host' (OAS 2.0) or 'servers' (OAS 3.0) not defined in the spec. Default to [http://localhost] for server URL [http://localhost/]
[main] WARN  o.o.codegen.utils.URLPathUtils - 'host' (OAS 2.0) or 'servers' (OAS 3.0) not defined in the spec. Default to [http://localhost] for server URL [http://localhost/]
[main] WARN  o.o.codegen.utils.ModelUtils - #/components/schemas/v1.EnvVar is not defined
[main] WARN  o.o.codegen.utils.ModelUtils - #/components/schemas/v1.EnvVar is not defined
[main] WARN  o.o.codegen.utils.ModelUtils - #/components/schemas/v1.EnvVar is not defined
[main] WARN  o.o.codegen.utils.ModelUtils - #/components/schemas/v1.EnvVar is not defined
[main] WARN  o.o.codegen.utils.ModelUtils - #/components/schemas/v1.EnvVar is not defined
[main] WARN  o.o.codegen.utils.ModelUtils - #/components/schemas/v1.EnvVar is not defined
[main] WARN  o.o.codegen.utils.ModelUtils - #/components/schemas/v1.EnvVar is not defined
[main] WARN  o.o.codegen.utils.ModelUtils - #/components/schemas/v1.EnvVar is not defined
[main] WARN  o.o.codegen.utils.ModelUtils - #/components/schemas/v1.ObjectMeta is not defined
[main] WARN  o.o.codegen.utils.ModelUtils - #/components/schemas/v1.ObjectMeta is not defined
[main] WARN  o.o.codegen.utils.ModelUtils - #/components/schemas/v1.ObjectMeta is not defined
[main] WARN  o.o.codegen.utils.ModelUtils - #/components/schemas/v1.ObjectMeta is not defined
[main] WARN  o.o.codegen.utils.ModelUtils - #/components/schemas/v1.ObjectMeta is not defined
[main] WARN  o.o.codegen.utils.ModelUtils - #/components/schemas/v1.ObjectMeta is not defined
[main] WARN  o.o.codegen.utils.ModelUtils - #/components/schemas/v1.ListMeta is not defined
[main] WARN  o.o.codegen.utils.ModelUtils - #/components/schemas/v1.ListMeta is not defined
[main] WARN  o.o.codegen.utils.ModelUtils - #/components/schemas/v1.ListMeta is not defined
[main] WARN  o.o.codegen.utils.ModelUtils - #/components/schemas/v1.ListMeta is not defined
[main] WARN  o.o.codegen.utils.ModelUtils - #/components/schemas/v1.ListMeta is not defined
[main] WARN  o.o.codegen.utils.ModelUtils - #/components/schemas/v1.ListMeta is not defined
[main] WARN  o.o.codegen.utils.ModelUtils - #/components/schemas/v1.ObjectMeta is not defined
[main] WARN  o.o.codegen.utils.ModelUtils - #/components/schemas/v1.ObjectMeta is not defined
[main] WARN  o.o.codegen.utils.ModelUtils - #/components/schemas/v1.ObjectMeta is not defined
[main] WARN  o.o.codegen.utils.ModelUtils - #/components/schemas/v1.ObjectMeta is not defined
[main] WARN  o.o.codegen.utils.ModelUtils - #/components/schemas/v1.ObjectMeta is not defined
[main] WARN  o.o.codegen.utils.ModelUtils - #/components/schemas/v1.ObjectMeta is not defined
[main] WARN  o.o.codegen.utils.ModelUtils - #/components/schemas/v1.ListMeta is not defined
[main] WARN  o.o.codegen.utils.ModelUtils - #/components/schemas/v1.ListMeta is not defined
[main] WARN  o.o.codegen.utils.ModelUtils - #/components/schemas/v1.ListMeta is not defined
[main] WARN  o.o.codegen.utils.ModelUtils - #/components/schemas/v1.ListMeta is not defined
[main] WARN  o.o.codegen.utils.ModelUtils - #/components/schemas/v1.ListMeta is not defined
[main] WARN  o.o.codegen.utils.ModelUtils - #/components/schemas/v1.ListMeta is not defined
[main] WARN  o.o.codegen.utils.ModelUtils - #/components/schemas/v1.ObjectMeta is not defined
[main] WARN  o.o.codegen.utils.ModelUtils - #/components/schemas/v1.ObjectMeta is not defined
[main] WARN  o.o.codegen.utils.ModelUtils - #/components/schemas/v1.ObjectMeta is not defined
[main] WARN  o.o.codegen.utils.ModelUtils - #/components/schemas/v1.ObjectMeta is not defined
[main] WARN  o.o.codegen.utils.ModelUtils - #/components/schemas/v1.ObjectMeta is not defined
[main] WARN  o.o.codegen.utils.ModelUtils - #/components/schemas/v1.ObjectMeta is not defined
[main] WARN  o.o.codegen.utils.ModelUtils - #/components/schemas/v1.ListMeta is not defined
[main] WARN  o.o.codegen.utils.ModelUtils - #/components/schemas/v1.ListMeta is not defined
[main] WARN  o.o.codegen.utils.ModelUtils - #/components/schemas/v1.ListMeta is not defined
[main] WARN  o.o.codegen.utils.ModelUtils - #/components/schemas/v1.ListMeta is not defined
[main] WARN  o.o.codegen.utils.ModelUtils - #/components/schemas/v1.ListMeta is not defined
[main] WARN  o.o.codegen.utils.ModelUtils - #/components/schemas/v1.ListMeta is not defined
[main] WARN  o.o.codegen.utils.ModelUtils - #/components/schemas/v1.Affinity is not defined
[main] WARN  o.o.codegen.utils.ModelUtils - #/components/schemas/v1.ResourceRequirements is not defined
[main] WARN  o.o.codegen.utils.ModelUtils - #/components/schemas/v1.Affinity is not defined
[main] WARN  o.o.codegen.utils.ModelUtils - #/components/schemas/v1.Affinity is not defined
[main] WARN  o.o.codegen.utils.ModelUtils - #/components/schemas/v1.Affinity is not defined
[main] WARN  o.o.codegen.utils.ModelUtils - #/components/schemas/v1.Affinity is not defined
[main] WARN  o.o.codegen.utils.ModelUtils - #/components/schemas/v1.Affinity is not defined
[main] WARN  o.o.codegen.utils.ModelUtils - #/components/schemas/v1.ResourceRequirements is not defined
[main] WARN  o.o.codegen.utils.ModelUtils - #/components/schemas/v1.ResourceRequirements is not defined
[main] WARN  o.o.codegen.utils.ModelUtils - #/components/schemas/v1.ResourceRequirements is not defined
[main] WARN  o.o.codegen.utils.ModelUtils - #/components/schemas/v1.ResourceRequirements is not defined
[main] WARN  o.o.codegen.utils.ModelUtils - #/components/schemas/v1.ResourceRequirements is not defined
[main] WARN  o.o.codegen.utils.ModelUtils - #/components/schemas/v1.Toleration is not defined
[main] WARN  o.o.codegen.utils.ModelUtils - #/components/schemas/v1.Toleration is not defined
[main] WARN  o.o.codegen.utils.ModelUtils - #/components/schemas/v1.Toleration is not defined
[main] WARN  o.o.codegen.utils.ModelUtils - #/components/schemas/v1.Toleration is not defined
[main] WARN  o.o.codegen.utils.ModelUtils - #/components/schemas/v1.Toleration is not defined
[main] WARN  o.o.codegen.utils.ModelUtils - #/components/schemas/v1.Toleration is not defined
[main] WARN  o.o.codegen.utils.ModelUtils - #/components/schemas/v1.Toleration is not defined
[main] WARN  o.o.codegen.utils.ModelUtils - #/components/schemas/v1.Toleration is not defined
[main] WARN  o.o.codegen.utils.ModelUtils - #/components/schemas/knative.URL is not defined
[main] WARN  o.o.codegen.utils.ModelUtils - #/components/schemas/knative.Condition is not defined
[main] WARN  o.o.codegen.utils.ModelUtils - #/components/schemas/knative.Condition is not defined
[main] WARN  o.o.codegen.utils.ModelUtils - #/components/schemas/knative.Condition is not defined
[main] WARN  o.o.codegen.utils.ModelUtils - #/components/schemas/knative.Condition is not defined
[main] WARN  o.o.codegen.utils.ModelUtils - #/components/schemas/knative.Condition is not defined
[main] WARN  o.o.codegen.utils.ModelUtils - #/components/schemas/knative.Condition is not defined
[main] WARN  o.o.codegen.utils.ModelUtils - #/components/schemas/knative.Condition is not defined
[main] WARN  o.o.codegen.utils.ModelUtils - #/components/schemas/knative.Condition is not defined
[main] WARN  o.o.codegen.utils.ModelUtils - #/components/schemas/knative.URL is not defined
[main] WARN  o.o.codegen.utils.ModelUtils - #/components/schemas/knative.URL is not defined
[main] WARN  o.o.codegen.utils.ModelUtils - #/components/schemas/knative.URL is not defined
[main] WARN  o.o.codegen.utils.ModelUtils - #/components/schemas/knative.URL is not defined
[main] WARN  o.o.codegen.utils.ModelUtils - #/components/schemas/knative.URL is not defined
[main] WARN  o.o.codegen.utils.ModelUtils - #/components/schemas/v1.ObjectMeta is not defined
[main] WARN  o.o.codegen.utils.ModelUtils - #/components/schemas/v1alpha1.LLMInferenceServiceSpec is not defined
[main] WARN  o.o.codegen.utils.ModelUtils - #/components/schemas/v1alpha1.LLMInferenceServiceStatus is not defined
[main] WARN  o.o.codegen.utils.ModelUtils - #/components/schemas/v1.ObjectMeta is not defined
[main] WARN  o.o.codegen.utils.ModelUtils - #/components/schemas/v1.ObjectMeta is not defined
[main] WARN  o.o.codegen.utils.ModelUtils - #/components/schemas/v1.ObjectMeta is not defined
[main] WARN  o.o.codegen.utils.ModelUtils - #/components/schemas/v1.ObjectMeta is not defined
[main] WARN  o.o.codegen.utils.ModelUtils - #/components/schemas/v1.ObjectMeta is not defined
[main] WARN  o.o.codegen.utils.ModelUtils - #/components/schemas/v1alpha1.LLMInferenceServiceSpec is not defined
[main] WARN  o.o.codegen.utils.ModelUtils - #/components/schemas/v1alpha1.LLMInferenceServiceSpec is not defined
[main] WARN  o.o.codegen.utils.ModelUtils - #/components/schemas/v1alpha1.LLMInferenceServiceSpec is not defined
[main] WARN  o.o.codegen.utils.ModelUtils - #/components/schemas/v1alpha1.LLMInferenceServiceSpec is not defined
[main] WARN  o.o.codegen.utils.ModelUtils - #/components/schemas/v1alpha1.LLMInferenceServiceSpec is not defined
[main] WARN  o.o.codegen.utils.ModelUtils - #/components/schemas/v1alpha1.LLMInferenceServiceStatus is not defined
[main] WARN  o.o.codegen.utils.ModelUtils - #/components/schemas/v1alpha1.LLMInferenceServiceStatus is not defined
[main] WARN  o.o.codegen.utils.ModelUtils - #/components/schemas/v1alpha1.LLMInferenceServiceStatus is not defined
[main] WARN  o.o.codegen.utils.ModelUtils - #/components/schemas/v1alpha1.LLMInferenceServiceStatus is not defined
[main] WARN  o.o.codegen.utils.ModelUtils - #/components/schemas/v1alpha1.LLMInferenceServiceStatus is not defined
[main] WARN  o.o.codegen.utils.ModelUtils - #/components/schemas/v1.ObjectMeta is not defined
[main] WARN  o.o.codegen.utils.ModelUtils - #/components/schemas/v1alpha1.LLMInferenceServiceSpec is not defined
[main] WARN  o.o.codegen.utils.ModelUtils - #/components/schemas/v1alpha1.LLMInferenceServiceConfigStatus is not defined
[main] WARN  o.o.codegen.utils.ModelUtils - #/components/schemas/v1.ObjectMeta is not defined
[main] WARN  o.o.codegen.utils.ModelUtils - #/components/schemas/v1.ObjectMeta is not defined
[main] WARN  o.o.codegen.utils.ModelUtils - #/components/schemas/v1.ObjectMeta is not defined
[main] WARN  o.o.codegen.utils.ModelUtils - #/components/schemas/v1.ObjectMeta is not defined
[main] WARN  o.o.codegen.utils.ModelUtils - #/components/schemas/v1.ObjectMeta is not defined
[main] WARN  o.o.codegen.utils.ModelUtils - #/components/schemas/v1alpha1.LLMInferenceServiceSpec is not defined
[main] WARN  o.o.codegen.utils.ModelUtils - #/components/schemas/v1alpha1.LLMInferenceServiceSpec is not defined
[main] WARN  o.o.codegen.utils.ModelUtils - #/components/schemas/v1alpha1.LLMInferenceServiceSpec is not defined
[main] WARN  o.o.codegen.utils.ModelUtils - #/components/schemas/v1alpha1.LLMInferenceServiceSpec is not defined
[main] WARN  o.o.codegen.utils.ModelUtils - #/components/schemas/v1alpha1.LLMInferenceServiceSpec is not defined
[main] WARN  o.o.codegen.utils.ModelUtils - #/components/schemas/v1alpha1.LLMInferenceServiceConfigStatus is not defined
[main] WARN  o.o.codegen.utils.ModelUtils - #/components/schemas/v1alpha1.LLMInferenceServiceConfigStatus is not defined
[main] WARN  o.o.codegen.utils.ModelUtils - #/components/schemas/v1alpha1.LLMInferenceServiceConfigStatus is not defined
[main] WARN  o.o.codegen.utils.ModelUtils - #/components/schemas/v1alpha1.LLMInferenceServiceConfigStatus is not defined
[main] WARN  o.o.codegen.utils.ModelUtils - #/components/schemas/v1alpha1.LLMInferenceServiceConfigStatus is not defined
[main] WARN  o.o.codegen.utils.ModelUtils - #/components/schemas/v1.ListMeta is not defined
[main] WARN  o.o.codegen.utils.ModelUtils - #/components/schemas/v1.ListMeta is not defined
[main] WARN  o.o.codegen.utils.ModelUtils - #/components/schemas/v1.ListMeta is not defined
[main] WARN  o.o.codegen.utils.ModelUtils - #/components/schemas/v1.ListMeta is not defined
[main] WARN  o.o.codegen.utils.ModelUtils - #/components/schemas/v1.ListMeta is not defined
[main] WARN  o.o.codegen.utils.ModelUtils - #/components/schemas/v1.ListMeta is not defined
[main] WARN  o.o.codegen.utils.ModelUtils - #/components/schemas/v1.ListMeta is not defined
[main] WARN  o.o.codegen.utils.ModelUtils - #/components/schemas/v1.ListMeta is not defined
[main] WARN  o.o.codegen.utils.ModelUtils - #/components/schemas/v1.ListMeta is not defined
[main] WARN  o.o.codegen.utils.ModelUtils - #/components/schemas/v1.ListMeta is not defined
[main] WARN  o.o.codegen.utils.ModelUtils - #/components/schemas/v1.ListMeta is not defined
[main] WARN  o.o.codegen.utils.ModelUtils - #/components/schemas/v1.ListMeta is not defined
[main] WARN  o.o.codegen.utils.ModelUtils - #/components/schemas/v1.ObjectMeta is not defined
[main] WARN  o.o.codegen.utils.ModelUtils - #/components/schemas/v1alpha1.LocalModelCacheStatus is not defined
[main] WARN  o.o.codegen.utils.ModelUtils - #/components/schemas/v1.ObjectMeta is not defined
[main] WARN  o.o.codegen.utils.ModelUtils - #/components/schemas/v1.ObjectMeta is not defined
[main] WARN  o.o.codegen.utils.ModelUtils - #/components/schemas/v1.ObjectMeta is not defined
[main] WARN  o.o.codegen.utils.ModelUtils - #/components/schemas/v1.ObjectMeta is not defined
[main] WARN  o.o.codegen.utils.ModelUtils - #/components/schemas/v1.ObjectMeta is not defined
[main] WARN  o.o.codegen.utils.ModelUtils - #/components/schemas/v1alpha1.LocalModelCacheStatus is not defined
[main] WARN  o.o.codegen.utils.ModelUtils - #/components/schemas/v1alpha1.LocalModelCacheStatus is not defined
[main] WARN  o.o.codegen.utils.ModelUtils - #/components/schemas/v1alpha1.LocalModelCacheStatus is not defined
[main] WARN  o.o.codegen.utils.ModelUtils - #/components/schemas/v1alpha1.LocalModelCacheStatus is not defined
[main] WARN  o.o.codegen.utils.ModelUtils - #/components/schemas/v1alpha1.LocalModelCacheStatus is not defined
[main] WARN  o.o.codegen.utils.ModelUtils - #/components/schemas/v1.ListMeta is not defined
[main] WARN  o.o.codegen.utils.ModelUtils - #/components/schemas/v1.ListMeta is not defined
[main] WARN  o.o.codegen.utils.ModelUtils - #/components/schemas/v1.ListMeta is not defined
[main] WARN  o.o.codegen.utils.ModelUtils - #/components/schemas/v1.ListMeta is not defined
[main] WARN  o.o.codegen.utils.ModelUtils - #/components/schemas/v1.ListMeta is not defined
[main] WARN  o.o.codegen.utils.ModelUtils - #/components/schemas/v1.ListMeta is not defined
[main] WARN  o.o.codegen.utils.ModelUtils - #/components/schemas/resource.Quantity is not defined
[main] WARN  o.o.codegen.utils.ModelUtils - #/components/schemas/resource.Quantity is not defined
[main] WARN  o.o.codegen.utils.ModelUtils - #/components/schemas/resource.Quantity is not defined
[main] WARN  o.o.codegen.utils.ModelUtils - #/components/schemas/resource.Quantity is not defined
[main] WARN  o.o.codegen.utils.ModelUtils - #/components/schemas/resource.Quantity is not defined
[main] WARN  o.o.codegen.utils.ModelUtils - #/components/schemas/resource.Quantity is not defined
[main] WARN  o.o.codegen.utils.ModelUtils - #/components/schemas/v1.ObjectMeta is not defined
[main] WARN  o.o.codegen.utils.ModelUtils - #/components/schemas/v1alpha1.LocalModelCacheStatus is not defined
[main] WARN  o.o.codegen.utils.ModelUtils - #/components/schemas/v1.ObjectMeta is not defined
[main] WARN  o.o.codegen.utils.ModelUtils - #/components/schemas/v1.ObjectMeta is not defined
[main] WARN  o.o.codegen.utils.ModelUtils - #/components/schemas/v1.ObjectMeta is not defined
[main] WARN  o.o.codegen.utils.ModelUtils - #/components/schemas/v1.ObjectMeta is not defined
[main] WARN  o.o.codegen.utils.ModelUtils - #/components/schemas/v1.ObjectMeta is not defined
[main] WARN  o.o.codegen.utils.ModelUtils - #/components/schemas/v1alpha1.LocalModelCacheStatus is not defined
[main] WARN  o.o.codegen.utils.ModelUtils - #/components/schemas/v1alpha1.LocalModelCacheStatus is not defined
[main] WARN  o.o.codegen.utils.ModelUtils - #/components/schemas/v1alpha1.LocalModelCacheStatus is not defined
[main] WARN  o.o.codegen.utils.ModelUtils - #/components/schemas/v1alpha1.LocalModelCacheStatus is not defined
[main] WARN  o.o.codegen.utils.ModelUtils - #/components/schemas/v1alpha1.LocalModelCacheStatus is not defined
[main] WARN  o.o.codegen.utils.ModelUtils - #/components/schemas/v1.ListMeta is not defined
[main] WARN  o.o.codegen.utils.ModelUtils - #/components/schemas/v1.ListMeta is not defined
[main] WARN  o.o.codegen.utils.ModelUtils - #/components/schemas/v1.ListMeta is not defined
[main] WARN  o.o.codegen.utils.ModelUtils - #/components/schemas/v1.ListMeta is not defined
[main] WARN  o.o.codegen.utils.ModelUtils - #/components/schemas/v1.ListMeta is not defined
[main] WARN  o.o.codegen.utils.ModelUtils - #/components/schemas/v1.ListMeta is not defined
[main] WARN  o.o.codegen.utils.ModelUtils - #/components/schemas/resource.Quantity is not defined
[main] WARN  o.o.codegen.utils.ModelUtils - #/components/schemas/resource.Quantity is not defined
[main] WARN  o.o.codegen.utils.ModelUtils - #/components/schemas/resource.Quantity is not defined
[main] WARN  o.o.codegen.utils.ModelUtils - #/components/schemas/resource.Quantity is not defined
[main] WARN  o.o.codegen.utils.ModelUtils - #/components/schemas/resource.Quantity is not defined
[main] WARN  o.o.codegen.utils.ModelUtils - #/components/schemas/resource.Quantity is not defined
[main] WARN  o.o.codegen.utils.ModelUtils - #/components/schemas/v1.ObjectMeta is not defined
[main] WARN  o.o.codegen.utils.ModelUtils - #/components/schemas/v1alpha1.LocalModelNodeStatus is not defined
[main] WARN  o.o.codegen.utils.ModelUtils - #/components/schemas/v1.ObjectMeta is not defined
[main] WARN  o.o.codegen.utils.ModelUtils - #/components/schemas/v1.ObjectMeta is not defined
[main] WARN  o.o.codegen.utils.ModelUtils - #/components/schemas/v1.ObjectMeta is not defined
[main] WARN  o.o.codegen.utils.ModelUtils - #/components/schemas/v1.ObjectMeta is not defined
[main] WARN  o.o.codegen.utils.ModelUtils - #/components/schemas/v1.ObjectMeta is not defined
[main] WARN  o.o.codegen.utils.ModelUtils - #/components/schemas/v1alpha1.LocalModelNodeStatus is not defined
[main] WARN  o.o.codegen.utils.ModelUtils - #/components/schemas/v1alpha1.LocalModelNodeStatus is not defined
[main] WARN  o.o.codegen.utils.ModelUtils - #/components/schemas/v1alpha1.LocalModelNodeStatus is not defined
[main] WARN  o.o.codegen.utils.ModelUtils - #/components/schemas/v1alpha1.LocalModelNodeStatus is not defined
[main] WARN  o.o.codegen.utils.ModelUtils - #/components/schemas/v1alpha1.LocalModelNodeStatus is not defined
[main] WARN  o.o.codegen.utils.ModelUtils - #/components/schemas/v1.ObjectMeta is not defined
[main] WARN  o.o.codegen.utils.ModelUtils - #/components/schemas/v1alpha1.LocalModelNodeGroupStatus is not defined
[main] WARN  o.o.codegen.utils.ModelUtils - #/components/schemas/v1.ObjectMeta is not defined
[main] WARN  o.o.codegen.utils.ModelUtils - #/components/schemas/v1.ObjectMeta is not defined
[main] WARN  o.o.codegen.utils.ModelUtils - #/components/schemas/v1.ObjectMeta is not defined
[main] WARN  o.o.codegen.utils.ModelUtils - #/components/schemas/v1.ObjectMeta is not defined
[main] WARN  o.o.codegen.utils.ModelUtils - #/components/schemas/v1.ObjectMeta is not defined
[main] WARN  o.o.codegen.utils.ModelUtils - #/components/schemas/v1alpha1.LocalModelNodeGroupStatus is not defined
[main] WARN  o.o.codegen.utils.ModelUtils - #/components/schemas/v1alpha1.LocalModelNodeGroupStatus is not defined
[main] WARN  o.o.codegen.utils.ModelUtils - #/components/schemas/v1alpha1.LocalModelNodeGroupStatus is not defined
[main] WARN  o.o.codegen.utils.ModelUtils - #/components/schemas/v1alpha1.LocalModelNodeGroupStatus is not defined
[main] WARN  o.o.codegen.utils.ModelUtils - #/components/schemas/v1alpha1.LocalModelNodeGroupStatus is not defined
[main] WARN  o.o.codegen.utils.ModelUtils - #/components/schemas/v1.ListMeta is not defined
[main] WARN  o.o.codegen.utils.ModelUtils - #/components/schemas/v1.ListMeta is not defined
[main] WARN  o.o.codegen.utils.ModelUtils - #/components/schemas/v1.ListMeta is not defined
[main] WARN  o.o.codegen.utils.ModelUtils - #/components/schemas/v1.ListMeta is not defined
[main] WARN  o.o.codegen.utils.ModelUtils - #/components/schemas/v1.ListMeta is not defined
[main] WARN  o.o.codegen.utils.ModelUtils - #/components/schemas/v1.ListMeta is not defined
[main] WARN  o.o.codegen.utils.ModelUtils - #/components/schemas/v1.PersistentVolumeClaimSpec is not defined
[main] WARN  o.o.codegen.utils.ModelUtils - #/components/schemas/v1.PersistentVolumeSpec is not defined
[main] WARN  o.o.codegen.utils.ModelUtils - #/components/schemas/resource.Quantity is not defined
[main] WARN  o.o.codegen.utils.ModelUtils - #/components/schemas/v1.PersistentVolumeClaimSpec is not defined
[main] WARN  o.o.codegen.utils.ModelUtils - #/components/schemas/v1.PersistentVolumeClaimSpec is not defined
[main] WARN  o.o.codegen.utils.ModelUtils - #/components/schemas/v1.PersistentVolumeClaimSpec is not defined
[main] WARN  o.o.codegen.utils.ModelUtils - #/components/schemas/v1.PersistentVolumeClaimSpec is not defined
[main] WARN  o.o.codegen.utils.ModelUtils - #/components/schemas/v1.PersistentVolumeClaimSpec is not defined
[main] WARN  o.o.codegen.utils.ModelUtils - #/components/schemas/v1.PersistentVolumeSpec is not defined
[main] WARN  o.o.codegen.utils.ModelUtils - #/components/schemas/v1.PersistentVolumeSpec is not defined
[main] WARN  o.o.codegen.utils.ModelUtils - #/components/schemas/v1.PersistentVolumeSpec is not defined
[main] WARN  o.o.codegen.utils.ModelUtils - #/components/schemas/v1.PersistentVolumeSpec is not defined
[main] WARN  o.o.codegen.utils.ModelUtils - #/components/schemas/v1.PersistentVolumeSpec is not defined
[main] WARN  o.o.codegen.utils.ModelUtils - #/components/schemas/resource.Quantity is not defined
[main] WARN  o.o.codegen.utils.ModelUtils - #/components/schemas/resource.Quantity is not defined
[main] WARN  o.o.codegen.utils.ModelUtils - #/components/schemas/resource.Quantity is not defined
[main] WARN  o.o.codegen.utils.ModelUtils - #/components/schemas/resource.Quantity is not defined
[main] WARN  o.o.codegen.utils.ModelUtils - #/components/schemas/resource.Quantity is not defined
[main] WARN  o.o.codegen.utils.ModelUtils - #/components/schemas/v1.ListMeta is not defined
[main] WARN  o.o.codegen.utils.ModelUtils - #/components/schemas/v1.ListMeta is not defined
[main] WARN  o.o.codegen.utils.ModelUtils - #/components/schemas/v1.ListMeta is not defined
[main] WARN  o.o.codegen.utils.ModelUtils - #/components/schemas/v1.ListMeta is not defined
[main] WARN  o.o.codegen.utils.ModelUtils - #/components/schemas/v1.ListMeta is not defined
[main] WARN  o.o.codegen.utils.ModelUtils - #/components/schemas/v1.ListMeta is not defined
[main] WARN  o.o.codegen.utils.ModelUtils - #/components/schemas/v1alpha1.LocalModelInfo is not defined
[main] WARN  o.o.codegen.utils.ModelUtils - #/components/schemas/v1alpha1.LocalModelInfo is not defined
[main] WARN  o.o.codegen.utils.ModelUtils - #/components/schemas/v1alpha1.LocalModelInfo is not defined
[main] WARN  o.o.codegen.utils.ModelUtils - #/components/schemas/v1alpha1.LocalModelInfo is not defined
[main] WARN  o.o.codegen.utils.ModelUtils - #/components/schemas/v1alpha1.LocalModelInfo is not defined
[main] WARN  o.o.codegen.utils.ModelUtils - #/components/schemas/v1alpha1.LocalModelInfo is not defined
[main] WARN  o.o.codegen.utils.ModelUtils - #/components/schemas/v1alpha1.LocalModelInfo is not defined
[main] WARN  o.o.codegen.utils.ModelUtils - #/components/schemas/v1alpha1.LocalModelInfo is not defined
[main] WARN  o.o.codegen.utils.ModelUtils - #/components/schemas/resource.Quantity is not defined
[main] WARN  o.o.codegen.utils.ModelUtils - #/components/schemas/resource.Quantity is not defined
[main] WARN  o.o.codegen.utils.ModelUtils - #/components/schemas/resource.Quantity is not defined
[main] WARN  o.o.codegen.utils.ModelUtils - #/components/schemas/resource.Quantity is not defined
[main] WARN  o.o.codegen.utils.ModelUtils - #/components/schemas/resource.Quantity is not defined
[main] WARN  o.o.codegen.utils.ModelUtils - #/components/schemas/resource.Quantity is not defined
[main] WARN  o.o.codegen.utils.ModelUtils - #/components/schemas/v1.ObjectMeta is not defined
[main] WARN  o.o.codegen.utils.ModelUtils - #/components/schemas/v1.ObjectMeta is not defined
[main] WARN  o.o.codegen.utils.ModelUtils - #/components/schemas/v1.ObjectMeta is not defined
[main] WARN  o.o.codegen.utils.ModelUtils - #/components/schemas/v1.ObjectMeta is not defined
[main] WARN  o.o.codegen.utils.ModelUtils - #/components/schemas/v1.ObjectMeta is not defined
[main] WARN  o.o.codegen.utils.ModelUtils - #/components/schemas/v1.ObjectMeta is not defined
[main] WARN  o.o.codegen.utils.ModelUtils - #/components/schemas/v1.ListMeta is not defined
[main] WARN  o.o.codegen.utils.ModelUtils - #/components/schemas/v1.ListMeta is not defined
[main] WARN  o.o.codegen.utils.ModelUtils - #/components/schemas/v1.ListMeta is not defined
[main] WARN  o.o.codegen.utils.ModelUtils - #/components/schemas/v1.ListMeta is not defined
[main] WARN  o.o.codegen.utils.ModelUtils - #/components/schemas/v1.ListMeta is not defined
[main] WARN  o.o.codegen.utils.ModelUtils - #/components/schemas/v1.ListMeta is not defined
[main] WARN  o.o.codegen.utils.ModelUtils - #/components/schemas/v1.Affinity is not defined
[main] WARN  o.o.codegen.utils.ModelUtils - #/components/schemas/v1.Affinity is not defined
[main] WARN  o.o.codegen.utils.ModelUtils - #/components/schemas/v1.Affinity is not defined
[main] WARN  o.o.codegen.utils.ModelUtils - #/components/schemas/v1.Affinity is not defined
[main] WARN  o.o.codegen.utils.ModelUtils - #/components/schemas/v1.Affinity is not defined
[main] WARN  o.o.codegen.utils.ModelUtils - #/components/schemas/v1.Affinity is not defined
[main] WARN  o.o.codegen.utils.ModelUtils - #/components/schemas/v1.Container is not defined
[main] WARN  o.o.codegen.utils.ModelUtils - #/components/schemas/v1.Container is not defined
[main] WARN  o.o.codegen.utils.ModelUtils - #/components/schemas/v1.Container is not defined
[main] WARN  o.o.codegen.utils.ModelUtils - #/components/schemas/v1.Container is not defined
[main] WARN  o.o.codegen.utils.ModelUtils - #/components/schemas/v1.Container is not defined
[main] WARN  o.o.codegen.utils.ModelUtils - #/components/schemas/v1.Container is not defined
[main] WARN  o.o.codegen.utils.ModelUtils - #/components/schemas/v1.Container is not defined
[main] WARN  o.o.codegen.utils.ModelUtils - #/components/schemas/v1.Container is not defined
[main] WARN  o.o.codegen.utils.ModelUtils - #/components/schemas/v1.LocalObjectReference is not defined
[main] WARN  o.o.codegen.utils.ModelUtils - #/components/schemas/v1.LocalObjectReference is not defined
[main] WARN  o.o.codegen.utils.ModelUtils - #/components/schemas/v1.LocalObjectReference is not defined
[main] WARN  o.o.codegen.utils.ModelUtils - #/components/schemas/v1.LocalObjectReference is not defined
[main] WARN  o.o.codegen.utils.ModelUtils - #/components/schemas/v1.LocalObjectReference is not defined
[main] WARN  o.o.codegen.utils.ModelUtils - #/components/schemas/v1.LocalObjectReference is not defined
[main] WARN  o.o.codegen.utils.ModelUtils - #/components/schemas/v1.LocalObjectReference is not defined
[main] WARN  o.o.codegen.utils.ModelUtils - #/components/schemas/v1.LocalObjectReference is not defined
[main] WARN  o.o.codegen.utils.ModelUtils - #/components/schemas/v1.PodResourceClaim is not defined
[main] WARN  o.o.codegen.utils.ModelUtils - #/components/schemas/v1.PodResourceClaim is not defined
[main] WARN  o.o.codegen.utils.ModelUtils - #/components/schemas/v1.PodResourceClaim is not defined
[main] WARN  o.o.codegen.utils.ModelUtils - #/components/schemas/v1.PodResourceClaim is not defined
[main] WARN  o.o.codegen.utils.ModelUtils - #/components/schemas/v1.PodResourceClaim is not defined
[main] WARN  o.o.codegen.utils.ModelUtils - #/components/schemas/v1.PodResourceClaim is not defined
[main] WARN  o.o.codegen.utils.ModelUtils - #/components/schemas/v1.PodResourceClaim is not defined
[main] WARN  o.o.codegen.utils.ModelUtils - #/components/schemas/v1.PodResourceClaim is not defined
[main] WARN  o.o.codegen.utils.ModelUtils - #/components/schemas/v1.Toleration is not defined
[main] WARN  o.o.codegen.utils.ModelUtils - #/components/schemas/v1.Toleration is not defined
[main] WARN  o.o.codegen.utils.ModelUtils - #/components/schemas/v1.Toleration is not defined
[main] WARN  o.o.codegen.utils.ModelUtils - #/components/schemas/v1.Toleration is not defined
[main] WARN  o.o.codegen.utils.ModelUtils - #/components/schemas/v1.Toleration is not defined
[main] WARN  o.o.codegen.utils.ModelUtils - #/components/schemas/v1.Toleration is not defined
[main] WARN  o.o.codegen.utils.ModelUtils - #/components/schemas/v1.Toleration is not defined
[main] WARN  o.o.codegen.utils.ModelUtils - #/components/schemas/v1.Toleration is not defined
[main] WARN  o.o.codegen.utils.ModelUtils - #/components/schemas/v1.Volume is not defined
[main] WARN  o.o.codegen.utils.ModelUtils - #/components/schemas/v1.Volume is not defined
[main] WARN  o.o.codegen.utils.ModelUtils - #/components/schemas/v1.Volume is not defined
[main] WARN  o.o.codegen.utils.ModelUtils - #/components/schemas/v1.Volume is not defined
[main] WARN  o.o.codegen.utils.ModelUtils - #/components/schemas/v1.Volume is not defined
[main] WARN  o.o.codegen.utils.ModelUtils - #/components/schemas/v1.Volume is not defined
[main] WARN  o.o.codegen.utils.ModelUtils - #/components/schemas/v1.Volume is not defined
[main] WARN  o.o.codegen.utils.ModelUtils - #/components/schemas/v1.Volume is not defined
[main] WARN  o.o.codegen.utils.ModelUtils - #/components/schemas/v1.Affinity is not defined
[main] WARN  o.o.codegen.utils.ModelUtils - #/components/schemas/v1alpha1.WorkerSpec is not defined
[main] WARN  o.o.codegen.utils.ModelUtils - #/components/schemas/v1.Affinity is not defined
[main] WARN  o.o.codegen.utils.ModelUtils - #/components/schemas/v1.Affinity is not defined
[main] WARN  o.o.codegen.utils.ModelUtils - #/components/schemas/v1.Affinity is not defined
[main] WARN  o.o.codegen.utils.ModelUtils - #/components/schemas/v1.Affinity is not defined
[main] WARN  o.o.codegen.utils.ModelUtils - #/components/schemas/v1.Affinity is not defined
[main] WARN  o.o.codegen.utils.ModelUtils - #/components/schemas/v1.Container is not defined
[main] WARN  o.o.codegen.utils.ModelUtils - #/components/schemas/v1.Container is not defined
[main] WARN  o.o.codegen.utils.ModelUtils - #/components/schemas/v1.Container is not defined
[main] WARN  o.o.codegen.utils.ModelUtils - #/components/schemas/v1.Container is not defined
[main] WARN  o.o.codegen.utils.ModelUtils - #/components/schemas/v1.Container is not defined
[main] WARN  o.o.codegen.utils.ModelUtils - #/components/schemas/v1.Container is not defined
[main] WARN  o.o.codegen.utils.ModelUtils - #/components/schemas/v1.Container is not defined
[main] WARN  o.o.codegen.utils.ModelUtils - #/components/schemas/v1.Container is not defined
[main] WARN  o.o.codegen.utils.ModelUtils - #/components/schemas/v1.LocalObjectReference is not defined
[main] WARN  o.o.codegen.utils.ModelUtils - #/components/schemas/v1.LocalObjectReference is not defined
[main] WARN  o.o.codegen.utils.ModelUtils - #/components/schemas/v1.LocalObjectReference is not defined
[main] WARN  o.o.codegen.utils.ModelUtils - #/components/schemas/v1.LocalObjectReference is not defined
[main] WARN  o.o.codegen.utils.ModelUtils - #/components/schemas/v1.LocalObjectReference is not defined
[main] WARN  o.o.codegen.utils.ModelUtils - #/components/schemas/v1.LocalObjectReference is not defined
[main] WARN  o.o.codegen.utils.ModelUtils - #/components/schemas/v1.LocalObjectReference is not defined
[main] WARN  o.o.codegen.utils.ModelUtils - #/components/schemas/v1.LocalObjectReference is not defined
[main] WARN  o.o.codegen.utils.ModelUtils - #/components/schemas/v1.PodResourceClaim is not defined
[main] WARN  o.o.codegen.utils.ModelUtils - #/components/schemas/v1.PodResourceClaim is not defined
[main] WARN  o.o.codegen.utils.ModelUtils - #/components/schemas/v1.PodResourceClaim is not defined
[main] WARN  o.o.codegen.utils.ModelUtils - #/components/schemas/v1.PodResourceClaim is not defined
[main] WARN  o.o.codegen.utils.ModelUtils - #/components/schemas/v1.PodResourceClaim is not defined
[main] WARN  o.o.codegen.utils.ModelUtils - #/components/schemas/v1.PodResourceClaim is not defined
[main] WARN  o.o.codegen.utils.ModelUtils - #/components/schemas/v1.PodResourceClaim is not defined
[main] WARN  o.o.codegen.utils.ModelUtils - #/components/schemas/v1.PodResourceClaim is not defined
[main] WARN  o.o.codegen.utils.ModelUtils - #/components/schemas/v1.Toleration is not defined
[main] WARN  o.o.codegen.utils.ModelUtils - #/components/schemas/v1.Toleration is not defined
[main] WARN  o.o.codegen.utils.ModelUtils - #/components/schemas/v1.Toleration is not defined
[main] WARN  o.o.codegen.utils.ModelUtils - #/components/schemas/v1.Toleration is not defined
[main] WARN  o.o.codegen.utils.ModelUtils - #/components/schemas/v1.Toleration is not defined
[main] WARN  o.o.codegen.utils.ModelUtils - #/components/schemas/v1.Toleration is not defined
[main] WARN  o.o.codegen.utils.ModelUtils - #/components/schemas/v1.Toleration is not defined
[main] WARN  o.o.codegen.utils.ModelUtils - #/components/schemas/v1.Toleration is not defined
[main] WARN  o.o.codegen.utils.ModelUtils - #/components/schemas/v1.Volume is not defined
[main] WARN  o.o.codegen.utils.ModelUtils - #/components/schemas/v1.Volume is not defined
[main] WARN  o.o.codegen.utils.ModelUtils - #/components/schemas/v1.Volume is not defined
[main] WARN  o.o.codegen.utils.ModelUtils - #/components/schemas/v1.Volume is not defined
[main] WARN  o.o.codegen.utils.ModelUtils - #/components/schemas/v1.Volume is not defined
[main] WARN  o.o.codegen.utils.ModelUtils - #/components/schemas/v1.Volume is not defined
[main] WARN  o.o.codegen.utils.ModelUtils - #/components/schemas/v1.Volume is not defined
[main] WARN  o.o.codegen.utils.ModelUtils - #/components/schemas/v1.Volume is not defined
[main] WARN  o.o.codegen.utils.ModelUtils - #/components/schemas/v1alpha1.WorkerSpec is not defined
[main] WARN  o.o.codegen.utils.ModelUtils - #/components/schemas/v1alpha1.WorkerSpec is not defined
[main] WARN  o.o.codegen.utils.ModelUtils - #/components/schemas/v1alpha1.WorkerSpec is not defined
[main] WARN  o.o.codegen.utils.ModelUtils - #/components/schemas/v1alpha1.WorkerSpec is not defined
[main] WARN  o.o.codegen.utils.ModelUtils - #/components/schemas/v1alpha1.WorkerSpec is not defined
[main] INFO  o.o.codegen.DefaultGenerator - Model v1alpha1.ServingRuntimeStatus not generated since it's a free-form object
[main] WARN  o.o.codegen.utils.ModelUtils - #/components/schemas/v1.Container is not defined
[main] WARN  o.o.codegen.utils.ModelUtils - #/components/schemas/v1.Container is not defined
[main] WARN  o.o.codegen.utils.ModelUtils - #/components/schemas/v1.Container is not defined
[main] WARN  o.o.codegen.utils.ModelUtils - #/components/schemas/v1.Container is not defined
[main] WARN  o.o.codegen.utils.ModelUtils - #/components/schemas/v1.Container is not defined
[main] WARN  o.o.codegen.utils.ModelUtils - #/components/schemas/v1.Container is not defined
[main] WARN  o.o.codegen.utils.ModelUtils - #/components/schemas/v1.ObjectMeta is not defined
[main] WARN  o.o.codegen.utils.ModelUtils - #/components/schemas/v1alpha1.TrainedModelStatus is not defined
[main] WARN  o.o.codegen.utils.ModelUtils - #/components/schemas/v1.ObjectMeta is not defined
[main] WARN  o.o.codegen.utils.ModelUtils - #/components/schemas/v1.ObjectMeta is not defined
[main] WARN  o.o.codegen.utils.ModelUtils - #/components/schemas/v1.ObjectMeta is not defined
[main] WARN  o.o.codegen.utils.ModelUtils - #/components/schemas/v1.ObjectMeta is not defined
[main] WARN  o.o.codegen.utils.ModelUtils - #/components/schemas/v1.ObjectMeta is not defined
[main] WARN  o.o.codegen.utils.ModelUtils - #/components/schemas/v1alpha1.TrainedModelStatus is not defined
[main] WARN  o.o.codegen.utils.ModelUtils - #/components/schemas/v1alpha1.TrainedModelStatus is not defined
[main] WARN  o.o.codegen.utils.ModelUtils - #/components/schemas/v1alpha1.TrainedModelStatus is not defined
[main] WARN  o.o.codegen.utils.ModelUtils - #/components/schemas/v1alpha1.TrainedModelStatus is not defined
[main] WARN  o.o.codegen.utils.ModelUtils - #/components/schemas/v1alpha1.TrainedModelStatus is not defined
[main] WARN  o.o.codegen.utils.ModelUtils - #/components/schemas/v1.ListMeta is not defined
[main] WARN  o.o.codegen.utils.ModelUtils - #/components/schemas/v1.ListMeta is not defined
[main] WARN  o.o.codegen.utils.ModelUtils - #/components/schemas/v1.ListMeta is not defined
[main] WARN  o.o.codegen.utils.ModelUtils - #/components/schemas/v1.ListMeta is not defined
[main] WARN  o.o.codegen.utils.ModelUtils - #/components/schemas/v1.ListMeta is not defined
[main] WARN  o.o.codegen.utils.ModelUtils - #/components/schemas/v1.ListMeta is not defined
[main] WARN  o.o.codegen.utils.ModelUtils - #/components/schemas/v1.ObjectMeta is not defined
[main] WARN  o.o.codegen.utils.ModelUtils - #/components/schemas/v1alpha2.LLMInferenceServiceSpec is not defined
[main] WARN  o.o.codegen.utils.ModelUtils - #/components/schemas/v1alpha2.LLMInferenceServiceStatus is not defined
[main] WARN  o.o.codegen.utils.ModelUtils - #/components/schemas/v1.ObjectMeta is not defined
[main] WARN  o.o.codegen.utils.ModelUtils - #/components/schemas/v1.ObjectMeta is not defined
[main] WARN  o.o.codegen.utils.ModelUtils - #/components/schemas/v1.ObjectMeta is not defined
[main] WARN  o.o.codegen.utils.ModelUtils - #/components/schemas/v1.ObjectMeta is not defined
[main] WARN  o.o.codegen.utils.ModelUtils - #/components/schemas/v1.ObjectMeta is not defined
[main] WARN  o.o.codegen.utils.ModelUtils - #/components/schemas/v1alpha2.LLMInferenceServiceSpec is not defined
[main] WARN  o.o.codegen.utils.ModelUtils - #/components/schemas/v1alpha2.LLMInferenceServiceSpec is not defined
[main] WARN  o.o.codegen.utils.ModelUtils - #/components/schemas/v1alpha2.LLMInferenceServiceSpec is not defined
[main] WARN  o.o.codegen.utils.ModelUtils - #/components/schemas/v1alpha2.LLMInferenceServiceSpec is not defined
[main] WARN  o.o.codegen.utils.ModelUtils - #/components/schemas/v1alpha2.LLMInferenceServiceSpec is not defined
[main] WARN  o.o.codegen.utils.ModelUtils - #/components/schemas/v1alpha2.LLMInferenceServiceStatus is not defined
[main] WARN  o.o.codegen.utils.ModelUtils - #/components/schemas/v1alpha2.LLMInferenceServiceStatus is not defined
[main] WARN  o.o.codegen.utils.ModelUtils - #/components/schemas/v1alpha2.LLMInferenceServiceStatus is not defined
[main] WARN  o.o.codegen.utils.ModelUtils - #/components/schemas/v1alpha2.LLMInferenceServiceStatus is not defined
[main] WARN  o.o.codegen.utils.ModelUtils - #/components/schemas/v1alpha2.LLMInferenceServiceStatus is not defined
[main] WARN  o.o.codegen.utils.ModelUtils - #/components/schemas/v1.ObjectMeta is not defined
[main] WARN  o.o.codegen.utils.ModelUtils - #/components/schemas/v1alpha2.LLMInferenceServiceSpec is not defined
[main] WARN  o.o.codegen.utils.ModelUtils - #/components/schemas/v1alpha2.LLMInferenceServiceConfigStatus is not defined
[main] WARN  o.o.codegen.utils.ModelUtils - #/components/schemas/v1.ObjectMeta is not defined
[main] WARN  o.o.codegen.utils.ModelUtils - #/components/schemas/v1.ObjectMeta is not defined
[main] WARN  o.o.codegen.utils.ModelUtils - #/components/schemas/v1.ObjectMeta is not defined
[main] WARN  o.o.codegen.utils.ModelUtils - #/components/schemas/v1.ObjectMeta is not defined
[main] WARN  o.o.codegen.utils.ModelUtils - #/components/schemas/v1.ObjectMeta is not defined
[main] WARN  o.o.codegen.utils.ModelUtils - #/components/schemas/v1alpha2.LLMInferenceServiceSpec is not defined
[main] WARN  o.o.codegen.utils.ModelUtils - #/components/schemas/v1alpha2.LLMInferenceServiceSpec is not defined
[main] WARN  o.o.codegen.utils.ModelUtils - #/components/schemas/v1alpha2.LLMInferenceServiceSpec is not defined
[main] WARN  o.o.codegen.utils.ModelUtils - #/components/schemas/v1alpha2.LLMInferenceServiceSpec is not defined
[main] WARN  o.o.codegen.utils.ModelUtils - #/components/schemas/v1alpha2.LLMInferenceServiceSpec is not defined
[main] WARN  o.o.codegen.utils.ModelUtils - #/components/schemas/v1alpha2.LLMInferenceServiceConfigStatus is not defined
[main] WARN  o.o.codegen.utils.ModelUtils - #/components/schemas/v1alpha2.LLMInferenceServiceConfigStatus is not defined
[main] WARN  o.o.codegen.utils.ModelUtils - #/components/schemas/v1alpha2.LLMInferenceServiceConfigStatus is not defined
[main] WARN  o.o.codegen.utils.ModelUtils - #/components/schemas/v1alpha2.LLMInferenceServiceConfigStatus is not defined
[main] WARN  o.o.codegen.utils.ModelUtils - #/components/schemas/v1alpha2.LLMInferenceServiceConfigStatus is not defined
[main] WARN  o.o.codegen.utils.ModelUtils - #/components/schemas/v1.ListMeta is not defined
[main] WARN  o.o.codegen.utils.ModelUtils - #/components/schemas/v1.ListMeta is not defined
[main] WARN  o.o.codegen.utils.ModelUtils - #/components/schemas/v1.ListMeta is not defined
[main] WARN  o.o.codegen.utils.ModelUtils - #/components/schemas/v1.ListMeta is not defined
[main] WARN  o.o.codegen.utils.ModelUtils - #/components/schemas/v1.ListMeta is not defined
[main] WARN  o.o.codegen.utils.ModelUtils - #/components/schemas/v1.ListMeta is not defined
[main] WARN  o.o.codegen.utils.ModelUtils - #/components/schemas/v1.ListMeta is not defined
[main] WARN  o.o.codegen.utils.ModelUtils - #/components/schemas/v1.ListMeta is not defined
[main] WARN  o.o.codegen.utils.ModelUtils - #/components/schemas/v1.ListMeta is not defined
[main] WARN  o.o.codegen.utils.ModelUtils - #/components/schemas/v1.ListMeta is not defined
[main] WARN  o.o.codegen.utils.ModelUtils - #/components/schemas/v1.ListMeta is not defined
[main] WARN  o.o.codegen.utils.ModelUtils - #/components/schemas/v1.ListMeta is not defined
[main] WARN  o.o.codegen.utils.ModelUtils - #/components/schemas/v1.Lifecycle is not defined
[main] WARN  o.o.codegen.utils.ModelUtils - #/components/schemas/v1.Probe is not defined
[main] WARN  o.o.codegen.utils.ModelUtils - #/components/schemas/v1.Probe is not defined
[main] WARN  o.o.codegen.utils.ModelUtils - #/components/schemas/v1.ResourceRequirements is not defined
[main] WARN  o.o.codegen.utils.ModelUtils - #/components/schemas/v1.SecurityContext is not defined
[main] WARN  o.o.codegen.utils.ModelUtils - #/components/schemas/v1.Probe is not defined
[main] WARN  o.o.codegen.utils.ModelUtils - #/components/schemas/v1.EnvVar is not defined
[main] WARN  o.o.codegen.utils.ModelUtils - #/components/schemas/v1.EnvVar is not defined
[main] WARN  o.o.codegen.utils.ModelUtils - #/components/schemas/v1.EnvVar is not defined
[main] WARN  o.o.codegen.utils.ModelUtils - #/components/schemas/v1.EnvVar is not defined
[main] WARN  o.o.codegen.utils.ModelUtils - #/components/schemas/v1.EnvVar is not defined
[main] WARN  o.o.codegen.utils.ModelUtils - #/components/schemas/v1.EnvVar is not defined
[main] WARN  o.o.codegen.utils.ModelUtils - #/components/schemas/v1.EnvVar is not defined
[main] WARN  o.o.codegen.utils.ModelUtils - #/components/schemas/v1.EnvVar is not defined
[main] WARN  o.o.codegen.utils.ModelUtils - #/components/schemas/v1.EnvFromSource is not defined
[main] WARN  o.o.codegen.utils.ModelUtils - #/components/schemas/v1.EnvFromSource is not defined
[main] WARN  o.o.codegen.utils.ModelUtils - #/components/schemas/v1.EnvFromSource is not defined
[main] WARN  o.o.codegen.utils.ModelUtils - #/components/schemas/v1.EnvFromSource is not defined
[main] WARN  o.o.codegen.utils.ModelUtils - #/components/schemas/v1.EnvFromSource is not defined
[main] WARN  o.o.codegen.utils.ModelUtils - #/components/schemas/v1.EnvFromSource is not defined
[main] WARN  o.o.codegen.utils.ModelUtils - #/components/schemas/v1.EnvFromSource is not defined
[main] WARN  o.o.codegen.utils.ModelUtils - #/components/schemas/v1.EnvFromSource is not defined
[main] WARN  o.o.codegen.utils.ModelUtils - #/components/schemas/v1.Lifecycle is not defined
[main] WARN  o.o.codegen.utils.ModelUtils - #/components/schemas/v1.Lifecycle is not defined
[main] WARN  o.o.codegen.utils.ModelUtils - #/components/schemas/v1.Lifecycle is not defined
[main] WARN  o.o.codegen.utils.ModelUtils - #/components/schemas/v1.Lifecycle is not defined
[main] WARN  o.o.codegen.utils.ModelUtils - #/components/schemas/v1.Lifecycle is not defined
[main] WARN  o.o.codegen.utils.ModelUtils - #/components/schemas/v1.Probe is not defined
[main] WARN  o.o.codegen.utils.ModelUtils - #/components/schemas/v1.Probe is not defined
[main] WARN  o.o.codegen.utils.ModelUtils - #/components/schemas/v1.Probe is not defined
[main] WARN  o.o.codegen.utils.ModelUtils - #/components/schemas/v1.Probe is not defined
[main] WARN  o.o.codegen.utils.ModelUtils - #/components/schemas/v1.Probe is not defined
[main] WARN  o.o.codegen.utils.ModelUtils - #/components/schemas/v1.ContainerPort is not defined
[main] WARN  o.o.codegen.utils.ModelUtils - #/components/schemas/v1.ContainerPort is not defined
[main] WARN  o.o.codegen.utils.ModelUtils - #/components/schemas/v1.ContainerPort is not defined
[main] WARN  o.o.codegen.utils.ModelUtils - #/components/schemas/v1.ContainerPort is not defined
[main] WARN  o.o.codegen.utils.ModelUtils - #/components/schemas/v1.ContainerPort is not defined
[main] WARN  o.o.codegen.utils.ModelUtils - #/components/schemas/v1.ContainerPort is not defined
[main] WARN  o.o.codegen.utils.ModelUtils - #/components/schemas/v1.ContainerPort is not defined
[main] WARN  o.o.codegen.utils.ModelUtils - #/components/schemas/v1.ContainerPort is not defined
[main] WARN  o.o.codegen.utils.ModelUtils - #/components/schemas/v1.Probe is not defined
[main] WARN  o.o.codegen.utils.ModelUtils - #/components/schemas/v1.Probe is not defined
[main] WARN  o.o.codegen.utils.ModelUtils - #/components/schemas/v1.Probe is not defined
[main] WARN  o.o.codegen.utils.ModelUtils - #/components/schemas/v1.Probe is not defined
[main] WARN  o.o.codegen.utils.ModelUtils - #/components/schemas/v1.Probe is not defined
[main] WARN  o.o.codegen.utils.ModelUtils - #/components/schemas/v1.ContainerResizePolicy is not defined
[main] WARN  o.o.codegen.utils.ModelUtils - #/components/schemas/v1.ContainerResizePolicy is not defined
[main] WARN  o.o.codegen.utils.ModelUtils - #/components/schemas/v1.ContainerResizePolicy is not defined
[main] WARN  o.o.codegen.utils.ModelUtils - #/components/schemas/v1.ContainerResizePolicy is not defined
[main] WARN  o.o.codegen.utils.ModelUtils - #/components/schemas/v1.ContainerResizePolicy is not defined
[main] WARN  o.o.codegen.utils.ModelUtils - #/components/schemas/v1.ContainerResizePolicy is not defined
[main] WARN  o.o.codegen.utils.ModelUtils - #/components/schemas/v1.ContainerResizePolicy is not defined
[main] WARN  o.o.codegen.utils.ModelUtils - #/components/schemas/v1.ContainerResizePolicy is not defined
[main] WARN  o.o.codegen.utils.ModelUtils - #/components/schemas/v1.ResourceRequirements is not defined
[main] WARN  o.o.codegen.utils.ModelUtils - #/components/schemas/v1.ResourceRequirements is not defined
[main] WARN  o.o.codegen.utils.ModelUtils - #/components/schemas/v1.ResourceRequirements is not defined
[main] WARN  o.o.codegen.utils.ModelUtils - #/components/schemas/v1.ResourceRequirements is not defined
[main] WARN  o.o.codegen.utils.ModelUtils - #/components/schemas/v1.ResourceRequirements is not defined
[main] WARN  o.o.codegen.utils.ModelUtils - #/components/schemas/v1.ContainerRestartRule is not defined
[main] WARN  o.o.codegen.utils.ModelUtils - #/components/schemas/v1.ContainerRestartRule is not defined
[main] WARN  o.o.codegen.utils.ModelUtils - #/components/schemas/v1.ContainerRestartRule is not defined
[main] WARN  o.o.codegen.utils.ModelUtils - #/components/schemas/v1.ContainerRestartRule is not defined
[main] WARN  o.o.codegen.utils.ModelUtils - #/components/schemas/v1.ContainerRestartRule is not defined
[main] WARN  o.o.codegen.utils.ModelUtils - #/components/schemas/v1.ContainerRestartRule is not defined
[main] WARN  o.o.codegen.utils.ModelUtils - #/components/schemas/v1.ContainerRestartRule is not defined
[main] WARN  o.o.codegen.utils.ModelUtils - #/components/schemas/v1.ContainerRestartRule is not defined
[main] WARN  o.o.codegen.utils.ModelUtils - #/components/schemas/v1.SecurityContext is not defined
[main] WARN  o.o.codegen.utils.ModelUtils - #/components/schemas/v1.SecurityContext is not defined
[main] WARN  o.o.codegen.utils.ModelUtils - #/components/schemas/v1.SecurityContext is not defined
[main] WARN  o.o.codegen.utils.ModelUtils - #/components/schemas/v1.SecurityContext is not defined
[main] WARN  o.o.codegen.utils.ModelUtils - #/components/schemas/v1.SecurityContext is not defined
[main] WARN  o.o.codegen.utils.ModelUtils - #/components/schemas/v1.Probe is not defined
[main] WARN  o.o.codegen.utils.ModelUtils - #/components/schemas/v1.Probe is not defined
[main] WARN  o.o.codegen.utils.ModelUtils - #/components/schemas/v1.Probe is not defined
[main] WARN  o.o.codegen.utils.ModelUtils - #/components/schemas/v1.Probe is not defined
[main] WARN  o.o.codegen.utils.ModelUtils - #/components/schemas/v1.Probe is not defined
[main] WARN  o.o.codegen.utils.ModelUtils - #/components/schemas/v1.VolumeDevice is not defined
[main] WARN  o.o.codegen.utils.ModelUtils - #/components/schemas/v1.VolumeDevice is not defined
[main] WARN  o.o.codegen.utils.ModelUtils - #/components/schemas/v1.VolumeDevice is not defined
[main] WARN  o.o.codegen.utils.ModelUtils - #/components/schemas/v1.VolumeDevice is not defined
[main] WARN  o.o.codegen.utils.ModelUtils - #/components/schemas/v1.VolumeDevice is not defined
[main] WARN  o.o.codegen.utils.ModelUtils - #/components/schemas/v1.VolumeDevice is not defined
[main] WARN  o.o.codegen.utils.ModelUtils - #/components/schemas/v1.VolumeDevice is not defined
[main] WARN  o.o.codegen.utils.ModelUtils - #/components/schemas/v1.VolumeDevice is not defined
[main] WARN  o.o.codegen.utils.ModelUtils - #/components/schemas/v1.VolumeMount is not defined
[main] WARN  o.o.codegen.utils.ModelUtils - #/components/schemas/v1.VolumeMount is not defined
[main] WARN  o.o.codegen.utils.ModelUtils - #/components/schemas/v1.VolumeMount is not defined
[main] WARN  o.o.codegen.utils.ModelUtils - #/components/schemas/v1.VolumeMount is not defined
[main] WARN  o.o.codegen.utils.ModelUtils - #/components/schemas/v1.VolumeMount is not defined
[main] WARN  o.o.codegen.utils.ModelUtils - #/components/schemas/v1.VolumeMount is not defined
[main] WARN  o.o.codegen.utils.ModelUtils - #/components/schemas/v1.VolumeMount is not defined
[main] WARN  o.o.codegen.utils.ModelUtils - #/components/schemas/v1.VolumeMount is not defined
[main] WARN  o.o.codegen.utils.ModelUtils - #/components/schemas/k8s.io.api.autoscaling.v2.HorizontalPodAutoscalerBehavior is not defined
[main] WARN  o.o.codegen.utils.ModelUtils - #/components/schemas/k8s.io.api.autoscaling.v2.HorizontalPodAutoscalerBehavior is not defined
[main] WARN  o.o.codegen.utils.ModelUtils - #/components/schemas/k8s.io.api.autoscaling.v2.HorizontalPodAutoscalerBehavior is not defined
[main] WARN  o.o.codegen.utils.ModelUtils - #/components/schemas/k8s.io.api.autoscaling.v2.HorizontalPodAutoscalerBehavior is not defined
[main] WARN  o.o.codegen.utils.ModelUtils - #/components/schemas/k8s.io.api.autoscaling.v2.HorizontalPodAutoscalerBehavior is not defined
[main] WARN  o.o.codegen.utils.ModelUtils - #/components/schemas/k8s.io.api.autoscaling.v2.HorizontalPodAutoscalerBehavior is not defined
[main] WARN  o.o.codegen.utils.ModelUtils - #/components/schemas/k8s.io.api.apps.v1.DeploymentStrategy is not defined
[main] WARN  o.o.codegen.utils.ModelUtils - #/components/schemas/k8s.io.api.apps.v1.DeploymentStrategy is not defined
[main] WARN  o.o.codegen.utils.ModelUtils - #/components/schemas/k8s.io.api.apps.v1.DeploymentStrategy is not defined
[main] WARN  o.o.codegen.utils.ModelUtils - #/components/schemas/k8s.io.api.apps.v1.DeploymentStrategy is not defined
[main] WARN  o.o.codegen.utils.ModelUtils - #/components/schemas/k8s.io.api.apps.v1.DeploymentStrategy is not defined
[main] WARN  o.o.codegen.utils.ModelUtils - #/components/schemas/k8s.io.api.apps.v1.DeploymentStrategy is not defined
[main] WARN  o.o.codegen.utils.ModelUtils - #/components/schemas/knative.Addressable is not defined
[main] WARN  o.o.codegen.utils.ModelUtils - #/components/schemas/knative.URL is not defined
[main] WARN  o.o.codegen.utils.ModelUtils - #/components/schemas/knative.URL is not defined
[main] WARN  o.o.codegen.utils.ModelUtils - #/components/schemas/knative.URL is not defined
[main] WARN  o.o.codegen.utils.ModelUtils - #/components/schemas/knative.Addressable is not defined
[main] WARN  o.o.codegen.utils.ModelUtils - #/components/schemas/knative.Addressable is not defined
[main] WARN  o.o.codegen.utils.ModelUtils - #/components/schemas/knative.Addressable is not defined
[main] WARN  o.o.codegen.utils.ModelUtils - #/components/schemas/knative.Addressable is not defined
[main] WARN  o.o.codegen.utils.ModelUtils - #/components/schemas/knative.Addressable is not defined
[main] WARN  o.o.codegen.utils.ModelUtils - #/components/schemas/knative.URL is not defined
[main] WARN  o.o.codegen.utils.ModelUtils - #/components/schemas/knative.URL is not defined
[main] WARN  o.o.codegen.utils.ModelUtils - #/components/schemas/knative.URL is not defined
[main] WARN  o.o.codegen.utils.ModelUtils - #/components/schemas/knative.URL is not defined
[main] WARN  o.o.codegen.utils.ModelUtils - #/components/schemas/knative.URL is not defined
[main] WARN  o.o.codegen.utils.ModelUtils - #/components/schemas/knative.URL is not defined
[main] WARN  o.o.codegen.utils.ModelUtils - #/components/schemas/knative.URL is not defined
[main] WARN  o.o.codegen.utils.ModelUtils - #/components/schemas/knative.URL is not defined
[main] WARN  o.o.codegen.utils.ModelUtils - #/components/schemas/knative.URL is not defined
[main] WARN  o.o.codegen.utils.ModelUtils - #/components/schemas/knative.URL is not defined
[main] WARN  o.o.codegen.utils.ModelUtils - #/components/schemas/knative.dev.serving.pkg.apis.serving.v1.TrafficTarget is not defined
[main] WARN  o.o.codegen.utils.ModelUtils - #/components/schemas/knative.dev.serving.pkg.apis.serving.v1.TrafficTarget is not defined
[main] WARN  o.o.codegen.utils.ModelUtils - #/components/schemas/knative.dev.serving.pkg.apis.serving.v1.TrafficTarget is not defined
[main] WARN  o.o.codegen.utils.ModelUtils - #/components/schemas/knative.dev.serving.pkg.apis.serving.v1.TrafficTarget is not defined
[main] WARN  o.o.codegen.utils.ModelUtils - #/components/schemas/knative.dev.serving.pkg.apis.serving.v1.TrafficTarget is not defined
[main] WARN  o.o.codegen.utils.ModelUtils - #/components/schemas/knative.dev.serving.pkg.apis.serving.v1.TrafficTarget is not defined
[main] WARN  o.o.codegen.utils.ModelUtils - #/components/schemas/knative.dev.serving.pkg.apis.serving.v1.TrafficTarget is not defined
[main] WARN  o.o.codegen.utils.ModelUtils - #/components/schemas/knative.dev.serving.pkg.apis.serving.v1.TrafficTarget is not defined
[main] WARN  o.o.codegen.utils.ModelUtils - #/components/schemas/knative.URL is not defined
[main] WARN  o.o.codegen.utils.ModelUtils - #/components/schemas/knative.URL is not defined
[main] WARN  o.o.codegen.utils.ModelUtils - #/components/schemas/knative.URL is not defined
[main] WARN  o.o.codegen.utils.ModelUtils - #/components/schemas/knative.URL is not defined
[main] WARN  o.o.codegen.utils.ModelUtils - #/components/schemas/knative.URL is not defined
[main] WARN  o.o.codegen.utils.ModelUtils - #/components/schemas/v1.Affinity is not defined
[main] WARN  o.o.codegen.utils.ModelUtils - #/components/schemas/v1.PodDNSConfig is not defined
[main] WARN  o.o.codegen.utils.ModelUtils - #/components/schemas/v1.PodOS is not defined
[main] WARN  o.o.codegen.utils.ModelUtils - #/components/schemas/v1.ResourceRequirements is not defined
[main] WARN  o.o.codegen.utils.ModelUtils - #/components/schemas/v1.PodSecurityContext is not defined
[main] WARN  o.o.codegen.utils.ModelUtils - #/components/schemas/v1.Affinity is not defined
[main] WARN  o.o.codegen.utils.ModelUtils - #/components/schemas/v1.Affinity is not defined
[main] WARN  o.o.codegen.utils.ModelUtils - #/components/schemas/v1.Affinity is not defined
[main] WARN  o.o.codegen.utils.ModelUtils - #/components/schemas/v1.Affinity is not defined
[main] WARN  o.o.codegen.utils.ModelUtils - #/components/schemas/v1.Affinity is not defined
[main] WARN  o.o.codegen.utils.ModelUtils - #/components/schemas/v1.Container is not defined
[main] WARN  o.o.codegen.utils.ModelUtils - #/components/schemas/v1.Container is not defined
[main] WARN  o.o.codegen.utils.ModelUtils - #/components/schemas/v1.Container is not defined
[main] WARN  o.o.codegen.utils.ModelUtils - #/components/schemas/v1.Container is not defined
[main] WARN  o.o.codegen.utils.ModelUtils - #/components/schemas/v1.Container is not defined
[main] WARN  o.o.codegen.utils.ModelUtils - #/components/schemas/v1.Container is not defined
[main] WARN  o.o.codegen.utils.ModelUtils - #/components/schemas/v1.Container is not defined
[main] WARN  o.o.codegen.utils.ModelUtils - #/components/schemas/v1.Container is not defined
[main] WARN  o.o.codegen.utils.ModelUtils - #/components/schemas/v1.PodDNSConfig is not defined
[main] WARN  o.o.codegen.utils.ModelUtils - #/components/schemas/v1.PodDNSConfig is not defined
[main] WARN  o.o.codegen.utils.ModelUtils - #/components/schemas/v1.PodDNSConfig is not defined
[main] WARN  o.o.codegen.utils.ModelUtils - #/components/schemas/v1.PodDNSConfig is not defined
[main] WARN  o.o.codegen.utils.ModelUtils - #/components/schemas/v1.PodDNSConfig is not defined
[main] WARN  o.o.codegen.utils.ModelUtils - #/components/schemas/v1.EphemeralContainer is not defined
[main] WARN  o.o.codegen.utils.ModelUtils - #/components/schemas/v1.EphemeralContainer is not defined
[main] WARN  o.o.codegen.utils.ModelUtils - #/components/schemas/v1.EphemeralContainer is not defined
[main] WARN  o.o.codegen.utils.ModelUtils - #/components/schemas/v1.EphemeralContainer is not defined
[main] WARN  o.o.codegen.utils.ModelUtils - #/components/schemas/v1.EphemeralContainer is not defined
[main] WARN  o.o.codegen.utils.ModelUtils - #/components/schemas/v1.EphemeralContainer is not defined
[main] WARN  o.o.codegen.utils.ModelUtils - #/components/schemas/v1.EphemeralContainer is not defined
[main] WARN  o.o.codegen.utils.ModelUtils - #/components/schemas/v1.EphemeralContainer is not defined
[main] WARN  o.o.codegen.utils.ModelUtils - #/components/schemas/v1.HostAlias is not defined
[main] WARN  o.o.codegen.utils.ModelUtils - #/components/schemas/v1.HostAlias is not defined
[main] WARN  o.o.codegen.utils.ModelUtils - #/components/schemas/v1.HostAlias is not defined
[main] WARN  o.o.codegen.utils.ModelUtils - #/components/schemas/v1.HostAlias is not defined
[main] WARN  o.o.codegen.utils.ModelUtils - #/components/schemas/v1.HostAlias is not defined
[main] WARN  o.o.codegen.utils.ModelUtils - #/components/schemas/v1.HostAlias is not defined
[main] WARN  o.o.codegen.utils.ModelUtils - #/components/schemas/v1.HostAlias is not defined
[main] WARN  o.o.codegen.utils.ModelUtils - #/components/schemas/v1.HostAlias is not defined
[main] WARN  o.o.codegen.utils.ModelUtils - #/components/schemas/v1.LocalObjectReference is not defined
[main] WARN  o.o.codegen.utils.ModelUtils - #/components/schemas/v1.LocalObjectReference is not defined
[main] WARN  o.o.codegen.utils.ModelUtils - #/components/schemas/v1.LocalObjectReference is not defined
[main] WARN  o.o.codegen.utils.ModelUtils - #/components/schemas/v1.LocalObjectReference is not defined
[main] WARN  o.o.codegen.utils.ModelUtils - #/components/schemas/v1.LocalObjectReference is not defined
[main] WARN  o.o.codegen.utils.ModelUtils - #/components/schemas/v1.LocalObjectReference is not defined
[main] WARN  o.o.codegen.utils.ModelUtils - #/components/schemas/v1.LocalObjectReference is not defined
[main] WARN  o.o.codegen.utils.ModelUtils - #/components/schemas/v1.LocalObjectReference is not defined
[main] WARN  o.o.codegen.utils.ModelUtils - #/components/schemas/v1.Container is not defined
[main] WARN  o.o.codegen.utils.ModelUtils - #/components/schemas/v1.Container is not defined
[main] WARN  o.o.codegen.utils.ModelUtils - #/components/schemas/v1.Container is not defined
[main] WARN  o.o.codegen.utils.ModelUtils - #/components/schemas/v1.Container is not defined
[main] WARN  o.o.codegen.utils.ModelUtils - #/components/schemas/v1.Container is not defined
[main] WARN  o.o.codegen.utils.ModelUtils - #/components/schemas/v1.Container is not defined
[main] WARN  o.o.codegen.utils.ModelUtils - #/components/schemas/v1.Container is not defined
[main] WARN  o.o.codegen.utils.ModelUtils - #/components/schemas/v1.Container is not defined
[main] WARN  o.o.codegen.utils.ModelUtils - #/components/schemas/v1.PodOS is not defined
[main] WARN  o.o.codegen.utils.ModelUtils - #/components/schemas/v1.PodOS is not defined
[main] WARN  o.o.codegen.utils.ModelUtils - #/components/schemas/v1.PodOS is not defined
[main] WARN  o.o.codegen.utils.ModelUtils - #/components/schemas/v1.PodOS is not defined
[main] WARN  o.o.codegen.utils.ModelUtils - #/components/schemas/v1.PodOS is not defined
[main] WARN  o.o.codegen.utils.ModelUtils - #/components/schemas/resource.Quantity is not defined
[main] WARN  o.o.codegen.utils.ModelUtils - #/components/schemas/resource.Quantity is not defined
[main] WARN  o.o.codegen.utils.ModelUtils - #/components/schemas/resource.Quantity is not defined
[main] WARN  o.o.codegen.utils.ModelUtils - #/components/schemas/resource.Quantity is not defined
[main] WARN  o.o.codegen.utils.ModelUtils - #/components/schemas/resource.Quantity is not defined
[main] WARN  o.o.codegen.utils.ModelUtils - #/components/schemas/resource.Quantity is not defined
[main] WARN  o.o.codegen.utils.ModelUtils - #/components/schemas/resource.Quantity is not defined
[main] WARN  o.o.codegen.utils.ModelUtils - #/components/schemas/v1.PodReadinessGate is not defined
[main] WARN  o.o.codegen.utils.ModelUtils - #/components/schemas/v1.PodReadinessGate is not defined
[main] WARN  o.o.codegen.utils.ModelUtils - #/components/schemas/v1.PodReadinessGate is not defined
[main] WARN  o.o.codegen.utils.ModelUtils - #/components/schemas/v1.PodReadinessGate is not defined
[main] WARN  o.o.codegen.utils.ModelUtils - #/components/schemas/v1.PodReadinessGate is not defined
[main] WARN  o.o.codegen.utils.ModelUtils - #/components/schemas/v1.PodReadinessGate is not defined
[main] WARN  o.o.codegen.utils.ModelUtils - #/components/schemas/v1.PodReadinessGate is not defined
[main] WARN  o.o.codegen.utils.ModelUtils - #/components/schemas/v1.PodReadinessGate is not defined
[main] WARN  o.o.codegen.utils.ModelUtils - #/components/schemas/v1.PodResourceClaim is not defined
[main] WARN  o.o.codegen.utils.ModelUtils - #/components/schemas/v1.PodResourceClaim is not defined
[main] WARN  o.o.codegen.utils.ModelUtils - #/components/schemas/v1.PodResourceClaim is not defined
[main] WARN  o.o.codegen.utils.ModelUtils - #/components/schemas/v1.PodResourceClaim is not defined
[main] WARN  o.o.codegen.utils.ModelUtils - #/components/schemas/v1.PodResourceClaim is not defined
[main] WARN  o.o.codegen.utils.ModelUtils - #/components/schemas/v1.PodResourceClaim is not defined
[main] WARN  o.o.codegen.utils.ModelUtils - #/components/schemas/v1.PodResourceClaim is not defined
[main] WARN  o.o.codegen.utils.ModelUtils - #/components/schemas/v1.PodResourceClaim is not defined
[main] WARN  o.o.codegen.utils.ModelUtils - #/components/schemas/v1.ResourceRequirements is not defined
[main] WARN  o.o.codegen.utils.ModelUtils - #/components/schemas/v1.ResourceRequirements is not defined
[main] WARN  o.o.codegen.utils.ModelUtils - #/components/schemas/v1.ResourceRequirements is not defined
[main] WARN  o.o.codegen.utils.ModelUtils - #/components/schemas/v1.ResourceRequirements is not defined
[main] WARN  o.o.codegen.utils.ModelUtils - #/components/schemas/v1.ResourceRequirements is not defined
[main] WARN  o.o.codegen.utils.ModelUtils - #/components/schemas/v1.PodSchedulingGate is not defined
[main] WARN  o.o.codegen.utils.ModelUtils - #/components/schemas/v1.PodSchedulingGate is not defined
[main] WARN  o.o.codegen.utils.ModelUtils - #/components/schemas/v1.PodSchedulingGate is not defined
[main] WARN  o.o.codegen.utils.ModelUtils - #/components/schemas/v1.PodSchedulingGate is not defined
[main] WARN  o.o.codegen.utils.ModelUtils - #/components/schemas/v1.PodSchedulingGate is not defined
[main] WARN  o.o.codegen.utils.ModelUtils - #/components/schemas/v1.PodSchedulingGate is not defined
[main] WARN  o.o.codegen.utils.ModelUtils - #/components/schemas/v1.PodSchedulingGate is not defined
[main] WARN  o.o.codegen.utils.ModelUtils - #/components/schemas/v1.PodSchedulingGate is not defined
[main] WARN  o.o.codegen.utils.ModelUtils - #/components/schemas/v1.PodSecurityContext is not defined
[main] WARN  o.o.codegen.utils.ModelUtils - #/components/schemas/v1.PodSecurityContext is not defined
[main] WARN  o.o.codegen.utils.ModelUtils - #/components/schemas/v1.PodSecurityContext is not defined
[main] WARN  o.o.codegen.utils.ModelUtils - #/components/schemas/v1.PodSecurityContext is not defined
[main] WARN  o.o.codegen.utils.ModelUtils - #/components/schemas/v1.PodSecurityContext is not defined
[main] WARN  o.o.codegen.utils.ModelUtils - #/components/schemas/v1.Toleration is not defined
[main] WARN  o.o.codegen.utils.ModelUtils - #/components/schemas/v1.Toleration is not defined
[main] WARN  o.o.codegen.utils.ModelUtils - #/components/schemas/v1.Toleration is not defined
[main] WARN  o.o.codegen.utils.ModelUtils - #/components/schemas/v1.Toleration is not defined
[main] WARN  o.o.codegen.utils.ModelUtils - #/components/schemas/v1.Toleration is not defined
[main] WARN  o.o.codegen.utils.ModelUtils - #/components/schemas/v1.Toleration is not defined
[main] WARN  o.o.codegen.utils.ModelUtils - #/components/schemas/v1.Toleration is not defined
[main] WARN  o.o.codegen.utils.ModelUtils - #/components/schemas/v1.Toleration is not defined
[main] WARN  o.o.codegen.utils.ModelUtils - #/components/schemas/v1.TopologySpreadConstraint is not defined
[main] WARN  o.o.codegen.utils.ModelUtils - #/components/schemas/v1.TopologySpreadConstraint is not defined
[main] WARN  o.o.codegen.utils.ModelUtils - #/components/schemas/v1.TopologySpreadConstraint is not defined
[main] WARN  o.o.codegen.utils.ModelUtils - #/components/schemas/v1.TopologySpreadConstraint is not defined
[main] WARN  o.o.codegen.utils.ModelUtils - #/components/schemas/v1.TopologySpreadConstraint is not defined
[main] WARN  o.o.codegen.utils.ModelUtils - #/components/schemas/v1.TopologySpreadConstraint is not defined
[main] WARN  o.o.codegen.utils.ModelUtils - #/components/schemas/v1.TopologySpreadConstraint is not defined
[main] WARN  o.o.codegen.utils.ModelUtils - #/components/schemas/v1.TopologySpreadConstraint is not defined
[main] WARN  o.o.codegen.utils.ModelUtils - #/components/schemas/v1.Volume is not defined
[main] WARN  o.o.codegen.utils.ModelUtils - #/components/schemas/v1.Volume is not defined
[main] WARN  o.o.codegen.utils.ModelUtils - #/components/schemas/v1.Volume is not defined
[main] WARN  o.o.codegen.utils.ModelUtils - #/components/schemas/v1.Volume is not defined
[main] WARN  o.o.codegen.utils.ModelUtils - #/components/schemas/v1.Volume is not defined
[main] WARN  o.o.codegen.utils.ModelUtils - #/components/schemas/v1.Volume is not defined
[main] WARN  o.o.codegen.utils.ModelUtils - #/components/schemas/v1.Volume is not defined
[main] WARN  o.o.codegen.utils.ModelUtils - #/components/schemas/v1.Volume is not defined
[main] WARN  o.o.codegen.utils.ModelUtils - #/components/schemas/v1.Affinity is not defined
[main] WARN  o.o.codegen.utils.ModelUtils - #/components/schemas/v1.PodDNSConfig is not defined
[main] WARN  o.o.codegen.utils.ModelUtils - #/components/schemas/v1.PodOS is not defined
[main] WARN  o.o.codegen.utils.ModelUtils - #/components/schemas/v1.ResourceRequirements is not defined
[main] WARN  o.o.codegen.utils.ModelUtils - #/components/schemas/v1.PodSecurityContext is not defined
[main] WARN  o.o.codegen.utils.ModelUtils - #/components/schemas/v1.Affinity is not defined
[main] WARN  o.o.codegen.utils.ModelUtils - #/components/schemas/v1.Affinity is not defined
[main] WARN  o.o.codegen.utils.ModelUtils - #/components/schemas/v1.Affinity is not defined
[main] WARN  o.o.codegen.utils.ModelUtils - #/components/schemas/v1.Affinity is not defined
[main] WARN  o.o.codegen.utils.ModelUtils - #/components/schemas/v1.Affinity is not defined
[main] WARN  o.o.codegen.utils.ModelUtils - #/components/schemas/v1.Container is not defined
[main] WARN  o.o.codegen.utils.ModelUtils - #/components/schemas/v1.Container is not defined
[main] WARN  o.o.codegen.utils.ModelUtils - #/components/schemas/v1.Container is not defined
[main] WARN  o.o.codegen.utils.ModelUtils - #/components/schemas/v1.Container is not defined
[main] WARN  o.o.codegen.utils.ModelUtils - #/components/schemas/v1.Container is not defined
[main] WARN  o.o.codegen.utils.ModelUtils - #/components/schemas/v1.Container is not defined
[main] WARN  o.o.codegen.utils.ModelUtils - #/components/schemas/v1.Container is not defined
[main] WARN  o.o.codegen.utils.ModelUtils - #/components/schemas/v1.Container is not defined
[main] WARN  o.o.codegen.utils.ModelUtils - #/components/schemas/v1.PodDNSConfig is not defined
[main] WARN  o.o.codegen.utils.ModelUtils - #/components/schemas/v1.PodDNSConfig is not defined
[main] WARN  o.o.codegen.utils.ModelUtils - #/components/schemas/v1.PodDNSConfig is not defined
[main] WARN  o.o.codegen.utils.ModelUtils - #/components/schemas/v1.PodDNSConfig is not defined
[main] WARN  o.o.codegen.utils.ModelUtils - #/components/schemas/v1.PodDNSConfig is not defined
[main] WARN  o.o.codegen.utils.ModelUtils - #/components/schemas/v1.EphemeralContainer is not defined
[main] WARN  o.o.codegen.utils.ModelUtils - #/components/schemas/v1.EphemeralContainer is not defined
[main] WARN  o.o.codegen.utils.ModelUtils - #/components/schemas/v1.EphemeralContainer is not defined
[main] WARN  o.o.codegen.utils.ModelUtils - #/components/schemas/v1.EphemeralContainer is not defined
[main] WARN  o.o.codegen.utils.ModelUtils - #/components/schemas/v1.EphemeralContainer is not defined
[main] WARN  o.o.codegen.utils.ModelUtils - #/components/schemas/v1.EphemeralContainer is not defined
[main] WARN  o.o.codegen.utils.ModelUtils - #/components/schemas/v1.EphemeralContainer is not defined
[main] WARN  o.o.codegen.utils.ModelUtils - #/components/schemas/v1.EphemeralContainer is not defined
[main] WARN  o.o.codegen.utils.ModelUtils - #/components/schemas/v1.HostAlias is not defined
[main] WARN  o.o.codegen.utils.ModelUtils - #/components/schemas/v1.HostAlias is not defined
[main] WARN  o.o.codegen.utils.ModelUtils - #/components/schemas/v1.HostAlias is not defined
[main] WARN  o.o.codegen.utils.ModelUtils - #/components/schemas/v1.HostAlias is not defined
[main] WARN  o.o.codegen.utils.ModelUtils - #/components/schemas/v1.HostAlias is not defined
[main] WARN  o.o.codegen.utils.ModelUtils - #/components/schemas/v1.HostAlias is not defined
[main] WARN  o.o.codegen.utils.ModelUtils - #/components/schemas/v1.HostAlias is not defined
[main] WARN  o.o.codegen.utils.ModelUtils - #/components/schemas/v1.HostAlias is not defined
[main] WARN  o.o.codegen.utils.ModelUtils - #/components/schemas/v1.LocalObjectReference is not defined
[main] WARN  o.o.codegen.utils.ModelUtils - #/components/schemas/v1.LocalObjectReference is not defined
[main] WARN  o.o.codegen.utils.ModelUtils - #/components/schemas/v1.LocalObjectReference is not defined
[main] WARN  o.o.codegen.utils.ModelUtils - #/components/schemas/v1.LocalObjectReference is not defined
[main] WARN  o.o.codegen.utils.ModelUtils - #/components/schemas/v1.LocalObjectReference is not defined
[main] WARN  o.o.codegen.utils.ModelUtils - #/components/schemas/v1.LocalObjectReference is not defined
[main] WARN  o.o.codegen.utils.ModelUtils - #/components/schemas/v1.LocalObjectReference is not defined
[main] WARN  o.o.codegen.utils.ModelUtils - #/components/schemas/v1.LocalObjectReference is not defined
[main] WARN  o.o.codegen.utils.ModelUtils - #/components/schemas/v1.Container is not defined
[main] WARN  o.o.codegen.utils.ModelUtils - #/components/schemas/v1.Container is not defined
[main] WARN  o.o.codegen.utils.ModelUtils - #/components/schemas/v1.Container is not defined
[main] WARN  o.o.codegen.utils.ModelUtils - #/components/schemas/v1.Container is not defined
[main] WARN  o.o.codegen.utils.ModelUtils - #/components/schemas/v1.Container is not defined
[main] WARN  o.o.codegen.utils.ModelUtils - #/components/schemas/v1.Container is not defined
[main] WARN  o.o.codegen.utils.ModelUtils - #/components/schemas/v1.Container is not defined
[main] WARN  o.o.codegen.utils.ModelUtils - #/components/schemas/v1.Container is not defined
[main] WARN  o.o.codegen.utils.ModelUtils - #/components/schemas/v1.PodOS is not defined
[main] WARN  o.o.codegen.utils.ModelUtils - #/components/schemas/v1.PodOS is not defined
[main] WARN  o.o.codegen.utils.ModelUtils - #/components/schemas/v1.PodOS is not defined
[main] WARN  o.o.codegen.utils.ModelUtils - #/components/schemas/v1.PodOS is not defined
[main] WARN  o.o.codegen.utils.ModelUtils - #/components/schemas/v1.PodOS is not defined
[main] WARN  o.o.codegen.utils.ModelUtils - #/components/schemas/resource.Quantity is not defined
[main] WARN  o.o.codegen.utils.ModelUtils - #/components/schemas/resource.Quantity is not defined
[main] WARN  o.o.codegen.utils.ModelUtils - #/components/schemas/resource.Quantity is not defined
[main] WARN  o.o.codegen.utils.ModelUtils - #/components/schemas/resource.Quantity is not defined
[main] WARN  o.o.codegen.utils.ModelUtils - #/components/schemas/resource.Quantity is not defined
[main] WARN  o.o.codegen.utils.ModelUtils - #/components/schemas/resource.Quantity is not defined
[main] WARN  o.o.codegen.utils.ModelUtils - #/components/schemas/resource.Quantity is not defined
[main] WARN  o.o.codegen.utils.ModelUtils - #/components/schemas/v1.PodReadinessGate is not defined
[main] WARN  o.o.codegen.utils.ModelUtils - #/components/schemas/v1.PodReadinessGate is not defined
[main] WARN  o.o.codegen.utils.ModelUtils - #/components/schemas/v1.PodReadinessGate is not defined
[main] WARN  o.o.codegen.utils.ModelUtils - #/components/schemas/v1.PodReadinessGate is not defined
[main] WARN  o.o.codegen.utils.ModelUtils - #/components/schemas/v1.PodReadinessGate is not defined
[main] WARN  o.o.codegen.utils.ModelUtils - #/components/schemas/v1.PodReadinessGate is not defined
[main] WARN  o.o.codegen.utils.ModelUtils - #/components/schemas/v1.PodReadinessGate is not defined
[main] WARN  o.o.codegen.utils.ModelUtils - #/components/schemas/v1.PodReadinessGate is not defined
[main] WARN  o.o.codegen.utils.ModelUtils - #/components/schemas/v1.PodResourceClaim is not defined
[main] WARN  o.o.codegen.utils.ModelUtils - #/components/schemas/v1.PodResourceClaim is not defined
[main] WARN  o.o.codegen.utils.ModelUtils - #/components/schemas/v1.PodResourceClaim is not defined
[main] WARN  o.o.codegen.utils.ModelUtils - #/components/schemas/v1.PodResourceClaim is not defined
[main] WARN  o.o.codegen.utils.ModelUtils - #/components/schemas/v1.PodResourceClaim is not defined
[main] WARN  o.o.codegen.utils.ModelUtils - #/components/schemas/v1.PodResourceClaim is not defined
[main] WARN  o.o.codegen.utils.ModelUtils - #/components/schemas/v1.PodResourceClaim is not defined
[main] WARN  o.o.codegen.utils.ModelUtils - #/components/schemas/v1.PodResourceClaim is not defined
[main] WARN  o.o.codegen.utils.ModelUtils - #/components/schemas/v1.ResourceRequirements is not defined
[main] WARN  o.o.codegen.utils.ModelUtils - #/components/schemas/v1.ResourceRequirements is not defined
[main] WARN  o.o.codegen.utils.ModelUtils - #/components/schemas/v1.ResourceRequirements is not defined
[main] WARN  o.o.codegen.utils.ModelUtils - #/components/schemas/v1.ResourceRequirements is not defined
[main] WARN  o.o.codegen.utils.ModelUtils - #/components/schemas/v1.ResourceRequirements is not defined
[main] WARN  o.o.codegen.utils.ModelUtils - #/components/schemas/v1.PodSchedulingGate is not defined
[main] WARN  o.o.codegen.utils.ModelUtils - #/components/schemas/v1.PodSchedulingGate is not defined
[main] WARN  o.o.codegen.utils.ModelUtils - #/components/schemas/v1.PodSchedulingGate is not defined
[main] WARN  o.o.codegen.utils.ModelUtils - #/components/schemas/v1.PodSchedulingGate is not defined
[main] WARN  o.o.codegen.utils.ModelUtils - #/components/schemas/v1.PodSchedulingGate is not defined
[main] WARN  o.o.codegen.utils.ModelUtils - #/components/schemas/v1.PodSchedulingGate is not defined
[main] WARN  o.o.codegen.utils.ModelUtils - #/components/schemas/v1.PodSchedulingGate is not defined
[main] WARN  o.o.codegen.utils.ModelUtils - #/components/schemas/v1.PodSchedulingGate is not defined
[main] WARN  o.o.codegen.utils.ModelUtils - #/components/schemas/v1.PodSecurityContext is not defined
[main] WARN  o.o.codegen.utils.ModelUtils - #/components/schemas/v1.PodSecurityContext is not defined
[main] WARN  o.o.codegen.utils.ModelUtils - #/components/schemas/v1.PodSecurityContext is not defined
[main] WARN  o.o.codegen.utils.ModelUtils - #/components/schemas/v1.PodSecurityContext is not defined
[main] WARN  o.o.codegen.utils.ModelUtils - #/components/schemas/v1.PodSecurityContext is not defined
[main] WARN  o.o.codegen.utils.ModelUtils - #/components/schemas/v1.Toleration is not defined
[main] WARN  o.o.codegen.utils.ModelUtils - #/components/schemas/v1.Toleration is not defined
[main] WARN  o.o.codegen.utils.ModelUtils - #/components/schemas/v1.Toleration is not defined
[main] WARN  o.o.codegen.utils.ModelUtils - #/components/schemas/v1.Toleration is not defined
[main] WARN  o.o.codegen.utils.ModelUtils - #/components/schemas/v1.Toleration is not defined
[main] WARN  o.o.codegen.utils.ModelUtils - #/components/schemas/v1.Toleration is not defined
[main] WARN  o.o.codegen.utils.ModelUtils - #/components/schemas/v1.Toleration is not defined
[main] WARN  o.o.codegen.utils.ModelUtils - #/components/schemas/v1.Toleration is not defined
[main] WARN  o.o.codegen.utils.ModelUtils - #/components/schemas/v1.TopologySpreadConstraint is not defined
[main] WARN  o.o.codegen.utils.ModelUtils - #/components/schemas/v1.TopologySpreadConstraint is not defined
[main] WARN  o.o.codegen.utils.ModelUtils - #/components/schemas/v1.TopologySpreadConstraint is not defined
[main] WARN  o.o.codegen.utils.ModelUtils - #/components/schemas/v1.TopologySpreadConstraint is not defined
[main] WARN  o.o.codegen.utils.ModelUtils - #/components/schemas/v1.TopologySpreadConstraint is not defined
[main] WARN  o.o.codegen.utils.ModelUtils - #/components/schemas/v1.TopologySpreadConstraint is not defined
[main] WARN  o.o.codegen.utils.ModelUtils - #/components/schemas/v1.TopologySpreadConstraint is not defined
[main] WARN  o.o.codegen.utils.ModelUtils - #/components/schemas/v1.TopologySpreadConstraint is not defined
[main] WARN  o.o.codegen.utils.ModelUtils - #/components/schemas/v1.Volume is not defined
[main] WARN  o.o.codegen.utils.ModelUtils - #/components/schemas/v1.Volume is not defined
[main] WARN  o.o.codegen.utils.ModelUtils - #/components/schemas/v1.Volume is not defined
[main] WARN  o.o.codegen.utils.ModelUtils - #/components/schemas/v1.Volume is not defined
[main] WARN  o.o.codegen.utils.ModelUtils - #/components/schemas/v1.Volume is not defined
[main] WARN  o.o.codegen.utils.ModelUtils - #/components/schemas/v1.Volume is not defined
[main] WARN  o.o.codegen.utils.ModelUtils - #/components/schemas/v1.Volume is not defined
[main] WARN  o.o.codegen.utils.ModelUtils - #/components/schemas/v1.Volume is not defined
[main] WARN  o.o.codegen.utils.ModelUtils - #/components/schemas/v1.Affinity is not defined
[main] WARN  o.o.codegen.utils.ModelUtils - #/components/schemas/v1.PodDNSConfig is not defined
[main] WARN  o.o.codegen.utils.ModelUtils - #/components/schemas/v1.PodOS is not defined
[main] WARN  o.o.codegen.utils.ModelUtils - #/components/schemas/v1.ResourceRequirements is not defined
[main] WARN  o.o.codegen.utils.ModelUtils - #/components/schemas/v1.PodSecurityContext is not defined
[main] WARN  o.o.codegen.utils.ModelUtils - #/components/schemas/v1.Affinity is not defined
[main] WARN  o.o.codegen.utils.ModelUtils - #/components/schemas/v1.Affinity is not defined
[main] WARN  o.o.codegen.utils.ModelUtils - #/components/schemas/v1.Affinity is not defined
[main] WARN  o.o.codegen.utils.ModelUtils - #/components/schemas/v1.Affinity is not defined
[main] WARN  o.o.codegen.utils.ModelUtils - #/components/schemas/v1.Affinity is not defined
[main] WARN  o.o.codegen.utils.ModelUtils - #/components/schemas/v1.Container is not defined
[main] WARN  o.o.codegen.utils.ModelUtils - #/components/schemas/v1.Container is not defined
[main] WARN  o.o.codegen.utils.ModelUtils - #/components/schemas/v1.Container is not defined
[main] WARN  o.o.codegen.utils.ModelUtils - #/components/schemas/v1.Container is not defined
[main] WARN  o.o.codegen.utils.ModelUtils - #/components/schemas/v1.Container is not defined
[main] WARN  o.o.codegen.utils.ModelUtils - #/components/schemas/v1.Container is not defined
[main] WARN  o.o.codegen.utils.ModelUtils - #/components/schemas/v1.Container is not defined
[main] WARN  o.o.codegen.utils.ModelUtils - #/components/schemas/v1.Container is not defined
[main] WARN  o.o.codegen.utils.ModelUtils - #/components/schemas/v1.PodDNSConfig is not defined
[main] WARN  o.o.codegen.utils.ModelUtils - #/components/schemas/v1.PodDNSConfig is not defined
[main] WARN  o.o.codegen.utils.ModelUtils - #/components/schemas/v1.PodDNSConfig is not defined
[main] WARN  o.o.codegen.utils.ModelUtils - #/components/schemas/v1.PodDNSConfig is not defined
[main] WARN  o.o.codegen.utils.ModelUtils - #/components/schemas/v1.PodDNSConfig is not defined
[main] WARN  o.o.codegen.utils.ModelUtils - #/components/schemas/v1.EphemeralContainer is not defined
[main] WARN  o.o.codegen.utils.ModelUtils - #/components/schemas/v1.EphemeralContainer is not defined
[main] WARN  o.o.codegen.utils.ModelUtils - #/components/schemas/v1.EphemeralContainer is not defined
[main] WARN  o.o.codegen.utils.ModelUtils - #/components/schemas/v1.EphemeralContainer is not defined
[main] WARN  o.o.codegen.utils.ModelUtils - #/components/schemas/v1.EphemeralContainer is not defined
[main] WARN  o.o.codegen.utils.ModelUtils - #/components/schemas/v1.EphemeralContainer is not defined
[main] WARN  o.o.codegen.utils.ModelUtils - #/components/schemas/v1.EphemeralContainer is not defined
[main] WARN  o.o.codegen.utils.ModelUtils - #/components/schemas/v1.EphemeralContainer is not defined
[main] WARN  o.o.codegen.utils.ModelUtils - #/components/schemas/v1.HostAlias is not defined
[main] WARN  o.o.codegen.utils.ModelUtils - #/components/schemas/v1.HostAlias is not defined
[main] WARN  o.o.codegen.utils.ModelUtils - #/components/schemas/v1.HostAlias is not defined
[main] WARN  o.o.codegen.utils.ModelUtils - #/components/schemas/v1.HostAlias is not defined
[main] WARN  o.o.codegen.utils.ModelUtils - #/components/schemas/v1.HostAlias is not defined
[main] WARN  o.o.codegen.utils.ModelUtils - #/components/schemas/v1.HostAlias is not defined
[main] WARN  o.o.codegen.utils.ModelUtils - #/components/schemas/v1.HostAlias is not defined
[main] WARN  o.o.codegen.utils.ModelUtils - #/components/schemas/v1.HostAlias is not defined
[main] WARN  o.o.codegen.utils.ModelUtils - #/components/schemas/v1.LocalObjectReference is not defined
[main] WARN  o.o.codegen.utils.ModelUtils - #/components/schemas/v1.LocalObjectReference is not defined
[main] WARN  o.o.codegen.utils.ModelUtils - #/components/schemas/v1.LocalObjectReference is not defined
[main] WARN  o.o.codegen.utils.ModelUtils - #/components/schemas/v1.LocalObjectReference is not defined
[main] WARN  o.o.codegen.utils.ModelUtils - #/components/schemas/v1.LocalObjectReference is not defined
[main] WARN  o.o.codegen.utils.ModelUtils - #/components/schemas/v1.LocalObjectReference is not defined
[main] WARN  o.o.codegen.utils.ModelUtils - #/components/schemas/v1.LocalObjectReference is not defined
[main] WARN  o.o.codegen.utils.ModelUtils - #/components/schemas/v1.LocalObjectReference is not defined
[main] WARN  o.o.codegen.utils.ModelUtils - #/components/schemas/v1.Container is not defined
[main] WARN  o.o.codegen.utils.ModelUtils - #/components/schemas/v1.Container is not defined
[main] WARN  o.o.codegen.utils.ModelUtils - #/components/schemas/v1.Container is not defined
[main] WARN  o.o.codegen.utils.ModelUtils - #/components/schemas/v1.Container is not defined
[main] WARN  o.o.codegen.utils.ModelUtils - #/components/schemas/v1.Container is not defined
[main] WARN  o.o.codegen.utils.ModelUtils - #/components/schemas/v1.Container is not defined
[main] WARN  o.o.codegen.utils.ModelUtils - #/components/schemas/v1.Container is not defined
[main] WARN  o.o.codegen.utils.ModelUtils - #/components/schemas/v1.Container is not defined
[main] WARN  o.o.codegen.utils.ModelUtils - #/components/schemas/v1.PodOS is not defined
[main] WARN  o.o.codegen.utils.ModelUtils - #/components/schemas/v1.PodOS is not defined
[main] WARN  o.o.codegen.utils.ModelUtils - #/components/schemas/v1.PodOS is not defined
[main] WARN  o.o.codegen.utils.ModelUtils - #/components/schemas/v1.PodOS is not defined
[main] WARN  o.o.codegen.utils.ModelUtils - #/components/schemas/v1.PodOS is not defined
[main] WARN  o.o.codegen.utils.ModelUtils - #/components/schemas/resource.Quantity is not defined
[main] WARN  o.o.codegen.utils.ModelUtils - #/components/schemas/resource.Quantity is not defined
[main] WARN  o.o.codegen.utils.ModelUtils - #/components/schemas/resource.Quantity is not defined
[main] WARN  o.o.codegen.utils.ModelUtils - #/components/schemas/resource.Quantity is not defined
[main] WARN  o.o.codegen.utils.ModelUtils - #/components/schemas/resource.Quantity is not defined
[main] WARN  o.o.codegen.utils.ModelUtils - #/components/schemas/resource.Quantity is not defined
[main] WARN  o.o.codegen.utils.ModelUtils - #/components/schemas/resource.Quantity is not defined
[main] WARN  o.o.codegen.utils.ModelUtils - #/components/schemas/v1.PodReadinessGate is not defined
[main] WARN  o.o.codegen.utils.ModelUtils - #/components/schemas/v1.PodReadinessGate is not defined
[main] WARN  o.o.codegen.utils.ModelUtils - #/components/schemas/v1.PodReadinessGate is not defined
[main] WARN  o.o.codegen.utils.ModelUtils - #/components/schemas/v1.PodReadinessGate is not defined
[main] WARN  o.o.codegen.utils.ModelUtils - #/components/schemas/v1.PodReadinessGate is not defined
[main] WARN  o.o.codegen.utils.ModelUtils - #/components/schemas/v1.PodReadinessGate is not defined
[main] WARN  o.o.codegen.utils.ModelUtils - #/components/schemas/v1.PodReadinessGate is not defined
[main] WARN  o.o.codegen.utils.ModelUtils - #/components/schemas/v1.PodReadinessGate is not defined
[main] WARN  o.o.codegen.utils.ModelUtils - #/components/schemas/v1.PodResourceClaim is not defined
[main] WARN  o.o.codegen.utils.ModelUtils - #/components/schemas/v1.PodResourceClaim is not defined
[main] WARN  o.o.codegen.utils.ModelUtils - #/components/schemas/v1.PodResourceClaim is not defined
[main] WARN  o.o.codegen.utils.ModelUtils - #/components/schemas/v1.PodResourceClaim is not defined
[main] WARN  o.o.codegen.utils.ModelUtils - #/components/schemas/v1.PodResourceClaim is not defined
[main] WARN  o.o.codegen.utils.ModelUtils - #/components/schemas/v1.PodResourceClaim is not defined
[main] WARN  o.o.codegen.utils.ModelUtils - #/components/schemas/v1.PodResourceClaim is not defined
[main] WARN  o.o.codegen.utils.ModelUtils - #/components/schemas/v1.PodResourceClaim is not defined
[main] WARN  o.o.codegen.utils.ModelUtils - #/components/schemas/v1.ResourceRequirements is not defined
[main] WARN  o.o.codegen.utils.ModelUtils - #/components/schemas/v1.ResourceRequirements is not defined
[main] WARN  o.o.codegen.utils.ModelUtils - #/components/schemas/v1.ResourceRequirements is not defined
[main] WARN  o.o.codegen.utils.ModelUtils - #/components/schemas/v1.ResourceRequirements is not defined
[main] WARN  o.o.codegen.utils.ModelUtils - #/components/schemas/v1.ResourceRequirements is not defined
[main] WARN  o.o.codegen.utils.ModelUtils - #/components/schemas/v1.PodSchedulingGate is not defined
[main] WARN  o.o.codegen.utils.ModelUtils - #/components/schemas/v1.PodSchedulingGate is not defined
[main] WARN  o.o.codegen.utils.ModelUtils - #/components/schemas/v1.PodSchedulingGate is not defined
[main] WARN  o.o.codegen.utils.ModelUtils - #/components/schemas/v1.PodSchedulingGate is not defined
[main] WARN  o.o.codegen.utils.ModelUtils - #/components/schemas/v1.PodSchedulingGate is not defined
[main] WARN  o.o.codegen.utils.ModelUtils - #/components/schemas/v1.PodSchedulingGate is not defined
[main] WARN  o.o.codegen.utils.ModelUtils - #/components/schemas/v1.PodSchedulingGate is not defined
[main] WARN  o.o.codegen.utils.ModelUtils - #/components/schemas/v1.PodSchedulingGate is not defined
[main] WARN  o.o.codegen.utils.ModelUtils - #/components/schemas/v1.PodSecurityContext is not defined
[main] WARN  o.o.codegen.utils.ModelUtils - #/components/schemas/v1.PodSecurityContext is not defined
[main] WARN  o.o.codegen.utils.ModelUtils - #/components/schemas/v1.PodSecurityContext is not defined
[main] WARN  o.o.codegen.utils.ModelUtils - #/components/schemas/v1.PodSecurityContext is not defined
[main] WARN  o.o.codegen.utils.ModelUtils - #/components/schemas/v1.PodSecurityContext is not defined
[main] WARN  o.o.codegen.utils.ModelUtils - #/components/schemas/v1.Toleration is not defined
[main] WARN  o.o.codegen.utils.ModelUtils - #/components/schemas/v1.Toleration is not defined
[main] WARN  o.o.codegen.utils.ModelUtils - #/components/schemas/v1.Toleration is not defined
[main] WARN  o.o.codegen.utils.ModelUtils - #/components/schemas/v1.Toleration is not defined
[main] WARN  o.o.codegen.utils.ModelUtils - #/components/schemas/v1.Toleration is not defined
[main] WARN  o.o.codegen.utils.ModelUtils - #/components/schemas/v1.Toleration is not defined
[main] WARN  o.o.codegen.utils.ModelUtils - #/components/schemas/v1.Toleration is not defined
[main] WARN  o.o.codegen.utils.ModelUtils - #/components/schemas/v1.Toleration is not defined
[main] WARN  o.o.codegen.utils.ModelUtils - #/components/schemas/v1.TopologySpreadConstraint is not defined
[main] WARN  o.o.codegen.utils.ModelUtils - #/components/schemas/v1.TopologySpreadConstraint is not defined
[main] WARN  o.o.codegen.utils.ModelUtils - #/components/schemas/v1.TopologySpreadConstraint is not defined
[main] WARN  o.o.codegen.utils.ModelUtils - #/components/schemas/v1.TopologySpreadConstraint is not defined
[main] WARN  o.o.codegen.utils.ModelUtils - #/components/schemas/v1.TopologySpreadConstraint is not defined
[main] WARN  o.o.codegen.utils.ModelUtils - #/components/schemas/v1.TopologySpreadConstraint is not defined
[main] WARN  o.o.codegen.utils.ModelUtils - #/components/schemas/v1.TopologySpreadConstraint is not defined
[main] WARN  o.o.codegen.utils.ModelUtils - #/components/schemas/v1.TopologySpreadConstraint is not defined
[main] WARN  o.o.codegen.utils.ModelUtils - #/components/schemas/v1.Volume is not defined
[main] WARN  o.o.codegen.utils.ModelUtils - #/components/schemas/v1.Volume is not defined
[main] WARN  o.o.codegen.utils.ModelUtils - #/components/schemas/v1.Volume is not defined
[main] WARN  o.o.codegen.utils.ModelUtils - #/components/schemas/v1.Volume is not defined
[main] WARN  o.o.codegen.utils.ModelUtils - #/components/schemas/v1.Volume is not defined
[main] WARN  o.o.codegen.utils.ModelUtils - #/components/schemas/v1.Volume is not defined
[main] WARN  o.o.codegen.utils.ModelUtils - #/components/schemas/v1.Volume is not defined
[main] WARN  o.o.codegen.utils.ModelUtils - #/components/schemas/v1.Volume is not defined
[main] WARN  o.o.codegen.utils.ModelUtils - #/components/schemas/v1.Lifecycle is not defined
[main] WARN  o.o.codegen.utils.ModelUtils - #/components/schemas/v1.Probe is not defined
[main] WARN  o.o.codegen.utils.ModelUtils - #/components/schemas/v1.Probe is not defined
[main] WARN  o.o.codegen.utils.ModelUtils - #/components/schemas/v1.ResourceRequirements is not defined
[main] WARN  o.o.codegen.utils.ModelUtils - #/components/schemas/v1.SecurityContext is not defined
[main] WARN  o.o.codegen.utils.ModelUtils - #/components/schemas/v1.Probe is not defined
[main] WARN  o.o.codegen.utils.ModelUtils - #/components/schemas/v1.EnvVar is not defined
[main] WARN  o.o.codegen.utils.ModelUtils - #/components/schemas/v1.EnvVar is not defined
[main] WARN  o.o.codegen.utils.ModelUtils - #/components/schemas/v1.EnvVar is not defined
[main] WARN  o.o.codegen.utils.ModelUtils - #/components/schemas/v1.EnvVar is not defined
[main] WARN  o.o.codegen.utils.ModelUtils - #/components/schemas/v1.EnvVar is not defined
[main] WARN  o.o.codegen.utils.ModelUtils - #/components/schemas/v1.EnvVar is not defined
[main] WARN  o.o.codegen.utils.ModelUtils - #/components/schemas/v1.EnvVar is not defined
[main] WARN  o.o.codegen.utils.ModelUtils - #/components/schemas/v1.EnvVar is not defined
[main] WARN  o.o.codegen.utils.ModelUtils - #/components/schemas/v1.EnvFromSource is not defined
[main] WARN  o.o.codegen.utils.ModelUtils - #/components/schemas/v1.EnvFromSource is not defined
[main] WARN  o.o.codegen.utils.ModelUtils - #/components/schemas/v1.EnvFromSource is not defined
[main] WARN  o.o.codegen.utils.ModelUtils - #/components/schemas/v1.EnvFromSource is not defined
[main] WARN  o.o.codegen.utils.ModelUtils - #/components/schemas/v1.EnvFromSource is not defined
[main] WARN  o.o.codegen.utils.ModelUtils - #/components/schemas/v1.EnvFromSource is not defined
[main] WARN  o.o.codegen.utils.ModelUtils - #/components/schemas/v1.EnvFromSource is not defined
[main] WARN  o.o.codegen.utils.ModelUtils - #/components/schemas/v1.EnvFromSource is not defined
[main] WARN  o.o.codegen.utils.ModelUtils - #/components/schemas/v1.Lifecycle is not defined
[main] WARN  o.o.codegen.utils.ModelUtils - #/components/schemas/v1.Lifecycle is not defined
[main] WARN  o.o.codegen.utils.ModelUtils - #/components/schemas/v1.Lifecycle is not defined
[main] WARN  o.o.codegen.utils.ModelUtils - #/components/schemas/v1.Lifecycle is not defined
[main] WARN  o.o.codegen.utils.ModelUtils - #/components/schemas/v1.Lifecycle is not defined
[main] WARN  o.o.codegen.utils.ModelUtils - #/components/schemas/v1.Probe is not defined
[main] WARN  o.o.codegen.utils.ModelUtils - #/components/schemas/v1.Probe is not defined
[main] WARN  o.o.codegen.utils.ModelUtils - #/components/schemas/v1.Probe is not defined
[main] WARN  o.o.codegen.utils.ModelUtils - #/components/schemas/v1.Probe is not defined
[main] WARN  o.o.codegen.utils.ModelUtils - #/components/schemas/v1.Probe is not defined
[main] WARN  o.o.codegen.utils.ModelUtils - #/components/schemas/v1.ContainerPort is not defined
[main] WARN  o.o.codegen.utils.ModelUtils - #/components/schemas/v1.ContainerPort is not defined
[main] WARN  o.o.codegen.utils.ModelUtils - #/components/schemas/v1.ContainerPort is not defined
[main] WARN  o.o.codegen.utils.ModelUtils - #/components/schemas/v1.ContainerPort is not defined
[main] WARN  o.o.codegen.utils.ModelUtils - #/components/schemas/v1.ContainerPort is not defined
[main] WARN  o.o.codegen.utils.ModelUtils - #/components/schemas/v1.ContainerPort is not defined
[main] WARN  o.o.codegen.utils.ModelUtils - #/components/schemas/v1.ContainerPort is not defined
[main] WARN  o.o.codegen.utils.ModelUtils - #/components/schemas/v1.ContainerPort is not defined
[main] WARN  o.o.codegen.utils.ModelUtils - #/components/schemas/v1.Probe is not defined
[main] WARN  o.o.codegen.utils.ModelUtils - #/components/schemas/v1.Probe is not defined
[main] WARN  o.o.codegen.utils.ModelUtils - #/components/schemas/v1.Probe is not defined
[main] WARN  o.o.codegen.utils.ModelUtils - #/components/schemas/v1.Probe is not defined
[main] WARN  o.o.codegen.utils.ModelUtils - #/components/schemas/v1.Probe is not defined
[main] WARN  o.o.codegen.utils.ModelUtils - #/components/schemas/v1.ContainerResizePolicy is not defined
[main] WARN  o.o.codegen.utils.ModelUtils - #/components/schemas/v1.ContainerResizePolicy is not defined
[main] WARN  o.o.codegen.utils.ModelUtils - #/components/schemas/v1.ContainerResizePolicy is not defined
[main] WARN  o.o.codegen.utils.ModelUtils - #/components/schemas/v1.ContainerResizePolicy is not defined
[main] WARN  o.o.codegen.utils.ModelUtils - #/components/schemas/v1.ContainerResizePolicy is not defined
[main] WARN  o.o.codegen.utils.ModelUtils - #/components/schemas/v1.ContainerResizePolicy is not defined
[main] WARN  o.o.codegen.utils.ModelUtils - #/components/schemas/v1.ContainerResizePolicy is not defined
[main] WARN  o.o.codegen.utils.ModelUtils - #/components/schemas/v1.ContainerResizePolicy is not defined
[main] WARN  o.o.codegen.utils.ModelUtils - #/components/schemas/v1.ResourceRequirements is not defined
[main] WARN  o.o.codegen.utils.ModelUtils - #/components/schemas/v1.ResourceRequirements is not defined
[main] WARN  o.o.codegen.utils.ModelUtils - #/components/schemas/v1.ResourceRequirements is not defined
[main] WARN  o.o.codegen.utils.ModelUtils - #/components/schemas/v1.ResourceRequirements is not defined
[main] WARN  o.o.codegen.utils.ModelUtils - #/components/schemas/v1.ResourceRequirements is not defined
[main] WARN  o.o.codegen.utils.ModelUtils - #/components/schemas/v1.ContainerRestartRule is not defined
[main] WARN  o.o.codegen.utils.ModelUtils - #/components/schemas/v1.ContainerRestartRule is not defined
[main] WARN  o.o.codegen.utils.ModelUtils - #/components/schemas/v1.ContainerRestartRule is not defined
[main] WARN  o.o.codegen.utils.ModelUtils - #/components/schemas/v1.ContainerRestartRule is not defined
[main] WARN  o.o.codegen.utils.ModelUtils - #/components/schemas/v1.ContainerRestartRule is not defined
[main] WARN  o.o.codegen.utils.ModelUtils - #/components/schemas/v1.ContainerRestartRule is not defined
[main] WARN  o.o.codegen.utils.ModelUtils - #/components/schemas/v1.ContainerRestartRule is not defined
[main] WARN  o.o.codegen.utils.ModelUtils - #/components/schemas/v1.ContainerRestartRule is not defined
[main] WARN  o.o.codegen.utils.ModelUtils - #/components/schemas/v1.SecurityContext is not defined
[main] WARN  o.o.codegen.utils.ModelUtils - #/components/schemas/v1.SecurityContext is not defined
[main] WARN  o.o.codegen.utils.ModelUtils - #/components/schemas/v1.SecurityContext is not defined
[main] WARN  o.o.codegen.utils.ModelUtils - #/components/schemas/v1.SecurityContext is not defined
[main] WARN  o.o.codegen.utils.ModelUtils - #/components/schemas/v1.SecurityContext is not defined
[main] WARN  o.o.codegen.utils.ModelUtils - #/components/schemas/v1.Probe is not defined
[main] WARN  o.o.codegen.utils.ModelUtils - #/components/schemas/v1.Probe is not defined
[main] WARN  o.o.codegen.utils.ModelUtils - #/components/schemas/v1.Probe is not defined
[main] WARN  o.o.codegen.utils.ModelUtils - #/components/schemas/v1.Probe is not defined
[main] WARN  o.o.codegen.utils.ModelUtils - #/components/schemas/v1.Probe is not defined
[main] WARN  o.o.codegen.utils.ModelUtils - #/components/schemas/v1.VolumeDevice is not defined
[main] WARN  o.o.codegen.utils.ModelUtils - #/components/schemas/v1.VolumeDevice is not defined
[main] WARN  o.o.codegen.utils.ModelUtils - #/components/schemas/v1.VolumeDevice is not defined
[main] WARN  o.o.codegen.utils.ModelUtils - #/components/schemas/v1.VolumeDevice is not defined
[main] WARN  o.o.codegen.utils.ModelUtils - #/components/schemas/v1.VolumeDevice is not defined
[main] WARN  o.o.codegen.utils.ModelUtils - #/components/schemas/v1.VolumeDevice is not defined
[main] WARN  o.o.codegen.utils.ModelUtils - #/components/schemas/v1.VolumeDevice is not defined
[main] WARN  o.o.codegen.utils.ModelUtils - #/components/schemas/v1.VolumeDevice is not defined
[main] WARN  o.o.codegen.utils.ModelUtils - #/components/schemas/v1.VolumeMount is not defined
[main] WARN  o.o.codegen.utils.ModelUtils - #/components/schemas/v1.VolumeMount is not defined
[main] WARN  o.o.codegen.utils.ModelUtils - #/components/schemas/v1.VolumeMount is not defined
[main] WARN  o.o.codegen.utils.ModelUtils - #/components/schemas/v1.VolumeMount is not defined
[main] WARN  o.o.codegen.utils.ModelUtils - #/components/schemas/v1.VolumeMount is not defined
[main] WARN  o.o.codegen.utils.ModelUtils - #/components/schemas/v1.VolumeMount is not defined
[main] WARN  o.o.codegen.utils.ModelUtils - #/components/schemas/v1.VolumeMount is not defined
[main] WARN  o.o.codegen.utils.ModelUtils - #/components/schemas/v1.VolumeMount is not defined
[main] WARN  o.o.codegen.utils.ModelUtils - #/components/schemas/v1.Affinity is not defined
[main] WARN  o.o.codegen.utils.ModelUtils - #/components/schemas/k8s.io.api.apps.v1.DeploymentStrategy is not defined
[main] WARN  o.o.codegen.utils.ModelUtils - #/components/schemas/v1.PodDNSConfig is not defined
[main] WARN  o.o.codegen.utils.ModelUtils - #/components/schemas/v1.PodOS is not defined
[main] WARN  o.o.codegen.utils.ModelUtils - #/components/schemas/v1.ResourceRequirements is not defined
[main] WARN  o.o.codegen.utils.ModelUtils - #/components/schemas/v1.PodSecurityContext is not defined
[main] WARN  o.o.codegen.utils.ModelUtils - #/components/schemas/v1.Affinity is not defined
[main] WARN  o.o.codegen.utils.ModelUtils - #/components/schemas/v1.Affinity is not defined
[main] WARN  o.o.codegen.utils.ModelUtils - #/components/schemas/v1.Affinity is not defined
[main] WARN  o.o.codegen.utils.ModelUtils - #/components/schemas/v1.Affinity is not defined
[main] WARN  o.o.codegen.utils.ModelUtils - #/components/schemas/v1.Affinity is not defined
[main] WARN  o.o.codegen.utils.ModelUtils - #/components/schemas/v1.Container is not defined
[main] WARN  o.o.codegen.utils.ModelUtils - #/components/schemas/v1.Container is not defined
[main] WARN  o.o.codegen.utils.ModelUtils - #/components/schemas/v1.Container is not defined
[main] WARN  o.o.codegen.utils.ModelUtils - #/components/schemas/v1.Container is not defined
[main] WARN  o.o.codegen.utils.ModelUtils - #/components/schemas/v1.Container is not defined
[main] WARN  o.o.codegen.utils.ModelUtils - #/components/schemas/v1.Container is not defined
[main] WARN  o.o.codegen.utils.ModelUtils - #/components/schemas/v1.Container is not defined
[main] WARN  o.o.codegen.utils.ModelUtils - #/components/schemas/v1.Container is not defined
[main] WARN  o.o.codegen.utils.ModelUtils - #/components/schemas/k8s.io.api.apps.v1.DeploymentStrategy is not defined
[main] WARN  o.o.codegen.utils.ModelUtils - #/components/schemas/k8s.io.api.apps.v1.DeploymentStrategy is not defined
[main] WARN  o.o.codegen.utils.ModelUtils - #/components/schemas/k8s.io.api.apps.v1.DeploymentStrategy is not defined
[main] WARN  o.o.codegen.utils.ModelUtils - #/components/schemas/k8s.io.api.apps.v1.DeploymentStrategy is not defined
[main] WARN  o.o.codegen.utils.ModelUtils - #/components/schemas/k8s.io.api.apps.v1.DeploymentStrategy is not defined
[main] WARN  o.o.codegen.utils.ModelUtils - #/components/schemas/v1.PodDNSConfig is not defined
[main] WARN  o.o.codegen.utils.ModelUtils - #/components/schemas/v1.PodDNSConfig is not defined
[main] WARN  o.o.codegen.utils.ModelUtils - #/components/schemas/v1.PodDNSConfig is not defined
[main] WARN  o.o.codegen.utils.ModelUtils - #/components/schemas/v1.PodDNSConfig is not defined
[main] WARN  o.o.codegen.utils.ModelUtils - #/components/schemas/v1.PodDNSConfig is not defined
[main] WARN  o.o.codegen.utils.ModelUtils - #/components/schemas/v1.EphemeralContainer is not defined
[main] WARN  o.o.codegen.utils.ModelUtils - #/components/schemas/v1.EphemeralContainer is not defined
[main] WARN  o.o.codegen.utils.ModelUtils - #/components/schemas/v1.EphemeralContainer is not defined
[main] WARN  o.o.codegen.utils.ModelUtils - #/components/schemas/v1.EphemeralContainer is not defined
[main] WARN  o.o.codegen.utils.ModelUtils - #/components/schemas/v1.EphemeralContainer is not defined
[main] WARN  o.o.codegen.utils.ModelUtils - #/components/schemas/v1.EphemeralContainer is not defined
[main] WARN  o.o.codegen.utils.ModelUtils - #/components/schemas/v1.EphemeralContainer is not defined
[main] WARN  o.o.codegen.utils.ModelUtils - #/components/schemas/v1.EphemeralContainer is not defined
[main] WARN  o.o.codegen.utils.ModelUtils - #/components/schemas/v1.HostAlias is not defined
[main] WARN  o.o.codegen.utils.ModelUtils - #/components/schemas/v1.HostAlias is not defined
[main] WARN  o.o.codegen.utils.ModelUtils - #/components/schemas/v1.HostAlias is not defined
[main] WARN  o.o.codegen.utils.ModelUtils - #/components/schemas/v1.HostAlias is not defined
[main] WARN  o.o.codegen.utils.ModelUtils - #/components/schemas/v1.HostAlias is not defined
[main] WARN  o.o.codegen.utils.ModelUtils - #/components/schemas/v1.HostAlias is not defined
[main] WARN  o.o.codegen.utils.ModelUtils - #/components/schemas/v1.HostAlias is not defined
[main] WARN  o.o.codegen.utils.ModelUtils - #/components/schemas/v1.HostAlias is not defined
[main] WARN  o.o.codegen.utils.ModelUtils - #/components/schemas/v1.LocalObjectReference is not defined
[main] WARN  o.o.codegen.utils.ModelUtils - #/components/schemas/v1.LocalObjectReference is not defined
[main] WARN  o.o.codegen.utils.ModelUtils - #/components/schemas/v1.LocalObjectReference is not defined
[main] WARN  o.o.codegen.utils.ModelUtils - #/components/schemas/v1.LocalObjectReference is not defined
[main] WARN  o.o.codegen.utils.ModelUtils - #/components/schemas/v1.LocalObjectReference is not defined
[main] WARN  o.o.codegen.utils.ModelUtils - #/components/schemas/v1.LocalObjectReference is not defined
[main] WARN  o.o.codegen.utils.ModelUtils - #/components/schemas/v1.LocalObjectReference is not defined
[main] WARN  o.o.codegen.utils.ModelUtils - #/components/schemas/v1.LocalObjectReference is not defined
[main] WARN  o.o.codegen.utils.ModelUtils - #/components/schemas/v1.Container is not defined
[main] WARN  o.o.codegen.utils.ModelUtils - #/components/schemas/v1.Container is not defined
[main] WARN  o.o.codegen.utils.ModelUtils - #/components/schemas/v1.Container is not defined
[main] WARN  o.o.codegen.utils.ModelUtils - #/components/schemas/v1.Container is not defined
[main] WARN  o.o.codegen.utils.ModelUtils - #/components/schemas/v1.Container is not defined
[main] WARN  o.o.codegen.utils.ModelUtils - #/components/schemas/v1.Container is not defined
[main] WARN  o.o.codegen.utils.ModelUtils - #/components/schemas/v1.Container is not defined
[main] WARN  o.o.codegen.utils.ModelUtils - #/components/schemas/v1.Container is not defined
[main] WARN  o.o.codegen.utils.ModelUtils - #/components/schemas/v1.PodOS is not defined
[main] WARN  o.o.codegen.utils.ModelUtils - #/components/schemas/v1.PodOS is not defined
[main] WARN  o.o.codegen.utils.ModelUtils - #/components/schemas/v1.PodOS is not defined
[main] WARN  o.o.codegen.utils.ModelUtils - #/components/schemas/v1.PodOS is not defined
[main] WARN  o.o.codegen.utils.ModelUtils - #/components/schemas/v1.PodOS is not defined
[main] WARN  o.o.codegen.utils.ModelUtils - #/components/schemas/resource.Quantity is not defined
[main] WARN  o.o.codegen.utils.ModelUtils - #/components/schemas/resource.Quantity is not defined
[main] WARN  o.o.codegen.utils.ModelUtils - #/components/schemas/resource.Quantity is not defined
[main] WARN  o.o.codegen.utils.ModelUtils - #/components/schemas/resource.Quantity is not defined
[main] WARN  o.o.codegen.utils.ModelUtils - #/components/schemas/resource.Quantity is not defined
[main] WARN  o.o.codegen.utils.ModelUtils - #/components/schemas/resource.Quantity is not defined
[main] WARN  o.o.codegen.utils.ModelUtils - #/components/schemas/resource.Quantity is not defined
[main] WARN  o.o.codegen.utils.ModelUtils - #/components/schemas/v1.PodReadinessGate is not defined
[main] WARN  o.o.codegen.utils.ModelUtils - #/components/schemas/v1.PodReadinessGate is not defined
[main] WARN  o.o.codegen.utils.ModelUtils - #/components/schemas/v1.PodReadinessGate is not defined
[main] WARN  o.o.codegen.utils.ModelUtils - #/components/schemas/v1.PodReadinessGate is not defined
[main] WARN  o.o.codegen.utils.ModelUtils - #/components/schemas/v1.PodReadinessGate is not defined
[main] WARN  o.o.codegen.utils.ModelUtils - #/components/schemas/v1.PodReadinessGate is not defined
[main] WARN  o.o.codegen.utils.ModelUtils - #/components/schemas/v1.PodReadinessGate is not defined
[main] WARN  o.o.codegen.utils.ModelUtils - #/components/schemas/v1.PodReadinessGate is not defined
[main] WARN  o.o.codegen.utils.ModelUtils - #/components/schemas/v1.PodResourceClaim is not defined
[main] WARN  o.o.codegen.utils.ModelUtils - #/components/schemas/v1.PodResourceClaim is not defined
[main] WARN  o.o.codegen.utils.ModelUtils - #/components/schemas/v1.PodResourceClaim is not defined
[main] WARN  o.o.codegen.utils.ModelUtils - #/components/schemas/v1.PodResourceClaim is not defined
[main] WARN  o.o.codegen.utils.ModelUtils - #/components/schemas/v1.PodResourceClaim is not defined
[main] WARN  o.o.codegen.utils.ModelUtils - #/components/schemas/v1.PodResourceClaim is not defined
[main] WARN  o.o.codegen.utils.ModelUtils - #/components/schemas/v1.PodResourceClaim is not defined
[main] WARN  o.o.codegen.utils.ModelUtils - #/components/schemas/v1.PodResourceClaim is not defined
[main] WARN  o.o.codegen.utils.ModelUtils - #/components/schemas/v1.ResourceRequirements is not defined
[main] WARN  o.o.codegen.utils.ModelUtils - #/components/schemas/v1.ResourceRequirements is not defined
[main] WARN  o.o.codegen.utils.ModelUtils - #/components/schemas/v1.ResourceRequirements is not defined
[main] WARN  o.o.codegen.utils.ModelUtils - #/components/schemas/v1.ResourceRequirements is not defined
[main] WARN  o.o.codegen.utils.ModelUtils - #/components/schemas/v1.ResourceRequirements is not defined
[main] WARN  o.o.codegen.utils.ModelUtils - #/components/schemas/v1.PodSchedulingGate is not defined
[main] WARN  o.o.codegen.utils.ModelUtils - #/components/schemas/v1.PodSchedulingGate is not defined
[main] WARN  o.o.codegen.utils.ModelUtils - #/components/schemas/v1.PodSchedulingGate is not defined
[main] WARN  o.o.codegen.utils.ModelUtils - #/components/schemas/v1.PodSchedulingGate is not defined
[main] WARN  o.o.codegen.utils.ModelUtils - #/components/schemas/v1.PodSchedulingGate is not defined
[main] WARN  o.o.codegen.utils.ModelUtils - #/components/schemas/v1.PodSchedulingGate is not defined
[main] WARN  o.o.codegen.utils.ModelUtils - #/components/schemas/v1.PodSchedulingGate is not defined
[main] WARN  o.o.codegen.utils.ModelUtils - #/components/schemas/v1.PodSchedulingGate is not defined
[main] WARN  o.o.codegen.utils.ModelUtils - #/components/schemas/v1.PodSecurityContext is not defined
[main] WARN  o.o.codegen.utils.ModelUtils - #/components/schemas/v1.PodSecurityContext is not defined
[main] WARN  o.o.codegen.utils.ModelUtils - #/components/schemas/v1.PodSecurityContext is not defined
[main] WARN  o.o.codegen.utils.ModelUtils - #/components/schemas/v1.PodSecurityContext is not defined
[main] WARN  o.o.codegen.utils.ModelUtils - #/components/schemas/v1.PodSecurityContext is not defined
[main] WARN  o.o.codegen.utils.ModelUtils - #/components/schemas/v1.Toleration is not defined
[main] WARN  o.o.codegen.utils.ModelUtils - #/components/schemas/v1.Toleration is not defined
[main] WARN  o.o.codegen.utils.ModelUtils - #/components/schemas/v1.Toleration is not defined
[main] WARN  o.o.codegen.utils.ModelUtils - #/components/schemas/v1.Toleration is not defined
[main] WARN  o.o.codegen.utils.ModelUtils - #/components/schemas/v1.Toleration is not defined
[main] WARN  o.o.codegen.utils.ModelUtils - #/components/schemas/v1.Toleration is not defined
[main] WARN  o.o.codegen.utils.ModelUtils - #/components/schemas/v1.Toleration is not defined
[main] WARN  o.o.codegen.utils.ModelUtils - #/components/schemas/v1.Toleration is not defined
[main] WARN  o.o.codegen.utils.ModelUtils - #/components/schemas/v1.TopologySpreadConstraint is not defined
[main] WARN  o.o.codegen.utils.ModelUtils - #/components/schemas/v1.TopologySpreadConstraint is not defined
[main] WARN  o.o.codegen.utils.ModelUtils - #/components/schemas/v1.TopologySpreadConstraint is not defined
[main] WARN  o.o.codegen.utils.ModelUtils - #/components/schemas/v1.TopologySpreadConstraint is not defined
[main] WARN  o.o.codegen.utils.ModelUtils - #/components/schemas/v1.TopologySpreadConstraint is not defined
[main] WARN  o.o.codegen.utils.ModelUtils - #/components/schemas/v1.TopologySpreadConstraint is not defined
[main] WARN  o.o.codegen.utils.ModelUtils - #/components/schemas/v1.TopologySpreadConstraint is not defined
[main] WARN  o.o.codegen.utils.ModelUtils - #/components/schemas/v1.TopologySpreadConstraint is not defined
[main] WARN  o.o.codegen.utils.ModelUtils - #/components/schemas/v1.Volume is not defined
[main] WARN  o.o.codegen.utils.ModelUtils - #/components/schemas/v1.Volume is not defined
[main] WARN  o.o.codegen.utils.ModelUtils - #/components/schemas/v1.Volume is not defined
[main] WARN  o.o.codegen.utils.ModelUtils - #/components/schemas/v1.Volume is not defined
[main] WARN  o.o.codegen.utils.ModelUtils - #/components/schemas/v1.Volume is not defined
[main] WARN  o.o.codegen.utils.ModelUtils - #/components/schemas/v1.Volume is not defined
[main] WARN  o.o.codegen.utils.ModelUtils - #/components/schemas/v1.Volume is not defined
[main] WARN  o.o.codegen.utils.ModelUtils - #/components/schemas/v1.Volume is not defined
[main] WARN  o.o.codegen.utils.ModelUtils - #/components/schemas/v1.Time is not defined
[main] WARN  o.o.codegen.utils.ModelUtils - #/components/schemas/v1.Time is not defined
[main] WARN  o.o.codegen.utils.ModelUtils - #/components/schemas/v1.Time is not defined
[main] WARN  o.o.codegen.utils.ModelUtils - #/components/schemas/v1.Time is not defined
[main] WARN  o.o.codegen.utils.ModelUtils - #/components/schemas/v1.Time is not defined
[main] WARN  o.o.codegen.utils.ModelUtils - #/components/schemas/v1.Time is not defined
[main] WARN  o.o.codegen.utils.ModelUtils - #/components/schemas/v1.Lifecycle is not defined
[main] WARN  o.o.codegen.utils.ModelUtils - #/components/schemas/v1.Probe is not defined
[main] WARN  o.o.codegen.utils.ModelUtils - #/components/schemas/v1.Probe is not defined
[main] WARN  o.o.codegen.utils.ModelUtils - #/components/schemas/v1.ResourceRequirements is not defined
[main] WARN  o.o.codegen.utils.ModelUtils - #/components/schemas/v1.SecurityContext is not defined
[main] WARN  o.o.codegen.utils.ModelUtils - #/components/schemas/v1.Probe is not defined
[main] WARN  o.o.codegen.utils.ModelUtils - #/components/schemas/v1.EnvVar is not defined
[main] WARN  o.o.codegen.utils.ModelUtils - #/components/schemas/v1.EnvVar is not defined
[main] WARN  o.o.codegen.utils.ModelUtils - #/components/schemas/v1.EnvVar is not defined
[main] WARN  o.o.codegen.utils.ModelUtils - #/components/schemas/v1.EnvVar is not defined
[main] WARN  o.o.codegen.utils.ModelUtils - #/components/schemas/v1.EnvVar is not defined
[main] WARN  o.o.codegen.utils.ModelUtils - #/components/schemas/v1.EnvVar is not defined
[main] WARN  o.o.codegen.utils.ModelUtils - #/components/schemas/v1.EnvVar is not defined
[main] WARN  o.o.codegen.utils.ModelUtils - #/components/schemas/v1.EnvVar is not defined
[main] WARN  o.o.codegen.utils.ModelUtils - #/components/schemas/v1.EnvFromSource is not defined
[main] WARN  o.o.codegen.utils.ModelUtils - #/components/schemas/v1.EnvFromSource is not defined
[main] WARN  o.o.codegen.utils.ModelUtils - #/components/schemas/v1.EnvFromSource is not defined
[main] WARN  o.o.codegen.utils.ModelUtils - #/components/schemas/v1.EnvFromSource is not defined
[main] WARN  o.o.codegen.utils.ModelUtils - #/components/schemas/v1.EnvFromSource is not defined
[main] WARN  o.o.codegen.utils.ModelUtils - #/components/schemas/v1.EnvFromSource is not defined
[main] WARN  o.o.codegen.utils.ModelUtils - #/components/schemas/v1.EnvFromSource is not defined
[main] WARN  o.o.codegen.utils.ModelUtils - #/components/schemas/v1.EnvFromSource is not defined
[main] WARN  o.o.codegen.utils.ModelUtils - #/components/schemas/v1.Lifecycle is not defined
[main] WARN  o.o.codegen.utils.ModelUtils - #/components/schemas/v1.Lifecycle is not defined
[main] WARN  o.o.codegen.utils.ModelUtils - #/components/schemas/v1.Lifecycle is not defined
[main] WARN  o.o.codegen.utils.ModelUtils - #/components/schemas/v1.Lifecycle is not defined
[main] WARN  o.o.codegen.utils.ModelUtils - #/components/schemas/v1.Lifecycle is not defined
[main] WARN  o.o.codegen.utils.ModelUtils - #/components/schemas/v1.Probe is not defined
[main] WARN  o.o.codegen.utils.ModelUtils - #/components/schemas/v1.Probe is not defined
[main] WARN  o.o.codegen.utils.ModelUtils - #/components/schemas/v1.Probe is not defined
[main] WARN  o.o.codegen.utils.ModelUtils - #/components/schemas/v1.Probe is not defined
[main] WARN  o.o.codegen.utils.ModelUtils - #/components/schemas/v1.Probe is not defined
[main] WARN  o.o.codegen.utils.ModelUtils - #/components/schemas/v1.ContainerPort is not defined
[main] WARN  o.o.codegen.utils.ModelUtils - #/components/schemas/v1.ContainerPort is not defined
[main] WARN  o.o.codegen.utils.ModelUtils - #/components/schemas/v1.ContainerPort is not defined
[main] WARN  o.o.codegen.utils.ModelUtils - #/components/schemas/v1.ContainerPort is not defined
[main] WARN  o.o.codegen.utils.ModelUtils - #/components/schemas/v1.ContainerPort is not defined
[main] WARN  o.o.codegen.utils.ModelUtils - #/components/schemas/v1.ContainerPort is not defined
[main] WARN  o.o.codegen.utils.ModelUtils - #/components/schemas/v1.ContainerPort is not defined
[main] WARN  o.o.codegen.utils.ModelUtils - #/components/schemas/v1.ContainerPort is not defined
[main] WARN  o.o.codegen.utils.ModelUtils - #/components/schemas/v1.Probe is not defined
[main] WARN  o.o.codegen.utils.ModelUtils - #/components/schemas/v1.Probe is not defined
[main] WARN  o.o.codegen.utils.ModelUtils - #/components/schemas/v1.Probe is not defined
[main] WARN  o.o.codegen.utils.ModelUtils - #/components/schemas/v1.Probe is not defined
[main] WARN  o.o.codegen.utils.ModelUtils - #/components/schemas/v1.Probe is not defined
[main] WARN  o.o.codegen.utils.ModelUtils - #/components/schemas/v1.ContainerResizePolicy is not defined
[main] WARN  o.o.codegen.utils.ModelUtils - #/components/schemas/v1.ContainerResizePolicy is not defined
[main] WARN  o.o.codegen.utils.ModelUtils - #/components/schemas/v1.ContainerResizePolicy is not defined
[main] WARN  o.o.codegen.utils.ModelUtils - #/components/schemas/v1.ContainerResizePolicy is not defined
[main] WARN  o.o.codegen.utils.ModelUtils - #/components/schemas/v1.ContainerResizePolicy is not defined
[main] WARN  o.o.codegen.utils.ModelUtils - #/components/schemas/v1.ContainerResizePolicy is not defined
[main] WARN  o.o.codegen.utils.ModelUtils - #/components/schemas/v1.ContainerResizePolicy is not defined
[main] WARN  o.o.codegen.utils.ModelUtils - #/components/schemas/v1.ContainerResizePolicy is not defined
[main] WARN  o.o.codegen.utils.ModelUtils - #/components/schemas/v1.ResourceRequirements is not defined
[main] WARN  o.o.codegen.utils.ModelUtils - #/components/schemas/v1.ResourceRequirements is not defined
[main] WARN  o.o.codegen.utils.ModelUtils - #/components/schemas/v1.ResourceRequirements is not defined
[main] WARN  o.o.codegen.utils.ModelUtils - #/components/schemas/v1.ResourceRequirements is not defined
[main] WARN  o.o.codegen.utils.ModelUtils - #/components/schemas/v1.ResourceRequirements is not defined
[main] WARN  o.o.codegen.utils.ModelUtils - #/components/schemas/v1.ContainerRestartRule is not defined
[main] WARN  o.o.codegen.utils.ModelUtils - #/components/schemas/v1.ContainerRestartRule is not defined
[main] WARN  o.o.codegen.utils.ModelUtils - #/components/schemas/v1.ContainerRestartRule is not defined
[main] WARN  o.o.codegen.utils.ModelUtils - #/components/schemas/v1.ContainerRestartRule is not defined
[main] WARN  o.o.codegen.utils.ModelUtils - #/components/schemas/v1.ContainerRestartRule is not defined
[main] WARN  o.o.codegen.utils.ModelUtils - #/components/schemas/v1.ContainerRestartRule is not defined
[main] WARN  o.o.codegen.utils.ModelUtils - #/components/schemas/v1.ContainerRestartRule is not defined
[main] WARN  o.o.codegen.utils.ModelUtils - #/components/schemas/v1.ContainerRestartRule is not defined
[main] WARN  o.o.codegen.utils.ModelUtils - #/components/schemas/v1.SecurityContext is not defined
[main] WARN  o.o.codegen.utils.ModelUtils - #/components/schemas/v1.SecurityContext is not defined
[main] WARN  o.o.codegen.utils.ModelUtils - #/components/schemas/v1.SecurityContext is not defined
[main] WARN  o.o.codegen.utils.ModelUtils - #/components/schemas/v1.SecurityContext is not defined
[main] WARN  o.o.codegen.utils.ModelUtils - #/components/schemas/v1.SecurityContext is not defined
[main] WARN  o.o.codegen.utils.ModelUtils - #/components/schemas/v1.Probe is not defined
[main] WARN  o.o.codegen.utils.ModelUtils - #/components/schemas/v1.Probe is not defined
[main] WARN  o.o.codegen.utils.ModelUtils - #/components/schemas/v1.Probe is not defined
[main] WARN  o.o.codegen.utils.ModelUtils - #/components/schemas/v1.Probe is not defined
[main] WARN  o.o.codegen.utils.ModelUtils - #/components/schemas/v1.Probe is not defined
[main] WARN  o.o.codegen.utils.ModelUtils - #/components/schemas/v1.VolumeDevice is not defined
[main] WARN  o.o.codegen.utils.ModelUtils - #/components/schemas/v1.VolumeDevice is not defined
[main] WARN  o.o.codegen.utils.ModelUtils - #/components/schemas/v1.VolumeDevice is not defined
[main] WARN  o.o.codegen.utils.ModelUtils - #/components/schemas/v1.VolumeDevice is not defined
[main] WARN  o.o.codegen.utils.ModelUtils - #/components/schemas/v1.VolumeDevice is not defined
[main] WARN  o.o.codegen.utils.ModelUtils - #/components/schemas/v1.VolumeDevice is not defined
[main] WARN  o.o.codegen.utils.ModelUtils - #/components/schemas/v1.VolumeDevice is not defined
[main] WARN  o.o.codegen.utils.ModelUtils - #/components/schemas/v1.VolumeDevice is not defined
[main] WARN  o.o.codegen.utils.ModelUtils - #/components/schemas/v1.VolumeMount is not defined
[main] WARN  o.o.codegen.utils.ModelUtils - #/components/schemas/v1.VolumeMount is not defined
[main] WARN  o.o.codegen.utils.ModelUtils - #/components/schemas/v1.VolumeMount is not defined
[main] WARN  o.o.codegen.utils.ModelUtils - #/components/schemas/v1.VolumeMount is not defined
[main] WARN  o.o.codegen.utils.ModelUtils - #/components/schemas/v1.VolumeMount is not defined
[main] WARN  o.o.codegen.utils.ModelUtils - #/components/schemas/v1.VolumeMount is not defined
[main] WARN  o.o.codegen.utils.ModelUtils - #/components/schemas/v1.VolumeMount is not defined
[main] WARN  o.o.codegen.utils.ModelUtils - #/components/schemas/v1.VolumeMount is not defined
[main] WARN  o.o.codegen.utils.ModelUtils - #/components/schemas/v1.ObjectMeta is not defined
[main] WARN  o.o.codegen.utils.ModelUtils - #/components/schemas/v1.ObjectMeta is not defined
[main] WARN  o.o.codegen.utils.ModelUtils - #/components/schemas/v1.ObjectMeta is not defined
[main] WARN  o.o.codegen.utils.ModelUtils - #/components/schemas/v1.ObjectMeta is not defined
[main] WARN  o.o.codegen.utils.ModelUtils - #/components/schemas/v1.ObjectMeta is not defined
[main] WARN  o.o.codegen.utils.ModelUtils - #/components/schemas/v1.ObjectMeta is not defined
[main] INFO  o.o.codegen.DefaultGenerator - Model v1beta1.InferenceServiceDefaulter not generated since it's a free-form object
[main] WARN  o.o.codegen.utils.ModelUtils - #/components/schemas/v1.ListMeta is not defined
[main] WARN  o.o.codegen.utils.ModelUtils - #/components/schemas/v1.ListMeta is not defined
[main] WARN  o.o.codegen.utils.ModelUtils - #/components/schemas/v1.ListMeta is not defined
[main] WARN  o.o.codegen.utils.ModelUtils - #/components/schemas/v1.ListMeta is not defined
[main] WARN  o.o.codegen.utils.ModelUtils - #/components/schemas/v1.ListMeta is not defined
[main] WARN  o.o.codegen.utils.ModelUtils - #/components/schemas/v1.ListMeta is not defined
[main] WARN  o.o.codegen.utils.ModelUtils - #/components/schemas/knative.Addressable is not defined
[main] WARN  o.o.codegen.utils.ModelUtils - #/components/schemas/knative.URL is not defined
[main] WARN  o.o.codegen.utils.ModelUtils - #/components/schemas/knative.Addressable is not defined
[main] WARN  o.o.codegen.utils.ModelUtils - #/components/schemas/knative.Addressable is not defined
[main] WARN  o.o.codegen.utils.ModelUtils - #/components/schemas/knative.Addressable is not defined
[main] WARN  o.o.codegen.utils.ModelUtils - #/components/schemas/knative.Addressable is not defined
[main] WARN  o.o.codegen.utils.ModelUtils - #/components/schemas/knative.Addressable is not defined
[main] WARN  o.o.codegen.utils.ModelUtils - #/components/schemas/knative.Condition is not defined
[main] WARN  o.o.codegen.utils.ModelUtils - #/components/schemas/knative.Condition is not defined
[main] WARN  o.o.codegen.utils.ModelUtils - #/components/schemas/knative.Condition is not defined
[main] WARN  o.o.codegen.utils.ModelUtils - #/components/schemas/knative.Condition is not defined
[main] WARN  o.o.codegen.utils.ModelUtils - #/components/schemas/knative.Condition is not defined
[main] WARN  o.o.codegen.utils.ModelUtils - #/components/schemas/knative.Condition is not defined
[main] WARN  o.o.codegen.utils.ModelUtils - #/components/schemas/knative.Condition is not defined
[main] WARN  o.o.codegen.utils.ModelUtils - #/components/schemas/knative.Condition is not defined
[main] WARN  o.o.codegen.utils.ModelUtils - #/components/schemas/knative.URL is not defined
[main] WARN  o.o.codegen.utils.ModelUtils - #/components/schemas/knative.URL is not defined
[main] WARN  o.o.codegen.utils.ModelUtils - #/components/schemas/knative.URL is not defined
[main] WARN  o.o.codegen.utils.ModelUtils - #/components/schemas/knative.URL is not defined
[main] WARN  o.o.codegen.utils.ModelUtils - #/components/schemas/knative.URL is not defined
[main] INFO  o.o.codegen.DefaultGenerator - Model v1beta1.InferenceServiceValidator not generated since it's a free-form object
[main] WARN  o.o.codegen.utils.ModelUtils - #/components/schemas/v1.Lifecycle is not defined
[main] WARN  o.o.codegen.utils.ModelUtils - #/components/schemas/v1.Probe is not defined
[main] WARN  o.o.codegen.utils.ModelUtils - #/components/schemas/v1.Probe is not defined
[main] WARN  o.o.codegen.utils.ModelUtils - #/components/schemas/v1.ResourceRequirements is not defined
[main] WARN  o.o.codegen.utils.ModelUtils - #/components/schemas/v1.SecurityContext is not defined
[main] WARN  o.o.codegen.utils.ModelUtils - #/components/schemas/v1.Probe is not defined
[main] WARN  o.o.codegen.utils.ModelUtils - #/components/schemas/v1.EnvVar is not defined
[main] WARN  o.o.codegen.utils.ModelUtils - #/components/schemas/v1.EnvVar is not defined
[main] WARN  o.o.codegen.utils.ModelUtils - #/components/schemas/v1.EnvVar is not defined
[main] WARN  o.o.codegen.utils.ModelUtils - #/components/schemas/v1.EnvVar is not defined
[main] WARN  o.o.codegen.utils.ModelUtils - #/components/schemas/v1.EnvVar is not defined
[main] WARN  o.o.codegen.utils.ModelUtils - #/components/schemas/v1.EnvVar is not defined
[main] WARN  o.o.codegen.utils.ModelUtils - #/components/schemas/v1.EnvVar is not defined
[main] WARN  o.o.codegen.utils.ModelUtils - #/components/schemas/v1.EnvVar is not defined
[main] WARN  o.o.codegen.utils.ModelUtils - #/components/schemas/v1.EnvFromSource is not defined
[main] WARN  o.o.codegen.utils.ModelUtils - #/components/schemas/v1.EnvFromSource is not defined
[main] WARN  o.o.codegen.utils.ModelUtils - #/components/schemas/v1.EnvFromSource is not defined
[main] WARN  o.o.codegen.utils.ModelUtils - #/components/schemas/v1.EnvFromSource is not defined
[main] WARN  o.o.codegen.utils.ModelUtils - #/components/schemas/v1.EnvFromSource is not defined
[main] WARN  o.o.codegen.utils.ModelUtils - #/components/schemas/v1.EnvFromSource is not defined
[main] WARN  o.o.codegen.utils.ModelUtils - #/components/schemas/v1.EnvFromSource is not defined
[main] WARN  o.o.codegen.utils.ModelUtils - #/components/schemas/v1.EnvFromSource is not defined
[main] WARN  o.o.codegen.utils.ModelUtils - #/components/schemas/v1.Lifecycle is not defined
[main] WARN  o.o.codegen.utils.ModelUtils - #/components/schemas/v1.Lifecycle is not defined
[main] WARN  o.o.codegen.utils.ModelUtils - #/components/schemas/v1.Lifecycle is not defined
[main] WARN  o.o.codegen.utils.ModelUtils - #/components/schemas/v1.Lifecycle is not defined
[main] WARN  o.o.codegen.utils.ModelUtils - #/components/schemas/v1.Lifecycle is not defined
[main] WARN  o.o.codegen.utils.ModelUtils - #/components/schemas/v1.Probe is not defined
[main] WARN  o.o.codegen.utils.ModelUtils - #/components/schemas/v1.Probe is not defined
[main] WARN  o.o.codegen.utils.ModelUtils - #/components/schemas/v1.Probe is not defined
[main] WARN  o.o.codegen.utils.ModelUtils - #/components/schemas/v1.Probe is not defined
[main] WARN  o.o.codegen.utils.ModelUtils - #/components/schemas/v1.Probe is not defined
[main] WARN  o.o.codegen.utils.ModelUtils - #/components/schemas/v1.ContainerPort is not defined
[main] WARN  o.o.codegen.utils.ModelUtils - #/components/schemas/v1.ContainerPort is not defined
[main] WARN  o.o.codegen.utils.ModelUtils - #/components/schemas/v1.ContainerPort is not defined
[main] WARN  o.o.codegen.utils.ModelUtils - #/components/schemas/v1.ContainerPort is not defined
[main] WARN  o.o.codegen.utils.ModelUtils - #/components/schemas/v1.ContainerPort is not defined
[main] WARN  o.o.codegen.utils.ModelUtils - #/components/schemas/v1.ContainerPort is not defined
[main] WARN  o.o.codegen.utils.ModelUtils - #/components/schemas/v1.ContainerPort is not defined
[main] WARN  o.o.codegen.utils.ModelUtils - #/components/schemas/v1.ContainerPort is not defined
[main] WARN  o.o.codegen.utils.ModelUtils - #/components/schemas/v1.Probe is not defined
[main] WARN  o.o.codegen.utils.ModelUtils - #/components/schemas/v1.Probe is not defined
[main] WARN  o.o.codegen.utils.ModelUtils - #/components/schemas/v1.Probe is not defined
[main] WARN  o.o.codegen.utils.ModelUtils - #/components/schemas/v1.Probe is not defined
[main] WARN  o.o.codegen.utils.ModelUtils - #/components/schemas/v1.Probe is not defined
[main] WARN  o.o.codegen.utils.ModelUtils - #/components/schemas/v1.ContainerResizePolicy is not defined
[main] WARN  o.o.codegen.utils.ModelUtils - #/components/schemas/v1.ContainerResizePolicy is not defined
[main] WARN  o.o.codegen.utils.ModelUtils - #/components/schemas/v1.ContainerResizePolicy is not defined
[main] WARN  o.o.codegen.utils.ModelUtils - #/components/schemas/v1.ContainerResizePolicy is not defined
[main] WARN  o.o.codegen.utils.ModelUtils - #/components/schemas/v1.ContainerResizePolicy is not defined
[main] WARN  o.o.codegen.utils.ModelUtils - #/components/schemas/v1.ContainerResizePolicy is not defined
[main] WARN  o.o.codegen.utils.ModelUtils - #/components/schemas/v1.ContainerResizePolicy is not defined
[main] WARN  o.o.codegen.utils.ModelUtils - #/components/schemas/v1.ContainerResizePolicy is not defined
[main] WARN  o.o.codegen.utils.ModelUtils - #/components/schemas/v1.ResourceRequirements is not defined
[main] WARN  o.o.codegen.utils.ModelUtils - #/components/schemas/v1.ResourceRequirements is not defined
[main] WARN  o.o.codegen.utils.ModelUtils - #/components/schemas/v1.ResourceRequirements is not defined
[main] WARN  o.o.codegen.utils.ModelUtils - #/components/schemas/v1.ResourceRequirements is not defined
[main] WARN  o.o.codegen.utils.ModelUtils - #/components/schemas/v1.ResourceRequirements is not defined
[main] WARN  o.o.codegen.utils.ModelUtils - #/components/schemas/v1.ContainerRestartRule is not defined
[main] WARN  o.o.codegen.utils.ModelUtils - #/components/schemas/v1.ContainerRestartRule is not defined
[main] WARN  o.o.codegen.utils.ModelUtils - #/components/schemas/v1.ContainerRestartRule is not defined
[main] WARN  o.o.codegen.utils.ModelUtils - #/components/schemas/v1.ContainerRestartRule is not defined
[main] WARN  o.o.codegen.utils.ModelUtils - #/components/schemas/v1.ContainerRestartRule is not defined
[main] WARN  o.o.codegen.utils.ModelUtils - #/components/schemas/v1.ContainerRestartRule is not defined
[main] WARN  o.o.codegen.utils.ModelUtils - #/components/schemas/v1.ContainerRestartRule is not defined
[main] WARN  o.o.codegen.utils.ModelUtils - #/components/schemas/v1.ContainerRestartRule is not defined
[main] WARN  o.o.codegen.utils.ModelUtils - #/components/schemas/v1.SecurityContext is not defined
[main] WARN  o.o.codegen.utils.ModelUtils - #/components/schemas/v1.SecurityContext is not defined
[main] WARN  o.o.codegen.utils.ModelUtils - #/components/schemas/v1.SecurityContext is not defined
[main] WARN  o.o.codegen.utils.ModelUtils - #/components/schemas/v1.SecurityContext is not defined
[main] WARN  o.o.codegen.utils.ModelUtils - #/components/schemas/v1.SecurityContext is not defined
[main] WARN  o.o.codegen.utils.ModelUtils - #/components/schemas/v1.Probe is not defined
[main] WARN  o.o.codegen.utils.ModelUtils - #/components/schemas/v1.Probe is not defined
[main] WARN  o.o.codegen.utils.ModelUtils - #/components/schemas/v1.Probe is not defined
[main] WARN  o.o.codegen.utils.ModelUtils - #/components/schemas/v1.Probe is not defined
[main] WARN  o.o.codegen.utils.ModelUtils - #/components/schemas/v1.Probe is not defined
[main] WARN  o.o.codegen.utils.ModelUtils - #/components/schemas/v1.VolumeDevice is not defined
[main] WARN  o.o.codegen.utils.ModelUtils - #/components/schemas/v1.VolumeDevice is not defined
[main] WARN  o.o.codegen.utils.ModelUtils - #/components/schemas/v1.VolumeDevice is not defined
[main] WARN  o.o.codegen.utils.ModelUtils - #/components/schemas/v1.VolumeDevice is not defined
[main] WARN  o.o.codegen.utils.ModelUtils - #/components/schemas/v1.VolumeDevice is not defined
[main] WARN  o.o.codegen.utils.ModelUtils - #/components/schemas/v1.VolumeDevice is not defined
[main] WARN  o.o.codegen.utils.ModelUtils - #/components/schemas/v1.VolumeDevice is not defined
[main] WARN  o.o.codegen.utils.ModelUtils - #/components/schemas/v1.VolumeDevice is not defined
[main] WARN  o.o.codegen.utils.ModelUtils - #/components/schemas/v1.VolumeMount is not defined
[main] WARN  o.o.codegen.utils.ModelUtils - #/components/schemas/v1.VolumeMount is not defined
[main] WARN  o.o.codegen.utils.ModelUtils - #/components/schemas/v1.VolumeMount is not defined
[main] WARN  o.o.codegen.utils.ModelUtils - #/components/schemas/v1.VolumeMount is not defined
[main] WARN  o.o.codegen.utils.ModelUtils - #/components/schemas/v1.VolumeMount is not defined
[main] WARN  o.o.codegen.utils.ModelUtils - #/components/schemas/v1.VolumeMount is not defined
[main] WARN  o.o.codegen.utils.ModelUtils - #/components/schemas/v1.VolumeMount is not defined
[main] WARN  o.o.codegen.utils.ModelUtils - #/components/schemas/v1.VolumeMount is not defined
[main] WARN  o.o.codegen.utils.ModelUtils - #/components/schemas/v1beta1.MetricQuantity is not defined
[main] WARN  o.o.codegen.utils.ModelUtils - #/components/schemas/v1beta1.MetricQuantity is not defined
[main] WARN  o.o.codegen.utils.ModelUtils - #/components/schemas/v1beta1.MetricQuantity is not defined
[main] WARN  o.o.codegen.utils.ModelUtils - #/components/schemas/v1beta1.MetricQuantity is not defined
[main] WARN  o.o.codegen.utils.ModelUtils - #/components/schemas/v1beta1.MetricQuantity is not defined
[main] WARN  o.o.codegen.utils.ModelUtils - #/components/schemas/v1beta1.MetricQuantity is not defined
[main] WARN  o.o.codegen.utils.ModelUtils - #/components/schemas/v1beta1.MetricQuantity is not defined
[main] WARN  o.o.codegen.utils.ModelUtils - #/components/schemas/v1beta1.MetricQuantity is not defined
[main] WARN  o.o.codegen.utils.ModelUtils - #/components/schemas/v1beta1.MetricQuantity is not defined
[main] WARN  o.o.codegen.utils.ModelUtils - #/components/schemas/v1beta1.MetricQuantity is not defined
[main] WARN  o.o.codegen.utils.ModelUtils - #/components/schemas/v1beta1.MetricQuantity is not defined
[main] WARN  o.o.codegen.utils.ModelUtils - #/components/schemas/v1beta1.MetricQuantity is not defined
[main] WARN  o.o.codegen.utils.ModelUtils - #/components/schemas/v1.Lifecycle is not defined
[main] WARN  o.o.codegen.utils.ModelUtils - #/components/schemas/v1.Probe is not defined
[main] WARN  o.o.codegen.utils.ModelUtils - #/components/schemas/v1.Probe is not defined
[main] WARN  o.o.codegen.utils.ModelUtils - #/components/schemas/v1.ResourceRequirements is not defined
[main] WARN  o.o.codegen.utils.ModelUtils - #/components/schemas/v1.SecurityContext is not defined
[main] WARN  o.o.codegen.utils.ModelUtils - #/components/schemas/v1.Probe is not defined
[main] WARN  o.o.codegen.utils.ModelUtils - #/components/schemas/v1.EnvVar is not defined
[main] WARN  o.o.codegen.utils.ModelUtils - #/components/schemas/v1.EnvVar is not defined
[main] WARN  o.o.codegen.utils.ModelUtils - #/components/schemas/v1.EnvVar is not defined
[main] WARN  o.o.codegen.utils.ModelUtils - #/components/schemas/v1.EnvVar is not defined
[main] WARN  o.o.codegen.utils.ModelUtils - #/components/schemas/v1.EnvVar is not defined
[main] WARN  o.o.codegen.utils.ModelUtils - #/components/schemas/v1.EnvVar is not defined
[main] WARN  o.o.codegen.utils.ModelUtils - #/components/schemas/v1.EnvVar is not defined
[main] WARN  o.o.codegen.utils.ModelUtils - #/components/schemas/v1.EnvVar is not defined
[main] WARN  o.o.codegen.utils.ModelUtils - #/components/schemas/v1.EnvFromSource is not defined
[main] WARN  o.o.codegen.utils.ModelUtils - #/components/schemas/v1.EnvFromSource is not defined
[main] WARN  o.o.codegen.utils.ModelUtils - #/components/schemas/v1.EnvFromSource is not defined
[main] WARN  o.o.codegen.utils.ModelUtils - #/components/schemas/v1.EnvFromSource is not defined
[main] WARN  o.o.codegen.utils.ModelUtils - #/components/schemas/v1.EnvFromSource is not defined
[main] WARN  o.o.codegen.utils.ModelUtils - #/components/schemas/v1.EnvFromSource is not defined
[main] WARN  o.o.codegen.utils.ModelUtils - #/components/schemas/v1.EnvFromSource is not defined
[main] WARN  o.o.codegen.utils.ModelUtils - #/components/schemas/v1.EnvFromSource is not defined
[main] WARN  o.o.codegen.utils.ModelUtils - #/components/schemas/v1.Lifecycle is not defined
[main] WARN  o.o.codegen.utils.ModelUtils - #/components/schemas/v1.Lifecycle is not defined
[main] WARN  o.o.codegen.utils.ModelUtils - #/components/schemas/v1.Lifecycle is not defined
[main] WARN  o.o.codegen.utils.ModelUtils - #/components/schemas/v1.Lifecycle is not defined
[main] WARN  o.o.codegen.utils.ModelUtils - #/components/schemas/v1.Lifecycle is not defined
[main] WARN  o.o.codegen.utils.ModelUtils - #/components/schemas/v1.Probe is not defined
[main] WARN  o.o.codegen.utils.ModelUtils - #/components/schemas/v1.Probe is not defined
[main] WARN  o.o.codegen.utils.ModelUtils - #/components/schemas/v1.Probe is not defined
[main] WARN  o.o.codegen.utils.ModelUtils - #/components/schemas/v1.Probe is not defined
[main] WARN  o.o.codegen.utils.ModelUtils - #/components/schemas/v1.Probe is not defined
[main] WARN  o.o.codegen.utils.ModelUtils - #/components/schemas/v1.ContainerPort is not defined
[main] WARN  o.o.codegen.utils.ModelUtils - #/components/schemas/v1.ContainerPort is not defined
[main] WARN  o.o.codegen.utils.ModelUtils - #/components/schemas/v1.ContainerPort is not defined
[main] WARN  o.o.codegen.utils.ModelUtils - #/components/schemas/v1.ContainerPort is not defined
[main] WARN  o.o.codegen.utils.ModelUtils - #/components/schemas/v1.ContainerPort is not defined
[main] WARN  o.o.codegen.utils.ModelUtils - #/components/schemas/v1.ContainerPort is not defined
[main] WARN  o.o.codegen.utils.ModelUtils - #/components/schemas/v1.ContainerPort is not defined
[main] WARN  o.o.codegen.utils.ModelUtils - #/components/schemas/v1.ContainerPort is not defined
[main] WARN  o.o.codegen.utils.ModelUtils - #/components/schemas/v1.Probe is not defined
[main] WARN  o.o.codegen.utils.ModelUtils - #/components/schemas/v1.Probe is not defined
[main] WARN  o.o.codegen.utils.ModelUtils - #/components/schemas/v1.Probe is not defined
[main] WARN  o.o.codegen.utils.ModelUtils - #/components/schemas/v1.Probe is not defined
[main] WARN  o.o.codegen.utils.ModelUtils - #/components/schemas/v1.Probe is not defined
[main] WARN  o.o.codegen.utils.ModelUtils - #/components/schemas/v1.ContainerResizePolicy is not defined
[main] WARN  o.o.codegen.utils.ModelUtils - #/components/schemas/v1.ContainerResizePolicy is not defined
[main] WARN  o.o.codegen.utils.ModelUtils - #/components/schemas/v1.ContainerResizePolicy is not defined
[main] WARN  o.o.codegen.utils.ModelUtils - #/components/schemas/v1.ContainerResizePolicy is not defined
[main] WARN  o.o.codegen.utils.ModelUtils - #/components/schemas/v1.ContainerResizePolicy is not defined
[main] WARN  o.o.codegen.utils.ModelUtils - #/components/schemas/v1.ContainerResizePolicy is not defined
[main] WARN  o.o.codegen.utils.ModelUtils - #/components/schemas/v1.ContainerResizePolicy is not defined
[main] WARN  o.o.codegen.utils.ModelUtils - #/components/schemas/v1.ContainerResizePolicy is not defined
[main] WARN  o.o.codegen.utils.ModelUtils - #/components/schemas/v1.ResourceRequirements is not defined
[main] WARN  o.o.codegen.utils.ModelUtils - #/components/schemas/v1.ResourceRequirements is not defined
[main] WARN  o.o.codegen.utils.ModelUtils - #/components/schemas/v1.ResourceRequirements is not defined
[main] WARN  o.o.codegen.utils.ModelUtils - #/components/schemas/v1.ResourceRequirements is not defined
[main] WARN  o.o.codegen.utils.ModelUtils - #/components/schemas/v1.ResourceRequirements is not defined
[main] WARN  o.o.codegen.utils.ModelUtils - #/components/schemas/v1.ContainerRestartRule is not defined
[main] WARN  o.o.codegen.utils.ModelUtils - #/components/schemas/v1.ContainerRestartRule is not defined
[main] WARN  o.o.codegen.utils.ModelUtils - #/components/schemas/v1.ContainerRestartRule is not defined
[main] WARN  o.o.codegen.utils.ModelUtils - #/components/schemas/v1.ContainerRestartRule is not defined
[main] WARN  o.o.codegen.utils.ModelUtils - #/components/schemas/v1.ContainerRestartRule is not defined
[main] WARN  o.o.codegen.utils.ModelUtils - #/components/schemas/v1.ContainerRestartRule is not defined
[main] WARN  o.o.codegen.utils.ModelUtils - #/components/schemas/v1.ContainerRestartRule is not defined
[main] WARN  o.o.codegen.utils.ModelUtils - #/components/schemas/v1.ContainerRestartRule is not defined
[main] WARN  o.o.codegen.utils.ModelUtils - #/components/schemas/v1.SecurityContext is not defined
[main] WARN  o.o.codegen.utils.ModelUtils - #/components/schemas/v1.SecurityContext is not defined
[main] WARN  o.o.codegen.utils.ModelUtils - #/components/schemas/v1.SecurityContext is not defined
[main] WARN  o.o.codegen.utils.ModelUtils - #/components/schemas/v1.SecurityContext is not defined
[main] WARN  o.o.codegen.utils.ModelUtils - #/components/schemas/v1.SecurityContext is not defined
[main] WARN  o.o.codegen.utils.ModelUtils - #/components/schemas/v1.Probe is not defined
[main] WARN  o.o.codegen.utils.ModelUtils - #/components/schemas/v1.Probe is not defined
[main] WARN  o.o.codegen.utils.ModelUtils - #/components/schemas/v1.Probe is not defined
[main] WARN  o.o.codegen.utils.ModelUtils - #/components/schemas/v1.Probe is not defined
[main] WARN  o.o.codegen.utils.ModelUtils - #/components/schemas/v1.Probe is not defined
[main] WARN  o.o.codegen.utils.ModelUtils - #/components/schemas/v1.VolumeDevice is not defined
[main] WARN  o.o.codegen.utils.ModelUtils - #/components/schemas/v1.VolumeDevice is not defined
[main] WARN  o.o.codegen.utils.ModelUtils - #/components/schemas/v1.VolumeDevice is not defined
[main] WARN  o.o.codegen.utils.ModelUtils - #/components/schemas/v1.VolumeDevice is not defined
[main] WARN  o.o.codegen.utils.ModelUtils - #/components/schemas/v1.VolumeDevice is not defined
[main] WARN  o.o.codegen.utils.ModelUtils - #/components/schemas/v1.VolumeDevice is not defined
[main] WARN  o.o.codegen.utils.ModelUtils - #/components/schemas/v1.VolumeDevice is not defined
[main] WARN  o.o.codegen.utils.ModelUtils - #/components/schemas/v1.VolumeDevice is not defined
[main] WARN  o.o.codegen.utils.ModelUtils - #/components/schemas/v1.VolumeMount is not defined
[main] WARN  o.o.codegen.utils.ModelUtils - #/components/schemas/v1.VolumeMount is not defined
[main] WARN  o.o.codegen.utils.ModelUtils - #/components/schemas/v1.VolumeMount is not defined
[main] WARN  o.o.codegen.utils.ModelUtils - #/components/schemas/v1.VolumeMount is not defined
[main] WARN  o.o.codegen.utils.ModelUtils - #/components/schemas/v1.VolumeMount is not defined
[main] WARN  o.o.codegen.utils.ModelUtils - #/components/schemas/v1.VolumeMount is not defined
[main] WARN  o.o.codegen.utils.ModelUtils - #/components/schemas/v1.VolumeMount is not defined
[main] WARN  o.o.codegen.utils.ModelUtils - #/components/schemas/v1.VolumeMount is not defined
[main] WARN  o.o.codegen.utils.ModelUtils - #/components/schemas/v1.Lifecycle is not defined
[main] WARN  o.o.codegen.utils.ModelUtils - #/components/schemas/v1.Probe is not defined
[main] WARN  o.o.codegen.utils.ModelUtils - #/components/schemas/v1.Probe is not defined
[main] WARN  o.o.codegen.utils.ModelUtils - #/components/schemas/v1.ResourceRequirements is not defined
[main] WARN  o.o.codegen.utils.ModelUtils - #/components/schemas/v1.SecurityContext is not defined
[main] WARN  o.o.codegen.utils.ModelUtils - #/components/schemas/v1.Probe is not defined
[main] WARN  o.o.codegen.utils.ModelUtils - #/components/schemas/v1.EnvVar is not defined
[main] WARN  o.o.codegen.utils.ModelUtils - #/components/schemas/v1.EnvVar is not defined
[main] WARN  o.o.codegen.utils.ModelUtils - #/components/schemas/v1.EnvVar is not defined
[main] WARN  o.o.codegen.utils.ModelUtils - #/components/schemas/v1.EnvVar is not defined
[main] WARN  o.o.codegen.utils.ModelUtils - #/components/schemas/v1.EnvVar is not defined
[main] WARN  o.o.codegen.utils.ModelUtils - #/components/schemas/v1.EnvVar is not defined
[main] WARN  o.o.codegen.utils.ModelUtils - #/components/schemas/v1.EnvVar is not defined
[main] WARN  o.o.codegen.utils.ModelUtils - #/components/schemas/v1.EnvVar is not defined
[main] WARN  o.o.codegen.utils.ModelUtils - #/components/schemas/v1.EnvFromSource is not defined
[main] WARN  o.o.codegen.utils.ModelUtils - #/components/schemas/v1.EnvFromSource is not defined
[main] WARN  o.o.codegen.utils.ModelUtils - #/components/schemas/v1.EnvFromSource is not defined
[main] WARN  o.o.codegen.utils.ModelUtils - #/components/schemas/v1.EnvFromSource is not defined
[main] WARN  o.o.codegen.utils.ModelUtils - #/components/schemas/v1.EnvFromSource is not defined
[main] WARN  o.o.codegen.utils.ModelUtils - #/components/schemas/v1.EnvFromSource is not defined
[main] WARN  o.o.codegen.utils.ModelUtils - #/components/schemas/v1.EnvFromSource is not defined
[main] WARN  o.o.codegen.utils.ModelUtils - #/components/schemas/v1.EnvFromSource is not defined
[main] WARN  o.o.codegen.utils.ModelUtils - #/components/schemas/v1.Lifecycle is not defined
[main] WARN  o.o.codegen.utils.ModelUtils - #/components/schemas/v1.Lifecycle is not defined
[main] WARN  o.o.codegen.utils.ModelUtils - #/components/schemas/v1.Lifecycle is not defined
[main] WARN  o.o.codegen.utils.ModelUtils - #/components/schemas/v1.Lifecycle is not defined
[main] WARN  o.o.codegen.utils.ModelUtils - #/components/schemas/v1.Lifecycle is not defined
[main] WARN  o.o.codegen.utils.ModelUtils - #/components/schemas/v1.Probe is not defined
[main] WARN  o.o.codegen.utils.ModelUtils - #/components/schemas/v1.Probe is not defined
[main] WARN  o.o.codegen.utils.ModelUtils - #/components/schemas/v1.Probe is not defined
[main] WARN  o.o.codegen.utils.ModelUtils - #/components/schemas/v1.Probe is not defined
[main] WARN  o.o.codegen.utils.ModelUtils - #/components/schemas/v1.Probe is not defined
[main] WARN  o.o.codegen.utils.ModelUtils - #/components/schemas/v1.ContainerPort is not defined
[main] WARN  o.o.codegen.utils.ModelUtils - #/components/schemas/v1.ContainerPort is not defined
[main] WARN  o.o.codegen.utils.ModelUtils - #/components/schemas/v1.ContainerPort is not defined
[main] WARN  o.o.codegen.utils.ModelUtils - #/components/schemas/v1.ContainerPort is not defined
[main] WARN  o.o.codegen.utils.ModelUtils - #/components/schemas/v1.ContainerPort is not defined
[main] WARN  o.o.codegen.utils.ModelUtils - #/components/schemas/v1.ContainerPort is not defined
[main] WARN  o.o.codegen.utils.ModelUtils - #/components/schemas/v1.ContainerPort is not defined
[main] WARN  o.o.codegen.utils.ModelUtils - #/components/schemas/v1.ContainerPort is not defined
[main] WARN  o.o.codegen.utils.ModelUtils - #/components/schemas/v1.Probe is not defined
[main] WARN  o.o.codegen.utils.ModelUtils - #/components/schemas/v1.Probe is not defined
[main] WARN  o.o.codegen.utils.ModelUtils - #/components/schemas/v1.Probe is not defined
[main] WARN  o.o.codegen.utils.ModelUtils - #/components/schemas/v1.Probe is not defined
[main] WARN  o.o.codegen.utils.ModelUtils - #/components/schemas/v1.Probe is not defined
[main] WARN  o.o.codegen.utils.ModelUtils - #/components/schemas/v1.ContainerResizePolicy is not defined
[main] WARN  o.o.codegen.utils.ModelUtils - #/components/schemas/v1.ContainerResizePolicy is not defined
[main] WARN  o.o.codegen.utils.ModelUtils - #/components/schemas/v1.ContainerResizePolicy is not defined
[main] WARN  o.o.codegen.utils.ModelUtils - #/components/schemas/v1.ContainerResizePolicy is not defined
[main] WARN  o.o.codegen.utils.ModelUtils - #/components/schemas/v1.ContainerResizePolicy is not defined
[main] WARN  o.o.codegen.utils.ModelUtils - #/components/schemas/v1.ContainerResizePolicy is not defined
[main] WARN  o.o.codegen.utils.ModelUtils - #/components/schemas/v1.ContainerResizePolicy is not defined
[main] WARN  o.o.codegen.utils.ModelUtils - #/components/schemas/v1.ContainerResizePolicy is not defined
[main] WARN  o.o.codegen.utils.ModelUtils - #/components/schemas/v1.ResourceRequirements is not defined
[main] WARN  o.o.codegen.utils.ModelUtils - #/components/schemas/v1.ResourceRequirements is not defined
[main] WARN  o.o.codegen.utils.ModelUtils - #/components/schemas/v1.ResourceRequirements is not defined
[main] WARN  o.o.codegen.utils.ModelUtils - #/components/schemas/v1.ResourceRequirements is not defined
[main] WARN  o.o.codegen.utils.ModelUtils - #/components/schemas/v1.ResourceRequirements is not defined
[main] WARN  o.o.codegen.utils.ModelUtils - #/components/schemas/v1.ContainerRestartRule is not defined
[main] WARN  o.o.codegen.utils.ModelUtils - #/components/schemas/v1.ContainerRestartRule is not defined
[main] WARN  o.o.codegen.utils.ModelUtils - #/components/schemas/v1.ContainerRestartRule is not defined
[main] WARN  o.o.codegen.utils.ModelUtils - #/components/schemas/v1.ContainerRestartRule is not defined
[main] WARN  o.o.codegen.utils.ModelUtils - #/components/schemas/v1.ContainerRestartRule is not defined
[main] WARN  o.o.codegen.utils.ModelUtils - #/components/schemas/v1.ContainerRestartRule is not defined
[main] WARN  o.o.codegen.utils.ModelUtils - #/components/schemas/v1.ContainerRestartRule is not defined
[main] WARN  o.o.codegen.utils.ModelUtils - #/components/schemas/v1.ContainerRestartRule is not defined
[main] WARN  o.o.codegen.utils.ModelUtils - #/components/schemas/v1.SecurityContext is not defined
[main] WARN  o.o.codegen.utils.ModelUtils - #/components/schemas/v1.SecurityContext is not defined
[main] WARN  o.o.codegen.utils.ModelUtils - #/components/schemas/v1.SecurityContext is not defined
[main] WARN  o.o.codegen.utils.ModelUtils - #/components/schemas/v1.SecurityContext is not defined
[main] WARN  o.o.codegen.utils.ModelUtils - #/components/schemas/v1.SecurityContext is not defined
[main] WARN  o.o.codegen.utils.ModelUtils - #/components/schemas/v1.Probe is not defined
[main] WARN  o.o.codegen.utils.ModelUtils - #/components/schemas/v1.Probe is not defined
[main] WARN  o.o.codegen.utils.ModelUtils - #/components/schemas/v1.Probe is not defined
[main] WARN  o.o.codegen.utils.ModelUtils - #/components/schemas/v1.Probe is not defined
[main] WARN  o.o.codegen.utils.ModelUtils - #/components/schemas/v1.Probe is not defined
[main] WARN  o.o.codegen.utils.ModelUtils - #/components/schemas/v1.VolumeDevice is not defined
[main] WARN  o.o.codegen.utils.ModelUtils - #/components/schemas/v1.VolumeDevice is not defined
[main] WARN  o.o.codegen.utils.ModelUtils - #/components/schemas/v1.VolumeDevice is not defined
[main] WARN  o.o.codegen.utils.ModelUtils - #/components/schemas/v1.VolumeDevice is not defined
[main] WARN  o.o.codegen.utils.ModelUtils - #/components/schemas/v1.VolumeDevice is not defined
[main] WARN  o.o.codegen.utils.ModelUtils - #/components/schemas/v1.VolumeDevice is not defined
[main] WARN  o.o.codegen.utils.ModelUtils - #/components/schemas/v1.VolumeDevice is not defined
[main] WARN  o.o.codegen.utils.ModelUtils - #/components/schemas/v1.VolumeDevice is not defined
[main] WARN  o.o.codegen.utils.ModelUtils - #/components/schemas/v1.VolumeMount is not defined
[main] WARN  o.o.codegen.utils.ModelUtils - #/components/schemas/v1.VolumeMount is not defined
[main] WARN  o.o.codegen.utils.ModelUtils - #/components/schemas/v1.VolumeMount is not defined
[main] WARN  o.o.codegen.utils.ModelUtils - #/components/schemas/v1.VolumeMount is not defined
[main] WARN  o.o.codegen.utils.ModelUtils - #/components/schemas/v1.VolumeMount is not defined
[main] WARN  o.o.codegen.utils.ModelUtils - #/components/schemas/v1.VolumeMount is not defined
[main] WARN  o.o.codegen.utils.ModelUtils - #/components/schemas/v1.VolumeMount is not defined
[main] WARN  o.o.codegen.utils.ModelUtils - #/components/schemas/v1.VolumeMount is not defined
[main] WARN  o.o.codegen.utils.ModelUtils - #/components/schemas/v1.Lifecycle is not defined
[main] WARN  o.o.codegen.utils.ModelUtils - #/components/schemas/v1.Probe is not defined
[main] WARN  o.o.codegen.utils.ModelUtils - #/components/schemas/v1.Probe is not defined
[main] WARN  o.o.codegen.utils.ModelUtils - #/components/schemas/v1.ResourceRequirements is not defined
[main] WARN  o.o.codegen.utils.ModelUtils - #/components/schemas/v1.SecurityContext is not defined
[main] WARN  o.o.codegen.utils.ModelUtils - #/components/schemas/v1.Probe is not defined
[main] WARN  o.o.codegen.utils.ModelUtils - #/components/schemas/v1.EnvVar is not defined
[main] WARN  o.o.codegen.utils.ModelUtils - #/components/schemas/v1.EnvVar is not defined
[main] WARN  o.o.codegen.utils.ModelUtils - #/components/schemas/v1.EnvVar is not defined
[main] WARN  o.o.codegen.utils.ModelUtils - #/components/schemas/v1.EnvVar is not defined
[main] WARN  o.o.codegen.utils.ModelUtils - #/components/schemas/v1.EnvVar is not defined
[main] WARN  o.o.codegen.utils.ModelUtils - #/components/schemas/v1.EnvVar is not defined
[main] WARN  o.o.codegen.utils.ModelUtils - #/components/schemas/v1.EnvVar is not defined
[main] WARN  o.o.codegen.utils.ModelUtils - #/components/schemas/v1.EnvVar is not defined
[main] WARN  o.o.codegen.utils.ModelUtils - #/components/schemas/v1.EnvFromSource is not defined
[main] WARN  o.o.codegen.utils.ModelUtils - #/components/schemas/v1.EnvFromSource is not defined
[main] WARN  o.o.codegen.utils.ModelUtils - #/components/schemas/v1.EnvFromSource is not defined
[main] WARN  o.o.codegen.utils.ModelUtils - #/components/schemas/v1.EnvFromSource is not defined
[main] WARN  o.o.codegen.utils.ModelUtils - #/components/schemas/v1.EnvFromSource is not defined
[main] WARN  o.o.codegen.utils.ModelUtils - #/components/schemas/v1.EnvFromSource is not defined
[main] WARN  o.o.codegen.utils.ModelUtils - #/components/schemas/v1.EnvFromSource is not defined
[main] WARN  o.o.codegen.utils.ModelUtils - #/components/schemas/v1.EnvFromSource is not defined
[main] WARN  o.o.codegen.utils.ModelUtils - #/components/schemas/v1.Lifecycle is not defined
[main] WARN  o.o.codegen.utils.ModelUtils - #/components/schemas/v1.Lifecycle is not defined
[main] WARN  o.o.codegen.utils.ModelUtils - #/components/schemas/v1.Lifecycle is not defined
[main] WARN  o.o.codegen.utils.ModelUtils - #/components/schemas/v1.Lifecycle is not defined
[main] WARN  o.o.codegen.utils.ModelUtils - #/components/schemas/v1.Lifecycle is not defined
[main] WARN  o.o.codegen.utils.ModelUtils - #/components/schemas/v1.Probe is not defined
[main] WARN  o.o.codegen.utils.ModelUtils - #/components/schemas/v1.Probe is not defined
[main] WARN  o.o.codegen.utils.ModelUtils - #/components/schemas/v1.Probe is not defined
[main] WARN  o.o.codegen.utils.ModelUtils - #/components/schemas/v1.Probe is not defined
[main] WARN  o.o.codegen.utils.ModelUtils - #/components/schemas/v1.Probe is not defined
[main] WARN  o.o.codegen.utils.ModelUtils - #/components/schemas/v1.ContainerPort is not defined
[main] WARN  o.o.codegen.utils.ModelUtils - #/components/schemas/v1.ContainerPort is not defined
[main] WARN  o.o.codegen.utils.ModelUtils - #/components/schemas/v1.ContainerPort is not defined
[main] WARN  o.o.codegen.utils.ModelUtils - #/components/schemas/v1.ContainerPort is not defined
[main] WARN  o.o.codegen.utils.ModelUtils - #/components/schemas/v1.ContainerPort is not defined
[main] WARN  o.o.codegen.utils.ModelUtils - #/components/schemas/v1.ContainerPort is not defined
[main] WARN  o.o.codegen.utils.ModelUtils - #/components/schemas/v1.ContainerPort is not defined
[main] WARN  o.o.codegen.utils.ModelUtils - #/components/schemas/v1.ContainerPort is not defined
[main] WARN  o.o.codegen.utils.ModelUtils - #/components/schemas/v1.Probe is not defined
[main] WARN  o.o.codegen.utils.ModelUtils - #/components/schemas/v1.Probe is not defined
[main] WARN  o.o.codegen.utils.ModelUtils - #/components/schemas/v1.Probe is not defined
[main] WARN  o.o.codegen.utils.ModelUtils - #/components/schemas/v1.Probe is not defined
[main] WARN  o.o.codegen.utils.ModelUtils - #/components/schemas/v1.Probe is not defined
[main] WARN  o.o.codegen.utils.ModelUtils - #/components/schemas/v1.ContainerResizePolicy is not defined
[main] WARN  o.o.codegen.utils.ModelUtils - #/components/schemas/v1.ContainerResizePolicy is not defined
[main] WARN  o.o.codegen.utils.ModelUtils - #/components/schemas/v1.ContainerResizePolicy is not defined
[main] WARN  o.o.codegen.utils.ModelUtils - #/components/schemas/v1.ContainerResizePolicy is not defined
[main] WARN  o.o.codegen.utils.ModelUtils - #/components/schemas/v1.ContainerResizePolicy is not defined
[main] WARN  o.o.codegen.utils.ModelUtils - #/components/schemas/v1.ContainerResizePolicy is not defined
[main] WARN  o.o.codegen.utils.ModelUtils - #/components/schemas/v1.ContainerResizePolicy is not defined
[main] WARN  o.o.codegen.utils.ModelUtils - #/components/schemas/v1.ContainerResizePolicy is not defined
[main] WARN  o.o.codegen.utils.ModelUtils - #/components/schemas/v1.ResourceRequirements is not defined
[main] WARN  o.o.codegen.utils.ModelUtils - #/components/schemas/v1.ResourceRequirements is not defined
[main] WARN  o.o.codegen.utils.ModelUtils - #/components/schemas/v1.ResourceRequirements is not defined
[main] WARN  o.o.codegen.utils.ModelUtils - #/components/schemas/v1.ResourceRequirements is not defined
[main] WARN  o.o.codegen.utils.ModelUtils - #/components/schemas/v1.ResourceRequirements is not defined
[main] WARN  o.o.codegen.utils.ModelUtils - #/components/schemas/v1.ContainerRestartRule is not defined
[main] WARN  o.o.codegen.utils.ModelUtils - #/components/schemas/v1.ContainerRestartRule is not defined
[main] WARN  o.o.codegen.utils.ModelUtils - #/components/schemas/v1.ContainerRestartRule is not defined
[main] WARN  o.o.codegen.utils.ModelUtils - #/components/schemas/v1.ContainerRestartRule is not defined
[main] WARN  o.o.codegen.utils.ModelUtils - #/components/schemas/v1.ContainerRestartRule is not defined
[main] WARN  o.o.codegen.utils.ModelUtils - #/components/schemas/v1.ContainerRestartRule is not defined
[main] WARN  o.o.codegen.utils.ModelUtils - #/components/schemas/v1.ContainerRestartRule is not defined
[main] WARN  o.o.codegen.utils.ModelUtils - #/components/schemas/v1.ContainerRestartRule is not defined
[main] WARN  o.o.codegen.utils.ModelUtils - #/components/schemas/v1.SecurityContext is not defined
[main] WARN  o.o.codegen.utils.ModelUtils - #/components/schemas/v1.SecurityContext is not defined
[main] WARN  o.o.codegen.utils.ModelUtils - #/components/schemas/v1.SecurityContext is not defined
[main] WARN  o.o.codegen.utils.ModelUtils - #/components/schemas/v1.SecurityContext is not defined
[main] WARN  o.o.codegen.utils.ModelUtils - #/components/schemas/v1.SecurityContext is not defined
[main] WARN  o.o.codegen.utils.ModelUtils - #/components/schemas/v1.Probe is not defined
[main] WARN  o.o.codegen.utils.ModelUtils - #/components/schemas/v1.Probe is not defined
[main] WARN  o.o.codegen.utils.ModelUtils - #/components/schemas/v1.Probe is not defined
[main] WARN  o.o.codegen.utils.ModelUtils - #/components/schemas/v1.Probe is not defined
[main] WARN  o.o.codegen.utils.ModelUtils - #/components/schemas/v1.Probe is not defined
[main] WARN  o.o.codegen.utils.ModelUtils - #/components/schemas/v1.VolumeDevice is not defined
[main] WARN  o.o.codegen.utils.ModelUtils - #/components/schemas/v1.VolumeDevice is not defined
[main] WARN  o.o.codegen.utils.ModelUtils - #/components/schemas/v1.VolumeDevice is not defined
[main] WARN  o.o.codegen.utils.ModelUtils - #/components/schemas/v1.VolumeDevice is not defined
[main] WARN  o.o.codegen.utils.ModelUtils - #/components/schemas/v1.VolumeDevice is not defined
[main] WARN  o.o.codegen.utils.ModelUtils - #/components/schemas/v1.VolumeDevice is not defined
[main] WARN  o.o.codegen.utils.ModelUtils - #/components/schemas/v1.VolumeDevice is not defined
[main] WARN  o.o.codegen.utils.ModelUtils - #/components/schemas/v1.VolumeDevice is not defined
[main] WARN  o.o.codegen.utils.ModelUtils - #/components/schemas/v1.VolumeMount is not defined
[main] WARN  o.o.codegen.utils.ModelUtils - #/components/schemas/v1.VolumeMount is not defined
[main] WARN  o.o.codegen.utils.ModelUtils - #/components/schemas/v1.VolumeMount is not defined
[main] WARN  o.o.codegen.utils.ModelUtils - #/components/schemas/v1.VolumeMount is not defined
[main] WARN  o.o.codegen.utils.ModelUtils - #/components/schemas/v1.VolumeMount is not defined
[main] WARN  o.o.codegen.utils.ModelUtils - #/components/schemas/v1.VolumeMount is not defined
[main] WARN  o.o.codegen.utils.ModelUtils - #/components/schemas/v1.VolumeMount is not defined
[main] WARN  o.o.codegen.utils.ModelUtils - #/components/schemas/v1.VolumeMount is not defined
[main] WARN  o.o.codegen.utils.ModelUtils - #/components/schemas/v1.Lifecycle is not defined
[main] WARN  o.o.codegen.utils.ModelUtils - #/components/schemas/v1.Probe is not defined
[main] WARN  o.o.codegen.utils.ModelUtils - #/components/schemas/v1.Probe is not defined
[main] WARN  o.o.codegen.utils.ModelUtils - #/components/schemas/v1.ResourceRequirements is not defined
[main] WARN  o.o.codegen.utils.ModelUtils - #/components/schemas/v1.SecurityContext is not defined
[main] WARN  o.o.codegen.utils.ModelUtils - #/components/schemas/v1.Probe is not defined
[main] WARN  o.o.codegen.utils.ModelUtils - #/components/schemas/v1.EnvVar is not defined
[main] WARN  o.o.codegen.utils.ModelUtils - #/components/schemas/v1.EnvVar is not defined
[main] WARN  o.o.codegen.utils.ModelUtils - #/components/schemas/v1.EnvVar is not defined
[main] WARN  o.o.codegen.utils.ModelUtils - #/components/schemas/v1.EnvVar is not defined
[main] WARN  o.o.codegen.utils.ModelUtils - #/components/schemas/v1.EnvVar is not defined
[main] WARN  o.o.codegen.utils.ModelUtils - #/components/schemas/v1.EnvVar is not defined
[main] WARN  o.o.codegen.utils.ModelUtils - #/components/schemas/v1.EnvVar is not defined
[main] WARN  o.o.codegen.utils.ModelUtils - #/components/schemas/v1.EnvVar is not defined
[main] WARN  o.o.codegen.utils.ModelUtils - #/components/schemas/v1.EnvFromSource is not defined
[main] WARN  o.o.codegen.utils.ModelUtils - #/components/schemas/v1.EnvFromSource is not defined
[main] WARN  o.o.codegen.utils.ModelUtils - #/components/schemas/v1.EnvFromSource is not defined
[main] WARN  o.o.codegen.utils.ModelUtils - #/components/schemas/v1.EnvFromSource is not defined
[main] WARN  o.o.codegen.utils.ModelUtils - #/components/schemas/v1.EnvFromSource is not defined
[main] WARN  o.o.codegen.utils.ModelUtils - #/components/schemas/v1.EnvFromSource is not defined
[main] WARN  o.o.codegen.utils.ModelUtils - #/components/schemas/v1.EnvFromSource is not defined
[main] WARN  o.o.codegen.utils.ModelUtils - #/components/schemas/v1.EnvFromSource is not defined
[main] WARN  o.o.codegen.utils.ModelUtils - #/components/schemas/v1.Lifecycle is not defined
[main] WARN  o.o.codegen.utils.ModelUtils - #/components/schemas/v1.Lifecycle is not defined
[main] WARN  o.o.codegen.utils.ModelUtils - #/components/schemas/v1.Lifecycle is not defined
[main] WARN  o.o.codegen.utils.ModelUtils - #/components/schemas/v1.Lifecycle is not defined
[main] WARN  o.o.codegen.utils.ModelUtils - #/components/schemas/v1.Lifecycle is not defined
[main] WARN  o.o.codegen.utils.ModelUtils - #/components/schemas/v1.Probe is not defined
[main] WARN  o.o.codegen.utils.ModelUtils - #/components/schemas/v1.Probe is not defined
[main] WARN  o.o.codegen.utils.ModelUtils - #/components/schemas/v1.Probe is not defined
[main] WARN  o.o.codegen.utils.ModelUtils - #/components/schemas/v1.Probe is not defined
[main] WARN  o.o.codegen.utils.ModelUtils - #/components/schemas/v1.Probe is not defined
[main] WARN  o.o.codegen.utils.ModelUtils - #/components/schemas/v1.ContainerPort is not defined
[main] WARN  o.o.codegen.utils.ModelUtils - #/components/schemas/v1.ContainerPort is not defined
[main] WARN  o.o.codegen.utils.ModelUtils - #/components/schemas/v1.ContainerPort is not defined
[main] WARN  o.o.codegen.utils.ModelUtils - #/components/schemas/v1.ContainerPort is not defined
[main] WARN  o.o.codegen.utils.ModelUtils - #/components/schemas/v1.ContainerPort is not defined
[main] WARN  o.o.codegen.utils.ModelUtils - #/components/schemas/v1.ContainerPort is not defined
[main] WARN  o.o.codegen.utils.ModelUtils - #/components/schemas/v1.ContainerPort is not defined
[main] WARN  o.o.codegen.utils.ModelUtils - #/components/schemas/v1.ContainerPort is not defined
[main] WARN  o.o.codegen.utils.ModelUtils - #/components/schemas/v1.Probe is not defined
[main] WARN  o.o.codegen.utils.ModelUtils - #/components/schemas/v1.Probe is not defined
[main] WARN  o.o.codegen.utils.ModelUtils - #/components/schemas/v1.Probe is not defined
[main] WARN  o.o.codegen.utils.ModelUtils - #/components/schemas/v1.Probe is not defined
[main] WARN  o.o.codegen.utils.ModelUtils - #/components/schemas/v1.Probe is not defined
[main] WARN  o.o.codegen.utils.ModelUtils - #/components/schemas/v1.ContainerResizePolicy is not defined
[main] WARN  o.o.codegen.utils.ModelUtils - #/components/schemas/v1.ContainerResizePolicy is not defined
[main] WARN  o.o.codegen.utils.ModelUtils - #/components/schemas/v1.ContainerResizePolicy is not defined
[main] WARN  o.o.codegen.utils.ModelUtils - #/components/schemas/v1.ContainerResizePolicy is not defined
[main] WARN  o.o.codegen.utils.ModelUtils - #/components/schemas/v1.ContainerResizePolicy is not defined
[main] WARN  o.o.codegen.utils.ModelUtils - #/components/schemas/v1.ContainerResizePolicy is not defined
[main] WARN  o.o.codegen.utils.ModelUtils - #/components/schemas/v1.ContainerResizePolicy is not defined
[main] WARN  o.o.codegen.utils.ModelUtils - #/components/schemas/v1.ContainerResizePolicy is not defined
[main] WARN  o.o.codegen.utils.ModelUtils - #/components/schemas/v1.ResourceRequirements is not defined
[main] WARN  o.o.codegen.utils.ModelUtils - #/components/schemas/v1.ResourceRequirements is not defined
[main] WARN  o.o.codegen.utils.ModelUtils - #/components/schemas/v1.ResourceRequirements is not defined
[main] WARN  o.o.codegen.utils.ModelUtils - #/components/schemas/v1.ResourceRequirements is not defined
[main] WARN  o.o.codegen.utils.ModelUtils - #/components/schemas/v1.ResourceRequirements is not defined
[main] WARN  o.o.codegen.utils.ModelUtils - #/components/schemas/v1.ContainerRestartRule is not defined
[main] WARN  o.o.codegen.utils.ModelUtils - #/components/schemas/v1.ContainerRestartRule is not defined
[main] WARN  o.o.codegen.utils.ModelUtils - #/components/schemas/v1.ContainerRestartRule is not defined
[main] WARN  o.o.codegen.utils.ModelUtils - #/components/schemas/v1.ContainerRestartRule is not defined
[main] WARN  o.o.codegen.utils.ModelUtils - #/components/schemas/v1.ContainerRestartRule is not defined
[main] WARN  o.o.codegen.utils.ModelUtils - #/components/schemas/v1.ContainerRestartRule is not defined
[main] WARN  o.o.codegen.utils.ModelUtils - #/components/schemas/v1.ContainerRestartRule is not defined
[main] WARN  o.o.codegen.utils.ModelUtils - #/components/schemas/v1.ContainerRestartRule is not defined
[main] WARN  o.o.codegen.utils.ModelUtils - #/components/schemas/v1.SecurityContext is not defined
[main] WARN  o.o.codegen.utils.ModelUtils - #/components/schemas/v1.SecurityContext is not defined
[main] WARN  o.o.codegen.utils.ModelUtils - #/components/schemas/v1.SecurityContext is not defined
[main] WARN  o.o.codegen.utils.ModelUtils - #/components/schemas/v1.SecurityContext is not defined
[main] WARN  o.o.codegen.utils.ModelUtils - #/components/schemas/v1.SecurityContext is not defined
[main] WARN  o.o.codegen.utils.ModelUtils - #/components/schemas/v1.Probe is not defined
[main] WARN  o.o.codegen.utils.ModelUtils - #/components/schemas/v1.Probe is not defined
[main] WARN  o.o.codegen.utils.ModelUtils - #/components/schemas/v1.Probe is not defined
[main] WARN  o.o.codegen.utils.ModelUtils - #/components/schemas/v1.Probe is not defined
[main] WARN  o.o.codegen.utils.ModelUtils - #/components/schemas/v1.Probe is not defined
[main] WARN  o.o.codegen.utils.ModelUtils - #/components/schemas/v1.VolumeDevice is not defined
[main] WARN  o.o.codegen.utils.ModelUtils - #/components/schemas/v1.VolumeDevice is not defined
[main] WARN  o.o.codegen.utils.ModelUtils - #/components/schemas/v1.VolumeDevice is not defined
[main] WARN  o.o.codegen.utils.ModelUtils - #/components/schemas/v1.VolumeDevice is not defined
[main] WARN  o.o.codegen.utils.ModelUtils - #/components/schemas/v1.VolumeDevice is not defined
[main] WARN  o.o.codegen.utils.ModelUtils - #/components/schemas/v1.VolumeDevice is not defined
[main] WARN  o.o.codegen.utils.ModelUtils - #/components/schemas/v1.VolumeDevice is not defined
[main] WARN  o.o.codegen.utils.ModelUtils - #/components/schemas/v1.VolumeDevice is not defined
[main] WARN  o.o.codegen.utils.ModelUtils - #/components/schemas/v1.VolumeMount is not defined
[main] WARN  o.o.codegen.utils.ModelUtils - #/components/schemas/v1.VolumeMount is not defined
[main] WARN  o.o.codegen.utils.ModelUtils - #/components/schemas/v1.VolumeMount is not defined
[main] WARN  o.o.codegen.utils.ModelUtils - #/components/schemas/v1.VolumeMount is not defined
[main] WARN  o.o.codegen.utils.ModelUtils - #/components/schemas/v1.VolumeMount is not defined
[main] WARN  o.o.codegen.utils.ModelUtils - #/components/schemas/v1.VolumeMount is not defined
[main] WARN  o.o.codegen.utils.ModelUtils - #/components/schemas/v1.VolumeMount is not defined
[main] WARN  o.o.codegen.utils.ModelUtils - #/components/schemas/v1.VolumeMount is not defined
[main] WARN  o.o.codegen.utils.ModelUtils - #/components/schemas/v1.Affinity is not defined
[main] WARN  o.o.codegen.utils.ModelUtils - #/components/schemas/v1.PodDNSConfig is not defined
[main] WARN  o.o.codegen.utils.ModelUtils - #/components/schemas/v1.PodOS is not defined
[main] WARN  o.o.codegen.utils.ModelUtils - #/components/schemas/v1.ResourceRequirements is not defined
[main] WARN  o.o.codegen.utils.ModelUtils - #/components/schemas/v1.PodSecurityContext is not defined
[main] WARN  o.o.codegen.utils.ModelUtils - #/components/schemas/v1.Affinity is not defined
[main] WARN  o.o.codegen.utils.ModelUtils - #/components/schemas/v1.Affinity is not defined
[main] WARN  o.o.codegen.utils.ModelUtils - #/components/schemas/v1.Affinity is not defined
[main] WARN  o.o.codegen.utils.ModelUtils - #/components/schemas/v1.Affinity is not defined
[main] WARN  o.o.codegen.utils.ModelUtils - #/components/schemas/v1.Affinity is not defined
[main] WARN  o.o.codegen.utils.ModelUtils - #/components/schemas/v1.Container is not defined
[main] WARN  o.o.codegen.utils.ModelUtils - #/components/schemas/v1.Container is not defined
[main] WARN  o.o.codegen.utils.ModelUtils - #/components/schemas/v1.Container is not defined
[main] WARN  o.o.codegen.utils.ModelUtils - #/components/schemas/v1.Container is not defined
[main] WARN  o.o.codegen.utils.ModelUtils - #/components/schemas/v1.Container is not defined
[main] WARN  o.o.codegen.utils.ModelUtils - #/components/schemas/v1.Container is not defined
[main] WARN  o.o.codegen.utils.ModelUtils - #/components/schemas/v1.Container is not defined
[main] WARN  o.o.codegen.utils.ModelUtils - #/components/schemas/v1.Container is not defined
[main] WARN  o.o.codegen.utils.ModelUtils - #/components/schemas/v1.PodDNSConfig is not defined
[main] WARN  o.o.codegen.utils.ModelUtils - #/components/schemas/v1.PodDNSConfig is not defined
[main] WARN  o.o.codegen.utils.ModelUtils - #/components/schemas/v1.PodDNSConfig is not defined
[main] WARN  o.o.codegen.utils.ModelUtils - #/components/schemas/v1.PodDNSConfig is not defined
[main] WARN  o.o.codegen.utils.ModelUtils - #/components/schemas/v1.PodDNSConfig is not defined
[main] WARN  o.o.codegen.utils.ModelUtils - #/components/schemas/v1.EphemeralContainer is not defined
[main] WARN  o.o.codegen.utils.ModelUtils - #/components/schemas/v1.EphemeralContainer is not defined
[main] WARN  o.o.codegen.utils.ModelUtils - #/components/schemas/v1.EphemeralContainer is not defined
[main] WARN  o.o.codegen.utils.ModelUtils - #/components/schemas/v1.EphemeralContainer is not defined
[main] WARN  o.o.codegen.utils.ModelUtils - #/components/schemas/v1.EphemeralContainer is not defined
[main] WARN  o.o.codegen.utils.ModelUtils - #/components/schemas/v1.EphemeralContainer is not defined
[main] WARN  o.o.codegen.utils.ModelUtils - #/components/schemas/v1.EphemeralContainer is not defined
[main] WARN  o.o.codegen.utils.ModelUtils - #/components/schemas/v1.EphemeralContainer is not defined
[main] WARN  o.o.codegen.utils.ModelUtils - #/components/schemas/v1.HostAlias is not defined
[main] WARN  o.o.codegen.utils.ModelUtils - #/components/schemas/v1.HostAlias is not defined
[main] WARN  o.o.codegen.utils.ModelUtils - #/components/schemas/v1.HostAlias is not defined
[main] WARN  o.o.codegen.utils.ModelUtils - #/components/schemas/v1.HostAlias is not defined
[main] WARN  o.o.codegen.utils.ModelUtils - #/components/schemas/v1.HostAlias is not defined
[main] WARN  o.o.codegen.utils.ModelUtils - #/components/schemas/v1.HostAlias is not defined
[main] WARN  o.o.codegen.utils.ModelUtils - #/components/schemas/v1.HostAlias is not defined
[main] WARN  o.o.codegen.utils.ModelUtils - #/components/schemas/v1.HostAlias is not defined
[main] WARN  o.o.codegen.utils.ModelUtils - #/components/schemas/v1.LocalObjectReference is not defined
[main] WARN  o.o.codegen.utils.ModelUtils - #/components/schemas/v1.LocalObjectReference is not defined
[main] WARN  o.o.codegen.utils.ModelUtils - #/components/schemas/v1.LocalObjectReference is not defined
[main] WARN  o.o.codegen.utils.ModelUtils - #/components/schemas/v1.LocalObjectReference is not defined
[main] WARN  o.o.codegen.utils.ModelUtils - #/components/schemas/v1.LocalObjectReference is not defined
[main] WARN  o.o.codegen.utils.ModelUtils - #/components/schemas/v1.LocalObjectReference is not defined
[main] WARN  o.o.codegen.utils.ModelUtils - #/components/schemas/v1.LocalObjectReference is not defined
[main] WARN  o.o.codegen.utils.ModelUtils - #/components/schemas/v1.LocalObjectReference is not defined
[main] WARN  o.o.codegen.utils.ModelUtils - #/components/schemas/v1.Container is not defined
[main] WARN  o.o.codegen.utils.ModelUtils - #/components/schemas/v1.Container is not defined
[main] WARN  o.o.codegen.utils.ModelUtils - #/components/schemas/v1.Container is not defined
[main] WARN  o.o.codegen.utils.ModelUtils - #/components/schemas/v1.Container is not defined
[main] WARN  o.o.codegen.utils.ModelUtils - #/components/schemas/v1.Container is not defined
[main] WARN  o.o.codegen.utils.ModelUtils - #/components/schemas/v1.Container is not defined
[main] WARN  o.o.codegen.utils.ModelUtils - #/components/schemas/v1.Container is not defined
[main] WARN  o.o.codegen.utils.ModelUtils - #/components/schemas/v1.Container is not defined
[main] WARN  o.o.codegen.utils.ModelUtils - #/components/schemas/v1.PodOS is not defined
[main] WARN  o.o.codegen.utils.ModelUtils - #/components/schemas/v1.PodOS is not defined
[main] WARN  o.o.codegen.utils.ModelUtils - #/components/schemas/v1.PodOS is not defined
[main] WARN  o.o.codegen.utils.ModelUtils - #/components/schemas/v1.PodOS is not defined
[main] WARN  o.o.codegen.utils.ModelUtils - #/components/schemas/v1.PodOS is not defined
[main] WARN  o.o.codegen.utils.ModelUtils - #/components/schemas/resource.Quantity is not defined
[main] WARN  o.o.codegen.utils.ModelUtils - #/components/schemas/resource.Quantity is not defined
[main] WARN  o.o.codegen.utils.ModelUtils - #/components/schemas/resource.Quantity is not defined
[main] WARN  o.o.codegen.utils.ModelUtils - #/components/schemas/resource.Quantity is not defined
[main] WARN  o.o.codegen.utils.ModelUtils - #/components/schemas/resource.Quantity is not defined
[main] WARN  o.o.codegen.utils.ModelUtils - #/components/schemas/resource.Quantity is not defined
[main] WARN  o.o.codegen.utils.ModelUtils - #/components/schemas/resource.Quantity is not defined
[main] WARN  o.o.codegen.utils.ModelUtils - #/components/schemas/v1.PodReadinessGate is not defined
[main] WARN  o.o.codegen.utils.ModelUtils - #/components/schemas/v1.PodReadinessGate is not defined
[main] WARN  o.o.codegen.utils.ModelUtils - #/components/schemas/v1.PodReadinessGate is not defined
[main] WARN  o.o.codegen.utils.ModelUtils - #/components/schemas/v1.PodReadinessGate is not defined
[main] WARN  o.o.codegen.utils.ModelUtils - #/components/schemas/v1.PodReadinessGate is not defined
[main] WARN  o.o.codegen.utils.ModelUtils - #/components/schemas/v1.PodReadinessGate is not defined
[main] WARN  o.o.codegen.utils.ModelUtils - #/components/schemas/v1.PodReadinessGate is not defined
[main] WARN  o.o.codegen.utils.ModelUtils - #/components/schemas/v1.PodReadinessGate is not defined
[main] WARN  o.o.codegen.utils.ModelUtils - #/components/schemas/v1.PodResourceClaim is not defined
[main] WARN  o.o.codegen.utils.ModelUtils - #/components/schemas/v1.PodResourceClaim is not defined
[main] WARN  o.o.codegen.utils.ModelUtils - #/components/schemas/v1.PodResourceClaim is not defined
[main] WARN  o.o.codegen.utils.ModelUtils - #/components/schemas/v1.PodResourceClaim is not defined
[main] WARN  o.o.codegen.utils.ModelUtils - #/components/schemas/v1.PodResourceClaim is not defined
[main] WARN  o.o.codegen.utils.ModelUtils - #/components/schemas/v1.PodResourceClaim is not defined
[main] WARN  o.o.codegen.utils.ModelUtils - #/components/schemas/v1.PodResourceClaim is not defined
[main] WARN  o.o.codegen.utils.ModelUtils - #/components/schemas/v1.PodResourceClaim is not defined
[main] WARN  o.o.codegen.utils.ModelUtils - #/components/schemas/v1.ResourceRequirements is not defined
[main] WARN  o.o.codegen.utils.ModelUtils - #/components/schemas/v1.ResourceRequirements is not defined
[main] WARN  o.o.codegen.utils.ModelUtils - #/components/schemas/v1.ResourceRequirements is not defined
[main] WARN  o.o.codegen.utils.ModelUtils - #/components/schemas/v1.ResourceRequirements is not defined
[main] WARN  o.o.codegen.utils.ModelUtils - #/components/schemas/v1.ResourceRequirements is not defined
[main] WARN  o.o.codegen.utils.ModelUtils - #/components/schemas/v1.PodSchedulingGate is not defined
[main] WARN  o.o.codegen.utils.ModelUtils - #/components/schemas/v1.PodSchedulingGate is not defined
[main] WARN  o.o.codegen.utils.ModelUtils - #/components/schemas/v1.PodSchedulingGate is not defined
[main] WARN  o.o.codegen.utils.ModelUtils - #/components/schemas/v1.PodSchedulingGate is not defined
[main] WARN  o.o.codegen.utils.ModelUtils - #/components/schemas/v1.PodSchedulingGate is not defined
[main] WARN  o.o.codegen.utils.ModelUtils - #/components/schemas/v1.PodSchedulingGate is not defined
[main] WARN  o.o.codegen.utils.ModelUtils - #/components/schemas/v1.PodSchedulingGate is not defined
[main] WARN  o.o.codegen.utils.ModelUtils - #/components/schemas/v1.PodSchedulingGate is not defined
[main] WARN  o.o.codegen.utils.ModelUtils - #/components/schemas/v1.PodSecurityContext is not defined
[main] WARN  o.o.codegen.utils.ModelUtils - #/components/schemas/v1.PodSecurityContext is not defined
[main] WARN  o.o.codegen.utils.ModelUtils - #/components/schemas/v1.PodSecurityContext is not defined
[main] WARN  o.o.codegen.utils.ModelUtils - #/components/schemas/v1.PodSecurityContext is not defined
[main] WARN  o.o.codegen.utils.ModelUtils - #/components/schemas/v1.PodSecurityContext is not defined
[main] WARN  o.o.codegen.utils.ModelUtils - #/components/schemas/v1.Toleration is not defined
[main] WARN  o.o.codegen.utils.ModelUtils - #/components/schemas/v1.Toleration is not defined
[main] WARN  o.o.codegen.utils.ModelUtils - #/components/schemas/v1.Toleration is not defined
[main] WARN  o.o.codegen.utils.ModelUtils - #/components/schemas/v1.Toleration is not defined
[main] WARN  o.o.codegen.utils.ModelUtils - #/components/schemas/v1.Toleration is not defined
[main] WARN  o.o.codegen.utils.ModelUtils - #/components/schemas/v1.Toleration is not defined
[main] WARN  o.o.codegen.utils.ModelUtils - #/components/schemas/v1.Toleration is not defined
[main] WARN  o.o.codegen.utils.ModelUtils - #/components/schemas/v1.Toleration is not defined
[main] WARN  o.o.codegen.utils.ModelUtils - #/components/schemas/v1.TopologySpreadConstraint is not defined
[main] WARN  o.o.codegen.utils.ModelUtils - #/components/schemas/v1.TopologySpreadConstraint is not defined
[main] WARN  o.o.codegen.utils.ModelUtils - #/components/schemas/v1.TopologySpreadConstraint is not defined
[main] WARN  o.o.codegen.utils.ModelUtils - #/components/schemas/v1.TopologySpreadConstraint is not defined
[main] WARN  o.o.codegen.utils.ModelUtils - #/components/schemas/v1.TopologySpreadConstraint is not defined
[main] WARN  o.o.codegen.utils.ModelUtils - #/components/schemas/v1.TopologySpreadConstraint is not defined
[main] WARN  o.o.codegen.utils.ModelUtils - #/components/schemas/v1.TopologySpreadConstraint is not defined
[main] WARN  o.o.codegen.utils.ModelUtils - #/components/schemas/v1.TopologySpreadConstraint is not defined
[main] WARN  o.o.codegen.utils.ModelUtils - #/components/schemas/v1.Volume is not defined
[main] WARN  o.o.codegen.utils.ModelUtils - #/components/schemas/v1.Volume is not defined
[main] WARN  o.o.codegen.utils.ModelUtils - #/components/schemas/v1.Volume is not defined
[main] WARN  o.o.codegen.utils.ModelUtils - #/components/schemas/v1.Volume is not defined
[main] WARN  o.o.codegen.utils.ModelUtils - #/components/schemas/v1.Volume is not defined
[main] WARN  o.o.codegen.utils.ModelUtils - #/components/schemas/v1.Volume is not defined
[main] WARN  o.o.codegen.utils.ModelUtils - #/components/schemas/v1.Volume is not defined
[main] WARN  o.o.codegen.utils.ModelUtils - #/components/schemas/v1.Volume is not defined
[main] WARN  o.o.codegen.utils.ModelUtils - #/components/schemas/v1.Lifecycle is not defined
[main] WARN  o.o.codegen.utils.ModelUtils - #/components/schemas/v1.Probe is not defined
[main] WARN  o.o.codegen.utils.ModelUtils - #/components/schemas/v1.Probe is not defined
[main] WARN  o.o.codegen.utils.ModelUtils - #/components/schemas/v1.ResourceRequirements is not defined
[main] WARN  o.o.codegen.utils.ModelUtils - #/components/schemas/v1.SecurityContext is not defined
[main] WARN  o.o.codegen.utils.ModelUtils - #/components/schemas/v1.Probe is not defined
[main] WARN  o.o.codegen.utils.ModelUtils - #/components/schemas/v1.EnvVar is not defined
[main] WARN  o.o.codegen.utils.ModelUtils - #/components/schemas/v1.EnvVar is not defined
[main] WARN  o.o.codegen.utils.ModelUtils - #/components/schemas/v1.EnvVar is not defined
[main] WARN  o.o.codegen.utils.ModelUtils - #/components/schemas/v1.EnvVar is not defined
[main] WARN  o.o.codegen.utils.ModelUtils - #/components/schemas/v1.EnvVar is not defined
[main] WARN  o.o.codegen.utils.ModelUtils - #/components/schemas/v1.EnvVar is not defined
[main] WARN  o.o.codegen.utils.ModelUtils - #/components/schemas/v1.EnvVar is not defined
[main] WARN  o.o.codegen.utils.ModelUtils - #/components/schemas/v1.EnvVar is not defined
[main] WARN  o.o.codegen.utils.ModelUtils - #/components/schemas/v1.EnvFromSource is not defined
[main] WARN  o.o.codegen.utils.ModelUtils - #/components/schemas/v1.EnvFromSource is not defined
[main] WARN  o.o.codegen.utils.ModelUtils - #/components/schemas/v1.EnvFromSource is not defined
[main] WARN  o.o.codegen.utils.ModelUtils - #/components/schemas/v1.EnvFromSource is not defined
[main] WARN  o.o.codegen.utils.ModelUtils - #/components/schemas/v1.EnvFromSource is not defined
[main] WARN  o.o.codegen.utils.ModelUtils - #/components/schemas/v1.EnvFromSource is not defined
[main] WARN  o.o.codegen.utils.ModelUtils - #/components/schemas/v1.EnvFromSource is not defined
[main] WARN  o.o.codegen.utils.ModelUtils - #/components/schemas/v1.EnvFromSource is not defined
[main] WARN  o.o.codegen.utils.ModelUtils - #/components/schemas/v1.Lifecycle is not defined
[main] WARN  o.o.codegen.utils.ModelUtils - #/components/schemas/v1.Lifecycle is not defined
[main] WARN  o.o.codegen.utils.ModelUtils - #/components/schemas/v1.Lifecycle is not defined
[main] WARN  o.o.codegen.utils.ModelUtils - #/components/schemas/v1.Lifecycle is not defined
[main] WARN  o.o.codegen.utils.ModelUtils - #/components/schemas/v1.Lifecycle is not defined
[main] WARN  o.o.codegen.utils.ModelUtils - #/components/schemas/v1.Probe is not defined
[main] WARN  o.o.codegen.utils.ModelUtils - #/components/schemas/v1.Probe is not defined
[main] WARN  o.o.codegen.utils.ModelUtils - #/components/schemas/v1.Probe is not defined
[main] WARN  o.o.codegen.utils.ModelUtils - #/components/schemas/v1.Probe is not defined
[main] WARN  o.o.codegen.utils.ModelUtils - #/components/schemas/v1.Probe is not defined
[main] WARN  o.o.codegen.utils.ModelUtils - #/components/schemas/v1.ContainerPort is not defined
[main] WARN  o.o.codegen.utils.ModelUtils - #/components/schemas/v1.ContainerPort is not defined
[main] WARN  o.o.codegen.utils.ModelUtils - #/components/schemas/v1.ContainerPort is not defined
[main] WARN  o.o.codegen.utils.ModelUtils - #/components/schemas/v1.ContainerPort is not defined
[main] WARN  o.o.codegen.utils.ModelUtils - #/components/schemas/v1.ContainerPort is not defined
[main] WARN  o.o.codegen.utils.ModelUtils - #/components/schemas/v1.ContainerPort is not defined
[main] WARN  o.o.codegen.utils.ModelUtils - #/components/schemas/v1.ContainerPort is not defined
[main] WARN  o.o.codegen.utils.ModelUtils - #/components/schemas/v1.ContainerPort is not defined
[main] WARN  o.o.codegen.utils.ModelUtils - #/components/schemas/v1.Probe is not defined
[main] WARN  o.o.codegen.utils.ModelUtils - #/components/schemas/v1.Probe is not defined
[main] WARN  o.o.codegen.utils.ModelUtils - #/components/schemas/v1.Probe is not defined
[main] WARN  o.o.codegen.utils.ModelUtils - #/components/schemas/v1.Probe is not defined
[main] WARN  o.o.codegen.utils.ModelUtils - #/components/schemas/v1.Probe is not defined
[main] WARN  o.o.codegen.utils.ModelUtils - #/components/schemas/v1.ContainerResizePolicy is not defined
[main] WARN  o.o.codegen.utils.ModelUtils - #/components/schemas/v1.ContainerResizePolicy is not defined
[main] WARN  o.o.codegen.utils.ModelUtils - #/components/schemas/v1.ContainerResizePolicy is not defined
[main] WARN  o.o.codegen.utils.ModelUtils - #/components/schemas/v1.ContainerResizePolicy is not defined
[main] WARN  o.o.codegen.utils.ModelUtils - #/components/schemas/v1.ContainerResizePolicy is not defined
[main] WARN  o.o.codegen.utils.ModelUtils - #/components/schemas/v1.ContainerResizePolicy is not defined
[main] WARN  o.o.codegen.utils.ModelUtils - #/components/schemas/v1.ContainerResizePolicy is not defined
[main] WARN  o.o.codegen.utils.ModelUtils - #/components/schemas/v1.ContainerResizePolicy is not defined
[main] WARN  o.o.codegen.utils.ModelUtils - #/components/schemas/v1.ResourceRequirements is not defined
[main] WARN  o.o.codegen.utils.ModelUtils - #/components/schemas/v1.ResourceRequirements is not defined
[main] WARN  o.o.codegen.utils.ModelUtils - #/components/schemas/v1.ResourceRequirements is not defined
[main] WARN  o.o.codegen.utils.ModelUtils - #/components/schemas/v1.ResourceRequirements is not defined
[main] WARN  o.o.codegen.utils.ModelUtils - #/components/schemas/v1.ResourceRequirements is not defined
[main] WARN  o.o.codegen.utils.ModelUtils - #/components/schemas/v1.ContainerRestartRule is not defined
[main] WARN  o.o.codegen.utils.ModelUtils - #/components/schemas/v1.ContainerRestartRule is not defined
[main] WARN  o.o.codegen.utils.ModelUtils - #/components/schemas/v1.ContainerRestartRule is not defined
[main] WARN  o.o.codegen.utils.ModelUtils - #/components/schemas/v1.ContainerRestartRule is not defined
[main] WARN  o.o.codegen.utils.ModelUtils - #/components/schemas/v1.ContainerRestartRule is not defined
[main] WARN  o.o.codegen.utils.ModelUtils - #/components/schemas/v1.ContainerRestartRule is not defined
[main] WARN  o.o.codegen.utils.ModelUtils - #/components/schemas/v1.ContainerRestartRule is not defined
[main] WARN  o.o.codegen.utils.ModelUtils - #/components/schemas/v1.ContainerRestartRule is not defined
[main] WARN  o.o.codegen.utils.ModelUtils - #/components/schemas/v1.SecurityContext is not defined
[main] WARN  o.o.codegen.utils.ModelUtils - #/components/schemas/v1.SecurityContext is not defined
[main] WARN  o.o.codegen.utils.ModelUtils - #/components/schemas/v1.SecurityContext is not defined
[main] WARN  o.o.codegen.utils.ModelUtils - #/components/schemas/v1.SecurityContext is not defined
[main] WARN  o.o.codegen.utils.ModelUtils - #/components/schemas/v1.SecurityContext is not defined
[main] WARN  o.o.codegen.utils.ModelUtils - #/components/schemas/v1.Probe is not defined
[main] WARN  o.o.codegen.utils.ModelUtils - #/components/schemas/v1.Probe is not defined
[main] WARN  o.o.codegen.utils.ModelUtils - #/components/schemas/v1.Probe is not defined
[main] WARN  o.o.codegen.utils.ModelUtils - #/components/schemas/v1.Probe is not defined
[main] WARN  o.o.codegen.utils.ModelUtils - #/components/schemas/v1.Probe is not defined
[main] WARN  o.o.codegen.utils.ModelUtils - #/components/schemas/v1.VolumeDevice is not defined
[main] WARN  o.o.codegen.utils.ModelUtils - #/components/schemas/v1.VolumeDevice is not defined
[main] WARN  o.o.codegen.utils.ModelUtils - #/components/schemas/v1.VolumeDevice is not defined
[main] WARN  o.o.codegen.utils.ModelUtils - #/components/schemas/v1.VolumeDevice is not defined
[main] WARN  o.o.codegen.utils.ModelUtils - #/components/schemas/v1.VolumeDevice is not defined
[main] WARN  o.o.codegen.utils.ModelUtils - #/components/schemas/v1.VolumeDevice is not defined
[main] WARN  o.o.codegen.utils.ModelUtils - #/components/schemas/v1.VolumeDevice is not defined
[main] WARN  o.o.codegen.utils.ModelUtils - #/components/schemas/v1.VolumeDevice is not defined
[main] WARN  o.o.codegen.utils.ModelUtils - #/components/schemas/v1.VolumeMount is not defined
[main] WARN  o.o.codegen.utils.ModelUtils - #/components/schemas/v1.VolumeMount is not defined
[main] WARN  o.o.codegen.utils.ModelUtils - #/components/schemas/v1.VolumeMount is not defined
[main] WARN  o.o.codegen.utils.ModelUtils - #/components/schemas/v1.VolumeMount is not defined
[main] WARN  o.o.codegen.utils.ModelUtils - #/components/schemas/v1.VolumeMount is not defined
[main] WARN  o.o.codegen.utils.ModelUtils - #/components/schemas/v1.VolumeMount is not defined
[main] WARN  o.o.codegen.utils.ModelUtils - #/components/schemas/v1.VolumeMount is not defined
[main] WARN  o.o.codegen.utils.ModelUtils - #/components/schemas/v1.VolumeMount is not defined
[main] WARN  o.o.codegen.utils.ModelUtils - #/components/schemas/v1.Affinity is not defined
[main] WARN  o.o.codegen.utils.ModelUtils - #/components/schemas/k8s.io.api.apps.v1.DeploymentStrategy is not defined
[main] WARN  o.o.codegen.utils.ModelUtils - #/components/schemas/v1.PodDNSConfig is not defined
[main] WARN  o.o.codegen.utils.ModelUtils - #/components/schemas/v1.PodOS is not defined
[main] WARN  o.o.codegen.utils.ModelUtils - #/components/schemas/v1.ResourceRequirements is not defined
[main] WARN  o.o.codegen.utils.ModelUtils - #/components/schemas/v1.PodSecurityContext is not defined
[main] WARN  o.o.codegen.utils.ModelUtils - #/components/schemas/v1.Affinity is not defined
[main] WARN  o.o.codegen.utils.ModelUtils - #/components/schemas/v1.Affinity is not defined
[main] WARN  o.o.codegen.utils.ModelUtils - #/components/schemas/v1.Affinity is not defined
[main] WARN  o.o.codegen.utils.ModelUtils - #/components/schemas/v1.Affinity is not defined
[main] WARN  o.o.codegen.utils.ModelUtils - #/components/schemas/v1.Affinity is not defined
[main] WARN  o.o.codegen.utils.ModelUtils - #/components/schemas/v1.Container is not defined
[main] WARN  o.o.codegen.utils.ModelUtils - #/components/schemas/v1.Container is not defined
[main] WARN  o.o.codegen.utils.ModelUtils - #/components/schemas/v1.Container is not defined
[main] WARN  o.o.codegen.utils.ModelUtils - #/components/schemas/v1.Container is not defined
[main] WARN  o.o.codegen.utils.ModelUtils - #/components/schemas/v1.Container is not defined
[main] WARN  o.o.codegen.utils.ModelUtils - #/components/schemas/v1.Container is not defined
[main] WARN  o.o.codegen.utils.ModelUtils - #/components/schemas/v1.Container is not defined
[main] WARN  o.o.codegen.utils.ModelUtils - #/components/schemas/v1.Container is not defined
[main] WARN  o.o.codegen.utils.ModelUtils - #/components/schemas/k8s.io.api.apps.v1.DeploymentStrategy is not defined
[main] WARN  o.o.codegen.utils.ModelUtils - #/components/schemas/k8s.io.api.apps.v1.DeploymentStrategy is not defined
[main] WARN  o.o.codegen.utils.ModelUtils - #/components/schemas/k8s.io.api.apps.v1.DeploymentStrategy is not defined
[main] WARN  o.o.codegen.utils.ModelUtils - #/components/schemas/k8s.io.api.apps.v1.DeploymentStrategy is not defined
[main] WARN  o.o.codegen.utils.ModelUtils - #/components/schemas/k8s.io.api.apps.v1.DeploymentStrategy is not defined
[main] WARN  o.o.codegen.utils.ModelUtils - #/components/schemas/v1.PodDNSConfig is not defined
[main] WARN  o.o.codegen.utils.ModelUtils - #/components/schemas/v1.PodDNSConfig is not defined
[main] WARN  o.o.codegen.utils.ModelUtils - #/components/schemas/v1.PodDNSConfig is not defined
[main] WARN  o.o.codegen.utils.ModelUtils - #/components/schemas/v1.PodDNSConfig is not defined
[main] WARN  o.o.codegen.utils.ModelUtils - #/components/schemas/v1.PodDNSConfig is not defined
[main] WARN  o.o.codegen.utils.ModelUtils - #/components/schemas/v1.EphemeralContainer is not defined
[main] WARN  o.o.codegen.utils.ModelUtils - #/components/schemas/v1.EphemeralContainer is not defined
[main] WARN  o.o.codegen.utils.ModelUtils - #/components/schemas/v1.EphemeralContainer is not defined
[main] WARN  o.o.codegen.utils.ModelUtils - #/components/schemas/v1.EphemeralContainer is not defined
[main] WARN  o.o.codegen.utils.ModelUtils - #/components/schemas/v1.EphemeralContainer is not defined
[main] WARN  o.o.codegen.utils.ModelUtils - #/components/schemas/v1.EphemeralContainer is not defined
[main] WARN  o.o.codegen.utils.ModelUtils - #/components/schemas/v1.EphemeralContainer is not defined
[main] WARN  o.o.codegen.utils.ModelUtils - #/components/schemas/v1.EphemeralContainer is not defined
[main] WARN  o.o.codegen.utils.ModelUtils - #/components/schemas/v1.HostAlias is not defined
[main] WARN  o.o.codegen.utils.ModelUtils - #/components/schemas/v1.HostAlias is not defined
[main] WARN  o.o.codegen.utils.ModelUtils - #/components/schemas/v1.HostAlias is not defined
[main] WARN  o.o.codegen.utils.ModelUtils - #/components/schemas/v1.HostAlias is not defined
[main] WARN  o.o.codegen.utils.ModelUtils - #/components/schemas/v1.HostAlias is not defined
[main] WARN  o.o.codegen.utils.ModelUtils - #/components/schemas/v1.HostAlias is not defined
[main] WARN  o.o.codegen.utils.ModelUtils - #/components/schemas/v1.HostAlias is not defined
[main] WARN  o.o.codegen.utils.ModelUtils - #/components/schemas/v1.HostAlias is not defined
[main] WARN  o.o.codegen.utils.ModelUtils - #/components/schemas/v1.LocalObjectReference is not defined
[main] WARN  o.o.codegen.utils.ModelUtils - #/components/schemas/v1.LocalObjectReference is not defined
[main] WARN  o.o.codegen.utils.ModelUtils - #/components/schemas/v1.LocalObjectReference is not defined
[main] WARN  o.o.codegen.utils.ModelUtils - #/components/schemas/v1.LocalObjectReference is not defined
[main] WARN  o.o.codegen.utils.ModelUtils - #/components/schemas/v1.LocalObjectReference is not defined
[main] WARN  o.o.codegen.utils.ModelUtils - #/components/schemas/v1.LocalObjectReference is not defined
[main] WARN  o.o.codegen.utils.ModelUtils - #/components/schemas/v1.LocalObjectReference is not defined
[main] WARN  o.o.codegen.utils.ModelUtils - #/components/schemas/v1.LocalObjectReference is not defined
[main] WARN  o.o.codegen.utils.ModelUtils - #/components/schemas/v1.Container is not defined
[main] WARN  o.o.codegen.utils.ModelUtils - #/components/schemas/v1.Container is not defined
[main] WARN  o.o.codegen.utils.ModelUtils - #/components/schemas/v1.Container is not defined
[main] WARN  o.o.codegen.utils.ModelUtils - #/components/schemas/v1.Container is not defined
[main] WARN  o.o.codegen.utils.ModelUtils - #/components/schemas/v1.Container is not defined
[main] WARN  o.o.codegen.utils.ModelUtils - #/components/schemas/v1.Container is not defined
[main] WARN  o.o.codegen.utils.ModelUtils - #/components/schemas/v1.Container is not defined
[main] WARN  o.o.codegen.utils.ModelUtils - #/components/schemas/v1.Container is not defined
[main] WARN  o.o.codegen.utils.ModelUtils - #/components/schemas/v1.PodOS is not defined
[main] WARN  o.o.codegen.utils.ModelUtils - #/components/schemas/v1.PodOS is not defined
[main] WARN  o.o.codegen.utils.ModelUtils - #/components/schemas/v1.PodOS is not defined
[main] WARN  o.o.codegen.utils.ModelUtils - #/components/schemas/v1.PodOS is not defined
[main] WARN  o.o.codegen.utils.ModelUtils - #/components/schemas/v1.PodOS is not defined
[main] WARN  o.o.codegen.utils.ModelUtils - #/components/schemas/resource.Quantity is not defined
[main] WARN  o.o.codegen.utils.ModelUtils - #/components/schemas/resource.Quantity is not defined
[main] WARN  o.o.codegen.utils.ModelUtils - #/components/schemas/resource.Quantity is not defined
[main] WARN  o.o.codegen.utils.ModelUtils - #/components/schemas/resource.Quantity is not defined
[main] WARN  o.o.codegen.utils.ModelUtils - #/components/schemas/resource.Quantity is not defined
[main] WARN  o.o.codegen.utils.ModelUtils - #/components/schemas/resource.Quantity is not defined
[main] WARN  o.o.codegen.utils.ModelUtils - #/components/schemas/resource.Quantity is not defined
[main] WARN  o.o.codegen.utils.ModelUtils - #/components/schemas/v1.PodReadinessGate is not defined
[main] WARN  o.o.codegen.utils.ModelUtils - #/components/schemas/v1.PodReadinessGate is not defined
[main] WARN  o.o.codegen.utils.ModelUtils - #/components/schemas/v1.PodReadinessGate is not defined
[main] WARN  o.o.codegen.utils.ModelUtils - #/components/schemas/v1.PodReadinessGate is not defined
[main] WARN  o.o.codegen.utils.ModelUtils - #/components/schemas/v1.PodReadinessGate is not defined
[main] WARN  o.o.codegen.utils.ModelUtils - #/components/schemas/v1.PodReadinessGate is not defined
[main] WARN  o.o.codegen.utils.ModelUtils - #/components/schemas/v1.PodReadinessGate is not defined
[main] WARN  o.o.codegen.utils.ModelUtils - #/components/schemas/v1.PodReadinessGate is not defined
[main] WARN  o.o.codegen.utils.ModelUtils - #/components/schemas/v1.PodResourceClaim is not defined
[main] WARN  o.o.codegen.utils.ModelUtils - #/components/schemas/v1.PodResourceClaim is not defined
[main] WARN  o.o.codegen.utils.ModelUtils - #/components/schemas/v1.PodResourceClaim is not defined
[main] WARN  o.o.codegen.utils.ModelUtils - #/components/schemas/v1.PodResourceClaim is not defined
[main] WARN  o.o.codegen.utils.ModelUtils - #/components/schemas/v1.PodResourceClaim is not defined
[main] WARN  o.o.codegen.utils.ModelUtils - #/components/schemas/v1.PodResourceClaim is not defined
[main] WARN  o.o.codegen.utils.ModelUtils - #/components/schemas/v1.PodResourceClaim is not defined
[main] WARN  o.o.codegen.utils.ModelUtils - #/components/schemas/v1.PodResourceClaim is not defined
[main] WARN  o.o.codegen.utils.ModelUtils - #/components/schemas/v1.ResourceRequirements is not defined
[main] WARN  o.o.codegen.utils.ModelUtils - #/components/schemas/v1.ResourceRequirements is not defined
[main] WARN  o.o.codegen.utils.ModelUtils - #/components/schemas/v1.ResourceRequirements is not defined
[main] WARN  o.o.codegen.utils.ModelUtils - #/components/schemas/v1.ResourceRequirements is not defined
[main] WARN  o.o.codegen.utils.ModelUtils - #/components/schemas/v1.ResourceRequirements is not defined
[main] WARN  o.o.codegen.utils.ModelUtils - #/components/schemas/v1.PodSchedulingGate is not defined
[main] WARN  o.o.codegen.utils.ModelUtils - #/components/schemas/v1.PodSchedulingGate is not defined
[main] WARN  o.o.codegen.utils.ModelUtils - #/components/schemas/v1.PodSchedulingGate is not defined
[main] WARN  o.o.codegen.utils.ModelUtils - #/components/schemas/v1.PodSchedulingGate is not defined
[main] WARN  o.o.codegen.utils.ModelUtils - #/components/schemas/v1.PodSchedulingGate is not defined
[main] WARN  o.o.codegen.utils.ModelUtils - #/components/schemas/v1.PodSchedulingGate is not defined
[main] WARN  o.o.codegen.utils.ModelUtils - #/components/schemas/v1.PodSchedulingGate is not defined
[main] WARN  o.o.codegen.utils.ModelUtils - #/components/schemas/v1.PodSchedulingGate is not defined
[main] WARN  o.o.codegen.utils.ModelUtils - #/components/schemas/v1.PodSecurityContext is not defined
[main] WARN  o.o.codegen.utils.ModelUtils - #/components/schemas/v1.PodSecurityContext is not defined
[main] WARN  o.o.codegen.utils.ModelUtils - #/components/schemas/v1.PodSecurityContext is not defined
[main] WARN  o.o.codegen.utils.ModelUtils - #/components/schemas/v1.PodSecurityContext is not defined
[main] WARN  o.o.codegen.utils.ModelUtils - #/components/schemas/v1.PodSecurityContext is not defined
[main] WARN  o.o.codegen.utils.ModelUtils - #/components/schemas/v1.Toleration is not defined
[main] WARN  o.o.codegen.utils.ModelUtils - #/components/schemas/v1.Toleration is not defined
[main] WARN  o.o.codegen.utils.ModelUtils - #/components/schemas/v1.Toleration is not defined
[main] WARN  o.o.codegen.utils.ModelUtils - #/components/schemas/v1.Toleration is not defined
[main] WARN  o.o.codegen.utils.ModelUtils - #/components/schemas/v1.Toleration is not defined
[main] WARN  o.o.codegen.utils.ModelUtils - #/components/schemas/v1.Toleration is not defined
[main] WARN  o.o.codegen.utils.ModelUtils - #/components/schemas/v1.Toleration is not defined
[main] WARN  o.o.codegen.utils.ModelUtils - #/components/schemas/v1.Toleration is not defined
[main] WARN  o.o.codegen.utils.ModelUtils - #/components/schemas/v1.TopologySpreadConstraint is not defined
[main] WARN  o.o.codegen.utils.ModelUtils - #/components/schemas/v1.TopologySpreadConstraint is not defined
[main] WARN  o.o.codegen.utils.ModelUtils - #/components/schemas/v1.TopologySpreadConstraint is not defined
[main] WARN  o.o.codegen.utils.ModelUtils - #/components/schemas/v1.TopologySpreadConstraint is not defined
[main] WARN  o.o.codegen.utils.ModelUtils - #/components/schemas/v1.TopologySpreadConstraint is not defined
[main] WARN  o.o.codegen.utils.ModelUtils - #/components/schemas/v1.TopologySpreadConstraint is not defined
[main] WARN  o.o.codegen.utils.ModelUtils - #/components/schemas/v1.TopologySpreadConstraint is not defined
[main] WARN  o.o.codegen.utils.ModelUtils - #/components/schemas/v1.TopologySpreadConstraint is not defined
[main] WARN  o.o.codegen.utils.ModelUtils - #/components/schemas/v1.Volume is not defined
[main] WARN  o.o.codegen.utils.ModelUtils - #/components/schemas/v1.Volume is not defined
[main] WARN  o.o.codegen.utils.ModelUtils - #/components/schemas/v1.Volume is not defined
[main] WARN  o.o.codegen.utils.ModelUtils - #/components/schemas/v1.Volume is not defined
[main] WARN  o.o.codegen.utils.ModelUtils - #/components/schemas/v1.Volume is not defined
[main] WARN  o.o.codegen.utils.ModelUtils - #/components/schemas/v1.Volume is not defined
[main] WARN  o.o.codegen.utils.ModelUtils - #/components/schemas/v1.Volume is not defined
[main] WARN  o.o.codegen.utils.ModelUtils - #/components/schemas/v1.Volume is not defined
[main] WARN  o.o.codegen.utils.ModelUtils - #/components/schemas/v1.Lifecycle is not defined
[main] WARN  o.o.codegen.utils.ModelUtils - #/components/schemas/v1.Probe is not defined
[main] WARN  o.o.codegen.utils.ModelUtils - #/components/schemas/v1.Probe is not defined
[main] WARN  o.o.codegen.utils.ModelUtils - #/components/schemas/v1.ResourceRequirements is not defined
[main] WARN  o.o.codegen.utils.ModelUtils - #/components/schemas/v1.SecurityContext is not defined
[main] WARN  o.o.codegen.utils.ModelUtils - #/components/schemas/v1.Probe is not defined
[main] WARN  o.o.codegen.utils.ModelUtils - #/components/schemas/v1.EnvVar is not defined
[main] WARN  o.o.codegen.utils.ModelUtils - #/components/schemas/v1.EnvVar is not defined
[main] WARN  o.o.codegen.utils.ModelUtils - #/components/schemas/v1.EnvVar is not defined
[main] WARN  o.o.codegen.utils.ModelUtils - #/components/schemas/v1.EnvVar is not defined
[main] WARN  o.o.codegen.utils.ModelUtils - #/components/schemas/v1.EnvVar is not defined
[main] WARN  o.o.codegen.utils.ModelUtils - #/components/schemas/v1.EnvVar is not defined
[main] WARN  o.o.codegen.utils.ModelUtils - #/components/schemas/v1.EnvVar is not defined
[main] WARN  o.o.codegen.utils.ModelUtils - #/components/schemas/v1.EnvVar is not defined
[main] WARN  o.o.codegen.utils.ModelUtils - #/components/schemas/v1.EnvFromSource is not defined
[main] WARN  o.o.codegen.utils.ModelUtils - #/components/schemas/v1.EnvFromSource is not defined
[main] WARN  o.o.codegen.utils.ModelUtils - #/components/schemas/v1.EnvFromSource is not defined
[main] WARN  o.o.codegen.utils.ModelUtils - #/components/schemas/v1.EnvFromSource is not defined
[main] WARN  o.o.codegen.utils.ModelUtils - #/components/schemas/v1.EnvFromSource is not defined
[main] WARN  o.o.codegen.utils.ModelUtils - #/components/schemas/v1.EnvFromSource is not defined
[main] WARN  o.o.codegen.utils.ModelUtils - #/components/schemas/v1.EnvFromSource is not defined
[main] WARN  o.o.codegen.utils.ModelUtils - #/components/schemas/v1.EnvFromSource is not defined
[main] WARN  o.o.codegen.utils.ModelUtils - #/components/schemas/v1.Lifecycle is not defined
[main] WARN  o.o.codegen.utils.ModelUtils - #/components/schemas/v1.Lifecycle is not defined
[main] WARN  o.o.codegen.utils.ModelUtils - #/components/schemas/v1.Lifecycle is not defined
[main] WARN  o.o.codegen.utils.ModelUtils - #/components/schemas/v1.Lifecycle is not defined
[main] WARN  o.o.codegen.utils.ModelUtils - #/components/schemas/v1.Lifecycle is not defined
[main] WARN  o.o.codegen.utils.ModelUtils - #/components/schemas/v1.Probe is not defined
[main] WARN  o.o.codegen.utils.ModelUtils - #/components/schemas/v1.Probe is not defined
[main] WARN  o.o.codegen.utils.ModelUtils - #/components/schemas/v1.Probe is not defined
[main] WARN  o.o.codegen.utils.ModelUtils - #/components/schemas/v1.Probe is not defined
[main] WARN  o.o.codegen.utils.ModelUtils - #/components/schemas/v1.Probe is not defined
[main] WARN  o.o.codegen.utils.ModelUtils - #/components/schemas/v1.ContainerPort is not defined
[main] WARN  o.o.codegen.utils.ModelUtils - #/components/schemas/v1.ContainerPort is not defined
[main] WARN  o.o.codegen.utils.ModelUtils - #/components/schemas/v1.ContainerPort is not defined
[main] WARN  o.o.codegen.utils.ModelUtils - #/components/schemas/v1.ContainerPort is not defined
[main] WARN  o.o.codegen.utils.ModelUtils - #/components/schemas/v1.ContainerPort is not defined
[main] WARN  o.o.codegen.utils.ModelUtils - #/components/schemas/v1.ContainerPort is not defined
[main] WARN  o.o.codegen.utils.ModelUtils - #/components/schemas/v1.ContainerPort is not defined
[main] WARN  o.o.codegen.utils.ModelUtils - #/components/schemas/v1.ContainerPort is not defined
[main] WARN  o.o.codegen.utils.ModelUtils - #/components/schemas/v1.Probe is not defined
[main] WARN  o.o.codegen.utils.ModelUtils - #/components/schemas/v1.Probe is not defined
[main] WARN  o.o.codegen.utils.ModelUtils - #/components/schemas/v1.Probe is not defined
[main] WARN  o.o.codegen.utils.ModelUtils - #/components/schemas/v1.Probe is not defined
[main] WARN  o.o.codegen.utils.ModelUtils - #/components/schemas/v1.Probe is not defined
[main] WARN  o.o.codegen.utils.ModelUtils - #/components/schemas/v1.ContainerResizePolicy is not defined
[main] WARN  o.o.codegen.utils.ModelUtils - #/components/schemas/v1.ContainerResizePolicy is not defined
[main] WARN  o.o.codegen.utils.ModelUtils - #/components/schemas/v1.ContainerResizePolicy is not defined
[main] WARN  o.o.codegen.utils.ModelUtils - #/components/schemas/v1.ContainerResizePolicy is not defined
[main] WARN  o.o.codegen.utils.ModelUtils - #/components/schemas/v1.ContainerResizePolicy is not defined
[main] WARN  o.o.codegen.utils.ModelUtils - #/components/schemas/v1.ContainerResizePolicy is not defined
[main] WARN  o.o.codegen.utils.ModelUtils - #/components/schemas/v1.ContainerResizePolicy is not defined
[main] WARN  o.o.codegen.utils.ModelUtils - #/components/schemas/v1.ContainerResizePolicy is not defined
[main] WARN  o.o.codegen.utils.ModelUtils - #/components/schemas/v1.ResourceRequirements is not defined
[main] WARN  o.o.codegen.utils.ModelUtils - #/components/schemas/v1.ResourceRequirements is not defined
[main] WARN  o.o.codegen.utils.ModelUtils - #/components/schemas/v1.ResourceRequirements is not defined
[main] WARN  o.o.codegen.utils.ModelUtils - #/components/schemas/v1.ResourceRequirements is not defined
[main] WARN  o.o.codegen.utils.ModelUtils - #/components/schemas/v1.ResourceRequirements is not defined
[main] WARN  o.o.codegen.utils.ModelUtils - #/components/schemas/v1.ContainerRestartRule is not defined
[main] WARN  o.o.codegen.utils.ModelUtils - #/components/schemas/v1.ContainerRestartRule is not defined
[main] WARN  o.o.codegen.utils.ModelUtils - #/components/schemas/v1.ContainerRestartRule is not defined
[main] WARN  o.o.codegen.utils.ModelUtils - #/components/schemas/v1.ContainerRestartRule is not defined
[main] WARN  o.o.codegen.utils.ModelUtils - #/components/schemas/v1.ContainerRestartRule is not defined
[main] WARN  o.o.codegen.utils.ModelUtils - #/components/schemas/v1.ContainerRestartRule is not defined
[main] WARN  o.o.codegen.utils.ModelUtils - #/components/schemas/v1.ContainerRestartRule is not defined
[main] WARN  o.o.codegen.utils.ModelUtils - #/components/schemas/v1.ContainerRestartRule is not defined
[main] WARN  o.o.codegen.utils.ModelUtils - #/components/schemas/v1.SecurityContext is not defined
[main] WARN  o.o.codegen.utils.ModelUtils - #/components/schemas/v1.SecurityContext is not defined
[main] WARN  o.o.codegen.utils.ModelUtils - #/components/schemas/v1.SecurityContext is not defined
[main] WARN  o.o.codegen.utils.ModelUtils - #/components/schemas/v1.SecurityContext is not defined
[main] WARN  o.o.codegen.utils.ModelUtils - #/components/schemas/v1.SecurityContext is not defined
[main] WARN  o.o.codegen.utils.ModelUtils - #/components/schemas/v1.Probe is not defined
[main] WARN  o.o.codegen.utils.ModelUtils - #/components/schemas/v1.Probe is not defined
[main] WARN  o.o.codegen.utils.ModelUtils - #/components/schemas/v1.Probe is not defined
[main] WARN  o.o.codegen.utils.ModelUtils - #/components/schemas/v1.Probe is not defined
[main] WARN  o.o.codegen.utils.ModelUtils - #/components/schemas/v1.Probe is not defined
[main] WARN  o.o.codegen.utils.ModelUtils - #/components/schemas/v1.VolumeDevice is not defined
[main] WARN  o.o.codegen.utils.ModelUtils - #/components/schemas/v1.VolumeDevice is not defined
[main] WARN  o.o.codegen.utils.ModelUtils - #/components/schemas/v1.VolumeDevice is not defined
[main] WARN  o.o.codegen.utils.ModelUtils - #/components/schemas/v1.VolumeDevice is not defined
[main] WARN  o.o.codegen.utils.ModelUtils - #/components/schemas/v1.VolumeDevice is not defined
[main] WARN  o.o.codegen.utils.ModelUtils - #/components/schemas/v1.VolumeDevice is not defined
[main] WARN  o.o.codegen.utils.ModelUtils - #/components/schemas/v1.VolumeDevice is not defined
[main] WARN  o.o.codegen.utils.ModelUtils - #/components/schemas/v1.VolumeDevice is not defined
[main] WARN  o.o.codegen.utils.ModelUtils - #/components/schemas/v1.VolumeMount is not defined
[main] WARN  o.o.codegen.utils.ModelUtils - #/components/schemas/v1.VolumeMount is not defined
[main] WARN  o.o.codegen.utils.ModelUtils - #/components/schemas/v1.VolumeMount is not defined
[main] WARN  o.o.codegen.utils.ModelUtils - #/components/schemas/v1.VolumeMount is not defined
[main] WARN  o.o.codegen.utils.ModelUtils - #/components/schemas/v1.VolumeMount is not defined
[main] WARN  o.o.codegen.utils.ModelUtils - #/components/schemas/v1.VolumeMount is not defined
[main] WARN  o.o.codegen.utils.ModelUtils - #/components/schemas/v1.VolumeMount is not defined
[main] WARN  o.o.codegen.utils.ModelUtils - #/components/schemas/v1.VolumeMount is not defined
[main] WARN  o.o.codegen.utils.ModelUtils - #/components/schemas/v1.Lifecycle is not defined
[main] WARN  o.o.codegen.utils.ModelUtils - #/components/schemas/v1.Probe is not defined
[main] WARN  o.o.codegen.utils.ModelUtils - #/components/schemas/v1.Probe is not defined
[main] WARN  o.o.codegen.utils.ModelUtils - #/components/schemas/v1.ResourceRequirements is not defined
[main] WARN  o.o.codegen.utils.ModelUtils - #/components/schemas/v1.SecurityContext is not defined
[main] WARN  o.o.codegen.utils.ModelUtils - #/components/schemas/v1.Probe is not defined
[main] WARN  o.o.codegen.utils.ModelUtils - #/components/schemas/v1.EnvVar is not defined
[main] WARN  o.o.codegen.utils.ModelUtils - #/components/schemas/v1.EnvVar is not defined
[main] WARN  o.o.codegen.utils.ModelUtils - #/components/schemas/v1.EnvVar is not defined
[main] WARN  o.o.codegen.utils.ModelUtils - #/components/schemas/v1.EnvVar is not defined
[main] WARN  o.o.codegen.utils.ModelUtils - #/components/schemas/v1.EnvVar is not defined
[main] WARN  o.o.codegen.utils.ModelUtils - #/components/schemas/v1.EnvVar is not defined
[main] WARN  o.o.codegen.utils.ModelUtils - #/components/schemas/v1.EnvVar is not defined
[main] WARN  o.o.codegen.utils.ModelUtils - #/components/schemas/v1.EnvVar is not defined
[main] WARN  o.o.codegen.utils.ModelUtils - #/components/schemas/v1.EnvFromSource is not defined
[main] WARN  o.o.codegen.utils.ModelUtils - #/components/schemas/v1.EnvFromSource is not defined
[main] WARN  o.o.codegen.utils.ModelUtils - #/components/schemas/v1.EnvFromSource is not defined
[main] WARN  o.o.codegen.utils.ModelUtils - #/components/schemas/v1.EnvFromSource is not defined
[main] WARN  o.o.codegen.utils.ModelUtils - #/components/schemas/v1.EnvFromSource is not defined
[main] WARN  o.o.codegen.utils.ModelUtils - #/components/schemas/v1.EnvFromSource is not defined
[main] WARN  o.o.codegen.utils.ModelUtils - #/components/schemas/v1.EnvFromSource is not defined
[main] WARN  o.o.codegen.utils.ModelUtils - #/components/schemas/v1.EnvFromSource is not defined
[main] WARN  o.o.codegen.utils.ModelUtils - #/components/schemas/v1.Lifecycle is not defined
[main] WARN  o.o.codegen.utils.ModelUtils - #/components/schemas/v1.Lifecycle is not defined
[main] WARN  o.o.codegen.utils.ModelUtils - #/components/schemas/v1.Lifecycle is not defined
[main] WARN  o.o.codegen.utils.ModelUtils - #/components/schemas/v1.Lifecycle is not defined
[main] WARN  o.o.codegen.utils.ModelUtils - #/components/schemas/v1.Lifecycle is not defined
[main] WARN  o.o.codegen.utils.ModelUtils - #/components/schemas/v1.Probe is not defined
[main] WARN  o.o.codegen.utils.ModelUtils - #/components/schemas/v1.Probe is not defined
[main] WARN  o.o.codegen.utils.ModelUtils - #/components/schemas/v1.Probe is not defined
[main] WARN  o.o.codegen.utils.ModelUtils - #/components/schemas/v1.Probe is not defined
[main] WARN  o.o.codegen.utils.ModelUtils - #/components/schemas/v1.Probe is not defined
[main] WARN  o.o.codegen.utils.ModelUtils - #/components/schemas/v1.ContainerPort is not defined
[main] WARN  o.o.codegen.utils.ModelUtils - #/components/schemas/v1.ContainerPort is not defined
[main] WARN  o.o.codegen.utils.ModelUtils - #/components/schemas/v1.ContainerPort is not defined
[main] WARN  o.o.codegen.utils.ModelUtils - #/components/schemas/v1.ContainerPort is not defined
[main] WARN  o.o.codegen.utils.ModelUtils - #/components/schemas/v1.ContainerPort is not defined
[main] WARN  o.o.codegen.utils.ModelUtils - #/components/schemas/v1.ContainerPort is not defined
[main] WARN  o.o.codegen.utils.ModelUtils - #/components/schemas/v1.ContainerPort is not defined
[main] WARN  o.o.codegen.utils.ModelUtils - #/components/schemas/v1.ContainerPort is not defined
[main] WARN  o.o.codegen.utils.ModelUtils - #/components/schemas/v1.Probe is not defined
[main] WARN  o.o.codegen.utils.ModelUtils - #/components/schemas/v1.Probe is not defined
[main] WARN  o.o.codegen.utils.ModelUtils - #/components/schemas/v1.Probe is not defined
[main] WARN  o.o.codegen.utils.ModelUtils - #/components/schemas/v1.Probe is not defined
[main] WARN  o.o.codegen.utils.ModelUtils - #/components/schemas/v1.Probe is not defined
[main] WARN  o.o.codegen.utils.ModelUtils - #/components/schemas/v1.ContainerResizePolicy is not defined
[main] WARN  o.o.codegen.utils.ModelUtils - #/components/schemas/v1.ContainerResizePolicy is not defined
[main] WARN  o.o.codegen.utils.ModelUtils - #/components/schemas/v1.ContainerResizePolicy is not defined
[main] WARN  o.o.codegen.utils.ModelUtils - #/components/schemas/v1.ContainerResizePolicy is not defined
[main] WARN  o.o.codegen.utils.ModelUtils - #/components/schemas/v1.ContainerResizePolicy is not defined
[main] WARN  o.o.codegen.utils.ModelUtils - #/components/schemas/v1.ContainerResizePolicy is not defined
[main] WARN  o.o.codegen.utils.ModelUtils - #/components/schemas/v1.ContainerResizePolicy is not defined
[main] WARN  o.o.codegen.utils.ModelUtils - #/components/schemas/v1.ContainerResizePolicy is not defined
[main] WARN  o.o.codegen.utils.ModelUtils - #/components/schemas/v1.ResourceRequirements is not defined
[main] WARN  o.o.codegen.utils.ModelUtils - #/components/schemas/v1.ResourceRequirements is not defined
[main] WARN  o.o.codegen.utils.ModelUtils - #/components/schemas/v1.ResourceRequirements is not defined
[main] WARN  o.o.codegen.utils.ModelUtils - #/components/schemas/v1.ResourceRequirements is not defined
[main] WARN  o.o.codegen.utils.ModelUtils - #/components/schemas/v1.ResourceRequirements is not defined
[main] WARN  o.o.codegen.utils.ModelUtils - #/components/schemas/v1.ContainerRestartRule is not defined
[main] WARN  o.o.codegen.utils.ModelUtils - #/components/schemas/v1.ContainerRestartRule is not defined
[main] WARN  o.o.codegen.utils.ModelUtils - #/components/schemas/v1.ContainerRestartRule is not defined
[main] WARN  o.o.codegen.utils.ModelUtils - #/components/schemas/v1.ContainerRestartRule is not defined
[main] WARN  o.o.codegen.utils.ModelUtils - #/components/schemas/v1.ContainerRestartRule is not defined
[main] WARN  o.o.codegen.utils.ModelUtils - #/components/schemas/v1.ContainerRestartRule is not defined
[main] WARN  o.o.codegen.utils.ModelUtils - #/components/schemas/v1.ContainerRestartRule is not defined
[main] WARN  o.o.codegen.utils.ModelUtils - #/components/schemas/v1.ContainerRestartRule is not defined
[main] WARN  o.o.codegen.utils.ModelUtils - #/components/schemas/v1.SecurityContext is not defined
[main] WARN  o.o.codegen.utils.ModelUtils - #/components/schemas/v1.SecurityContext is not defined
[main] WARN  o.o.codegen.utils.ModelUtils - #/components/schemas/v1.SecurityContext is not defined
[main] WARN  o.o.codegen.utils.ModelUtils - #/components/schemas/v1.SecurityContext is not defined
[main] WARN  o.o.codegen.utils.ModelUtils - #/components/schemas/v1.SecurityContext is not defined
[main] WARN  o.o.codegen.utils.ModelUtils - #/components/schemas/v1.Probe is not defined
[main] WARN  o.o.codegen.utils.ModelUtils - #/components/schemas/v1.Probe is not defined
[main] WARN  o.o.codegen.utils.ModelUtils - #/components/schemas/v1.Probe is not defined
[main] WARN  o.o.codegen.utils.ModelUtils - #/components/schemas/v1.Probe is not defined
[main] WARN  o.o.codegen.utils.ModelUtils - #/components/schemas/v1.Probe is not defined
[main] WARN  o.o.codegen.utils.ModelUtils - #/components/schemas/v1.VolumeDevice is not defined
[main] WARN  o.o.codegen.utils.ModelUtils - #/components/schemas/v1.VolumeDevice is not defined
[main] WARN  o.o.codegen.utils.ModelUtils - #/components/schemas/v1.VolumeDevice is not defined
[main] WARN  o.o.codegen.utils.ModelUtils - #/components/schemas/v1.VolumeDevice is not defined
[main] WARN  o.o.codegen.utils.ModelUtils - #/components/schemas/v1.VolumeDevice is not defined
[main] WARN  o.o.codegen.utils.ModelUtils - #/components/schemas/v1.VolumeDevice is not defined
[main] WARN  o.o.codegen.utils.ModelUtils - #/components/schemas/v1.VolumeDevice is not defined
[main] WARN  o.o.codegen.utils.ModelUtils - #/components/schemas/v1.VolumeDevice is not defined
[main] WARN  o.o.codegen.utils.ModelUtils - #/components/schemas/v1.VolumeMount is not defined
[main] WARN  o.o.codegen.utils.ModelUtils - #/components/schemas/v1.VolumeMount is not defined
[main] WARN  o.o.codegen.utils.ModelUtils - #/components/schemas/v1.VolumeMount is not defined
[main] WARN  o.o.codegen.utils.ModelUtils - #/components/schemas/v1.VolumeMount is not defined
[main] WARN  o.o.codegen.utils.ModelUtils - #/components/schemas/v1.VolumeMount is not defined
[main] WARN  o.o.codegen.utils.ModelUtils - #/components/schemas/v1.VolumeMount is not defined
[main] WARN  o.o.codegen.utils.ModelUtils - #/components/schemas/v1.VolumeMount is not defined
[main] WARN  o.o.codegen.utils.ModelUtils - #/components/schemas/v1.VolumeMount is not defined
[main] WARN  o.o.codegen.utils.ModelUtils - #/components/schemas/v1.Lifecycle is not defined
[main] WARN  o.o.codegen.utils.ModelUtils - #/components/schemas/v1.Probe is not defined
[main] WARN  o.o.codegen.utils.ModelUtils - #/components/schemas/v1.Probe is not defined
[main] WARN  o.o.codegen.utils.ModelUtils - #/components/schemas/v1.ResourceRequirements is not defined
[main] WARN  o.o.codegen.utils.ModelUtils - #/components/schemas/v1.SecurityContext is not defined
[main] WARN  o.o.codegen.utils.ModelUtils - #/components/schemas/v1.Probe is not defined
[main] WARN  o.o.codegen.utils.ModelUtils - #/components/schemas/v1.EnvVar is not defined
[main] WARN  o.o.codegen.utils.ModelUtils - #/components/schemas/v1.EnvVar is not defined
[main] WARN  o.o.codegen.utils.ModelUtils - #/components/schemas/v1.EnvVar is not defined
[main] WARN  o.o.codegen.utils.ModelUtils - #/components/schemas/v1.EnvVar is not defined
[main] WARN  o.o.codegen.utils.ModelUtils - #/components/schemas/v1.EnvVar is not defined
[main] WARN  o.o.codegen.utils.ModelUtils - #/components/schemas/v1.EnvVar is not defined
[main] WARN  o.o.codegen.utils.ModelUtils - #/components/schemas/v1.EnvVar is not defined
[main] WARN  o.o.codegen.utils.ModelUtils - #/components/schemas/v1.EnvVar is not defined
[main] WARN  o.o.codegen.utils.ModelUtils - #/components/schemas/v1.EnvFromSource is not defined
[main] WARN  o.o.codegen.utils.ModelUtils - #/components/schemas/v1.EnvFromSource is not defined
[main] WARN  o.o.codegen.utils.ModelUtils - #/components/schemas/v1.EnvFromSource is not defined
[main] WARN  o.o.codegen.utils.ModelUtils - #/components/schemas/v1.EnvFromSource is not defined
[main] WARN  o.o.codegen.utils.ModelUtils - #/components/schemas/v1.EnvFromSource is not defined
[main] WARN  o.o.codegen.utils.ModelUtils - #/components/schemas/v1.EnvFromSource is not defined
[main] WARN  o.o.codegen.utils.ModelUtils - #/components/schemas/v1.EnvFromSource is not defined
[main] WARN  o.o.codegen.utils.ModelUtils - #/components/schemas/v1.EnvFromSource is not defined
[main] WARN  o.o.codegen.utils.ModelUtils - #/components/schemas/v1.Lifecycle is not defined
[main] WARN  o.o.codegen.utils.ModelUtils - #/components/schemas/v1.Lifecycle is not defined
[main] WARN  o.o.codegen.utils.ModelUtils - #/components/schemas/v1.Lifecycle is not defined
[main] WARN  o.o.codegen.utils.ModelUtils - #/components/schemas/v1.Lifecycle is not defined
[main] WARN  o.o.codegen.utils.ModelUtils - #/components/schemas/v1.Lifecycle is not defined
[main] WARN  o.o.codegen.utils.ModelUtils - #/components/schemas/v1.Probe is not defined
[main] WARN  o.o.codegen.utils.ModelUtils - #/components/schemas/v1.Probe is not defined
[main] WARN  o.o.codegen.utils.ModelUtils - #/components/schemas/v1.Probe is not defined
[main] WARN  o.o.codegen.utils.ModelUtils - #/components/schemas/v1.Probe is not defined
[main] WARN  o.o.codegen.utils.ModelUtils - #/components/schemas/v1.Probe is not defined
[main] WARN  o.o.codegen.utils.ModelUtils - #/components/schemas/v1.ContainerPort is not defined
[main] WARN  o.o.codegen.utils.ModelUtils - #/components/schemas/v1.ContainerPort is not defined
[main] WARN  o.o.codegen.utils.ModelUtils - #/components/schemas/v1.ContainerPort is not defined
[main] WARN  o.o.codegen.utils.ModelUtils - #/components/schemas/v1.ContainerPort is not defined
[main] WARN  o.o.codegen.utils.ModelUtils - #/components/schemas/v1.ContainerPort is not defined
[main] WARN  o.o.codegen.utils.ModelUtils - #/components/schemas/v1.ContainerPort is not defined
[main] WARN  o.o.codegen.utils.ModelUtils - #/components/schemas/v1.ContainerPort is not defined
[main] WARN  o.o.codegen.utils.ModelUtils - #/components/schemas/v1.ContainerPort is not defined
[main] WARN  o.o.codegen.utils.ModelUtils - #/components/schemas/v1.Probe is not defined
[main] WARN  o.o.codegen.utils.ModelUtils - #/components/schemas/v1.Probe is not defined
[main] WARN  o.o.codegen.utils.ModelUtils - #/components/schemas/v1.Probe is not defined
[main] WARN  o.o.codegen.utils.ModelUtils - #/components/schemas/v1.Probe is not defined
[main] WARN  o.o.codegen.utils.ModelUtils - #/components/schemas/v1.Probe is not defined
[main] WARN  o.o.codegen.utils.ModelUtils - #/components/schemas/v1.ContainerResizePolicy is not defined
[main] WARN  o.o.codegen.utils.ModelUtils - #/components/schemas/v1.ContainerResizePolicy is not defined
[main] WARN  o.o.codegen.utils.ModelUtils - #/components/schemas/v1.ContainerResizePolicy is not defined
[main] WARN  o.o.codegen.utils.ModelUtils - #/components/schemas/v1.ContainerResizePolicy is not defined
[main] WARN  o.o.codegen.utils.ModelUtils - #/components/schemas/v1.ContainerResizePolicy is not defined
[main] WARN  o.o.codegen.utils.ModelUtils - #/components/schemas/v1.ContainerResizePolicy is not defined
[main] WARN  o.o.codegen.utils.ModelUtils - #/components/schemas/v1.ContainerResizePolicy is not defined
[main] WARN  o.o.codegen.utils.ModelUtils - #/components/schemas/v1.ContainerResizePolicy is not defined
[main] WARN  o.o.codegen.utils.ModelUtils - #/components/schemas/v1.ResourceRequirements is not defined
[main] WARN  o.o.codegen.utils.ModelUtils - #/components/schemas/v1.ResourceRequirements is not defined
[main] WARN  o.o.codegen.utils.ModelUtils - #/components/schemas/v1.ResourceRequirements is not defined
[main] WARN  o.o.codegen.utils.ModelUtils - #/components/schemas/v1.ResourceRequirements is not defined
[main] WARN  o.o.codegen.utils.ModelUtils - #/components/schemas/v1.ResourceRequirements is not defined
[main] WARN  o.o.codegen.utils.ModelUtils - #/components/schemas/v1.ContainerRestartRule is not defined
[main] WARN  o.o.codegen.utils.ModelUtils - #/components/schemas/v1.ContainerRestartRule is not defined
[main] WARN  o.o.codegen.utils.ModelUtils - #/components/schemas/v1.ContainerRestartRule is not defined
[main] WARN  o.o.codegen.utils.ModelUtils - #/components/schemas/v1.ContainerRestartRule is not defined
[main] WARN  o.o.codegen.utils.ModelUtils - #/components/schemas/v1.ContainerRestartRule is not defined
[main] WARN  o.o.codegen.utils.ModelUtils - #/components/schemas/v1.ContainerRestartRule is not defined
[main] WARN  o.o.codegen.utils.ModelUtils - #/components/schemas/v1.ContainerRestartRule is not defined
[main] WARN  o.o.codegen.utils.ModelUtils - #/components/schemas/v1.ContainerRestartRule is not defined
[main] WARN  o.o.codegen.utils.ModelUtils - #/components/schemas/v1.SecurityContext is not defined
[main] WARN  o.o.codegen.utils.ModelUtils - #/components/schemas/v1.SecurityContext is not defined
[main] WARN  o.o.codegen.utils.ModelUtils - #/components/schemas/v1.SecurityContext is not defined
[main] WARN  o.o.codegen.utils.ModelUtils - #/components/schemas/v1.SecurityContext is not defined
[main] WARN  o.o.codegen.utils.ModelUtils - #/components/schemas/v1.SecurityContext is not defined
[main] WARN  o.o.codegen.utils.ModelUtils - #/components/schemas/v1.Probe is not defined
[main] WARN  o.o.codegen.utils.ModelUtils - #/components/schemas/v1.Probe is not defined
[main] WARN  o.o.codegen.utils.ModelUtils - #/components/schemas/v1.Probe is not defined
[main] WARN  o.o.codegen.utils.ModelUtils - #/components/schemas/v1.Probe is not defined
[main] WARN  o.o.codegen.utils.ModelUtils - #/components/schemas/v1.Probe is not defined
[main] WARN  o.o.codegen.utils.ModelUtils - #/components/schemas/v1.VolumeDevice is not defined
[main] WARN  o.o.codegen.utils.ModelUtils - #/components/schemas/v1.VolumeDevice is not defined
[main] WARN  o.o.codegen.utils.ModelUtils - #/components/schemas/v1.VolumeDevice is not defined
[main] WARN  o.o.codegen.utils.ModelUtils - #/components/schemas/v1.VolumeDevice is not defined
[main] WARN  o.o.codegen.utils.ModelUtils - #/components/schemas/v1.VolumeDevice is not defined
[main] WARN  o.o.codegen.utils.ModelUtils - #/components/schemas/v1.VolumeDevice is not defined
[main] WARN  o.o.codegen.utils.ModelUtils - #/components/schemas/v1.VolumeDevice is not defined
[main] WARN  o.o.codegen.utils.ModelUtils - #/components/schemas/v1.VolumeDevice is not defined
[main] WARN  o.o.codegen.utils.ModelUtils - #/components/schemas/v1.VolumeMount is not defined
[main] WARN  o.o.codegen.utils.ModelUtils - #/components/schemas/v1.VolumeMount is not defined
[main] WARN  o.o.codegen.utils.ModelUtils - #/components/schemas/v1.VolumeMount is not defined
[main] WARN  o.o.codegen.utils.ModelUtils - #/components/schemas/v1.VolumeMount is not defined
[main] WARN  o.o.codegen.utils.ModelUtils - #/components/schemas/v1.VolumeMount is not defined
[main] WARN  o.o.codegen.utils.ModelUtils - #/components/schemas/v1.VolumeMount is not defined
[main] WARN  o.o.codegen.utils.ModelUtils - #/components/schemas/v1.VolumeMount is not defined
[main] WARN  o.o.codegen.utils.ModelUtils - #/components/schemas/v1.VolumeMount is not defined
[main] WARN  o.o.codegen.utils.ModelUtils - #/components/schemas/v1.Affinity is not defined
[main] WARN  o.o.codegen.utils.ModelUtils - #/components/schemas/k8s.io.api.apps.v1.DeploymentStrategy is not defined
[main] WARN  o.o.codegen.utils.ModelUtils - #/components/schemas/v1.PodDNSConfig is not defined
[main] WARN  o.o.codegen.utils.ModelUtils - #/components/schemas/v1.PodOS is not defined
[main] WARN  o.o.codegen.utils.ModelUtils - #/components/schemas/v1.ResourceRequirements is not defined
[main] WARN  o.o.codegen.utils.ModelUtils - #/components/schemas/v1.PodSecurityContext is not defined
[main] WARN  o.o.codegen.utils.ModelUtils - #/components/schemas/v1.Affinity is not defined
[main] WARN  o.o.codegen.utils.ModelUtils - #/components/schemas/v1.Affinity is not defined
[main] WARN  o.o.codegen.utils.ModelUtils - #/components/schemas/v1.Affinity is not defined
[main] WARN  o.o.codegen.utils.ModelUtils - #/components/schemas/v1.Affinity is not defined
[main] WARN  o.o.codegen.utils.ModelUtils - #/components/schemas/v1.Affinity is not defined
[main] WARN  o.o.codegen.utils.ModelUtils - #/components/schemas/v1.Container is not defined
[main] WARN  o.o.codegen.utils.ModelUtils - #/components/schemas/v1.Container is not defined
[main] WARN  o.o.codegen.utils.ModelUtils - #/components/schemas/v1.Container is not defined
[main] WARN  o.o.codegen.utils.ModelUtils - #/components/schemas/v1.Container is not defined
[main] WARN  o.o.codegen.utils.ModelUtils - #/components/schemas/v1.Container is not defined
[main] WARN  o.o.codegen.utils.ModelUtils - #/components/schemas/v1.Container is not defined
[main] WARN  o.o.codegen.utils.ModelUtils - #/components/schemas/v1.Container is not defined
[main] WARN  o.o.codegen.utils.ModelUtils - #/components/schemas/v1.Container is not defined
[main] WARN  o.o.codegen.utils.ModelUtils - #/components/schemas/k8s.io.api.apps.v1.DeploymentStrategy is not defined
[main] WARN  o.o.codegen.utils.ModelUtils - #/components/schemas/k8s.io.api.apps.v1.DeploymentStrategy is not defined
[main] WARN  o.o.codegen.utils.ModelUtils - #/components/schemas/k8s.io.api.apps.v1.DeploymentStrategy is not defined
[main] WARN  o.o.codegen.utils.ModelUtils - #/components/schemas/k8s.io.api.apps.v1.DeploymentStrategy is not defined
[main] WARN  o.o.codegen.utils.ModelUtils - #/components/schemas/k8s.io.api.apps.v1.DeploymentStrategy is not defined
[main] WARN  o.o.codegen.utils.ModelUtils - #/components/schemas/v1.PodDNSConfig is not defined
[main] WARN  o.o.codegen.utils.ModelUtils - #/components/schemas/v1.PodDNSConfig is not defined
[main] WARN  o.o.codegen.utils.ModelUtils - #/components/schemas/v1.PodDNSConfig is not defined
[main] WARN  o.o.codegen.utils.ModelUtils - #/components/schemas/v1.PodDNSConfig is not defined
[main] WARN  o.o.codegen.utils.ModelUtils - #/components/schemas/v1.PodDNSConfig is not defined
[main] WARN  o.o.codegen.utils.ModelUtils - #/components/schemas/v1.EphemeralContainer is not defined
[main] WARN  o.o.codegen.utils.ModelUtils - #/components/schemas/v1.EphemeralContainer is not defined
[main] WARN  o.o.codegen.utils.ModelUtils - #/components/schemas/v1.EphemeralContainer is not defined
[main] WARN  o.o.codegen.utils.ModelUtils - #/components/schemas/v1.EphemeralContainer is not defined
[main] WARN  o.o.codegen.utils.ModelUtils - #/components/schemas/v1.EphemeralContainer is not defined
[main] WARN  o.o.codegen.utils.ModelUtils - #/components/schemas/v1.EphemeralContainer is not defined
[main] WARN  o.o.codegen.utils.ModelUtils - #/components/schemas/v1.EphemeralContainer is not defined
[main] WARN  o.o.codegen.utils.ModelUtils - #/components/schemas/v1.EphemeralContainer is not defined
[main] WARN  o.o.codegen.utils.ModelUtils - #/components/schemas/v1.HostAlias is not defined
[main] WARN  o.o.codegen.utils.ModelUtils - #/components/schemas/v1.HostAlias is not defined
[main] WARN  o.o.codegen.utils.ModelUtils - #/components/schemas/v1.HostAlias is not defined
[main] WARN  o.o.codegen.utils.ModelUtils - #/components/schemas/v1.HostAlias is not defined
[main] WARN  o.o.codegen.utils.ModelUtils - #/components/schemas/v1.HostAlias is not defined
[main] WARN  o.o.codegen.utils.ModelUtils - #/components/schemas/v1.HostAlias is not defined
[main] WARN  o.o.codegen.utils.ModelUtils - #/components/schemas/v1.HostAlias is not defined
[main] WARN  o.o.codegen.utils.ModelUtils - #/components/schemas/v1.HostAlias is not defined
[main] WARN  o.o.codegen.utils.ModelUtils - #/components/schemas/v1.LocalObjectReference is not defined
[main] WARN  o.o.codegen.utils.ModelUtils - #/components/schemas/v1.LocalObjectReference is not defined
[main] WARN  o.o.codegen.utils.ModelUtils - #/components/schemas/v1.LocalObjectReference is not defined
[main] WARN  o.o.codegen.utils.ModelUtils - #/components/schemas/v1.LocalObjectReference is not defined
[main] WARN  o.o.codegen.utils.ModelUtils - #/components/schemas/v1.LocalObjectReference is not defined
[main] WARN  o.o.codegen.utils.ModelUtils - #/components/schemas/v1.LocalObjectReference is not defined
[main] WARN  o.o.codegen.utils.ModelUtils - #/components/schemas/v1.LocalObjectReference is not defined
[main] WARN  o.o.codegen.utils.ModelUtils - #/components/schemas/v1.LocalObjectReference is not defined
[main] WARN  o.o.codegen.utils.ModelUtils - #/components/schemas/v1.Container is not defined
[main] WARN  o.o.codegen.utils.ModelUtils - #/components/schemas/v1.Container is not defined
[main] WARN  o.o.codegen.utils.ModelUtils - #/components/schemas/v1.Container is not defined
[main] WARN  o.o.codegen.utils.ModelUtils - #/components/schemas/v1.Container is not defined
[main] WARN  o.o.codegen.utils.ModelUtils - #/components/schemas/v1.Container is not defined
[main] WARN  o.o.codegen.utils.ModelUtils - #/components/schemas/v1.Container is not defined
[main] WARN  o.o.codegen.utils.ModelUtils - #/components/schemas/v1.Container is not defined
[main] WARN  o.o.codegen.utils.ModelUtils - #/components/schemas/v1.Container is not defined
[main] WARN  o.o.codegen.utils.ModelUtils - #/components/schemas/v1.PodOS is not defined
[main] WARN  o.o.codegen.utils.ModelUtils - #/components/schemas/v1.PodOS is not defined
[main] WARN  o.o.codegen.utils.ModelUtils - #/components/schemas/v1.PodOS is not defined
[main] WARN  o.o.codegen.utils.ModelUtils - #/components/schemas/v1.PodOS is not defined
[main] WARN  o.o.codegen.utils.ModelUtils - #/components/schemas/v1.PodOS is not defined
[main] WARN  o.o.codegen.utils.ModelUtils - #/components/schemas/resource.Quantity is not defined
[main] WARN  o.o.codegen.utils.ModelUtils - #/components/schemas/resource.Quantity is not defined
[main] WARN  o.o.codegen.utils.ModelUtils - #/components/schemas/resource.Quantity is not defined
[main] WARN  o.o.codegen.utils.ModelUtils - #/components/schemas/resource.Quantity is not defined
[main] WARN  o.o.codegen.utils.ModelUtils - #/components/schemas/resource.Quantity is not defined
[main] WARN  o.o.codegen.utils.ModelUtils - #/components/schemas/resource.Quantity is not defined
[main] WARN  o.o.codegen.utils.ModelUtils - #/components/schemas/resource.Quantity is not defined
[main] WARN  o.o.codegen.utils.ModelUtils - #/components/schemas/v1.PodReadinessGate is not defined
[main] WARN  o.o.codegen.utils.ModelUtils - #/components/schemas/v1.PodReadinessGate is not defined
[main] WARN  o.o.codegen.utils.ModelUtils - #/components/schemas/v1.PodReadinessGate is not defined
[main] WARN  o.o.codegen.utils.ModelUtils - #/components/schemas/v1.PodReadinessGate is not defined
[main] WARN  o.o.codegen.utils.ModelUtils - #/components/schemas/v1.PodReadinessGate is not defined
[main] WARN  o.o.codegen.utils.ModelUtils - #/components/schemas/v1.PodReadinessGate is not defined
[main] WARN  o.o.codegen.utils.ModelUtils - #/components/schemas/v1.PodReadinessGate is not defined
[main] WARN  o.o.codegen.utils.ModelUtils - #/components/schemas/v1.PodReadinessGate is not defined
[main] WARN  o.o.codegen.utils.ModelUtils - #/components/schemas/v1.PodResourceClaim is not defined
[main] WARN  o.o.codegen.utils.ModelUtils - #/components/schemas/v1.PodResourceClaim is not defined
[main] WARN  o.o.codegen.utils.ModelUtils - #/components/schemas/v1.PodResourceClaim is not defined
[main] WARN  o.o.codegen.utils.ModelUtils - #/components/schemas/v1.PodResourceClaim is not defined
[main] WARN  o.o.codegen.utils.ModelUtils - #/components/schemas/v1.PodResourceClaim is not defined
[main] WARN  o.o.codegen.utils.ModelUtils - #/components/schemas/v1.PodResourceClaim is not defined
[main] WARN  o.o.codegen.utils.ModelUtils - #/components/schemas/v1.PodResourceClaim is not defined
[main] WARN  o.o.codegen.utils.ModelUtils - #/components/schemas/v1.PodResourceClaim is not defined
[main] WARN  o.o.codegen.utils.ModelUtils - #/components/schemas/v1.ResourceRequirements is not defined
[main] WARN  o.o.codegen.utils.ModelUtils - #/components/schemas/v1.ResourceRequirements is not defined
[main] WARN  o.o.codegen.utils.ModelUtils - #/components/schemas/v1.ResourceRequirements is not defined
[main] WARN  o.o.codegen.utils.ModelUtils - #/components/schemas/v1.ResourceRequirements is not defined
[main] WARN  o.o.codegen.utils.ModelUtils - #/components/schemas/v1.ResourceRequirements is not defined
[main] WARN  o.o.codegen.utils.ModelUtils - #/components/schemas/v1.PodSchedulingGate is not defined
[main] WARN  o.o.codegen.utils.ModelUtils - #/components/schemas/v1.PodSchedulingGate is not defined
[main] WARN  o.o.codegen.utils.ModelUtils - #/components/schemas/v1.PodSchedulingGate is not defined
[main] WARN  o.o.codegen.utils.ModelUtils - #/components/schemas/v1.PodSchedulingGate is not defined
[main] WARN  o.o.codegen.utils.ModelUtils - #/components/schemas/v1.PodSchedulingGate is not defined
[main] WARN  o.o.codegen.utils.ModelUtils - #/components/schemas/v1.PodSchedulingGate is not defined
[main] WARN  o.o.codegen.utils.ModelUtils - #/components/schemas/v1.PodSchedulingGate is not defined
[main] WARN  o.o.codegen.utils.ModelUtils - #/components/schemas/v1.PodSchedulingGate is not defined
[main] WARN  o.o.codegen.utils.ModelUtils - #/components/schemas/v1.PodSecurityContext is not defined
[main] WARN  o.o.codegen.utils.ModelUtils - #/components/schemas/v1.PodSecurityContext is not defined
[main] WARN  o.o.codegen.utils.ModelUtils - #/components/schemas/v1.PodSecurityContext is not defined
[main] WARN  o.o.codegen.utils.ModelUtils - #/components/schemas/v1.PodSecurityContext is not defined
[main] WARN  o.o.codegen.utils.ModelUtils - #/components/schemas/v1.PodSecurityContext is not defined
[main] WARN  o.o.codegen.utils.ModelUtils - #/components/schemas/v1.Toleration is not defined
[main] WARN  o.o.codegen.utils.ModelUtils - #/components/schemas/v1.Toleration is not defined
[main] WARN  o.o.codegen.utils.ModelUtils - #/components/schemas/v1.Toleration is not defined
[main] WARN  o.o.codegen.utils.ModelUtils - #/components/schemas/v1.Toleration is not defined
[main] WARN  o.o.codegen.utils.ModelUtils - #/components/schemas/v1.Toleration is not defined
[main] WARN  o.o.codegen.utils.ModelUtils - #/components/schemas/v1.Toleration is not defined
[main] WARN  o.o.codegen.utils.ModelUtils - #/components/schemas/v1.Toleration is not defined
[main] WARN  o.o.codegen.utils.ModelUtils - #/components/schemas/v1.Toleration is not defined
[main] WARN  o.o.codegen.utils.ModelUtils - #/components/schemas/v1.TopologySpreadConstraint is not defined
[main] WARN  o.o.codegen.utils.ModelUtils - #/components/schemas/v1.TopologySpreadConstraint is not defined
[main] WARN  o.o.codegen.utils.ModelUtils - #/components/schemas/v1.TopologySpreadConstraint is not defined
[main] WARN  o.o.codegen.utils.ModelUtils - #/components/schemas/v1.TopologySpreadConstraint is not defined
[main] WARN  o.o.codegen.utils.ModelUtils - #/components/schemas/v1.TopologySpreadConstraint is not defined
[main] WARN  o.o.codegen.utils.ModelUtils - #/components/schemas/v1.TopologySpreadConstraint is not defined
[main] WARN  o.o.codegen.utils.ModelUtils - #/components/schemas/v1.TopologySpreadConstraint is not defined
[main] WARN  o.o.codegen.utils.ModelUtils - #/components/schemas/v1.TopologySpreadConstraint is not defined
[main] WARN  o.o.codegen.utils.ModelUtils - #/components/schemas/v1.Volume is not defined
[main] WARN  o.o.codegen.utils.ModelUtils - #/components/schemas/v1.Volume is not defined
[main] WARN  o.o.codegen.utils.ModelUtils - #/components/schemas/v1.Volume is not defined
[main] WARN  o.o.codegen.utils.ModelUtils - #/components/schemas/v1.Volume is not defined
[main] WARN  o.o.codegen.utils.ModelUtils - #/components/schemas/v1.Volume is not defined
[main] WARN  o.o.codegen.utils.ModelUtils - #/components/schemas/v1.Volume is not defined
[main] WARN  o.o.codegen.utils.ModelUtils - #/components/schemas/v1.Volume is not defined
[main] WARN  o.o.codegen.utils.ModelUtils - #/components/schemas/v1.Volume is not defined
[main] WARN  o.o.codegen.utils.ModelUtils - #/components/schemas/v1.Lifecycle is not defined
[main] WARN  o.o.codegen.utils.ModelUtils - #/components/schemas/v1.Probe is not defined
[main] WARN  o.o.codegen.utils.ModelUtils - #/components/schemas/v1.Probe is not defined
[main] WARN  o.o.codegen.utils.ModelUtils - #/components/schemas/v1.ResourceRequirements is not defined
[main] WARN  o.o.codegen.utils.ModelUtils - #/components/schemas/v1.SecurityContext is not defined
[main] WARN  o.o.codegen.utils.ModelUtils - #/components/schemas/v1.Probe is not defined
[main] WARN  o.o.codegen.utils.ModelUtils - #/components/schemas/v1.EnvVar is not defined
[main] WARN  o.o.codegen.utils.ModelUtils - #/components/schemas/v1.EnvVar is not defined
[main] WARN  o.o.codegen.utils.ModelUtils - #/components/schemas/v1.EnvVar is not defined
[main] WARN  o.o.codegen.utils.ModelUtils - #/components/schemas/v1.EnvVar is not defined
[main] WARN  o.o.codegen.utils.ModelUtils - #/components/schemas/v1.EnvVar is not defined
[main] WARN  o.o.codegen.utils.ModelUtils - #/components/schemas/v1.EnvVar is not defined
[main] WARN  o.o.codegen.utils.ModelUtils - #/components/schemas/v1.EnvVar is not defined
[main] WARN  o.o.codegen.utils.ModelUtils - #/components/schemas/v1.EnvVar is not defined
[main] WARN  o.o.codegen.utils.ModelUtils - #/components/schemas/v1.EnvFromSource is not defined
[main] WARN  o.o.codegen.utils.ModelUtils - #/components/schemas/v1.EnvFromSource is not defined
[main] WARN  o.o.codegen.utils.ModelUtils - #/components/schemas/v1.EnvFromSource is not defined
[main] WARN  o.o.codegen.utils.ModelUtils - #/components/schemas/v1.EnvFromSource is not defined
[main] WARN  o.o.codegen.utils.ModelUtils - #/components/schemas/v1.EnvFromSource is not defined
[main] WARN  o.o.codegen.utils.ModelUtils - #/components/schemas/v1.EnvFromSource is not defined
[main] WARN  o.o.codegen.utils.ModelUtils - #/components/schemas/v1.EnvFromSource is not defined
[main] WARN  o.o.codegen.utils.ModelUtils - #/components/schemas/v1.EnvFromSource is not defined
[main] WARN  o.o.codegen.utils.ModelUtils - #/components/schemas/v1.Lifecycle is not defined
[main] WARN  o.o.codegen.utils.ModelUtils - #/components/schemas/v1.Lifecycle is not defined
[main] WARN  o.o.codegen.utils.ModelUtils - #/components/schemas/v1.Lifecycle is not defined
[main] WARN  o.o.codegen.utils.ModelUtils - #/components/schemas/v1.Lifecycle is not defined
[main] WARN  o.o.codegen.utils.ModelUtils - #/components/schemas/v1.Lifecycle is not defined
[main] WARN  o.o.codegen.utils.ModelUtils - #/components/schemas/v1.Probe is not defined
[main] WARN  o.o.codegen.utils.ModelUtils - #/components/schemas/v1.Probe is not defined
[main] WARN  o.o.codegen.utils.ModelUtils - #/components/schemas/v1.Probe is not defined
[main] WARN  o.o.codegen.utils.ModelUtils - #/components/schemas/v1.Probe is not defined
[main] WARN  o.o.codegen.utils.ModelUtils - #/components/schemas/v1.Probe is not defined
[main] WARN  o.o.codegen.utils.ModelUtils - #/components/schemas/v1.ContainerPort is not defined
[main] WARN  o.o.codegen.utils.ModelUtils - #/components/schemas/v1.ContainerPort is not defined
[main] WARN  o.o.codegen.utils.ModelUtils - #/components/schemas/v1.ContainerPort is not defined
[main] WARN  o.o.codegen.utils.ModelUtils - #/components/schemas/v1.ContainerPort is not defined
[main] WARN  o.o.codegen.utils.ModelUtils - #/components/schemas/v1.ContainerPort is not defined
[main] WARN  o.o.codegen.utils.ModelUtils - #/components/schemas/v1.ContainerPort is not defined
[main] WARN  o.o.codegen.utils.ModelUtils - #/components/schemas/v1.ContainerPort is not defined
[main] WARN  o.o.codegen.utils.ModelUtils - #/components/schemas/v1.ContainerPort is not defined
[main] WARN  o.o.codegen.utils.ModelUtils - #/components/schemas/v1.Probe is not defined
[main] WARN  o.o.codegen.utils.ModelUtils - #/components/schemas/v1.Probe is not defined
[main] WARN  o.o.codegen.utils.ModelUtils - #/components/schemas/v1.Probe is not defined
[main] WARN  o.o.codegen.utils.ModelUtils - #/components/schemas/v1.Probe is not defined
[main] WARN  o.o.codegen.utils.ModelUtils - #/components/schemas/v1.Probe is not defined
[main] WARN  o.o.codegen.utils.ModelUtils - #/components/schemas/v1.ContainerResizePolicy is not defined
[main] WARN  o.o.codegen.utils.ModelUtils - #/components/schemas/v1.ContainerResizePolicy is not defined
[main] WARN  o.o.codegen.utils.ModelUtils - #/components/schemas/v1.ContainerResizePolicy is not defined
[main] WARN  o.o.codegen.utils.ModelUtils - #/components/schemas/v1.ContainerResizePolicy is not defined
[main] WARN  o.o.codegen.utils.ModelUtils - #/components/schemas/v1.ContainerResizePolicy is not defined
[main] WARN  o.o.codegen.utils.ModelUtils - #/components/schemas/v1.ContainerResizePolicy is not defined
[main] WARN  o.o.codegen.utils.ModelUtils - #/components/schemas/v1.ContainerResizePolicy is not defined
[main] WARN  o.o.codegen.utils.ModelUtils - #/components/schemas/v1.ContainerResizePolicy is not defined
[main] WARN  o.o.codegen.utils.ModelUtils - #/components/schemas/v1.ResourceRequirements is not defined
[main] WARN  o.o.codegen.utils.ModelUtils - #/components/schemas/v1.ResourceRequirements is not defined
[main] WARN  o.o.codegen.utils.ModelUtils - #/components/schemas/v1.ResourceRequirements is not defined
[main] WARN  o.o.codegen.utils.ModelUtils - #/components/schemas/v1.ResourceRequirements is not defined
[main] WARN  o.o.codegen.utils.ModelUtils - #/components/schemas/v1.ResourceRequirements is not defined
[main] WARN  o.o.codegen.utils.ModelUtils - #/components/schemas/v1.ContainerRestartRule is not defined
[main] WARN  o.o.codegen.utils.ModelUtils - #/components/schemas/v1.ContainerRestartRule is not defined
[main] WARN  o.o.codegen.utils.ModelUtils - #/components/schemas/v1.ContainerRestartRule is not defined
[main] WARN  o.o.codegen.utils.ModelUtils - #/components/schemas/v1.ContainerRestartRule is not defined
[main] WARN  o.o.codegen.utils.ModelUtils - #/components/schemas/v1.ContainerRestartRule is not defined
[main] WARN  o.o.codegen.utils.ModelUtils - #/components/schemas/v1.ContainerRestartRule is not defined
[main] WARN  o.o.codegen.utils.ModelUtils - #/components/schemas/v1.ContainerRestartRule is not defined
[main] WARN  o.o.codegen.utils.ModelUtils - #/components/schemas/v1.ContainerRestartRule is not defined
[main] WARN  o.o.codegen.utils.ModelUtils - #/components/schemas/v1.SecurityContext is not defined
[main] WARN  o.o.codegen.utils.ModelUtils - #/components/schemas/v1.SecurityContext is not defined
[main] WARN  o.o.codegen.utils.ModelUtils - #/components/schemas/v1.SecurityContext is not defined
[main] WARN  o.o.codegen.utils.ModelUtils - #/components/schemas/v1.SecurityContext is not defined
[main] WARN  o.o.codegen.utils.ModelUtils - #/components/schemas/v1.SecurityContext is not defined
[main] WARN  o.o.codegen.utils.ModelUtils - #/components/schemas/v1.Probe is not defined
[main] WARN  o.o.codegen.utils.ModelUtils - #/components/schemas/v1.Probe is not defined
[main] WARN  o.o.codegen.utils.ModelUtils - #/components/schemas/v1.Probe is not defined
[main] WARN  o.o.codegen.utils.ModelUtils - #/components/schemas/v1.Probe is not defined
[main] WARN  o.o.codegen.utils.ModelUtils - #/components/schemas/v1.Probe is not defined
[main] WARN  o.o.codegen.utils.ModelUtils - #/components/schemas/v1.VolumeDevice is not defined
[main] WARN  o.o.codegen.utils.ModelUtils - #/components/schemas/v1.VolumeDevice is not defined
[main] WARN  o.o.codegen.utils.ModelUtils - #/components/schemas/v1.VolumeDevice is not defined
[main] WARN  o.o.codegen.utils.ModelUtils - #/components/schemas/v1.VolumeDevice is not defined
[main] WARN  o.o.codegen.utils.ModelUtils - #/components/schemas/v1.VolumeDevice is not defined
[main] WARN  o.o.codegen.utils.ModelUtils - #/components/schemas/v1.VolumeDevice is not defined
[main] WARN  o.o.codegen.utils.ModelUtils - #/components/schemas/v1.VolumeDevice is not defined
[main] WARN  o.o.codegen.utils.ModelUtils - #/components/schemas/v1.VolumeDevice is not defined
[main] WARN  o.o.codegen.utils.ModelUtils - #/components/schemas/v1.VolumeMount is not defined
[main] WARN  o.o.codegen.utils.ModelUtils - #/components/schemas/v1.VolumeMount is not defined
[main] WARN  o.o.codegen.utils.ModelUtils - #/components/schemas/v1.VolumeMount is not defined
[main] WARN  o.o.codegen.utils.ModelUtils - #/components/schemas/v1.VolumeMount is not defined
[main] WARN  o.o.codegen.utils.ModelUtils - #/components/schemas/v1.VolumeMount is not defined
[main] WARN  o.o.codegen.utils.ModelUtils - #/components/schemas/v1.VolumeMount is not defined
[main] WARN  o.o.codegen.utils.ModelUtils - #/components/schemas/v1.VolumeMount is not defined
[main] WARN  o.o.codegen.utils.ModelUtils - #/components/schemas/v1.VolumeMount is not defined
[main] WARN  o.o.codegen.utils.ModelUtils - #/components/schemas/v1.Affinity is not defined
[main] WARN  o.o.codegen.utils.ModelUtils - #/components/schemas/v1.PodDNSConfig is not defined
[main] WARN  o.o.codegen.utils.ModelUtils - #/components/schemas/v1.PodOS is not defined
[main] WARN  o.o.codegen.utils.ModelUtils - #/components/schemas/v1.ResourceRequirements is not defined
[main] WARN  o.o.codegen.utils.ModelUtils - #/components/schemas/v1.PodSecurityContext is not defined
[main] WARN  o.o.codegen.utils.ModelUtils - #/components/schemas/v1.Affinity is not defined
[main] WARN  o.o.codegen.utils.ModelUtils - #/components/schemas/v1.Affinity is not defined
[main] WARN  o.o.codegen.utils.ModelUtils - #/components/schemas/v1.Affinity is not defined
[main] WARN  o.o.codegen.utils.ModelUtils - #/components/schemas/v1.Affinity is not defined
[main] WARN  o.o.codegen.utils.ModelUtils - #/components/schemas/v1.Affinity is not defined
[main] WARN  o.o.codegen.utils.ModelUtils - #/components/schemas/v1.Container is not defined
[main] WARN  o.o.codegen.utils.ModelUtils - #/components/schemas/v1.Container is not defined
[main] WARN  o.o.codegen.utils.ModelUtils - #/components/schemas/v1.Container is not defined
[main] WARN  o.o.codegen.utils.ModelUtils - #/components/schemas/v1.Container is not defined
[main] WARN  o.o.codegen.utils.ModelUtils - #/components/schemas/v1.Container is not defined
[main] WARN  o.o.codegen.utils.ModelUtils - #/components/schemas/v1.Container is not defined
[main] WARN  o.o.codegen.utils.ModelUtils - #/components/schemas/v1.Container is not defined
[main] WARN  o.o.codegen.utils.ModelUtils - #/components/schemas/v1.Container is not defined
[main] WARN  o.o.codegen.utils.ModelUtils - #/components/schemas/v1.PodDNSConfig is not defined
[main] WARN  o.o.codegen.utils.ModelUtils - #/components/schemas/v1.PodDNSConfig is not defined
[main] WARN  o.o.codegen.utils.ModelUtils - #/components/schemas/v1.PodDNSConfig is not defined
[main] WARN  o.o.codegen.utils.ModelUtils - #/components/schemas/v1.PodDNSConfig is not defined
[main] WARN  o.o.codegen.utils.ModelUtils - #/components/schemas/v1.PodDNSConfig is not defined
[main] WARN  o.o.codegen.utils.ModelUtils - #/components/schemas/v1.EphemeralContainer is not defined
[main] WARN  o.o.codegen.utils.ModelUtils - #/components/schemas/v1.EphemeralContainer is not defined
[main] WARN  o.o.codegen.utils.ModelUtils - #/components/schemas/v1.EphemeralContainer is not defined
[main] WARN  o.o.codegen.utils.ModelUtils - #/components/schemas/v1.EphemeralContainer is not defined
[main] WARN  o.o.codegen.utils.ModelUtils - #/components/schemas/v1.EphemeralContainer is not defined
[main] WARN  o.o.codegen.utils.ModelUtils - #/components/schemas/v1.EphemeralContainer is not defined
[main] WARN  o.o.codegen.utils.ModelUtils - #/components/schemas/v1.EphemeralContainer is not defined
[main] WARN  o.o.codegen.utils.ModelUtils - #/components/schemas/v1.EphemeralContainer is not defined
[main] WARN  o.o.codegen.utils.ModelUtils - #/components/schemas/v1.HostAlias is not defined
[main] WARN  o.o.codegen.utils.ModelUtils - #/components/schemas/v1.HostAlias is not defined
[main] WARN  o.o.codegen.utils.ModelUtils - #/components/schemas/v1.HostAlias is not defined
[main] WARN  o.o.codegen.utils.ModelUtils - #/components/schemas/v1.HostAlias is not defined
[main] WARN  o.o.codegen.utils.ModelUtils - #/components/schemas/v1.HostAlias is not defined
[main] WARN  o.o.codegen.utils.ModelUtils - #/components/schemas/v1.HostAlias is not defined
[main] WARN  o.o.codegen.utils.ModelUtils - #/components/schemas/v1.HostAlias is not defined
[main] WARN  o.o.codegen.utils.ModelUtils - #/components/schemas/v1.HostAlias is not defined
[main] WARN  o.o.codegen.utils.ModelUtils - #/components/schemas/v1.LocalObjectReference is not defined
[main] WARN  o.o.codegen.utils.ModelUtils - #/components/schemas/v1.LocalObjectReference is not defined
[main] WARN  o.o.codegen.utils.ModelUtils - #/components/schemas/v1.LocalObjectReference is not defined
[main] WARN  o.o.codegen.utils.ModelUtils - #/components/schemas/v1.LocalObjectReference is not defined
[main] WARN  o.o.codegen.utils.ModelUtils - #/components/schemas/v1.LocalObjectReference is not defined
[main] WARN  o.o.codegen.utils.ModelUtils - #/components/schemas/v1.LocalObjectReference is not defined
[main] WARN  o.o.codegen.utils.ModelUtils - #/components/schemas/v1.LocalObjectReference is not defined
[main] WARN  o.o.codegen.utils.ModelUtils - #/components/schemas/v1.LocalObjectReference is not defined
[main] WARN  o.o.codegen.utils.ModelUtils - #/components/schemas/v1.Container is not defined
[main] WARN  o.o.codegen.utils.ModelUtils - #/components/schemas/v1.Container is not defined
[main] WARN  o.o.codegen.utils.ModelUtils - #/components/schemas/v1.Container is not defined
[main] WARN  o.o.codegen.utils.ModelUtils - #/components/schemas/v1.Container is not defined
[main] WARN  o.o.codegen.utils.ModelUtils - #/components/schemas/v1.Container is not defined
[main] WARN  o.o.codegen.utils.ModelUtils - #/components/schemas/v1.Container is not defined
[main] WARN  o.o.codegen.utils.ModelUtils - #/components/schemas/v1.Container is not defined
[main] WARN  o.o.codegen.utils.ModelUtils - #/components/schemas/v1.Container is not defined
[main] WARN  o.o.codegen.utils.ModelUtils - #/components/schemas/v1.PodOS is not defined
[main] WARN  o.o.codegen.utils.ModelUtils - #/components/schemas/v1.PodOS is not defined
[main] WARN  o.o.codegen.utils.ModelUtils - #/components/schemas/v1.PodOS is not defined
[main] WARN  o.o.codegen.utils.ModelUtils - #/components/schemas/v1.PodOS is not defined
[main] WARN  o.o.codegen.utils.ModelUtils - #/components/schemas/v1.PodOS is not defined
[main] WARN  o.o.codegen.utils.ModelUtils - #/components/schemas/resource.Quantity is not defined
[main] WARN  o.o.codegen.utils.ModelUtils - #/components/schemas/resource.Quantity is not defined
[main] WARN  o.o.codegen.utils.ModelUtils - #/components/schemas/resource.Quantity is not defined
[main] WARN  o.o.codegen.utils.ModelUtils - #/components/schemas/resource.Quantity is not defined
[main] WARN  o.o.codegen.utils.ModelUtils - #/components/schemas/resource.Quantity is not defined
[main] WARN  o.o.codegen.utils.ModelUtils - #/components/schemas/resource.Quantity is not defined
[main] WARN  o.o.codegen.utils.ModelUtils - #/components/schemas/resource.Quantity is not defined
[main] WARN  o.o.codegen.utils.ModelUtils - #/components/schemas/v1.PodReadinessGate is not defined
[main] WARN  o.o.codegen.utils.ModelUtils - #/components/schemas/v1.PodReadinessGate is not defined
[main] WARN  o.o.codegen.utils.ModelUtils - #/components/schemas/v1.PodReadinessGate is not defined
[main] WARN  o.o.codegen.utils.ModelUtils - #/components/schemas/v1.PodReadinessGate is not defined
[main] WARN  o.o.codegen.utils.ModelUtils - #/components/schemas/v1.PodReadinessGate is not defined
[main] WARN  o.o.codegen.utils.ModelUtils - #/components/schemas/v1.PodReadinessGate is not defined
[main] WARN  o.o.codegen.utils.ModelUtils - #/components/schemas/v1.PodReadinessGate is not defined
[main] WARN  o.o.codegen.utils.ModelUtils - #/components/schemas/v1.PodReadinessGate is not defined
[main] WARN  o.o.codegen.utils.ModelUtils - #/components/schemas/v1.PodResourceClaim is not defined
[main] WARN  o.o.codegen.utils.ModelUtils - #/components/schemas/v1.PodResourceClaim is not defined
[main] WARN  o.o.codegen.utils.ModelUtils - #/components/schemas/v1.PodResourceClaim is not defined
[main] WARN  o.o.codegen.utils.ModelUtils - #/components/schemas/v1.PodResourceClaim is not defined
[main] WARN  o.o.codegen.utils.ModelUtils - #/components/schemas/v1.PodResourceClaim is not defined
[main] WARN  o.o.codegen.utils.ModelUtils - #/components/schemas/v1.PodResourceClaim is not defined
[main] WARN  o.o.codegen.utils.ModelUtils - #/components/schemas/v1.PodResourceClaim is not defined
[main] WARN  o.o.codegen.utils.ModelUtils - #/components/schemas/v1.PodResourceClaim is not defined
[main] WARN  o.o.codegen.utils.ModelUtils - #/components/schemas/v1.ResourceRequirements is not defined
[main] WARN  o.o.codegen.utils.ModelUtils - #/components/schemas/v1.ResourceRequirements is not defined
[main] WARN  o.o.codegen.utils.ModelUtils - #/components/schemas/v1.ResourceRequirements is not defined
[main] WARN  o.o.codegen.utils.ModelUtils - #/components/schemas/v1.ResourceRequirements is not defined
[main] WARN  o.o.codegen.utils.ModelUtils - #/components/schemas/v1.ResourceRequirements is not defined
[main] WARN  o.o.codegen.utils.ModelUtils - #/components/schemas/v1.PodSchedulingGate is not defined
[main] WARN  o.o.codegen.utils.ModelUtils - #/components/schemas/v1.PodSchedulingGate is not defined
[main] WARN  o.o.codegen.utils.ModelUtils - #/components/schemas/v1.PodSchedulingGate is not defined
[main] WARN  o.o.codegen.utils.ModelUtils - #/components/schemas/v1.PodSchedulingGate is not defined
[main] WARN  o.o.codegen.utils.ModelUtils - #/components/schemas/v1.PodSchedulingGate is not defined
[main] WARN  o.o.codegen.utils.ModelUtils - #/components/schemas/v1.PodSchedulingGate is not defined
[main] WARN  o.o.codegen.utils.ModelUtils - #/components/schemas/v1.PodSchedulingGate is not defined
[main] WARN  o.o.codegen.utils.ModelUtils - #/components/schemas/v1.PodSchedulingGate is not defined
[main] WARN  o.o.codegen.utils.ModelUtils - #/components/schemas/v1.PodSecurityContext is not defined
[main] WARN  o.o.codegen.utils.ModelUtils - #/components/schemas/v1.PodSecurityContext is not defined
[main] WARN  o.o.codegen.utils.ModelUtils - #/components/schemas/v1.PodSecurityContext is not defined
[main] WARN  o.o.codegen.utils.ModelUtils - #/components/schemas/v1.PodSecurityContext is not defined
[main] WARN  o.o.codegen.utils.ModelUtils - #/components/schemas/v1.PodSecurityContext is not defined
[main] WARN  o.o.codegen.utils.ModelUtils - #/components/schemas/v1.Toleration is not defined
[main] WARN  o.o.codegen.utils.ModelUtils - #/components/schemas/v1.Toleration is not defined
[main] WARN  o.o.codegen.utils.ModelUtils - #/components/schemas/v1.Toleration is not defined
[main] WARN  o.o.codegen.utils.ModelUtils - #/components/schemas/v1.Toleration is not defined
[main] WARN  o.o.codegen.utils.ModelUtils - #/components/schemas/v1.Toleration is not defined
[main] WARN  o.o.codegen.utils.ModelUtils - #/components/schemas/v1.Toleration is not defined
[main] WARN  o.o.codegen.utils.ModelUtils - #/components/schemas/v1.Toleration is not defined
[main] WARN  o.o.codegen.utils.ModelUtils - #/components/schemas/v1.Toleration is not defined
[main] WARN  o.o.codegen.utils.ModelUtils - #/components/schemas/v1.TopologySpreadConstraint is not defined
[main] WARN  o.o.codegen.utils.ModelUtils - #/components/schemas/v1.TopologySpreadConstraint is not defined
[main] WARN  o.o.codegen.utils.ModelUtils - #/components/schemas/v1.TopologySpreadConstraint is not defined
[main] WARN  o.o.codegen.utils.ModelUtils - #/components/schemas/v1.TopologySpreadConstraint is not defined
[main] WARN  o.o.codegen.utils.ModelUtils - #/components/schemas/v1.TopologySpreadConstraint is not defined
[main] WARN  o.o.codegen.utils.ModelUtils - #/components/schemas/v1.TopologySpreadConstraint is not defined
[main] WARN  o.o.codegen.utils.ModelUtils - #/components/schemas/v1.TopologySpreadConstraint is not defined
[main] WARN  o.o.codegen.utils.ModelUtils - #/components/schemas/v1.TopologySpreadConstraint is not defined
[main] WARN  o.o.codegen.utils.ModelUtils - #/components/schemas/v1.Volume is not defined
[main] WARN  o.o.codegen.utils.ModelUtils - #/components/schemas/v1.Volume is not defined
[main] WARN  o.o.codegen.utils.ModelUtils - #/components/schemas/v1.Volume is not defined
[main] WARN  o.o.codegen.utils.ModelUtils - #/components/schemas/v1.Volume is not defined
[main] WARN  o.o.codegen.utils.ModelUtils - #/components/schemas/v1.Volume is not defined
[main] WARN  o.o.codegen.utils.ModelUtils - #/components/schemas/v1.Volume is not defined
[main] WARN  o.o.codegen.utils.ModelUtils - #/components/schemas/v1.Volume is not defined
[main] WARN  o.o.codegen.utils.ModelUtils - #/components/schemas/v1.Volume is not defined
[main] WARN  o.o.codegen.utils.ModelUtils - #/components/schemas/v1.Lifecycle is not defined
[main] WARN  o.o.codegen.utils.ModelUtils - #/components/schemas/v1.Probe is not defined
[main] WARN  o.o.codegen.utils.ModelUtils - #/components/schemas/v1.Probe is not defined
[main] WARN  o.o.codegen.utils.ModelUtils - #/components/schemas/v1.ResourceRequirements is not defined
[main] WARN  o.o.codegen.utils.ModelUtils - #/components/schemas/v1.SecurityContext is not defined
[main] WARN  o.o.codegen.utils.ModelUtils - #/components/schemas/v1.Probe is not defined
[main] WARN  o.o.codegen.utils.ModelUtils - #/components/schemas/v1.EnvVar is not defined
[main] WARN  o.o.codegen.utils.ModelUtils - #/components/schemas/v1.EnvVar is not defined
[main] WARN  o.o.codegen.utils.ModelUtils - #/components/schemas/v1.EnvVar is not defined
[main] WARN  o.o.codegen.utils.ModelUtils - #/components/schemas/v1.EnvVar is not defined
[main] WARN  o.o.codegen.utils.ModelUtils - #/components/schemas/v1.EnvVar is not defined
[main] WARN  o.o.codegen.utils.ModelUtils - #/components/schemas/v1.EnvVar is not defined
[main] WARN  o.o.codegen.utils.ModelUtils - #/components/schemas/v1.EnvVar is not defined
[main] WARN  o.o.codegen.utils.ModelUtils - #/components/schemas/v1.EnvVar is not defined
[main] WARN  o.o.codegen.utils.ModelUtils - #/components/schemas/v1.EnvFromSource is not defined
[main] WARN  o.o.codegen.utils.ModelUtils - #/components/schemas/v1.EnvFromSource is not defined
[main] WARN  o.o.codegen.utils.ModelUtils - #/components/schemas/v1.EnvFromSource is not defined
[main] WARN  o.o.codegen.utils.ModelUtils - #/components/schemas/v1.EnvFromSource is not defined
[main] WARN  o.o.codegen.utils.ModelUtils - #/components/schemas/v1.EnvFromSource is not defined
[main] WARN  o.o.codegen.utils.ModelUtils - #/components/schemas/v1.EnvFromSource is not defined
[main] WARN  o.o.codegen.utils.ModelUtils - #/components/schemas/v1.EnvFromSource is not defined
[main] WARN  o.o.codegen.utils.ModelUtils - #/components/schemas/v1.EnvFromSource is not defined
[main] WARN  o.o.codegen.utils.ModelUtils - #/components/schemas/v1.Lifecycle is not defined
[main] WARN  o.o.codegen.utils.ModelUtils - #/components/schemas/v1.Lifecycle is not defined
[main] WARN  o.o.codegen.utils.ModelUtils - #/components/schemas/v1.Lifecycle is not defined
[main] WARN  o.o.codegen.utils.ModelUtils - #/components/schemas/v1.Lifecycle is not defined
[main] WARN  o.o.codegen.utils.ModelUtils - #/components/schemas/v1.Lifecycle is not defined
[main] WARN  o.o.codegen.utils.ModelUtils - #/components/schemas/v1.Probe is not defined
[main] WARN  o.o.codegen.utils.ModelUtils - #/components/schemas/v1.Probe is not defined
[main] WARN  o.o.codegen.utils.ModelUtils - #/components/schemas/v1.Probe is not defined
[main] WARN  o.o.codegen.utils.ModelUtils - #/components/schemas/v1.Probe is not defined
[main] WARN  o.o.codegen.utils.ModelUtils - #/components/schemas/v1.Probe is not defined
[main] WARN  o.o.codegen.utils.ModelUtils - #/components/schemas/v1.ContainerPort is not defined
[main] WARN  o.o.codegen.utils.ModelUtils - #/components/schemas/v1.ContainerPort is not defined
[main] WARN  o.o.codegen.utils.ModelUtils - #/components/schemas/v1.ContainerPort is not defined
[main] WARN  o.o.codegen.utils.ModelUtils - #/components/schemas/v1.ContainerPort is not defined
[main] WARN  o.o.codegen.utils.ModelUtils - #/components/schemas/v1.ContainerPort is not defined
[main] WARN  o.o.codegen.utils.ModelUtils - #/components/schemas/v1.ContainerPort is not defined
[main] WARN  o.o.codegen.utils.ModelUtils - #/components/schemas/v1.ContainerPort is not defined
[main] WARN  o.o.codegen.utils.ModelUtils - #/components/schemas/v1.ContainerPort is not defined
[main] WARN  o.o.codegen.utils.ModelUtils - #/components/schemas/v1.Probe is not defined
[main] WARN  o.o.codegen.utils.ModelUtils - #/components/schemas/v1.Probe is not defined
[main] WARN  o.o.codegen.utils.ModelUtils - #/components/schemas/v1.Probe is not defined
[main] WARN  o.o.codegen.utils.ModelUtils - #/components/schemas/v1.Probe is not defined
[main] WARN  o.o.codegen.utils.ModelUtils - #/components/schemas/v1.Probe is not defined
[main] WARN  o.o.codegen.utils.ModelUtils - #/components/schemas/v1.ContainerResizePolicy is not defined
[main] WARN  o.o.codegen.utils.ModelUtils - #/components/schemas/v1.ContainerResizePolicy is not defined
[main] WARN  o.o.codegen.utils.ModelUtils - #/components/schemas/v1.ContainerResizePolicy is not defined
[main] WARN  o.o.codegen.utils.ModelUtils - #/components/schemas/v1.ContainerResizePolicy is not defined
[main] WARN  o.o.codegen.utils.ModelUtils - #/components/schemas/v1.ContainerResizePolicy is not defined
[main] WARN  o.o.codegen.utils.ModelUtils - #/components/schemas/v1.ContainerResizePolicy is not defined
[main] WARN  o.o.codegen.utils.ModelUtils - #/components/schemas/v1.ContainerResizePolicy is not defined
[main] WARN  o.o.codegen.utils.ModelUtils - #/components/schemas/v1.ContainerResizePolicy is not defined
[main] WARN  o.o.codegen.utils.ModelUtils - #/components/schemas/v1.ResourceRequirements is not defined
[main] WARN  o.o.codegen.utils.ModelUtils - #/components/schemas/v1.ResourceRequirements is not defined
[main] WARN  o.o.codegen.utils.ModelUtils - #/components/schemas/v1.ResourceRequirements is not defined
[main] WARN  o.o.codegen.utils.ModelUtils - #/components/schemas/v1.ResourceRequirements is not defined
[main] WARN  o.o.codegen.utils.ModelUtils - #/components/schemas/v1.ResourceRequirements is not defined
[main] WARN  o.o.codegen.utils.ModelUtils - #/components/schemas/v1.ContainerRestartRule is not defined
[main] WARN  o.o.codegen.utils.ModelUtils - #/components/schemas/v1.ContainerRestartRule is not defined
[main] WARN  o.o.codegen.utils.ModelUtils - #/components/schemas/v1.ContainerRestartRule is not defined
[main] WARN  o.o.codegen.utils.ModelUtils - #/components/schemas/v1.ContainerRestartRule is not defined
[main] WARN  o.o.codegen.utils.ModelUtils - #/components/schemas/v1.ContainerRestartRule is not defined
[main] WARN  o.o.codegen.utils.ModelUtils - #/components/schemas/v1.ContainerRestartRule is not defined
[main] WARN  o.o.codegen.utils.ModelUtils - #/components/schemas/v1.ContainerRestartRule is not defined
[main] WARN  o.o.codegen.utils.ModelUtils - #/components/schemas/v1.ContainerRestartRule is not defined
[main] WARN  o.o.codegen.utils.ModelUtils - #/components/schemas/v1.SecurityContext is not defined
[main] WARN  o.o.codegen.utils.ModelUtils - #/components/schemas/v1.SecurityContext is not defined
[main] WARN  o.o.codegen.utils.ModelUtils - #/components/schemas/v1.SecurityContext is not defined
[main] WARN  o.o.codegen.utils.ModelUtils - #/components/schemas/v1.SecurityContext is not defined
[main] WARN  o.o.codegen.utils.ModelUtils - #/components/schemas/v1.SecurityContext is not defined
[main] WARN  o.o.codegen.utils.ModelUtils - #/components/schemas/v1.Probe is not defined
[main] WARN  o.o.codegen.utils.ModelUtils - #/components/schemas/v1.Probe is not defined
[main] WARN  o.o.codegen.utils.ModelUtils - #/components/schemas/v1.Probe is not defined
[main] WARN  o.o.codegen.utils.ModelUtils - #/components/schemas/v1.Probe is not defined
[main] WARN  o.o.codegen.utils.ModelUtils - #/components/schemas/v1.Probe is not defined
[main] WARN  o.o.codegen.utils.ModelUtils - #/components/schemas/v1.VolumeDevice is not defined
[main] WARN  o.o.codegen.utils.ModelUtils - #/components/schemas/v1.VolumeDevice is not defined
[main] WARN  o.o.codegen.utils.ModelUtils - #/components/schemas/v1.VolumeDevice is not defined
[main] WARN  o.o.codegen.utils.ModelUtils - #/components/schemas/v1.VolumeDevice is not defined
[main] WARN  o.o.codegen.utils.ModelUtils - #/components/schemas/v1.VolumeDevice is not defined
[main] WARN  o.o.codegen.utils.ModelUtils - #/components/schemas/v1.VolumeDevice is not defined
[main] WARN  o.o.codegen.utils.ModelUtils - #/components/schemas/v1.VolumeDevice is not defined
[main] WARN  o.o.codegen.utils.ModelUtils - #/components/schemas/v1.VolumeDevice is not defined
[main] WARN  o.o.codegen.utils.ModelUtils - #/components/schemas/v1.VolumeMount is not defined
[main] WARN  o.o.codegen.utils.ModelUtils - #/components/schemas/v1.VolumeMount is not defined
[main] WARN  o.o.codegen.utils.ModelUtils - #/components/schemas/v1.VolumeMount is not defined
[main] WARN  o.o.codegen.utils.ModelUtils - #/components/schemas/v1.VolumeMount is not defined
[main] WARN  o.o.codegen.utils.ModelUtils - #/components/schemas/v1.VolumeMount is not defined
[main] WARN  o.o.codegen.utils.ModelUtils - #/components/schemas/v1.VolumeMount is not defined
[main] WARN  o.o.codegen.utils.ModelUtils - #/components/schemas/v1.VolumeMount is not defined
[main] WARN  o.o.codegen.utils.ModelUtils - #/components/schemas/v1.VolumeMount is not defined
[main] INFO  o.o.codegen.AbstractGenerator - writing file /home/jake/sbomit-overhead-experiment/repos/kserve/python/kserve/kserve/models/v1alpha1_built_in_adapter.py
[main] INFO  o.o.codegen.DefaultGenerator - File exists. Skipped overwriting /home/jake/sbomit-overhead-experiment/repos/kserve/python/kserve/test/test_v1alpha1_built_in_adapter.py
[main] INFO  o.o.codegen.AbstractGenerator - writing file /home/jake/sbomit-overhead-experiment/repos/kserve/python/kserve/docs/V1alpha1BuiltInAdapter.md
[main] INFO  o.o.codegen.AbstractGenerator - writing file /home/jake/sbomit-overhead-experiment/repos/kserve/python/kserve/kserve/models/v1alpha1_cluster_serving_runtime.py
[main] INFO  o.o.codegen.DefaultGenerator - File exists. Skipped overwriting /home/jake/sbomit-overhead-experiment/repos/kserve/python/kserve/test/test_v1alpha1_cluster_serving_runtime.py
[main] INFO  o.o.codegen.AbstractGenerator - writing file /home/jake/sbomit-overhead-experiment/repos/kserve/python/kserve/docs/V1alpha1ClusterServingRuntime.md
[main] INFO  o.o.codegen.AbstractGenerator - writing file /home/jake/sbomit-overhead-experiment/repos/kserve/python/kserve/kserve/models/v1alpha1_cluster_serving_runtime_list.py
[main] INFO  o.o.codegen.DefaultGenerator - File exists. Skipped overwriting /home/jake/sbomit-overhead-experiment/repos/kserve/python/kserve/test/test_v1alpha1_cluster_serving_runtime_list.py
[main] INFO  o.o.codegen.AbstractGenerator - writing file /home/jake/sbomit-overhead-experiment/repos/kserve/python/kserve/docs/V1alpha1ClusterServingRuntimeList.md
[main] INFO  o.o.codegen.AbstractGenerator - writing file /home/jake/sbomit-overhead-experiment/repos/kserve/python/kserve/kserve/models/v1alpha1_cluster_storage_container.py
[main] INFO  o.o.codegen.DefaultGenerator - File exists. Skipped overwriting /home/jake/sbomit-overhead-experiment/repos/kserve/python/kserve/test/test_v1alpha1_cluster_storage_container.py
[main] INFO  o.o.codegen.AbstractGenerator - writing file /home/jake/sbomit-overhead-experiment/repos/kserve/python/kserve/docs/V1alpha1ClusterStorageContainer.md
[main] INFO  o.o.codegen.AbstractGenerator - writing file /home/jake/sbomit-overhead-experiment/repos/kserve/python/kserve/kserve/models/v1alpha1_cluster_storage_container_list.py
[main] INFO  o.o.codegen.DefaultGenerator - File exists. Skipped overwriting /home/jake/sbomit-overhead-experiment/repos/kserve/python/kserve/test/test_v1alpha1_cluster_storage_container_list.py
[main] INFO  o.o.codegen.AbstractGenerator - writing file /home/jake/sbomit-overhead-experiment/repos/kserve/python/kserve/docs/V1alpha1ClusterStorageContainerList.md
[main] INFO  o.o.codegen.AbstractGenerator - writing file /home/jake/sbomit-overhead-experiment/repos/kserve/python/kserve/kserve/models/v1alpha1_inferece_graph_router_timeouts.py
[main] INFO  o.o.codegen.DefaultGenerator - File exists. Skipped overwriting /home/jake/sbomit-overhead-experiment/repos/kserve/python/kserve/test/test_v1alpha1_inferece_graph_router_timeouts.py
[main] INFO  o.o.codegen.AbstractGenerator - writing file /home/jake/sbomit-overhead-experiment/repos/kserve/python/kserve/docs/V1alpha1InfereceGraphRouterTimeouts.md
[main] INFO  o.o.codegen.AbstractGenerator - writing file /home/jake/sbomit-overhead-experiment/repos/kserve/python/kserve/kserve/models/v1alpha1_inference_graph.py
[main] INFO  o.o.codegen.DefaultGenerator - File exists. Skipped overwriting /home/jake/sbomit-overhead-experiment/repos/kserve/python/kserve/test/test_v1alpha1_inference_graph.py
[main] INFO  o.o.codegen.AbstractGenerator - writing file /home/jake/sbomit-overhead-experiment/repos/kserve/python/kserve/docs/V1alpha1InferenceGraph.md
[main] INFO  o.o.codegen.AbstractGenerator - writing file /home/jake/sbomit-overhead-experiment/repos/kserve/python/kserve/kserve/models/v1alpha1_inference_graph_list.py
[main] INFO  o.o.codegen.DefaultGenerator - File exists. Skipped overwriting /home/jake/sbomit-overhead-experiment/repos/kserve/python/kserve/test/test_v1alpha1_inference_graph_list.py
[main] INFO  o.o.codegen.AbstractGenerator - writing file /home/jake/sbomit-overhead-experiment/repos/kserve/python/kserve/docs/V1alpha1InferenceGraphList.md
[main] INFO  o.o.codegen.AbstractGenerator - writing file /home/jake/sbomit-overhead-experiment/repos/kserve/python/kserve/kserve/models/v1alpha1_inference_graph_spec.py
[main] INFO  o.o.codegen.DefaultGenerator - File exists. Skipped overwriting /home/jake/sbomit-overhead-experiment/repos/kserve/python/kserve/test/test_v1alpha1_inference_graph_spec.py
[main] INFO  o.o.codegen.AbstractGenerator - writing file /home/jake/sbomit-overhead-experiment/repos/kserve/python/kserve/docs/V1alpha1InferenceGraphSpec.md
[main] INFO  o.o.codegen.AbstractGenerator - writing file /home/jake/sbomit-overhead-experiment/repos/kserve/python/kserve/kserve/models/v1alpha1_inference_graph_status.py
[main] INFO  o.o.codegen.DefaultGenerator - File exists. Skipped overwriting /home/jake/sbomit-overhead-experiment/repos/kserve/python/kserve/test/test_v1alpha1_inference_graph_status.py
[main] INFO  o.o.codegen.AbstractGenerator - writing file /home/jake/sbomit-overhead-experiment/repos/kserve/python/kserve/docs/V1alpha1InferenceGraphStatus.md
[main] INFO  o.o.codegen.AbstractGenerator - writing file /home/jake/sbomit-overhead-experiment/repos/kserve/python/kserve/kserve/models/v1alpha1_inference_router.py
[main] INFO  o.o.codegen.DefaultGenerator - File exists. Skipped overwriting /home/jake/sbomit-overhead-experiment/repos/kserve/python/kserve/test/test_v1alpha1_inference_router.py
[main] INFO  o.o.codegen.AbstractGenerator - writing file /home/jake/sbomit-overhead-experiment/repos/kserve/python/kserve/docs/V1alpha1InferenceRouter.md
[main] INFO  o.o.codegen.AbstractGenerator - writing file /home/jake/sbomit-overhead-experiment/repos/kserve/python/kserve/kserve/models/v1alpha1_inference_step.py
[main] INFO  o.o.codegen.DefaultGenerator - File exists. Skipped overwriting /home/jake/sbomit-overhead-experiment/repos/kserve/python/kserve/test/test_v1alpha1_inference_step.py
[main] INFO  o.o.codegen.AbstractGenerator - writing file /home/jake/sbomit-overhead-experiment/repos/kserve/python/kserve/docs/V1alpha1InferenceStep.md
[main] INFO  o.o.codegen.AbstractGenerator - writing file /home/jake/sbomit-overhead-experiment/repos/kserve/python/kserve/kserve/models/v1alpha1_inference_target.py
[main] INFO  o.o.codegen.DefaultGenerator - File exists. Skipped overwriting /home/jake/sbomit-overhead-experiment/repos/kserve/python/kserve/test/test_v1alpha1_inference_target.py
[main] INFO  o.o.codegen.AbstractGenerator - writing file /home/jake/sbomit-overhead-experiment/repos/kserve/python/kserve/docs/V1alpha1InferenceTarget.md
[main] INFO  o.o.codegen.AbstractGenerator - writing file /home/jake/sbomit-overhead-experiment/repos/kserve/python/kserve/kserve/models/v1alpha1_llm_inference_service.py
[main] INFO  o.o.codegen.DefaultGenerator - File exists. Skipped overwriting /home/jake/sbomit-overhead-experiment/repos/kserve/python/kserve/test/test_v1alpha1_llm_inference_service.py
[main] INFO  o.o.codegen.AbstractGenerator - writing file /home/jake/sbomit-overhead-experiment/repos/kserve/python/kserve/docs/V1alpha1LLMInferenceService.md
[main] INFO  o.o.codegen.AbstractGenerator - writing file /home/jake/sbomit-overhead-experiment/repos/kserve/python/kserve/kserve/models/v1alpha1_llm_inference_service_config.py
[main] INFO  o.o.codegen.DefaultGenerator - File exists. Skipped overwriting /home/jake/sbomit-overhead-experiment/repos/kserve/python/kserve/test/test_v1alpha1_llm_inference_service_config.py
[main] INFO  o.o.codegen.AbstractGenerator - writing file /home/jake/sbomit-overhead-experiment/repos/kserve/python/kserve/docs/V1alpha1LLMInferenceServiceConfig.md
[main] INFO  o.o.codegen.AbstractGenerator - writing file /home/jake/sbomit-overhead-experiment/repos/kserve/python/kserve/kserve/models/v1alpha1_llm_inference_service_config_list.py
[main] INFO  o.o.codegen.DefaultGenerator - File exists. Skipped overwriting /home/jake/sbomit-overhead-experiment/repos/kserve/python/kserve/test/test_v1alpha1_llm_inference_service_config_list.py
[main] INFO  o.o.codegen.AbstractGenerator - writing file /home/jake/sbomit-overhead-experiment/repos/kserve/python/kserve/docs/V1alpha1LLMInferenceServiceConfigList.md
[main] INFO  o.o.codegen.AbstractGenerator - writing file /home/jake/sbomit-overhead-experiment/repos/kserve/python/kserve/kserve/models/v1alpha1_llm_inference_service_list.py
[main] INFO  o.o.codegen.DefaultGenerator - File exists. Skipped overwriting /home/jake/sbomit-overhead-experiment/repos/kserve/python/kserve/test/test_v1alpha1_llm_inference_service_list.py
[main] INFO  o.o.codegen.AbstractGenerator - writing file /home/jake/sbomit-overhead-experiment/repos/kserve/python/kserve/docs/V1alpha1LLMInferenceServiceList.md
[main] INFO  o.o.codegen.AbstractGenerator - writing file /home/jake/sbomit-overhead-experiment/repos/kserve/python/kserve/kserve/models/v1alpha1_local_model_cache.py
[main] INFO  o.o.codegen.DefaultGenerator - File exists. Skipped overwriting /home/jake/sbomit-overhead-experiment/repos/kserve/python/kserve/test/test_v1alpha1_local_model_cache.py
[main] INFO  o.o.codegen.AbstractGenerator - writing file /home/jake/sbomit-overhead-experiment/repos/kserve/python/kserve/docs/V1alpha1LocalModelCache.md
[main] INFO  o.o.codegen.AbstractGenerator - writing file /home/jake/sbomit-overhead-experiment/repos/kserve/python/kserve/kserve/models/v1alpha1_local_model_cache_list.py
[main] INFO  o.o.codegen.DefaultGenerator - File exists. Skipped overwriting /home/jake/sbomit-overhead-experiment/repos/kserve/python/kserve/test/test_v1alpha1_local_model_cache_list.py
[main] INFO  o.o.codegen.AbstractGenerator - writing file /home/jake/sbomit-overhead-experiment/repos/kserve/python/kserve/docs/V1alpha1LocalModelCacheList.md
[main] INFO  o.o.codegen.AbstractGenerator - writing file /home/jake/sbomit-overhead-experiment/repos/kserve/python/kserve/kserve/models/v1alpha1_local_model_cache_spec.py
[main] INFO  o.o.codegen.DefaultGenerator - File exists. Skipped overwriting /home/jake/sbomit-overhead-experiment/repos/kserve/python/kserve/test/test_v1alpha1_local_model_cache_spec.py
[main] INFO  o.o.codegen.AbstractGenerator - writing file /home/jake/sbomit-overhead-experiment/repos/kserve/python/kserve/docs/V1alpha1LocalModelCacheSpec.md
[main] INFO  o.o.codegen.AbstractGenerator - writing file /home/jake/sbomit-overhead-experiment/repos/kserve/python/kserve/kserve/models/v1alpha1_local_model_namespace_cache.py
[main] INFO  o.o.codegen.DefaultGenerator - File exists. Skipped overwriting /home/jake/sbomit-overhead-experiment/repos/kserve/python/kserve/test/test_v1alpha1_local_model_namespace_cache.py
[main] INFO  o.o.codegen.AbstractGenerator - writing file /home/jake/sbomit-overhead-experiment/repos/kserve/python/kserve/docs/V1alpha1LocalModelNamespaceCache.md
[main] INFO  o.o.codegen.AbstractGenerator - writing file /home/jake/sbomit-overhead-experiment/repos/kserve/python/kserve/kserve/models/v1alpha1_local_model_namespace_cache_list.py
[main] INFO  o.o.codegen.DefaultGenerator - File exists. Skipped overwriting /home/jake/sbomit-overhead-experiment/repos/kserve/python/kserve/test/test_v1alpha1_local_model_namespace_cache_list.py
[main] INFO  o.o.codegen.AbstractGenerator - writing file /home/jake/sbomit-overhead-experiment/repos/kserve/python/kserve/docs/V1alpha1LocalModelNamespaceCacheList.md
[main] INFO  o.o.codegen.AbstractGenerator - writing file /home/jake/sbomit-overhead-experiment/repos/kserve/python/kserve/kserve/models/v1alpha1_local_model_namespace_cache_spec.py
[main] INFO  o.o.codegen.DefaultGenerator - File exists. Skipped overwriting /home/jake/sbomit-overhead-experiment/repos/kserve/python/kserve/test/test_v1alpha1_local_model_namespace_cache_spec.py
[main] INFO  o.o.codegen.AbstractGenerator - writing file /home/jake/sbomit-overhead-experiment/repos/kserve/python/kserve/docs/V1alpha1LocalModelNamespaceCacheSpec.md
[main] INFO  o.o.codegen.AbstractGenerator - writing file /home/jake/sbomit-overhead-experiment/repos/kserve/python/kserve/kserve/models/v1alpha1_local_model_node.py
[main] INFO  o.o.codegen.DefaultGenerator - File exists. Skipped overwriting /home/jake/sbomit-overhead-experiment/repos/kserve/python/kserve/test/test_v1alpha1_local_model_node.py
[main] INFO  o.o.codegen.AbstractGenerator - writing file /home/jake/sbomit-overhead-experiment/repos/kserve/python/kserve/docs/V1alpha1LocalModelNode.md
[main] INFO  o.o.codegen.AbstractGenerator - writing file /home/jake/sbomit-overhead-experiment/repos/kserve/python/kserve/kserve/models/v1alpha1_local_model_node_group.py
[main] INFO  o.o.codegen.DefaultGenerator - File exists. Skipped overwriting /home/jake/sbomit-overhead-experiment/repos/kserve/python/kserve/test/test_v1alpha1_local_model_node_group.py
[main] INFO  o.o.codegen.AbstractGenerator - writing file /home/jake/sbomit-overhead-experiment/repos/kserve/python/kserve/docs/V1alpha1LocalModelNodeGroup.md
[main] INFO  o.o.codegen.AbstractGenerator - writing file /home/jake/sbomit-overhead-experiment/repos/kserve/python/kserve/kserve/models/v1alpha1_local_model_node_group_list.py
[main] INFO  o.o.codegen.DefaultGenerator - File exists. Skipped overwriting /home/jake/sbomit-overhead-experiment/repos/kserve/python/kserve/test/test_v1alpha1_local_model_node_group_list.py
[main] INFO  o.o.codegen.AbstractGenerator - writing file /home/jake/sbomit-overhead-experiment/repos/kserve/python/kserve/docs/V1alpha1LocalModelNodeGroupList.md
[main] INFO  o.o.codegen.AbstractGenerator - writing file /home/jake/sbomit-overhead-experiment/repos/kserve/python/kserve/kserve/models/v1alpha1_local_model_node_group_spec.py
[main] INFO  o.o.codegen.DefaultGenerator - File exists. Skipped overwriting /home/jake/sbomit-overhead-experiment/repos/kserve/python/kserve/test/test_v1alpha1_local_model_node_group_spec.py
[main] INFO  o.o.codegen.AbstractGenerator - writing file /home/jake/sbomit-overhead-experiment/repos/kserve/python/kserve/docs/V1alpha1LocalModelNodeGroupSpec.md
[main] INFO  o.o.codegen.AbstractGenerator - writing file /home/jake/sbomit-overhead-experiment/repos/kserve/python/kserve/kserve/models/v1alpha1_local_model_node_list.py
[main] INFO  o.o.codegen.DefaultGenerator - File exists. Skipped overwriting /home/jake/sbomit-overhead-experiment/repos/kserve/python/kserve/test/test_v1alpha1_local_model_node_list.py
[main] INFO  o.o.codegen.AbstractGenerator - writing file /home/jake/sbomit-overhead-experiment/repos/kserve/python/kserve/docs/V1alpha1LocalModelNodeList.md
[main] INFO  o.o.codegen.AbstractGenerator - writing file /home/jake/sbomit-overhead-experiment/repos/kserve/python/kserve/kserve/models/v1alpha1_local_model_node_spec.py
[main] INFO  o.o.codegen.DefaultGenerator - File exists. Skipped overwriting /home/jake/sbomit-overhead-experiment/repos/kserve/python/kserve/test/test_v1alpha1_local_model_node_spec.py
[main] INFO  o.o.codegen.AbstractGenerator - writing file /home/jake/sbomit-overhead-experiment/repos/kserve/python/kserve/docs/V1alpha1LocalModelNodeSpec.md
[main] INFO  o.o.codegen.AbstractGenerator - writing file /home/jake/sbomit-overhead-experiment/repos/kserve/python/kserve/kserve/models/v1alpha1_local_model_storage_spec.py
[main] INFO  o.o.codegen.DefaultGenerator - File exists. Skipped overwriting /home/jake/sbomit-overhead-experiment/repos/kserve/python/kserve/test/test_v1alpha1_local_model_storage_spec.py
[main] INFO  o.o.codegen.AbstractGenerator - writing file /home/jake/sbomit-overhead-experiment/repos/kserve/python/kserve/docs/V1alpha1LocalModelStorageSpec.md
[main] INFO  o.o.codegen.AbstractGenerator - writing file /home/jake/sbomit-overhead-experiment/repos/kserve/python/kserve/kserve/models/v1alpha1_model_spec.py
[main] INFO  o.o.codegen.DefaultGenerator - File exists. Skipped overwriting /home/jake/sbomit-overhead-experiment/repos/kserve/python/kserve/test/test_v1alpha1_model_spec.py
[main] INFO  o.o.codegen.AbstractGenerator - writing file /home/jake/sbomit-overhead-experiment/repos/kserve/python/kserve/docs/V1alpha1ModelSpec.md
[main] INFO  o.o.codegen.AbstractGenerator - writing file /home/jake/sbomit-overhead-experiment/repos/kserve/python/kserve/kserve/models/v1alpha1_serving_runtime.py
[main] INFO  o.o.codegen.DefaultGenerator - File exists. Skipped overwriting /home/jake/sbomit-overhead-experiment/repos/kserve/python/kserve/test/test_v1alpha1_serving_runtime.py
[main] INFO  o.o.codegen.AbstractGenerator - writing file /home/jake/sbomit-overhead-experiment/repos/kserve/python/kserve/docs/V1alpha1ServingRuntime.md
[main] INFO  o.o.codegen.AbstractGenerator - writing file /home/jake/sbomit-overhead-experiment/repos/kserve/python/kserve/kserve/models/v1alpha1_serving_runtime_list.py
[main] INFO  o.o.codegen.DefaultGenerator - File exists. Skipped overwriting /home/jake/sbomit-overhead-experiment/repos/kserve/python/kserve/test/test_v1alpha1_serving_runtime_list.py
[main] INFO  o.o.codegen.AbstractGenerator - writing file /home/jake/sbomit-overhead-experiment/repos/kserve/python/kserve/docs/V1alpha1ServingRuntimeList.md
[main] INFO  o.o.codegen.AbstractGenerator - writing file /home/jake/sbomit-overhead-experiment/repos/kserve/python/kserve/kserve/models/v1alpha1_serving_runtime_pod_spec.py
[main] INFO  o.o.codegen.DefaultGenerator - File exists. Skipped overwriting /home/jake/sbomit-overhead-experiment/repos/kserve/python/kserve/test/test_v1alpha1_serving_runtime_pod_spec.py
[main] INFO  o.o.codegen.AbstractGenerator - writing file /home/jake/sbomit-overhead-experiment/repos/kserve/python/kserve/docs/V1alpha1ServingRuntimePodSpec.md
[main] INFO  o.o.codegen.AbstractGenerator - writing file /home/jake/sbomit-overhead-experiment/repos/kserve/python/kserve/kserve/models/v1alpha1_serving_runtime_spec.py
[main] INFO  o.o.codegen.DefaultGenerator - File exists. Skipped overwriting /home/jake/sbomit-overhead-experiment/repos/kserve/python/kserve/test/test_v1alpha1_serving_runtime_spec.py
[main] INFO  o.o.codegen.AbstractGenerator - writing file /home/jake/sbomit-overhead-experiment/repos/kserve/python/kserve/docs/V1alpha1ServingRuntimeSpec.md
[main] INFO  o.o.codegen.AbstractGenerator - writing file /home/jake/sbomit-overhead-experiment/repos/kserve/python/kserve/kserve/models/v1alpha1_storage_container_spec.py
[main] INFO  o.o.codegen.DefaultGenerator - File exists. Skipped overwriting /home/jake/sbomit-overhead-experiment/repos/kserve/python/kserve/test/test_v1alpha1_storage_container_spec.py
[main] INFO  o.o.codegen.AbstractGenerator - writing file /home/jake/sbomit-overhead-experiment/repos/kserve/python/kserve/docs/V1alpha1StorageContainerSpec.md
[main] INFO  o.o.codegen.AbstractGenerator - writing file /home/jake/sbomit-overhead-experiment/repos/kserve/python/kserve/kserve/models/v1alpha1_storage_helper.py
[main] INFO  o.o.codegen.DefaultGenerator - File exists. Skipped overwriting /home/jake/sbomit-overhead-experiment/repos/kserve/python/kserve/test/test_v1alpha1_storage_helper.py
[main] INFO  o.o.codegen.AbstractGenerator - writing file /home/jake/sbomit-overhead-experiment/repos/kserve/python/kserve/docs/V1alpha1StorageHelper.md
[main] INFO  o.o.codegen.AbstractGenerator - writing file /home/jake/sbomit-overhead-experiment/repos/kserve/python/kserve/kserve/models/v1alpha1_supported_model_format.py
[main] INFO  o.o.codegen.DefaultGenerator - File exists. Skipped overwriting /home/jake/sbomit-overhead-experiment/repos/kserve/python/kserve/test/test_v1alpha1_supported_model_format.py
[main] INFO  o.o.codegen.AbstractGenerator - writing file /home/jake/sbomit-overhead-experiment/repos/kserve/python/kserve/docs/V1alpha1SupportedModelFormat.md
[main] INFO  o.o.codegen.AbstractGenerator - writing file /home/jake/sbomit-overhead-experiment/repos/kserve/python/kserve/kserve/models/v1alpha1_supported_uri_format.py
[main] INFO  o.o.codegen.DefaultGenerator - File exists. Skipped overwriting /home/jake/sbomit-overhead-experiment/repos/kserve/python/kserve/test/test_v1alpha1_supported_uri_format.py
[main] INFO  o.o.codegen.AbstractGenerator - writing file /home/jake/sbomit-overhead-experiment/repos/kserve/python/kserve/docs/V1alpha1SupportedUriFormat.md
[main] INFO  o.o.codegen.AbstractGenerator - writing file /home/jake/sbomit-overhead-experiment/repos/kserve/python/kserve/kserve/models/v1alpha1_trained_model.py
[main] INFO  o.o.codegen.DefaultGenerator - File exists. Skipped overwriting /home/jake/sbomit-overhead-experiment/repos/kserve/python/kserve/test/test_v1alpha1_trained_model.py
[main] INFO  o.o.codegen.AbstractGenerator - writing file /home/jake/sbomit-overhead-experiment/repos/kserve/python/kserve/docs/V1alpha1TrainedModel.md
[main] INFO  o.o.codegen.AbstractGenerator - writing file /home/jake/sbomit-overhead-experiment/repos/kserve/python/kserve/kserve/models/v1alpha1_trained_model_list.py
[main] INFO  o.o.codegen.DefaultGenerator - File exists. Skipped overwriting /home/jake/sbomit-overhead-experiment/repos/kserve/python/kserve/test/test_v1alpha1_trained_model_list.py
[main] INFO  o.o.codegen.AbstractGenerator - writing file /home/jake/sbomit-overhead-experiment/repos/kserve/python/kserve/docs/V1alpha1TrainedModelList.md
[main] INFO  o.o.codegen.AbstractGenerator - writing file /home/jake/sbomit-overhead-experiment/repos/kserve/python/kserve/kserve/models/v1alpha1_trained_model_spec.py
[main] INFO  o.o.codegen.DefaultGenerator - File exists. Skipped overwriting /home/jake/sbomit-overhead-experiment/repos/kserve/python/kserve/test/test_v1alpha1_trained_model_spec.py
[main] INFO  o.o.codegen.AbstractGenerator - writing file /home/jake/sbomit-overhead-experiment/repos/kserve/python/kserve/docs/V1alpha1TrainedModelSpec.md
[main] INFO  o.o.codegen.AbstractGenerator - writing file /home/jake/sbomit-overhead-experiment/repos/kserve/python/kserve/kserve/models/v1alpha2_llm_inference_service.py
[main] INFO  o.o.codegen.DefaultGenerator - File exists. Skipped overwriting /home/jake/sbomit-overhead-experiment/repos/kserve/python/kserve/test/test_v1alpha2_llm_inference_service.py
[main] INFO  o.o.codegen.AbstractGenerator - writing file /home/jake/sbomit-overhead-experiment/repos/kserve/python/kserve/docs/V1alpha2LLMInferenceService.md
[main] INFO  o.o.codegen.AbstractGenerator - writing file /home/jake/sbomit-overhead-experiment/repos/kserve/python/kserve/kserve/models/v1alpha2_llm_inference_service_config.py
[main] INFO  o.o.codegen.DefaultGenerator - File exists. Skipped overwriting /home/jake/sbomit-overhead-experiment/repos/kserve/python/kserve/test/test_v1alpha2_llm_inference_service_config.py
[main] INFO  o.o.codegen.AbstractGenerator - writing file /home/jake/sbomit-overhead-experiment/repos/kserve/python/kserve/docs/V1alpha2LLMInferenceServiceConfig.md
[main] INFO  o.o.codegen.AbstractGenerator - writing file /home/jake/sbomit-overhead-experiment/repos/kserve/python/kserve/kserve/models/v1alpha2_llm_inference_service_config_list.py
[main] INFO  o.o.codegen.DefaultGenerator - File exists. Skipped overwriting /home/jake/sbomit-overhead-experiment/repos/kserve/python/kserve/test/test_v1alpha2_llm_inference_service_config_list.py
[main] INFO  o.o.codegen.AbstractGenerator - writing file /home/jake/sbomit-overhead-experiment/repos/kserve/python/kserve/docs/V1alpha2LLMInferenceServiceConfigList.md
[main] INFO  o.o.codegen.AbstractGenerator - writing file /home/jake/sbomit-overhead-experiment/repos/kserve/python/kserve/kserve/models/v1alpha2_llm_inference_service_list.py
[main] INFO  o.o.codegen.DefaultGenerator - File exists. Skipped overwriting /home/jake/sbomit-overhead-experiment/repos/kserve/python/kserve/test/test_v1alpha2_llm_inference_service_list.py
[main] INFO  o.o.codegen.AbstractGenerator - writing file /home/jake/sbomit-overhead-experiment/repos/kserve/python/kserve/docs/V1alpha2LLMInferenceServiceList.md
[main] INFO  o.o.codegen.AbstractGenerator - writing file /home/jake/sbomit-overhead-experiment/repos/kserve/python/kserve/kserve/models/v1beta1_art_explainer_spec.py
[main] INFO  o.o.codegen.DefaultGenerator - File exists. Skipped overwriting /home/jake/sbomit-overhead-experiment/repos/kserve/python/kserve/test/test_v1beta1_art_explainer_spec.py
[main] INFO  o.o.codegen.AbstractGenerator - writing file /home/jake/sbomit-overhead-experiment/repos/kserve/python/kserve/docs/V1beta1ARTExplainerSpec.md
[main] INFO  o.o.codegen.AbstractGenerator - writing file /home/jake/sbomit-overhead-experiment/repos/kserve/python/kserve/kserve/models/v1beta1_authentication_ref.py
[main] INFO  o.o.codegen.DefaultGenerator - File exists. Skipped overwriting /home/jake/sbomit-overhead-experiment/repos/kserve/python/kserve/test/test_v1beta1_authentication_ref.py
[main] INFO  o.o.codegen.AbstractGenerator - writing file /home/jake/sbomit-overhead-experiment/repos/kserve/python/kserve/docs/V1beta1AuthenticationRef.md
[main] INFO  o.o.codegen.AbstractGenerator - writing file /home/jake/sbomit-overhead-experiment/repos/kserve/python/kserve/kserve/models/v1beta1_auto_scaling_spec.py
[main] INFO  o.o.codegen.DefaultGenerator - File exists. Skipped overwriting /home/jake/sbomit-overhead-experiment/repos/kserve/python/kserve/test/test_v1beta1_auto_scaling_spec.py
[main] INFO  o.o.codegen.AbstractGenerator - writing file /home/jake/sbomit-overhead-experiment/repos/kserve/python/kserve/docs/V1beta1AutoScalingSpec.md
[main] INFO  o.o.codegen.AbstractGenerator - writing file /home/jake/sbomit-overhead-experiment/repos/kserve/python/kserve/kserve/models/v1beta1_autoscaler_config.py
[main] INFO  o.o.codegen.DefaultGenerator - File exists. Skipped overwriting /home/jake/sbomit-overhead-experiment/repos/kserve/python/kserve/test/test_v1beta1_autoscaler_config.py
[main] INFO  o.o.codegen.AbstractGenerator - writing file /home/jake/sbomit-overhead-experiment/repos/kserve/python/kserve/docs/V1beta1AutoscalerConfig.md
[main] INFO  o.o.codegen.AbstractGenerator - writing file /home/jake/sbomit-overhead-experiment/repos/kserve/python/kserve/kserve/models/v1beta1_batcher.py
[main] INFO  o.o.codegen.DefaultGenerator - File exists. Skipped overwriting /home/jake/sbomit-overhead-experiment/repos/kserve/python/kserve/test/test_v1beta1_batcher.py
[main] INFO  o.o.codegen.AbstractGenerator - writing file /home/jake/sbomit-overhead-experiment/repos/kserve/python/kserve/docs/V1beta1Batcher.md
[main] INFO  o.o.codegen.AbstractGenerator - writing file /home/jake/sbomit-overhead-experiment/repos/kserve/python/kserve/kserve/models/v1beta1_canary_spec.py
[main] INFO  o.o.codegen.DefaultGenerator - File exists. Skipped overwriting /home/jake/sbomit-overhead-experiment/repos/kserve/python/kserve/test/test_v1beta1_canary_spec.py
[main] INFO  o.o.codegen.AbstractGenerator - writing file /home/jake/sbomit-overhead-experiment/repos/kserve/python/kserve/docs/V1beta1CanarySpec.md
[main] INFO  o.o.codegen.AbstractGenerator - writing file /home/jake/sbomit-overhead-experiment/repos/kserve/python/kserve/kserve/models/v1beta1_canary_status.py
[main] INFO  o.o.codegen.DefaultGenerator - File exists. Skipped overwriting /home/jake/sbomit-overhead-experiment/repos/kserve/python/kserve/test/test_v1beta1_canary_status.py
[main] INFO  o.o.codegen.AbstractGenerator - writing file /home/jake/sbomit-overhead-experiment/repos/kserve/python/kserve/docs/V1beta1CanaryStatus.md
[main] INFO  o.o.codegen.AbstractGenerator - writing file /home/jake/sbomit-overhead-experiment/repos/kserve/python/kserve/kserve/models/v1beta1_component_extension_spec.py
[main] INFO  o.o.codegen.DefaultGenerator - File exists. Skipped overwriting /home/jake/sbomit-overhead-experiment/repos/kserve/python/kserve/test/test_v1beta1_component_extension_spec.py
[main] INFO  o.o.codegen.AbstractGenerator - writing file /home/jake/sbomit-overhead-experiment/repos/kserve/python/kserve/docs/V1beta1ComponentExtensionSpec.md
[main] INFO  o.o.codegen.AbstractGenerator - writing file /home/jake/sbomit-overhead-experiment/repos/kserve/python/kserve/kserve/models/v1beta1_component_status_spec.py
[main] INFO  o.o.codegen.DefaultGenerator - File exists. Skipped overwriting /home/jake/sbomit-overhead-experiment/repos/kserve/python/kserve/test/test_v1beta1_component_status_spec.py
[main] INFO  o.o.codegen.AbstractGenerator - writing file /home/jake/sbomit-overhead-experiment/repos/kserve/python/kserve/docs/V1beta1ComponentStatusSpec.md
[main] INFO  o.o.codegen.AbstractGenerator - writing file /home/jake/sbomit-overhead-experiment/repos/kserve/python/kserve/kserve/models/v1beta1_confidential_spec.py
[main] INFO  o.o.codegen.DefaultGenerator - File exists. Skipped overwriting /home/jake/sbomit-overhead-experiment/repos/kserve/python/kserve/test/test_v1beta1_confidential_spec.py
[main] INFO  o.o.codegen.AbstractGenerator - writing file /home/jake/sbomit-overhead-experiment/repos/kserve/python/kserve/docs/V1beta1ConfidentialSpec.md
[main] INFO  o.o.codegen.AbstractGenerator - writing file /home/jake/sbomit-overhead-experiment/repos/kserve/python/kserve/kserve/models/v1beta1_custom_explainer.py
[main] INFO  o.o.codegen.DefaultGenerator - File exists. Skipped overwriting /home/jake/sbomit-overhead-experiment/repos/kserve/python/kserve/test/test_v1beta1_custom_explainer.py
[main] INFO  o.o.codegen.AbstractGenerator - writing file /home/jake/sbomit-overhead-experiment/repos/kserve/python/kserve/docs/V1beta1CustomExplainer.md
[main] INFO  o.o.codegen.AbstractGenerator - writing file /home/jake/sbomit-overhead-experiment/repos/kserve/python/kserve/kserve/models/v1beta1_custom_predictor.py
[main] INFO  o.o.codegen.DefaultGenerator - File exists. Skipped overwriting /home/jake/sbomit-overhead-experiment/repos/kserve/python/kserve/test/test_v1beta1_custom_predictor.py
[main] INFO  o.o.codegen.AbstractGenerator - writing file /home/jake/sbomit-overhead-experiment/repos/kserve/python/kserve/docs/V1beta1CustomPredictor.md
[main] INFO  o.o.codegen.AbstractGenerator - writing file /home/jake/sbomit-overhead-experiment/repos/kserve/python/kserve/kserve/models/v1beta1_custom_transformer.py
[main] INFO  o.o.codegen.DefaultGenerator - File exists. Skipped overwriting /home/jake/sbomit-overhead-experiment/repos/kserve/python/kserve/test/test_v1beta1_custom_transformer.py
[main] INFO  o.o.codegen.AbstractGenerator - writing file /home/jake/sbomit-overhead-experiment/repos/kserve/python/kserve/docs/V1beta1CustomTransformer.md
[main] INFO  o.o.codegen.AbstractGenerator - writing file /home/jake/sbomit-overhead-experiment/repos/kserve/python/kserve/kserve/models/v1beta1_deploy_config.py
[main] INFO  o.o.codegen.DefaultGenerator - File exists. Skipped overwriting /home/jake/sbomit-overhead-experiment/repos/kserve/python/kserve/test/test_v1beta1_deploy_config.py
[main] INFO  o.o.codegen.AbstractGenerator - writing file /home/jake/sbomit-overhead-experiment/repos/kserve/python/kserve/docs/V1beta1DeployConfig.md
[main] INFO  o.o.codegen.AbstractGenerator - writing file /home/jake/sbomit-overhead-experiment/repos/kserve/python/kserve/kserve/models/v1beta1_deployment_rollout_strategy.py
[main] INFO  o.o.codegen.DefaultGenerator - File exists. Skipped overwriting /home/jake/sbomit-overhead-experiment/repos/kserve/python/kserve/test/test_v1beta1_deployment_rollout_strategy.py
[main] INFO  o.o.codegen.AbstractGenerator - writing file /home/jake/sbomit-overhead-experiment/repos/kserve/python/kserve/docs/V1beta1DeploymentRolloutStrategy.md
[main] INFO  o.o.codegen.AbstractGenerator - writing file /home/jake/sbomit-overhead-experiment/repos/kserve/python/kserve/kserve/models/v1beta1_explainer_config.py
[main] INFO  o.o.codegen.DefaultGenerator - File exists. Skipped overwriting /home/jake/sbomit-overhead-experiment/repos/kserve/python/kserve/test/test_v1beta1_explainer_config.py
[main] INFO  o.o.codegen.AbstractGenerator - writing file /home/jake/sbomit-overhead-experiment/repos/kserve/python/kserve/docs/V1beta1ExplainerConfig.md
[main] INFO  o.o.codegen.AbstractGenerator - writing file /home/jake/sbomit-overhead-experiment/repos/kserve/python/kserve/kserve/models/v1beta1_explainer_extension_spec.py
[main] INFO  o.o.codegen.DefaultGenerator - File exists. Skipped overwriting /home/jake/sbomit-overhead-experiment/repos/kserve/python/kserve/test/test_v1beta1_explainer_extension_spec.py
[main] INFO  o.o.codegen.AbstractGenerator - writing file /home/jake/sbomit-overhead-experiment/repos/kserve/python/kserve/docs/V1beta1ExplainerExtensionSpec.md
[main] INFO  o.o.codegen.AbstractGenerator - writing file /home/jake/sbomit-overhead-experiment/repos/kserve/python/kserve/kserve/models/v1beta1_explainer_spec.py
[main] INFO  o.o.codegen.DefaultGenerator - File exists. Skipped overwriting /home/jake/sbomit-overhead-experiment/repos/kserve/python/kserve/test/test_v1beta1_explainer_spec.py
[main] INFO  o.o.codegen.AbstractGenerator - writing file /home/jake/sbomit-overhead-experiment/repos/kserve/python/kserve/docs/V1beta1ExplainerSpec.md
[main] INFO  o.o.codegen.AbstractGenerator - writing file /home/jake/sbomit-overhead-experiment/repos/kserve/python/kserve/kserve/models/v1beta1_explainers_config.py
[main] INFO  o.o.codegen.DefaultGenerator - File exists. Skipped overwriting /home/jake/sbomit-overhead-experiment/repos/kserve/python/kserve/test/test_v1beta1_explainers_config.py
[main] INFO  o.o.codegen.AbstractGenerator - writing file /home/jake/sbomit-overhead-experiment/repos/kserve/python/kserve/docs/V1beta1ExplainersConfig.md
[main] INFO  o.o.codegen.AbstractGenerator - writing file /home/jake/sbomit-overhead-experiment/repos/kserve/python/kserve/kserve/models/v1beta1_ext_metric_authentication.py
[main] INFO  o.o.codegen.DefaultGenerator - File exists. Skipped overwriting /home/jake/sbomit-overhead-experiment/repos/kserve/python/kserve/test/test_v1beta1_ext_metric_authentication.py
[main] INFO  o.o.codegen.AbstractGenerator - writing file /home/jake/sbomit-overhead-experiment/repos/kserve/python/kserve/docs/V1beta1ExtMetricAuthentication.md
[main] INFO  o.o.codegen.AbstractGenerator - writing file /home/jake/sbomit-overhead-experiment/repos/kserve/python/kserve/kserve/models/v1beta1_external_metric_source.py
[main] INFO  o.o.codegen.DefaultGenerator - File exists. Skipped overwriting /home/jake/sbomit-overhead-experiment/repos/kserve/python/kserve/test/test_v1beta1_external_metric_source.py
[main] INFO  o.o.codegen.AbstractGenerator - writing file /home/jake/sbomit-overhead-experiment/repos/kserve/python/kserve/docs/V1beta1ExternalMetricSource.md
[main] INFO  o.o.codegen.AbstractGenerator - writing file /home/jake/sbomit-overhead-experiment/repos/kserve/python/kserve/kserve/models/v1beta1_external_metrics.py
[main] INFO  o.o.codegen.DefaultGenerator - File exists. Skipped overwriting /home/jake/sbomit-overhead-experiment/repos/kserve/python/kserve/test/test_v1beta1_external_metrics.py
[main] INFO  o.o.codegen.AbstractGenerator - writing file /home/jake/sbomit-overhead-experiment/repos/kserve/python/kserve/docs/V1beta1ExternalMetrics.md
[main] INFO  o.o.codegen.AbstractGenerator - writing file /home/jake/sbomit-overhead-experiment/repos/kserve/python/kserve/kserve/models/v1beta1_failure_info.py
[main] INFO  o.o.codegen.DefaultGenerator - File exists. Skipped overwriting /home/jake/sbomit-overhead-experiment/repos/kserve/python/kserve/test/test_v1beta1_failure_info.py
[main] INFO  o.o.codegen.AbstractGenerator - writing file /home/jake/sbomit-overhead-experiment/repos/kserve/python/kserve/docs/V1beta1FailureInfo.md
[main] INFO  o.o.codegen.AbstractGenerator - writing file /home/jake/sbomit-overhead-experiment/repos/kserve/python/kserve/kserve/models/v1beta1_hugging_face_runtime_spec.py
[main] INFO  o.o.codegen.DefaultGenerator - File exists. Skipped overwriting /home/jake/sbomit-overhead-experiment/repos/kserve/python/kserve/test/test_v1beta1_hugging_face_runtime_spec.py
[main] INFO  o.o.codegen.AbstractGenerator - writing file /home/jake/sbomit-overhead-experiment/repos/kserve/python/kserve/docs/V1beta1HuggingFaceRuntimeSpec.md
[main] INFO  o.o.codegen.AbstractGenerator - writing file /home/jake/sbomit-overhead-experiment/repos/kserve/python/kserve/kserve/models/v1beta1_inference_service.py
[main] INFO  o.o.codegen.DefaultGenerator - File exists. Skipped overwriting /home/jake/sbomit-overhead-experiment/repos/kserve/python/kserve/test/test_v1beta1_inference_service.py
[main] INFO  o.o.codegen.AbstractGenerator - writing file /home/jake/sbomit-overhead-experiment/repos/kserve/python/kserve/docs/V1beta1InferenceService.md
[main] INFO  o.o.codegen.AbstractGenerator - writing file /home/jake/sbomit-overhead-experiment/repos/kserve/python/kserve/kserve/models/v1beta1_inference_service_list.py
[main] INFO  o.o.codegen.DefaultGenerator - File exists. Skipped overwriting /home/jake/sbomit-overhead-experiment/repos/kserve/python/kserve/test/test_v1beta1_inference_service_list.py
[main] INFO  o.o.codegen.AbstractGenerator - writing file /home/jake/sbomit-overhead-experiment/repos/kserve/python/kserve/docs/V1beta1InferenceServiceList.md
[main] INFO  o.o.codegen.AbstractGenerator - writing file /home/jake/sbomit-overhead-experiment/repos/kserve/python/kserve/kserve/models/v1beta1_inference_service_spec.py
[main] INFO  o.o.codegen.DefaultGenerator - File exists. Skipped overwriting /home/jake/sbomit-overhead-experiment/repos/kserve/python/kserve/test/test_v1beta1_inference_service_spec.py
[main] INFO  o.o.codegen.AbstractGenerator - writing file /home/jake/sbomit-overhead-experiment/repos/kserve/python/kserve/docs/V1beta1InferenceServiceSpec.md
[main] INFO  o.o.codegen.AbstractGenerator - writing file /home/jake/sbomit-overhead-experiment/repos/kserve/python/kserve/kserve/models/v1beta1_inference_service_status.py
[main] INFO  o.o.codegen.DefaultGenerator - File exists. Skipped overwriting /home/jake/sbomit-overhead-experiment/repos/kserve/python/kserve/test/test_v1beta1_inference_service_status.py
[main] INFO  o.o.codegen.AbstractGenerator - writing file /home/jake/sbomit-overhead-experiment/repos/kserve/python/kserve/docs/V1beta1InferenceServiceStatus.md
[main] INFO  o.o.codegen.AbstractGenerator - writing file /home/jake/sbomit-overhead-experiment/repos/kserve/python/kserve/kserve/models/v1beta1_inference_services_config.py
[main] INFO  o.o.codegen.DefaultGenerator - File exists. Skipped overwriting /home/jake/sbomit-overhead-experiment/repos/kserve/python/kserve/test/test_v1beta1_inference_services_config.py
[main] INFO  o.o.codegen.AbstractGenerator - writing file /home/jake/sbomit-overhead-experiment/repos/kserve/python/kserve/docs/V1beta1InferenceServicesConfig.md
[main] INFO  o.o.codegen.AbstractGenerator - writing file /home/jake/sbomit-overhead-experiment/repos/kserve/python/kserve/kserve/models/v1beta1_ingress_config.py
[main] INFO  o.o.codegen.DefaultGenerator - File exists. Skipped overwriting /home/jake/sbomit-overhead-experiment/repos/kserve/python/kserve/test/test_v1beta1_ingress_config.py
[main] INFO  o.o.codegen.AbstractGenerator - writing file /home/jake/sbomit-overhead-experiment/repos/kserve/python/kserve/docs/V1beta1IngressConfig.md
[main] INFO  o.o.codegen.AbstractGenerator - writing file /home/jake/sbomit-overhead-experiment/repos/kserve/python/kserve/kserve/models/v1beta1_light_gbm_spec.py
[main] INFO  o.o.codegen.DefaultGenerator - File exists. Skipped overwriting /home/jake/sbomit-overhead-experiment/repos/kserve/python/kserve/test/test_v1beta1_light_gbm_spec.py
[main] INFO  o.o.codegen.AbstractGenerator - writing file /home/jake/sbomit-overhead-experiment/repos/kserve/python/kserve/docs/V1beta1LightGBMSpec.md
[main] INFO  o.o.codegen.AbstractGenerator - writing file /home/jake/sbomit-overhead-experiment/repos/kserve/python/kserve/kserve/models/v1beta1_local_model_config.py
[main] INFO  o.o.codegen.DefaultGenerator - File exists. Skipped overwriting /home/jake/sbomit-overhead-experiment/repos/kserve/python/kserve/test/test_v1beta1_local_model_config.py
[main] INFO  o.o.codegen.AbstractGenerator - writing file /home/jake/sbomit-overhead-experiment/repos/kserve/python/kserve/docs/V1beta1LocalModelConfig.md
[main] INFO  o.o.codegen.AbstractGenerator - writing file /home/jake/sbomit-overhead-experiment/repos/kserve/python/kserve/kserve/models/v1beta1_logger_spec.py
[main] INFO  o.o.codegen.DefaultGenerator - File exists. Skipped overwriting /home/jake/sbomit-overhead-experiment/repos/kserve/python/kserve/test/test_v1beta1_logger_spec.py
[main] INFO  o.o.codegen.AbstractGenerator - writing file /home/jake/sbomit-overhead-experiment/repos/kserve/python/kserve/docs/V1beta1LoggerSpec.md
[main] INFO  o.o.codegen.AbstractGenerator - writing file /home/jake/sbomit-overhead-experiment/repos/kserve/python/kserve/kserve/models/v1beta1_logger_storage_spec.py
[main] INFO  o.o.codegen.DefaultGenerator - File exists. Skipped overwriting /home/jake/sbomit-overhead-experiment/repos/kserve/python/kserve/test/test_v1beta1_logger_storage_spec.py
[main] INFO  o.o.codegen.AbstractGenerator - writing file /home/jake/sbomit-overhead-experiment/repos/kserve/python/kserve/docs/V1beta1LoggerStorageSpec.md
[main] INFO  o.o.codegen.AbstractGenerator - writing file /home/jake/sbomit-overhead-experiment/repos/kserve/python/kserve/kserve/models/v1beta1_metric_target.py
[main] INFO  o.o.codegen.DefaultGenerator - File exists. Skipped overwriting /home/jake/sbomit-overhead-experiment/repos/kserve/python/kserve/test/test_v1beta1_metric_target.py
[main] INFO  o.o.codegen.AbstractGenerator - writing file /home/jake/sbomit-overhead-experiment/repos/kserve/python/kserve/docs/V1beta1MetricTarget.md
[main] INFO  o.o.codegen.AbstractGenerator - writing file /home/jake/sbomit-overhead-experiment/repos/kserve/python/kserve/kserve/models/v1beta1_metrics_spec.py
[main] INFO  o.o.codegen.DefaultGenerator - File exists. Skipped overwriting /home/jake/sbomit-overhead-experiment/repos/kserve/python/kserve/test/test_v1beta1_metrics_spec.py
[main] INFO  o.o.codegen.AbstractGenerator - writing file /home/jake/sbomit-overhead-experiment/repos/kserve/python/kserve/docs/V1beta1MetricsSpec.md
[main] INFO  o.o.codegen.AbstractGenerator - writing file /home/jake/sbomit-overhead-experiment/repos/kserve/python/kserve/kserve/models/v1beta1_model_copies.py
[main] INFO  o.o.codegen.DefaultGenerator - File exists. Skipped overwriting /home/jake/sbomit-overhead-experiment/repos/kserve/python/kserve/test/test_v1beta1_model_copies.py
[main] INFO  o.o.codegen.AbstractGenerator - writing file /home/jake/sbomit-overhead-experiment/repos/kserve/python/kserve/docs/V1beta1ModelCopies.md
[main] INFO  o.o.codegen.AbstractGenerator - writing file /home/jake/sbomit-overhead-experiment/repos/kserve/python/kserve/kserve/models/v1beta1_model_format.py
[main] INFO  o.o.codegen.DefaultGenerator - File exists. Skipped overwriting /home/jake/sbomit-overhead-experiment/repos/kserve/python/kserve/test/test_v1beta1_model_format.py
[main] INFO  o.o.codegen.AbstractGenerator - writing file /home/jake/sbomit-overhead-experiment/repos/kserve/python/kserve/docs/V1beta1ModelFormat.md
[main] INFO  o.o.codegen.AbstractGenerator - writing file /home/jake/sbomit-overhead-experiment/repos/kserve/python/kserve/kserve/models/v1beta1_model_revision_states.py
[main] INFO  o.o.codegen.DefaultGenerator - File exists. Skipped overwriting /home/jake/sbomit-overhead-experiment/repos/kserve/python/kserve/test/test_v1beta1_model_revision_states.py
[main] INFO  o.o.codegen.AbstractGenerator - writing file /home/jake/sbomit-overhead-experiment/repos/kserve/python/kserve/docs/V1beta1ModelRevisionStates.md
[main] INFO  o.o.codegen.AbstractGenerator - writing file /home/jake/sbomit-overhead-experiment/repos/kserve/python/kserve/kserve/models/v1beta1_model_spec.py
[main] INFO  o.o.codegen.DefaultGenerator - File exists. Skipped overwriting /home/jake/sbomit-overhead-experiment/repos/kserve/python/kserve/test/test_v1beta1_model_spec.py
[main] INFO  o.o.codegen.AbstractGenerator - writing file /home/jake/sbomit-overhead-experiment/repos/kserve/python/kserve/docs/V1beta1ModelSpec.md
[main] INFO  o.o.codegen.AbstractGenerator - writing file /home/jake/sbomit-overhead-experiment/repos/kserve/python/kserve/kserve/models/v1beta1_model_status.py
[main] INFO  o.o.codegen.DefaultGenerator - File exists. Skipped overwriting /home/jake/sbomit-overhead-experiment/repos/kserve/python/kserve/test/test_v1beta1_model_status.py
[main] INFO  o.o.codegen.AbstractGenerator - writing file /home/jake/sbomit-overhead-experiment/repos/kserve/python/kserve/docs/V1beta1ModelStatus.md
[main] INFO  o.o.codegen.AbstractGenerator - writing file /home/jake/sbomit-overhead-experiment/repos/kserve/python/kserve/kserve/models/v1beta1_model_storage_spec.py
[main] INFO  o.o.codegen.DefaultGenerator - File exists. Skipped overwriting /home/jake/sbomit-overhead-experiment/repos/kserve/python/kserve/test/test_v1beta1_model_storage_spec.py
[main] INFO  o.o.codegen.AbstractGenerator - writing file /home/jake/sbomit-overhead-experiment/repos/kserve/python/kserve/docs/V1beta1ModelStorageSpec.md
[main] INFO  o.o.codegen.AbstractGenerator - writing file /home/jake/sbomit-overhead-experiment/repos/kserve/python/kserve/kserve/models/v1beta1_multi_node_config.py
[main] INFO  o.o.codegen.DefaultGenerator - File exists. Skipped overwriting /home/jake/sbomit-overhead-experiment/repos/kserve/python/kserve/test/test_v1beta1_multi_node_config.py
[main] INFO  o.o.codegen.AbstractGenerator - writing file /home/jake/sbomit-overhead-experiment/repos/kserve/python/kserve/docs/V1beta1MultiNodeConfig.md
[main] INFO  o.o.codegen.AbstractGenerator - writing file /home/jake/sbomit-overhead-experiment/repos/kserve/python/kserve/kserve/models/v1beta1_onnx_runtime_spec.py
[main] INFO  o.o.codegen.DefaultGenerator - File exists. Skipped overwriting /home/jake/sbomit-overhead-experiment/repos/kserve/python/kserve/test/test_v1beta1_onnx_runtime_spec.py
[main] INFO  o.o.codegen.AbstractGenerator - writing file /home/jake/sbomit-overhead-experiment/repos/kserve/python/kserve/docs/V1beta1ONNXRuntimeSpec.md
[main] INFO  o.o.codegen.AbstractGenerator - writing file /home/jake/sbomit-overhead-experiment/repos/kserve/python/kserve/kserve/models/v1beta1_otel_collector_config.py
[main] INFO  o.o.codegen.DefaultGenerator - File exists. Skipped overwriting /home/jake/sbomit-overhead-experiment/repos/kserve/python/kserve/test/test_v1beta1_otel_collector_config.py
[main] INFO  o.o.codegen.AbstractGenerator - writing file /home/jake/sbomit-overhead-experiment/repos/kserve/python/kserve/docs/V1beta1OtelCollectorConfig.md
[main] INFO  o.o.codegen.AbstractGenerator - writing file /home/jake/sbomit-overhead-experiment/repos/kserve/python/kserve/kserve/models/v1beta1_pmml_spec.py
[main] INFO  o.o.codegen.DefaultGenerator - File exists. Skipped overwriting /home/jake/sbomit-overhead-experiment/repos/kserve/python/kserve/test/test_v1beta1_pmml_spec.py
[main] INFO  o.o.codegen.AbstractGenerator - writing file /home/jake/sbomit-overhead-experiment/repos/kserve/python/kserve/docs/V1beta1PMMLSpec.md
[main] INFO  o.o.codegen.AbstractGenerator - writing file /home/jake/sbomit-overhead-experiment/repos/kserve/python/kserve/kserve/models/v1beta1_paddle_server_spec.py
[main] INFO  o.o.codegen.DefaultGenerator - File exists. Skipped overwriting /home/jake/sbomit-overhead-experiment/repos/kserve/python/kserve/test/test_v1beta1_paddle_server_spec.py
[main] INFO  o.o.codegen.AbstractGenerator - writing file /home/jake/sbomit-overhead-experiment/repos/kserve/python/kserve/docs/V1beta1PaddleServerSpec.md
[main] INFO  o.o.codegen.AbstractGenerator - writing file /home/jake/sbomit-overhead-experiment/repos/kserve/python/kserve/kserve/models/v1beta1_pod_metric_source.py
[main] INFO  o.o.codegen.DefaultGenerator - File exists. Skipped overwriting /home/jake/sbomit-overhead-experiment/repos/kserve/python/kserve/test/test_v1beta1_pod_metric_source.py
[main] INFO  o.o.codegen.AbstractGenerator - writing file /home/jake/sbomit-overhead-experiment/repos/kserve/python/kserve/docs/V1beta1PodMetricSource.md
[main] INFO  o.o.codegen.AbstractGenerator - writing file /home/jake/sbomit-overhead-experiment/repos/kserve/python/kserve/kserve/models/v1beta1_pod_metrics.py
[main] INFO  o.o.codegen.DefaultGenerator - File exists. Skipped overwriting /home/jake/sbomit-overhead-experiment/repos/kserve/python/kserve/test/test_v1beta1_pod_metrics.py
[main] INFO  o.o.codegen.AbstractGenerator - writing file /home/jake/sbomit-overhead-experiment/repos/kserve/python/kserve/docs/V1beta1PodMetrics.md
[main] INFO  o.o.codegen.AbstractGenerator - writing file /home/jake/sbomit-overhead-experiment/repos/kserve/python/kserve/kserve/models/v1beta1_pod_spec.py
[main] INFO  o.o.codegen.DefaultGenerator - File exists. Skipped overwriting /home/jake/sbomit-overhead-experiment/repos/kserve/python/kserve/test/test_v1beta1_pod_spec.py
[main] INFO  o.o.codegen.AbstractGenerator - writing file /home/jake/sbomit-overhead-experiment/repos/kserve/python/kserve/docs/V1beta1PodSpec.md
[main] INFO  o.o.codegen.AbstractGenerator - writing file /home/jake/sbomit-overhead-experiment/repos/kserve/python/kserve/kserve/models/v1beta1_predictor_extension_spec.py
[main] INFO  o.o.codegen.DefaultGenerator - File exists. Skipped overwriting /home/jake/sbomit-overhead-experiment/repos/kserve/python/kserve/test/test_v1beta1_predictor_extension_spec.py
[main] INFO  o.o.codegen.AbstractGenerator - writing file /home/jake/sbomit-overhead-experiment/repos/kserve/python/kserve/docs/V1beta1PredictorExtensionSpec.md
[main] INFO  o.o.codegen.AbstractGenerator - writing file /home/jake/sbomit-overhead-experiment/repos/kserve/python/kserve/kserve/models/v1beta1_predictor_spec.py
[main] INFO  o.o.codegen.DefaultGenerator - File exists. Skipped overwriting /home/jake/sbomit-overhead-experiment/repos/kserve/python/kserve/test/test_v1beta1_predictor_spec.py
[main] INFO  o.o.codegen.AbstractGenerator - writing file /home/jake/sbomit-overhead-experiment/repos/kserve/python/kserve/docs/V1beta1PredictorSpec.md
[main] INFO  o.o.codegen.AbstractGenerator - writing file /home/jake/sbomit-overhead-experiment/repos/kserve/python/kserve/kserve/models/v1beta1_resource_config.py
[main] INFO  o.o.codegen.DefaultGenerator - File exists. Skipped overwriting /home/jake/sbomit-overhead-experiment/repos/kserve/python/kserve/test/test_v1beta1_resource_config.py
[main] INFO  o.o.codegen.AbstractGenerator - writing file /home/jake/sbomit-overhead-experiment/repos/kserve/python/kserve/docs/V1beta1ResourceConfig.md
[main] INFO  o.o.codegen.AbstractGenerator - writing file /home/jake/sbomit-overhead-experiment/repos/kserve/python/kserve/kserve/models/v1beta1_resource_metric_source.py
[main] INFO  o.o.codegen.DefaultGenerator - File exists. Skipped overwriting /home/jake/sbomit-overhead-experiment/repos/kserve/python/kserve/test/test_v1beta1_resource_metric_source.py
[main] INFO  o.o.codegen.AbstractGenerator - writing file /home/jake/sbomit-overhead-experiment/repos/kserve/python/kserve/docs/V1beta1ResourceMetricSource.md
[main] INFO  o.o.codegen.AbstractGenerator - writing file /home/jake/sbomit-overhead-experiment/repos/kserve/python/kserve/kserve/models/v1beta1_rollout_spec.py
[main] INFO  o.o.codegen.DefaultGenerator - File exists. Skipped overwriting /home/jake/sbomit-overhead-experiment/repos/kserve/python/kserve/test/test_v1beta1_rollout_spec.py
[main] INFO  o.o.codegen.AbstractGenerator - writing file /home/jake/sbomit-overhead-experiment/repos/kserve/python/kserve/docs/V1beta1RolloutSpec.md
[main] INFO  o.o.codegen.AbstractGenerator - writing file /home/jake/sbomit-overhead-experiment/repos/kserve/python/kserve/kserve/models/v1beta1_sk_learn_spec.py
[main] INFO  o.o.codegen.DefaultGenerator - File exists. Skipped overwriting /home/jake/sbomit-overhead-experiment/repos/kserve/python/kserve/test/test_v1beta1_sk_learn_spec.py
[main] INFO  o.o.codegen.AbstractGenerator - writing file /home/jake/sbomit-overhead-experiment/repos/kserve/python/kserve/docs/V1beta1SKLearnSpec.md
[main] INFO  o.o.codegen.AbstractGenerator - writing file /home/jake/sbomit-overhead-experiment/repos/kserve/python/kserve/kserve/models/v1beta1_security_config.py
[main] INFO  o.o.codegen.DefaultGenerator - File exists. Skipped overwriting /home/jake/sbomit-overhead-experiment/repos/kserve/python/kserve/test/test_v1beta1_security_config.py
[main] INFO  o.o.codegen.AbstractGenerator - writing file /home/jake/sbomit-overhead-experiment/repos/kserve/python/kserve/docs/V1beta1SecurityConfig.md
[main] INFO  o.o.codegen.AbstractGenerator - writing file /home/jake/sbomit-overhead-experiment/repos/kserve/python/kserve/kserve/models/v1beta1_service_config.py
[main] INFO  o.o.codegen.DefaultGenerator - File exists. Skipped overwriting /home/jake/sbomit-overhead-experiment/repos/kserve/python/kserve/test/test_v1beta1_service_config.py
[main] INFO  o.o.codegen.AbstractGenerator - writing file /home/jake/sbomit-overhead-experiment/repos/kserve/python/kserve/docs/V1beta1ServiceConfig.md
[main] INFO  o.o.codegen.AbstractGenerator - writing file /home/jake/sbomit-overhead-experiment/repos/kserve/python/kserve/kserve/models/v1beta1_storage_spec.py
[main] INFO  o.o.codegen.DefaultGenerator - File exists. Skipped overwriting /home/jake/sbomit-overhead-experiment/repos/kserve/python/kserve/test/test_v1beta1_storage_spec.py
[main] INFO  o.o.codegen.AbstractGenerator - writing file /home/jake/sbomit-overhead-experiment/repos/kserve/python/kserve/docs/V1beta1StorageSpec.md
[main] INFO  o.o.codegen.AbstractGenerator - writing file /home/jake/sbomit-overhead-experiment/repos/kserve/python/kserve/kserve/models/v1beta1_storage_uri.py
[main] INFO  o.o.codegen.DefaultGenerator - File exists. Skipped overwriting /home/jake/sbomit-overhead-experiment/repos/kserve/python/kserve/test/test_v1beta1_storage_uri.py
[main] INFO  o.o.codegen.AbstractGenerator - writing file /home/jake/sbomit-overhead-experiment/repos/kserve/python/kserve/docs/V1beta1StorageUri.md
[main] INFO  o.o.codegen.AbstractGenerator - writing file /home/jake/sbomit-overhead-experiment/repos/kserve/python/kserve/kserve/models/v1beta1_tf_serving_spec.py
[main] INFO  o.o.codegen.DefaultGenerator - File exists. Skipped overwriting /home/jake/sbomit-overhead-experiment/repos/kserve/python/kserve/test/test_v1beta1_tf_serving_spec.py
[main] INFO  o.o.codegen.AbstractGenerator - writing file /home/jake/sbomit-overhead-experiment/repos/kserve/python/kserve/docs/V1beta1TFServingSpec.md
[main] INFO  o.o.codegen.AbstractGenerator - writing file /home/jake/sbomit-overhead-experiment/repos/kserve/python/kserve/kserve/models/v1beta1_torch_serve_spec.py
[main] INFO  o.o.codegen.DefaultGenerator - File exists. Skipped overwriting /home/jake/sbomit-overhead-experiment/repos/kserve/python/kserve/test/test_v1beta1_torch_serve_spec.py
[main] INFO  o.o.codegen.AbstractGenerator - writing file /home/jake/sbomit-overhead-experiment/repos/kserve/python/kserve/docs/V1beta1TorchServeSpec.md
[main] INFO  o.o.codegen.AbstractGenerator - writing file /home/jake/sbomit-overhead-experiment/repos/kserve/python/kserve/kserve/models/v1beta1_transformer_spec.py
[main] INFO  o.o.codegen.DefaultGenerator - File exists. Skipped overwriting /home/jake/sbomit-overhead-experiment/repos/kserve/python/kserve/test/test_v1beta1_transformer_spec.py
[main] INFO  o.o.codegen.AbstractGenerator - writing file /home/jake/sbomit-overhead-experiment/repos/kserve/python/kserve/docs/V1beta1TransformerSpec.md
[main] INFO  o.o.codegen.AbstractGenerator - writing file /home/jake/sbomit-overhead-experiment/repos/kserve/python/kserve/kserve/models/v1beta1_triton_spec.py
[main] INFO  o.o.codegen.DefaultGenerator - File exists. Skipped overwriting /home/jake/sbomit-overhead-experiment/repos/kserve/python/kserve/test/test_v1beta1_triton_spec.py
[main] INFO  o.o.codegen.AbstractGenerator - writing file /home/jake/sbomit-overhead-experiment/repos/kserve/python/kserve/docs/V1beta1TritonSpec.md
[main] INFO  o.o.codegen.AbstractGenerator - writing file /home/jake/sbomit-overhead-experiment/repos/kserve/python/kserve/kserve/models/v1beta1_worker_spec.py
[main] INFO  o.o.codegen.DefaultGenerator - File exists. Skipped overwriting /home/jake/sbomit-overhead-experiment/repos/kserve/python/kserve/test/test_v1beta1_worker_spec.py
[main] INFO  o.o.codegen.AbstractGenerator - writing file /home/jake/sbomit-overhead-experiment/repos/kserve/python/kserve/docs/V1beta1WorkerSpec.md
[main] INFO  o.o.codegen.AbstractGenerator - writing file /home/jake/sbomit-overhead-experiment/repos/kserve/python/kserve/kserve/models/v1beta1_xg_boost_spec.py
[main] INFO  o.o.codegen.DefaultGenerator - File exists. Skipped overwriting /home/jake/sbomit-overhead-experiment/repos/kserve/python/kserve/test/test_v1beta1_xg_boost_spec.py
[main] INFO  o.o.codegen.AbstractGenerator - writing file /home/jake/sbomit-overhead-experiment/repos/kserve/python/kserve/docs/V1beta1XGBoostSpec.md
[main] WARN  o.o.codegen.utils.URLPathUtils - 'host' (OAS 2.0) or 'servers' (OAS 3.0) not defined in the spec. Default to [http://localhost] for server URL [http://localhost/]
[main] INFO  o.o.codegen.DefaultGenerator - Skipped generation of /home/jake/sbomit-overhead-experiment/repos/kserve/python/kserve/README.md due to rule in .openapi-generator-ignore
[main] INFO  o.o.codegen.AbstractGenerator - writing file /home/jake/sbomit-overhead-experiment/repos/kserve/python/kserve/tox.ini
[main] INFO  o.o.codegen.AbstractGenerator - writing file /home/jake/sbomit-overhead-experiment/repos/kserve/python/kserve/test-requirements.txt
[main] INFO  o.o.codegen.DefaultGenerator - Skipped generation of /home/jake/sbomit-overhead-experiment/repos/kserve/python/kserve/requirements.txt due to rule in .openapi-generator-ignore
[main] INFO  o.o.codegen.AbstractGenerator - writing file /home/jake/sbomit-overhead-experiment/repos/kserve/python/kserve/setup.cfg
[main] INFO  o.o.codegen.AbstractGenerator - writing file /home/jake/sbomit-overhead-experiment/repos/kserve/python/kserve/git_push.sh
[main] INFO  o.o.codegen.AbstractGenerator - writing file /home/jake/sbomit-overhead-experiment/repos/kserve/python/kserve/.gitignore
[main] INFO  o.o.codegen.AbstractGenerator - writing file /home/jake/sbomit-overhead-experiment/repos/kserve/python/kserve/.travis.yml
[main] INFO  o.o.codegen.AbstractGenerator - writing file /home/jake/sbomit-overhead-experiment/repos/kserve/python/kserve/.gitlab-ci.yml
[main] INFO  o.o.codegen.DefaultGenerator - Skipped generation of /home/jake/sbomit-overhead-experiment/repos/kserve/python/kserve/setup.py due to rule in .openapi-generator-ignore
[main] INFO  o.o.codegen.AbstractGenerator - writing file /home/jake/sbomit-overhead-experiment/repos/kserve/python/kserve/kserve/configuration.py
[main] INFO  o.o.codegen.DefaultGenerator - Skipped generation of /home/jake/sbomit-overhead-experiment/repos/kserve/python/kserve/kserve/__init__.py due to rule in .openapi-generator-ignore
[main] INFO  o.o.codegen.AbstractGenerator - writing file /home/jake/sbomit-overhead-experiment/repos/kserve/python/kserve/kserve/models/__init__.py
[main] INFO  o.o.codegen.AbstractGenerator - writing file /home/jake/sbomit-overhead-experiment/repos/kserve/python/kserve/kserve/api/__init__.py
[main] INFO  o.o.codegen.AbstractGenerator - writing file /home/jake/sbomit-overhead-experiment/repos/kserve/python/kserve/kserve/exceptions.py
[main] INFO  o.o.codegen.DefaultGenerator - Skipped generation of /home/jake/sbomit-overhead-experiment/repos/kserve/python/kserve/test/__init__.py due to rule in .openapi-generator-ignore
[main] INFO  o.o.codegen.AbstractGenerator - writing file /home/jake/sbomit-overhead-experiment/repos/kserve/python/kserve/kserve/api_client.py
[main] INFO  o.o.codegen.AbstractGenerator - writing file /home/jake/sbomit-overhead-experiment/repos/kserve/python/kserve/kserve/rest.py
[main] INFO  o.o.codegen.AbstractGenerator - writing file /home/jake/sbomit-overhead-experiment/repos/kserve/python/kserve/.openapi-generator/VERSION
Fixing malformed model references in generated test files ...
KServe Python SDK is generated successfully to folder python/kserve/.
/home/jake/sbomit-overhead-experiment/repos/kserve/bin/helm-docs --chart-search-root=charts --output-file=README.md
time="2026-09-04T00:52:08Z" level=info msg="Found Chart directories [kserve-crd, kserve-crd-minimal, kserve-llmisvc-crd, kserve-llmisvc-crd-minimal, kserve-llmisvc-resources, kserve-localmodel-crd, kserve-localmodel-crd-minimal, kserve-localmodel-resources, kserve-resources, kserve-runtime-configs]"
time="2026-09-04T00:52:08Z" level=info msg="Generating README Documentation for chart charts/kserve-llmisvc-crd-minimal"
time="2026-09-04T00:52:08Z" level=info msg="Generating README Documentation for chart charts/kserve-resources"
time="2026-09-04T00:52:08Z" level=info msg="Generating README Documentation for chart charts/kserve-crd-minimal"
time="2026-09-04T00:52:08Z" level=info msg="Generating README Documentation for chart charts/kserve-llmisvc-resources"
time="2026-09-04T00:52:08Z" level=info msg="Generating README Documentation for chart charts/kserve-runtime-configs"
time="2026-09-04T00:52:08Z" level=info msg="Generating README Documentation for chart charts/kserve-crd"
time="2026-09-04T00:52:08Z" level=info msg="Generating README Documentation for chart charts/kserve-llmisvc-crd"
time="2026-09-04T00:52:08Z" level=info msg="Generating README Documentation for chart charts/kserve-localmodel-crd"
time="2026-09-04T00:52:08Z" level=info msg="Generating README Documentation for chart charts/kserve-localmodel-resources"
time="2026-09-04T00:52:08Z" level=info msg="Generating README Documentation for chart charts/kserve-localmodel-crd-minimal"
Formatting ....
pkg/openapi/openapi_generated.go
Formatting qpext...
Formatting kernelcache/mcv...
go vet ./pkg/... ./cmd/... && cd qpext && go vet ./...
Vetting kernelcache/mcv...
Downloading github.com/golangci/golangci-lint/v2/cmd/golangci-lint@v2.9.0
go: downloading github.com/golangci/golangci-lint/v2 v2.9.0
go: downloading github.com/gofrs/flock v0.13.0
go: downloading github.com/charmbracelet/lipgloss v1.1.0
go: downloading github.com/hashicorp/go-version v1.8.0
go: downloading github.com/ldez/grignotin v0.10.1
go: downloading github.com/pelletier/go-toml/v2 v2.2.4
go: downloading github.com/spf13/viper v1.12.0
go: downloading golang.org/x/mod v0.33.0
go: downloading golang.org/x/tools v0.42.0
go: downloading github.com/alecthomas/chroma/v2 v2.23.1
go: downloading github.com/go-xmlfmt/xmlfmt v1.1.3
go: downloading github.com/golangci/revgrep v0.8.0
go: downloading github.com/golangci/plugin-module-register v0.1.2
go: downloading golang.org/x/text v0.33.0
go: downloading go.augendre.info/arangolint v0.4.0
go: downloading github.com/alingse/asasalint v0.0.11
go: downloading github.com/golangci/asciicheck v0.5.0
go: downloading github.com/breml/bidichk v0.3.3
go: downloading github.com/timakin/bodyclose v0.0.0-20241222091800-1db5c5ca4d67
go: downloading github.com/lasiar/canonicalheader v1.1.2
go: downloading github.com/sivchari/containedctx v1.0.3
go: downloading github.com/pelletier/go-toml v1.9.5
go: downloading github.com/kkHAIKE/contextcheck v1.1.6
go: downloading github.com/karamaru-alpha/copyloopvar v1.2.2
go: downloading github.com/bkielbasa/cyclop v1.2.3
go: downloading gitlab.com/bosi/decorder v0.4.2
go: downloading github.com/OpenPeeDeeP/depguard/v2 v2.2.1
go: downloading github.com/golangci/dupl v0.0.0-20250308024227-f665c8d69b32
go: downloading github.com/Abirdcfly/dupword v0.1.7
go: downloading github.com/charithe/durationcheck v0.0.11
go: downloading github.com/manuelarte/embeddedstructfieldcheck v0.4.0
go: downloading github.com/Djarvur/go-err113 v0.1.1
go: downloading github.com/kisielk/errcheck v1.9.0
go: downloading github.com/breml/errchkjson v0.4.1
go: downloading github.com/Antonboom/errname v1.1.1
go: downloading codeberg.org/polyfloyd/go-errorlint v1.9.0
go: downloading github.com/nishanths/exhaustive v0.12.0
go: downloading dev.gaijin.team/go/exhaustruct/v4 v4.0.0
go: downloading github.com/ldez/exptostd v0.4.5
go: downloading go.augendre.info/fatcontext v0.9.0
go: downloading github.com/ashanbrown/forbidigo/v2 v2.3.0
go: downloading github.com/gostaticanalysis/forcetypeassert v0.2.0
go: downloading github.com/manuelarte/funcorder v0.5.0
go: downloading github.com/ultraware/funlen v0.2.0
go: downloading github.com/nunnatsa/ginkgolinter v0.22.0
go: downloading 4d63.com/gocheckcompilerdirectives v1.3.0
go: downloading 4d63.com/gochecknoglobals v0.2.2
go: downloading github.com/alecthomas/go-check-sumtype v0.3.1
go: downloading github.com/uudashr/gocognit v1.2.0
go: downloading github.com/jgautheron/goconst v1.8.2
go: downloading github.com/go-critic/go-critic v0.14.3
go: downloading github.com/quasilyte/go-ruleguard/dsl v0.3.23
go: downloading github.com/fzipp/gocyclo v0.6.0
go: downloading github.com/quasilyte/go-ruleguard v0.4.5
go: downloading github.com/tetafro/godot v1.5.4
go: downloading github.com/matoous/godox v1.1.0
go: downloading github.com/godoc-lint/godoc-lint v0.11.1
go: downloading github.com/denis-tingaikin/go-header v0.5.0
go: downloading github.com/ldez/gomoddirectives v0.8.0
go: downloading github.com/ryancurrah/gomodguard v1.4.1
go: downloading github.com/golangci/go-printf-func-name v0.1.1
go: downloading github.com/securego/gosec/v2 v2.22.11
go: downloading github.com/xen0n/gosmopolitan v1.3.0
go: downloading github.com/uudashr/iface v1.4.1
go: downloading github.com/julz/importas v0.2.0
go: downloading github.com/leonklingele/grouper v1.1.2
go: downloading github.com/gordonklaus/ineffassign v0.2.0
go: downloading github.com/macabu/inamedparam v0.2.0
go: downloading github.com/sashamelentyev/interfacebloat v1.1.0
go: downloading github.com/ckaznocha/intrange v0.3.1
go: downloading github.com/timonwong/loggercheck v0.11.0
go: downloading github.com/butuzov/ireturn v0.4.0
go: downloading github.com/AdminBenni/iota-mixing v1.0.0
go: downloading github.com/yagipy/maintidx v1.0.0
go: downloading github.com/ashanbrown/makezero/v2 v2.1.0
go: downloading github.com/butuzov/mirror v1.3.0
go: downloading github.com/golangci/misspell v0.8.0
go: downloading github.com/tommy-muehle/go-mnd/v2 v2.5.1
go: downloading go-simpler.org/musttag v0.14.0
go: downloading github.com/alexkohler/nakedret/v2 v2.0.6
go: downloading github.com/nakabonne/nestif v0.3.1
go: downloading github.com/gostaticanalysis/nilerr v0.1.2
go: downloading github.com/alingse/nilnesserr v0.2.0
go: downloading github.com/Antonboom/nilnil v1.1.1
go: downloading github.com/ssgreg/nlreturn/v2 v2.2.1
go: downloading github.com/sonatard/noctx v0.4.0
go: downloading github.com/AlwxSin/noinlineerr v1.0.5
go: downloading golang.org/x/sys v0.41.0
go: downloading github.com/firefart/nonamedreturns v1.0.6
go: downloading github.com/stbenjam/no-sprintf-host-port v0.3.1
go: downloading github.com/kunwardeep/paralleltest v1.0.15
go: downloading github.com/catenacyber/perfsprint v0.10.1
go: downloading github.com/alexkohler/prealloc v1.0.2
go: downloading github.com/nishanths/predeclared v0.2.2
go: downloading github.com/yeya24/promlinter v0.3.0
go: downloading github.com/ghostiam/protogetter v0.3.20
go: downloading github.com/daixiang0/gci v0.13.7
go: downloading github.com/curioswitch/go-reassign v0.3.0
go: downloading github.com/golangci/gofmt v0.0.0-20250106114630-d62b90e6713d
go: downloading github.com/raeperd/recvcheck v0.2.0
go: downloading mvdan.cc/gofumpt v0.9.2
go: downloading github.com/mgechev/revive v1.14.0
go: downloading github.com/jingyugao/rowserrcheck v1.1.1
go: downloading github.com/golangci/golines v0.15.0
go: downloading go-simpler.org/sloglint v0.11.1
go: downloading github.com/golangci/swaggoswag v0.0.0-20250504205917-77f2aca3143e
go: downloading github.com/jjti/go-spancheck v0.6.5
go: downloading github.com/ryanrolds/sqlclosecheck v0.5.1
go: downloading honnef.co/go/tools v0.6.1
go: downloading github.com/4meepo/tagalign v1.4.3
go: downloading github.com/ldez/tagliatelle v0.7.2
go: downloading github.com/maratori/testableexamples v1.0.1
go: downloading github.com/Antonboom/testifylint v1.6.4
go: downloading github.com/maratori/testpackage v1.1.2
go: downloading github.com/kulti/thelper v0.7.1
go: downloading github.com/moricho/tparallel v0.3.2
go: downloading github.com/golangci/unconvert v0.0.0-20250410112200-a129a6e6413e
go: downloading mvdan.cc/unparam v0.0.0-20251027182757-5beb8c8f8f15
go: downloading github.com/MirrexOne/unqueryvet v1.5.3
go: downloading github.com/sashamelentyev/usestdlibvars v1.29.0
go: downloading github.com/ldez/usetesting v0.5.0
go: downloading github.com/blizzy78/varnamelen v0.8.0
go: downloading github.com/sanposhiho/wastedassign/v2 v2.1.0
go: downloading github.com/ultraware/whitespace v0.2.0
go: downloading github.com/tomarrell/wrapcheck/v2 v2.12.0
go: downloading github.com/bombsimon/wsl/v4 v4.7.0
go: downloading github.com/bombsimon/wsl/v5 v5.6.0
go: downloading github.com/ykadowak/zerologlint v0.1.5
go: downloading github.com/davecgh/go-spew v1.1.1
go: downloading github.com/pmezard/go-difflib v1.0.0
go: downloading github.com/sourcegraph/go-diff v0.7.0
go: downloading github.com/charmbracelet/x/ansi v0.10.1
go: downloading github.com/charmbracelet/x/cellbuf v0.0.13-0.20250311204145-2c3ea96c31dd
go: downloading github.com/muesli/termenv v0.16.0
go: downloading github.com/rivo/uniseg v0.4.7
go: downloading github.com/fsnotify/fsnotify v1.5.4
go: downloading github.com/spf13/afero v1.15.0
go: downloading github.com/spf13/cast v1.5.0
go: downloading github.com/gostaticanalysis/analysisutil v0.7.1
go: downloading github.com/go-toolsmith/astcast v1.1.0
go: downloading dev.gaijin.team/go/golib v0.6.0
go: downloading github.com/go-toolsmith/astcopy v1.1.0
go: downloading github.com/go-toolsmith/astequal v1.2.0
go: downloading github.com/go-toolsmith/astfmt v1.1.0
go: downloading github.com/go-toolsmith/astp v1.1.0
go: downloading github.com/go-toolsmith/strparse v1.1.0
go: downloading github.com/go-toolsmith/typep v1.1.0
go: downloading github.com/quasilyte/regex/syntax v0.0.0-20210819130434-b3f0c404a727
go: downloading github.com/ccojocar/zxcvbn-go v1.0.4
go: downloading github.com/gostaticanalysis/comment v1.5.0
go: downloading go.uber.org/zap v1.27.0
go: downloading github.com/ettle/strcase v0.2.0
go: downloading github.com/dave/dst v0.27.3
go: downloading github.com/alfatraining/structtag v1.0.0
go: downloading github.com/hashicorp/go-immutable-radix/v2 v2.1.0
go: downloading github.com/prometheus/client_golang v1.12.1
go: downloading github.com/prometheus/client_model v0.2.0
go: downloading github.com/fatih/structtag v1.2.0
go: downloading github.com/charmbracelet/colorprofile v0.2.3-0.20250311203215-f60798e515dc
go: downloading github.com/charmbracelet/x/term v0.2.1
go: downloading github.com/mattn/go-runewidth v0.0.16
go: downloading github.com/lucasb-eyer/go-colorful v1.2.0
go: downloading github.com/subosito/gotenv v1.4.1
go: downloading github.com/aymanbagabas/go-osc52/v2 v2.0.1
go: downloading github.com/magiconair/properties v1.8.6
go: downloading golang.org/x/exp/typeparams v0.0.0-20251125195548-87e1e737ad39
go: downloading github.com/dlclark/regexp2 v1.11.5
go: downloading github.com/quasilyte/gogrep v0.5.0
go: downloading github.com/quasilyte/stdinfo v0.0.0-20220114132959-f7386bf02567
go: downloading github.com/ldez/structtags v0.6.1
go: downloading go.uber.org/multierr v1.10.0
go: downloading codeberg.org/chavacava/garif v0.2.0
go: downloading github.com/golang/protobuf v1.5.3
go: downloading golang.org/x/exp v0.0.0-20250620022241-b7579e27df2b
go: downloading github.com/xo/terminfo v0.0.0-20220910002029-abceb7e1c41e
go: downloading github.com/prometheus/common v0.32.1
go: downloading github.com/prometheus/procfs v0.7.3
go: downloading google.golang.org/protobuf v1.36.8
go: downloading github.com/matttproud/golang_protobuf_extensions v1.0.1
Linting ....
level=warning msg="[runner] Changes related to \"staticcheck\" are skipped for the file \"/home/jake/sbomit-overhead-experiment/repos/kserve/pkg/utils/storage.go\": conflicting edits from staticcheck and staticcheck on /home/jake/sbomit-overhead-experiment/repos/kserve/pkg/utils/storage.go\nfirst edits:\n--- base\n+++ staticcheck\n@@ -350,8 +350,8 @@\n \t\treturn \"''\"\n \t}\n \tfor _, c := range s {\n-\t\tif !((c >= 'a' && c <= 'z') || (c >= 'A' && c <= 'Z') || (c >= '0' && c <= '9') ||\n-\t\t\tc == '/' || c == '.' || c == '_' || c == '-') {\n+\t\tif (!(c >= 'a' && c <= 'z') && !(c >= 'A' && c <= 'Z') && !(c >= '0' && c <= '9') &&\n+\tc != '/' && c != '.' && c != '_' && c != '-') {\n \t\t\treturn \"'\" + strings.ReplaceAll(s, \"'\", \"'\\\\''\") + \"'\"\n \t\t}\n \t}\n\nsecond edits:\n--- base\n+++ staticcheck\n@@ -350,8 +350,8 @@\n \t\treturn \"''\"\n \t}\n \tfor _, c := range s {\n-\t\tif !((c >= 'a' && c <= 'z') || (c >= 'A' && c <= 'Z') || (c >= '0' && c <= '9') ||\n-\t\t\tc == '/' || c == '.' || c == '_' || c == '-') {\n+\t\tif ((c < 'a' || c > 'z') && (c < 'A' || c > 'Z') && (c < '0' || c > '9') &&\n+\tc != '/' && c != '.' && c != '_' && c != '-') {\n \t\t\treturn \"'\" + strings.ReplaceAll(s, \"'\", \"'\\\\''\") + \"'\"\n \t\t}\n \t}\n"
0 issues.
Linting qpext...
0 issues.
Linting kernelcache/mcv...
0 issues.
go build -o bin/manager ./cmd/manager
