go build -v .
go: downloading github.com/kubescape/go-logger v0.0.34
go: downloading github.com/kubescape/backend v0.0.48
go: downloading github.com/kubescape/k8s-interface v0.0.220
go: downloading github.com/project-copacetic/copacetic v0.10.0
go: downloading github.com/kubescape/sizing-checker v0.0.0-20250323151332-73a18561dc73
go: downloading github.com/jedib0t/go-pretty/v6 v6.8.3
go: downloading github.com/armosec/utils-k8s-go v0.0.35
go: downloading github.com/kubescape/opa-utils v0.0.312
go: downloading github.com/kubescape/storage v0.0.305
go: downloading github.com/mark3labs/mcp-go v0.58.0
go: downloading github.com/anchore/grype v0.104.1
go: downloading github.com/armosec/armoapi-go v0.0.757
go: downloading github.com/kubescape/regolibrary/v2 v2.0.1
go: downloading github.com/anchore/clio v0.0.0-20250715152405-a0fa658e5084
go: downloading github.com/matthyx/stereoscope v0.0.0-20250916161743-dd57158479de
go: downloading github.com/anubhav06/copa-grype v1.0.3-alpha.1
go: downloading github.com/armosec/utils-go v0.0.58
go: downloading github.com/deckarep/golang-set/v2 v2.8.0
go: downloading github.com/docker/buildx v0.33.0
go: downloading github.com/kubescape/rbac-utils v0.0.21
go: downloading github.com/maruel/natural v1.3.0
go: downloading github.com/quay/claircore v1.5.35
go: downloading github.com/anchore/syft v1.42.3
go: downloading github.com/jwalton/gchalk v1.3.0
go: downloading github.com/kubescape/go-git-url v0.0.33
go: downloading github.com/matthyx/go-gitlog v0.0.0-20231005131906-9ffabe3c5bcd
go: downloading github.com/schollz/progressbar/v3 v3.13.0
go: downloading github.com/zclconf/go-cty v1.19.0
go: downloading k8s.io/apiserver v0.35.4
go: downloading github.com/uptrace/uptrace-go v1.43.0
go: downloading github.com/uptrace/opentelemetry-go-extra/otelzap v0.3.2
go: downloading github.com/kubescape/kubescape/v3 v3.0.4
go: downloading github.com/mikefarah/yq/v4 v4.29.1
go: downloading gopkg.in/op/go-logging.v1 v1.0.0-20160211212156-b2cb9fa56473
go: downloading github.com/matthyx/go-containerregistry v0.0.0-20250916162850-293c5b36a9f8
go: downloading github.com/open-policy-agent/opa v1.19.0
go: downloading github.com/sigstore/cosign/v3 v3.0.6
go: downloading github.com/kubescape/regolibrary v1.0.317-0.20240320124840-1d84ac7186ea
go: downloading github.com/chainguard-dev/git-urls v1.0.2
go: downloading github.com/enescakir/emoji v1.0.0
go: downloading github.com/johnfercher/maroto/v2 v2.2.2
go: downloading github.com/owenrumney/go-sarif/v2 v2.3.3
go: downloading k8s.io/apiextensions-apiserver v0.35.4
go: downloading github.com/francoispqt/gojay v1.2.13
go: downloading github.com/owenrumney/go-sarif v1.1.2-0.20231003122901-1000f5e05554
go: downloading cloud.google.com/go/containeranalysis v0.19.0
go: downloading cloud.google.com/go/grafeas v0.5.0
go: downloading github.com/Azure/azure-sdk-for-go/sdk/resourcemanager/resourcegraph/armresourcegraph v0.10.0
go: downloading github.com/aws/aws-sdk-go-v2/config v1.32.38
go: downloading google.golang.org/api v0.280.0
go: downloading github.com/anchore/fangs v0.0.0-20250716230140-94c22408c232
go: downloading github.com/anchore/go-homedir v0.0.0-20250319154043-c29668562e4d
go: downloading github.com/anchore/go-logger v0.0.0-20250318195838-07ae343dd722
go: downloading github.com/gookit/color v1.6.0
go: downloading github.com/pborman/indent v1.2.1
go: downloading github.com/pkg/profile v1.7.0
go: downloading github.com/wagoodman/go-partybus v0.0.0-20230516145632-8ccac152c651
go: downloading github.com/Retr0-Xd/containerd v0.0.0-20260322054632-16583c73e9b8
go: downloading github.com/armosec/gojay v1.2.17
go: downloading github.com/stripe/stripe-go/v74 v74.30.0
go: downloading github.com/scylladb/go-set v1.0.3-0.20200225121959-cc7b2070d91e
go: downloading github.com/sylabs/squashfs v1.0.6
go: downloading github.com/wagoodman/go-progress v0.0.0-20260303201901-10176f79b2c0
go: downloading github.com/moby/moby/api v1.54.1
go: downloading github.com/moby/moby/client v0.4.0
go: downloading github.com/containers/common v0.64.2
go: downloading github.com/ProtonMail/go-crypto v1.4.0
go: downloading github.com/bmatcuk/doublestar/v2 v2.0.4
go: downloading github.com/gohugoio/hashstructure v0.6.0
go: downloading github.com/anchore/go-collections v0.0.0-20251016125210-a3c352120e8c
go: downloading github.com/anchore/packageurl-go v0.1.1-0.20250220190351-d62adb6e1115
go: downloading github.com/jwalton/go-supportscolor v1.1.0
go: downloading k8s.io/cli-runtime v0.35.4
go: downloading go.opentelemetry.io/contrib/bridges/otelslog v0.18.0
go: downloading go.opentelemetry.io/otel/log v0.19.0
go: downloading github.com/uptrace/opentelemetry-go-extra/otelutil v0.3.2
go: downloading go.opentelemetry.io/contrib/instrumentation/runtime v0.68.0
go: downloading go.opentelemetry.io/contrib/processors/minsev v0.16.0
go: downloading go.opentelemetry.io/otel/exporters/otlp/otlplog/otlploghttp v0.19.0
go: downloading go.opentelemetry.io/otel/exporters/stdout/stdouttrace v1.43.0
go: downloading go.opentelemetry.io/otel/sdk/log v0.19.0
go: downloading github.com/a8m/envsubst v1.3.0
go: downloading github.com/alecthomas/participle/v2 v2.1.0
go: downloading github.com/elliotchance/orderedmap v1.5.0
go: downloading github.com/mozillazg/docker-credential-acr-helper v0.4.0
go: downloading github.com/sigstore/sigstore-go v1.2.1
go: downloading sigs.k8s.io/release-utils v0.12.4
go: downloading github.com/sigstore/rekor v1.5.2
go: downloading github.com/go-openapi/runtime v0.33.1
go: downloading github.com/digitorus/timestamp v0.0.0-20231217203849-220c5c2851b7
go: downloading github.com/go-openapi/strfmt v0.27.0
go: downloading github.com/nozzle/throttler v0.0.0-20180817012639-2ea982251481
go: downloading cloud.google.com/go/artifactregistry v1.20.0
go: downloading cloud.google.com/go/container v1.46.0
go: downloading github.com/Azure/azure-sdk-for-go/sdk/resourcemanager/authorization/armauthorization v1.0.0
go: downloading github.com/Azure/azure-sdk-for-go/sdk/resourcemanager/authorization/armauthorization/v2 v2.1.1
go: downloading github.com/Azure/azure-sdk-for-go/sdk/resourcemanager/containerservice/armcontainerservice/v2 v2.4.0
go: downloading github.com/aws/aws-sdk-go-v2/service/eks v1.48.5
go: downloading github.com/aws/aws-sdk-go-v2/service/iam v1.53.6
go: downloading k8s.io/component-base v0.35.4
go: downloading github.com/johnfercher/go-tree v1.1.0
go: downloading github.com/olvrng/ujson v1.1.0
go: downloading github.com/cilium/cilium v1.19.4
go: downloading cloud.google.com/go/iam v1.11.0
go: downloading github.com/AzureAD/microsoft-authentication-library-for-go v1.7.0
go: downloading github.com/hako/durafmt v0.0.0-20210608085754-5c1018a4e16b
go: downloading github.com/mholt/archives v0.1.5
go: downloading github.com/CycloneDX/cyclonedx-go v0.10.0
go: downloading github.com/spdx/tools-golang v0.5.7
go: downloading github.com/anchore/go-sync v0.0.0-20250714163430-add63db73ad1
go: downloading github.com/aws/aws-sdk-go-v2/internal/configsources v1.4.38
go: downloading github.com/package-url/packageurl-go v0.1.3
go: downloading github.com/mgutz/ansi v0.0.0-20200706080929-d51e80ef957d
go: downloading github.com/aws/aws-sdk-go-v2/credentials v1.19.37
go: downloading github.com/aws/aws-sdk-go-v2/feature/ec2/imds v1.18.38
go: downloading github.com/aws/aws-sdk-go-v2/service/signin v1.5.7
go: downloading github.com/aws/aws-sdk-go-v2/service/sso v1.33.7
go: downloading github.com/aws/aws-sdk-go-v2/service/ssooidc v1.38.7
go: downloading github.com/aws/aws-sdk-go-v2/service/sts v1.45.7
go: downloading github.com/go-gota/gota v0.12.0
go: downloading github.com/becheran/wildmatch-go v1.0.0
go: downloading github.com/cpuguy83/go-docker v0.3.0
go: downloading github.com/moby/policy-helpers v0.0.0-20260612073044-d5411a945cfc
go: downloading github.com/moby/sys/atomicwriter v0.1.0
go: downloading github.com/github/go-spdx/v2 v2.4.0
go: downloading github.com/anchore/go-version v1.2.2-0.20210903204242-51efa5b487c4
go: downloading github.com/bitnami/go-version v0.0.0-20250505154626-452e8c5ee607
go: downloading github.com/masahiro331/go-mvn-version v0.0.0-20250131095131-f4974fa13b8a
go: downloading github.com/facebookincubator/nvdtools v0.1.5
go: downloading k8s.io/kubectl v0.35.4
go: downloading github.com/Azure/go-autorest/autorest v0.11.29
go: downloading github.com/common-nighthawk/go-figure v0.0.0-20210622060536-734e95fb86be
go: downloading github.com/sigstore/rekor-tiles/v2 v2.2.2-0.20260601073857-5d098a2b6443
go: downloading github.com/digitorus/pkcs7 v0.0.0-20230818184609-3a137a874352
go: downloading github.com/go-openapi/validate v0.26.3
go: downloading github.com/letsencrypt/boulder v0.20260309.0
go: downloading github.com/jmespath/go-jmespath v0.4.1-0.20220621161143-b0104c826a24
go: downloading github.com/quay/zlog v1.1.8
go: downloading github.com/quay/claircore/toolkit v1.2.4
go: downloading cloud.google.com/go/longrunning v1.0.0
go: downloading github.com/f-amaral/go-async v0.3.0
go: downloading github.com/jung-kurt/gofpdf v1.16.2
go: downloading gorm.io/gorm v1.31.1
go: downloading github.com/hashicorp/go-getter v1.8.6
go: downloading github.com/xi2/xz v0.0.0-20171230120015-48954b6210f8
go: downloading github.com/STARRY-S/zip v0.2.3
go: downloading github.com/bodgit/sevenzip v1.6.1
go: downloading github.com/dsnet/compress v0.0.2-0.20230904184137-39efe44ab707
go: downloading github.com/klauspost/compress v1.19.0
go: downloading github.com/mikelolasagasti/xz v1.0.1
go: downloading github.com/minio/minlz v1.0.1
go: downloading github.com/nwaples/rardecode/v2 v2.2.0
go: downloading github.com/sorairolake/lzip-go v0.3.8
go: downloading github.com/anchore/go-struct-converter v0.1.0
go: downloading github.com/google/licensecheck v0.3.1
go: downloading github.com/aws/aws-sdk-go-v2/internal/endpoints/v2 v2.7.38
go: downloading github.com/aws/aws-sdk-go-v2/internal/v4a v1.4.39
go: downloading github.com/aws/aws-sdk-go-v2/service/internal/accept-encoding v1.13.17
go: downloading github.com/aws/aws-sdk-go-v2/service/internal/presigned-url v1.13.38
go: downloading github.com/fvbommel/sortorder v1.1.0
go: downloading github.com/tonistiigi/dchapes-mode v0.0.0-20250318174251-73d941a28323
go: downloading github.com/moby/sys/sequential v0.7.0
go: downloading github.com/sylabs/sif/v2 v2.24.0
go: downloading github.com/diskfs/go-diskfs v1.7.0
go: downloading github.com/syndtr/goleveldb v1.0.1-0.20220721030215-126854af5e6d
go: downloading github.com/AliyunContainerService/ack-ram-tool/pkg/credentials/provider v0.14.0
go: downloading github.com/alibabacloud-go/cr-20160607 v1.0.1
go: downloading github.com/alibabacloud-go/cr-20181201 v1.0.10
go: downloading github.com/alibabacloud-go/darabonba-openapi v0.2.1
go: downloading github.com/alibabacloud-go/tea-utils v1.4.5
go: downloading github.com/alibabacloud-go/tea v1.2.1
go: downloading github.com/aliyun/credentials-go v1.3.2
go: downloading github.com/buildkite/agent/v3 v3.118.0
go: downloading github.com/google/go-github/v73 v73.0.0
go: downloading github.com/go-openapi/runtime/server-middleware v0.33.1
go: downloading github.com/go-chi/chi/v5 v5.3.0
go: downloading github.com/jedisct1/go-minisign v0.0.0-20230811132847-661be99b8267
go: downloading github.com/go-openapi/analysis v0.26.0
go: downloading github.com/go-openapi/loads v0.25.1
go: downloading github.com/titanous/rocacheck v0.0.0-20171023193734-afe73141d399
go: downloading github.com/pdfcpu/pdfcpu v0.9.1
go: downloading github.com/glebarez/sqlite v1.11.0
go: downloading github.com/gocsaf/csaf/v3 v3.3.0
go: downloading github.com/pandatix/go-cvss v0.6.2
go: downloading github.com/rs/zerolog v1.30.0
go: downloading cloud.google.com/go/storage v1.62.2
go: downloading github.com/hashicorp/aws-sdk-go-base/v2 v2.0.0-beta.72
go: downloading github.com/bodgit/plumbing v1.3.0
go: downloading github.com/bodgit/windows v1.0.1
go: downloading go4.org v0.0.0-20230225012048-214862532bf5
go: downloading github.com/spdx/gordf v0.0.0-20250128162952-000978ccd6fb
go: downloading github.com/gpustack/gguf-parser-go v0.24.0
go: downloading github.com/vbatts/go-mtree v0.7.0
go: downloading github.com/blakesmith/ar v0.0.0-20190502131153-809d4375e1fb
go: downloading github.com/kastenhq/goversion v0.0.0-20230811215019-93b2f8823953
go: downloading github.com/deitch/magic v0.0.0-20240306090643-c67ab88f10cb
go: downloading github.com/nix-community/go-nix v0.0.0-20250101154619-4bdde671e0a1
go: downloading github.com/elliotchance/phpserialize v1.4.0
go: downloading github.com/anchore/go-rpmdb v0.0.0-20250516171929-f77691e1faec
go: downloading github.com/sassoftware/go-rpmutils v0.4.0
go: downloading github.com/rust-secure-code/go-rustaudit v0.0.0-20250226111315-e20ec32e963c
go: downloading github.com/prometheus/client_golang v1.24.0
go: downloading github.com/therootcompany/xz v1.0.1
go: downloading github.com/alibabacloud-go/endpoint-util v1.1.1
go: downloading github.com/alibabacloud-go/alibabacloud-gateway-spi v0.0.4
go: downloading github.com/sassoftware/relic v7.2.1+incompatible
go: downloading github.com/alibabacloud-go/debug v1.0.0
go: downloading github.com/lestrrat-go/jwx/v3 v3.1.1
go: downloading github.com/boombuler/barcode v1.0.2
go: downloading github.com/glebarez/go-sqlite v1.22.0
go: downloading modernc.org/sqlite v1.46.1
go: downloading github.com/mackerelio/go-osstat v0.2.6
go: downloading github.com/anchore/go-macholibre v0.0.0-20250320151634-807da7ad2331
go: downloading github.com/saintfish/chardet v0.0.0-20230101081208-5e3ef4b5456d
go: downloading github.com/vifraa/gopom v1.0.0
go: downloading github.com/vbatts/tar-split v0.12.3
go: downloading github.com/clbanning/mxj/v2 v2.7.0
go: downloading github.com/prometheus/common v0.70.0
go: downloading github.com/sasha-s/go-deadlock v0.3.6
go: downloading github.com/vishvananda/netlink v1.3.2-0.20260109214200-c6faf428e8f8
go: downloading github.com/cilium/hive v0.0.0-20260108104938-97756f6ff54c
go: downloading go4.org/netipx v0.0.0-20231129151722-fdeea329fbba
go: downloading github.com/buildkite/go-pipeline v0.16.0
go: downloading github.com/buildkite/roko v1.4.0
go: downloading github.com/Intevation/gval v1.3.0
go: downloading github.com/Intevation/jsonpath v0.2.1
go: downloading modernc.org/libc v1.67.6
go: downloading github.com/henvic/httpretty v0.1.4
go: downloading github.com/smallnest/ringbuffer v0.0.0-20241116012123-461381446e3d
go: downloading github.com/docker/go-events v0.0.0-20250114142523-c867878c5e32
go: downloading github.com/go-restruct/restruct v1.2.0-alpha
go: downloading cloud.google.com/go/monitoring v1.25.0
go: downloading github.com/petermattis/goid v0.0.0-20250813065127-a731cc31b4fe
go: downloading github.com/lestrrat-go/httprc/v3 v3.0.5
go: downloading github.com/lestrrat-go/dsig v1.2.1
go: downloading github.com/buildkite/interpolate v0.1.5
go: downloading github.com/oleiade/reflections v1.1.0
go: downloading go.uber.org/dig v1.17.1
go: downloading github.com/pkg/xattr v0.4.12
go: downloading github.com/anchore/go-lzo v0.1.0
go: downloading golang.org/x/image v0.44.0
go: downloading github.com/hhrutter/lzw v1.0.0
go: downloading github.com/hhrutter/tiff v1.0.1
go.opentelemetry.io/otel/log/embedded
go.opentelemetry.io/otel/sdk/metric/internal/reservoir
go.opentelemetry.io/otel/sdk/metric/internal
go.opentelemetry.io/otel/exporters/stdout/stdouttrace/internal
k8s.io/apimachinery/pkg/api/validate/constraints
k8s.io/apimachinery/pkg/selection
k8s.io/apimachinery/pkg/types
k8s.io/apiserver/pkg/authentication/user
github.com/sylabs/squashfs/internal/routinemanager
go.opentelemetry.io/otel/exporters/otlp/otlpmetric/otlpmetrichttp/internal/counter
go.opentelemetry.io/otel/exporters/stdout/stdouttrace/internal/counter
github.com/klauspost/compress/internal/cpuinfo
github.com/klauspost/compress/internal/le
github.com/klauspost/compress
github.com/google/go-containerregistry/pkg/v1/types
github.com/armosec/utils-go/boolutils
github.com/mattn/go-colorable
github.com/kubescape/go-logger/helpers
github.com/kubescape/backend/pkg/utils
go.opentelemetry.io/otel/semconv/v1.40.0
github.com/uptrace/uptrace-go/internal
go.opentelemetry.io/contrib/instrumentation/runtime/internal/x
go.opentelemetry.io/contrib/instrumentation/runtime/internal/deprecatedruntime
go.opentelemetry.io/otel/sdk/metric/internal/attrnorm
go.opentelemetry.io/otel/sdk/metric/internal/x
go.opentelemetry.io/otel/sdk/metric/exemplar
go.opentelemetry.io/otel/semconv/v1.40.0/goconv
go.opentelemetry.io/otel/sdk/log/internal/x
go.opentelemetry.io/otel/semconv/v1.40.0/otelconv
go.opentelemetry.io/otel/exporters/otlp/otlplog/otlploghttp/internal
go.opentelemetry.io/otel/log
github.com/fatih/color
go.opentelemetry.io/otel/exporters/otlp/otlplog/otlploghttp/internal/x
go.opentelemetry.io/otel/exporters/otlp/otlplog/otlploghttp/internal/retry
go.opentelemetry.io/otel/sdk/metric/internal/observ
go.opentelemetry.io/otel/sdk/metric/metricdata
github.com/kubescape/go-logger/nonelogger
go.opentelemetry.io/proto/otlp/common/v1
google.golang.org/genproto/googleapis/api/httpbody
google.golang.org/grpc/credentials
google.golang.org/grpc/encoding/proto
google.golang.org/grpc/internal/status
go.opentelemetry.io/otel/exporters/otlp/otlpmetric/otlpmetrichttp/internal
go.opentelemetry.io/otel/sdk/metric/internal/aggregate
go.opentelemetry.io/otel/exporters/otlp/otlpmetric/otlpmetrichttp/internal/x
go.opentelemetry.io/otel/exporters/otlp/otlpmetric/otlpmetrichttp/internal/envconfig
go.opentelemetry.io/otel/exporters/otlp/otlpmetric/otlpmetrichttp/internal/retry
google.golang.org/grpc/encoding/gzip
github.com/briandowns/spinner
github.com/kubescape/go-logger/prettylogger
go.opentelemetry.io/proto/otlp/resource/v1
google.golang.org/grpc/resolver
google.golang.org/grpc/credentials/insecure
google.golang.org/grpc/peer
google.golang.org/grpc/internal/channelz
go.opentelemetry.io/otel/exporters/stdout/stdouttrace/internal/x
go.opentelemetry.io/otel/sdk/trace/tracetest
go.opentelemetry.io/otel/semconv/v1.21.0
github.com/armosec/armoapi-go/armotypes/common
github.com/armosec/utils-k8s-go/wlid
github.com/armosec/gojay
google.golang.org/grpc/status
github.com/stripe/stripe-go/v74/form
go.opentelemetry.io/proto/otlp/logs/v1
go.opentelemetry.io/otel/log/internal/global
github.com/uptrace/opentelemetry-go-extra/otelutil
go.opentelemetry.io/otel/log/noop
google.golang.org/grpc/experimental/balancer/weight
google.golang.org/grpc/internal/metadata
google.golang.org/grpc/internal/proxyattributes
google.golang.org/grpc/internal/transport/networktype
google.golang.org/grpc/internal/resolver/passthrough
google.golang.org/grpc/balancer/grpclb/state
google.golang.org/grpc/internal/binarylog
go.opentelemetry.io/proto/otlp/metrics/v1
go.opentelemetry.io/proto/otlp/trace/v1
github.com/kubescape/go-logger/iconlogger
go.opentelemetry.io/otel/log/global
google.golang.org/grpc/internal/resolver/unix
github.com/armosec/armoapi-go/armotypes/cdr
go.opentelemetry.io/otel/sdk/metric
google.golang.org/grpc/internal/resolver/dns
k8s.io/apimachinery/pkg/api/validate/content
k8s.io/apimachinery/pkg/runtime/serializer/cbor/internal/modes
google.golang.org/grpc/channelz
google.golang.org/grpc/internal/transport
google.golang.org/grpc/balancer
github.com/stripe/stripe-go/v74
github.com/uptrace/opentelemetry-go-extra/otelzap
k8s.io/apimachinery/third_party/forked/golang/reflect
google.golang.org/grpc/balancer/base
google.golang.org/grpc/balancer/pickfirst
google.golang.org/grpc/internal/serviceconfig
google.golang.org/grpc/resolver/dns
go.opentelemetry.io/contrib/bridges/otelslog
go.opentelemetry.io/otel/sdk/log/internal/observ
go.opentelemetry.io/otel/exporters/otlp/otlplog/otlploghttp/internal/observ
go.opentelemetry.io/otel/exporters/otlp/otlptrace/internal/tracetransform
go.opentelemetry.io/otel/exporters/stdout/stdouttrace/internal/observ
go.opentelemetry.io/otel/exporters/otlp/otlpmetric/otlpmetrichttp/internal/observ
google.golang.org/grpc/internal/resolver
go.opentelemetry.io/otel/exporters/otlp/otlpmetric/otlpmetrichttp/internal/transform
go.opentelemetry.io/otel/sdk/log
k8s.io/apimachinery/pkg/runtime/serializer/cbor/direct
google.golang.org/grpc/balancer/endpointsharding
google.golang.org/grpc/internal/balancer/gracefulswitch
go.opentelemetry.io/otel/exporters/otlp/otlptrace
k8s.io/apimachinery/pkg/conversion
github.com/kubescape/go-logger/structuredlogger
k8s.io/apimachinery/pkg/api/resource
github.com/kubescape/go-logger/zaplogger
go.opentelemetry.io/otel/exporters/stdout/stdouttrace
k8s.io/apimachinery/pkg/fields
k8s.io/apimachinery/pkg/util/sets
k8s.io/utils/internal/third_party/forked/golang/net
google.golang.org/grpc/balancer/roundrobin
k8s.io/apimachinery/pkg/api/operation
k8s.io/apimachinery/pkg/conversion/queryparams
k8s.io/apimachinery/pkg/runtime/schema
k8s.io/apimachinery/pkg/util/json
k8s.io/apimachinery/pkg/util/naming
k8s.io/utils/net
k8s.io/apimachinery/pkg/util/runtime
k8s.io/apimachinery/pkg/util/intstr
k8s.io/apimachinery/pkg/util/framer
k8s.io/apimachinery/pkg/version
github.com/prometheus/common/model
k8s.io/apimachinery/pkg/util/yaml
k8s.io/apimachinery/pkg/util/version
github.com/prometheus/client_golang/internal/github.com/golang/gddo/httputil/header
github.com/prometheus/client_golang/prometheus/promhttp/internal
k8s.io/apimachinery/pkg/api/validation/path
github.com/armosec/utils-go/httputils
go.opentelemetry.io/otel/exporters/otlp/otlplog/otlploghttp/internal/transform
go.opentelemetry.io/contrib/processors/minsev
github.com/anchore/go-logger
github.com/prometheus/client_golang/internal/github.com/golang/gddo/httputil
github.com/scylladb/go-set/strset
github.com/sylabs/squashfs/internal/toreader
github.com/klauspost/compress/fse
github.com/klauspost/compress/internal/snapref
github.com/anchore/go-logger/adapter/discard
github.com/klauspost/compress/zstd/internal/xxhash
k8s.io/component-base/version
github.com/therootcompany/xz
github.com/sylabs/squashfs/low/directory
github.com/sylabs/squashfs/low/inode
github.com/anchore/stereoscope/internal/log
github.com/wagoodman/go-partybus
github.com/becheran/wildmatch-go
github.com/anchore/stereoscope/pkg/tree/node
github.com/scylladb/go-set/iset
github.com/bmatcuk/doublestar/v4
github.com/docker/go-connections/tlsconfig
github.com/google/go-containerregistry/pkg/name
github.com/anchore/stereoscope/internal/bus
github.com/anchore/stereoscope/pkg/event
github.com/anchore/stereoscope/pkg/tree
github.com/google/go-containerregistry/pkg/v1
github.com/wagoodman/go-progress
github.com/anchore/syft/internal/evidence
github.com/anchore/go-logger/adapter/redact
github.com/gohugoio/hashstructure
github.com/anchore/syft/internal/spdxlicense
github.com/github/go-spdx/v2/spdxexp/spdxlicenses
github.com/anchore/packageurl-go
github.com/google/licensecheck/internal/match
github.com/klauspost/compress/huff0
github.com/facebookincubator/nvdtools/wfn
github.com/google/go-containerregistry/pkg/authn
github.com/prometheus/client_golang/prometheus/internal
github.com/prometheus/common/expfmt
github.com/anchore/syft/internal/redact
github.com/github/go-spdx/v2/spdxexp
google.golang.org/grpc/internal/resolver/delegatingresolver
github.com/acobaugh/osrelease
github.com/anchore/syft/internal/log
github.com/anchore/syft/internal
github.com/opencontainers/runtime-spec/specs-go
github.com/coreos/go-oidc/v3/oidc
github.com/anchore/syft/syft/artifact
github.com/docker/docker/api/types/registry
github.com/anchore/syft/syft/cpe
github.com/francoispqt/gojay
k8s.io/apimachinery/pkg/util/errors
google.golang.org/grpc
k8s.io/apimachinery/pkg/util/net
github.com/google/licensecheck
github.com/containers/common/pkg/seccomp
github.com/anchore/syft/syft/license
github.com/petermattis/goid
github.com/cilium/cilium/pkg/logging/logfields
github.com/go-openapi/errors
github.com/go-openapi/strfmt/internal/bsonlite
github.com/go-openapi/strfmt/internal/countries
k8s.io/apimachinery/pkg/util/validation/field
golang.org/x/text/internal/format
github.com/armosec/armoapi-go/identifiers
golang.org/x/text/internal/stringset
github.com/go-openapi/swag/fileutils
github.com/sasha-s/go-deadlock
github.com/klauspost/compress/zstd
github.com/go-openapi/swag/netutils
golang.org/x/text/internal/number
github.com/go-openapi/analysis/internal/debug
github.com/vishvananda/netlink/nl
github.com/go-openapi/swag
github.com/go-openapi/analysis/internal/flatten/normalize
github.com/go-openapi/analysis/internal/flatten/operations
github.com/go-openapi/analysis/internal/flatten/replace
github.com/anchore/syft/internal/licenses
github.com/go-openapi/analysis/internal/flatten/schutils
github.com/go-openapi/analysis/internal/flatten/sortref
k8s.io/apimachinery/pkg/util/validation
k8s.io/apimachinery/pkg/runtime
github.com/cilium/cilium/pkg/ipam/option
github.com/prometheus/client_golang/prometheus
github.com/cilium/hive/script/internal/diff
github.com/spf13/viper
github.com/cilium/cilium/pkg/lock
golang.org/x/tools/txtar
github.com/mitchellh/mapstructure
golang.org/x/text/currency
k8s.io/apimachinery/pkg/labels
github.com/cilium/cilium/pkg/container/cache
github.com/cilium/cilium/pkg/logging
github.com/cilium/hive/script
go.uber.org/dig/internal/digerror
go.opentelemetry.io/contrib/instrumentation/runtime
go.uber.org/dig/internal/digreflect
go.uber.org/dig/internal/dot
go.uber.org/dig/internal/graph
go4.org/netipx
github.com/go-openapi/strfmt
k8s.io/client-go/third_party/forked/golang/template
go.uber.org/dig
github.com/cilium/cilium/pkg/cidr
github.com/vishvananda/netlink
github.com/cilium/cilium/pkg/time
github.com/cilium/cilium/pkg/util
github.com/cilium/cilium/pkg/versioncheck
k8s.io/apiserver/pkg/authorization/authorizer
github.com/cilium/cilium/pkg/version
k8s.io/client-go/util/jsonpath
github.com/cilium/hive/internal
github.com/mackerelio/go-osstat/memory
github.com/olvrng/ujson
k8s.io/utils/strings/slices
github.com/google/gnostic-models/compiler
k8s.io/apimachinery/pkg/api/safe
k8s.io/client-go/features
k8s.io/client-go/pkg/version
k8s.io/apimachinery/pkg/util/dump
k8s.io/client-go/tools/metrics
k8s.io/client-go/util/connrotation
k8s.io/apimachinery/pkg/util/wait
github.com/cilium/cilium/pkg/command
k8s.io/client-go/util/workqueue
k8s.io/client-go/util/keyutil
k8s.io/client-go/util/flowcontrol
k8s.io/client-go/util/cert
k8s.io/apimachinery/pkg/util/mergepatch
k8s.io/apimachinery/third_party/forked/golang/json
github.com/google/gnostic-models/openapiv2
github.com/google/gnostic-models/openapiv3
k8s.io/client-go/applyconfigurations/internal
k8s.io/client-go/util/homedir
google.golang.org/grpc/health/grpc_health_v1
go.opentelemetry.io/otel/exporters/otlp/otlpmetric/otlpmetrichttp/internal/oconf
go.opentelemetry.io/otel/exporters/otlp/otlptrace/otlptracehttp/internal/otlpconfig
k8s.io/apimachinery/pkg/watch
k8s.io/apimachinery/pkg/runtime/serializer/recognizer
github.com/cilium/hive/cell
k8s.io/apimachinery/pkg/runtime/serializer/streaming
k8s.io/client-go/tools/clientcmd/api
github.com/kubescape/storage/pkg/apis/softwarecomposition/consts
github.com/go-openapi/analysis
github.com/yl2chen/cidranger/net
github.com/kubescape/backend/pkg/server/v1
github.com/kubescape/backend/pkg/server/v1/systemreports
github.com/kubescape/k8s-interface/cloudsupport/apis
github.com/yl2chen/cidranger
github.com/sylabs/squashfs/internal/decompress
k8s.io/apimachinery/pkg/apis/meta/v1
k8s.io/client-go/tools/clientcmd/api/v1
cloud.google.com/go/longrunning/autogen/longrunningpb
cloud.google.com/go/iam/apiv1/iampb
github.com/grpc-ecosystem/grpc-gateway/v2/runtime
github.com/sylabs/squashfs/internal/metadata
github.com/sylabs/squashfs/low/data
cloud.google.com/go/artifactregistry/internal
k8s.io/client-go/transport
github.com/cilium/cilium/pkg/kpr
cloud.google.com/go/longrunning/internal
github.com/prometheus/client_golang/prometheus/promhttp
k8s.io/component-base/metrics/prometheusextension
github.com/prometheus/client_golang/prometheus/collectors
github.com/googleapis/gax-go/v2/apierror/internal/proto
github.com/sylabs/squashfs/low
google.golang.org/api/internal/third_party/uritemplates
google.golang.org/genproto/googleapis/rpc/errdetails
github.com/googleapis/gax-go/v2/internallog/grpclog
google.golang.org/api/iterator
google.golang.org/api/googleapi
github.com/sylabs/squashfs
github.com/google/s2a-go/fallback
cloud.google.com/go/artifactregistry/apiv1/artifactregistrypb
github.com/googleapis/gax-go/v2/iterator
github.com/google/s2a-go/internal/proto/s2a_go_proto
github.com/google/s2a-go/internal/handshaker/service
github.com/google/s2a-go/internal/proto/v2/s2a_go_proto
github.com/go-openapi/loads
github.com/google/s2a-go/retry
google.golang.org/api/internal/cert
github.com/googleapis/gax-go/v2/apierror
google.golang.org/api/internal/credentialstype
google.golang.org/api/internal/impersonate
cloud.google.com/go/auth/internal/compute
go.opentelemetry.io/contrib/instrumentation/google.golang.org/grpc/otelgrpc/internal
go.opentelemetry.io/otel/semconv/v1.41.0/rpcconv
github.com/google/s2a-go/internal/authinfo
github.com/anchore/stereoscope/pkg/file
github.com/google/s2a-go/internal/record
go.opentelemetry.io/contrib/instrumentation/net/http/otelhttp/internal/request
go.opentelemetry.io/contrib/instrumentation/net/http/otelhttp/internal/semconv
google.golang.org/grpc/credentials/alts/internal
github.com/googleapis/gax-go/v2
github.com/go-openapi/validate
go.opentelemetry.io/proto/otlp/collector/logs/v1
go.opentelemetry.io/proto/otlp/collector/metrics/v1
go.opentelemetry.io/proto/otlp/collector/trace/v1
k8s.io/component-base/metrics
go.opentelemetry.io/contrib/instrumentation/google.golang.org/grpc/otelgrpc
github.com/google/s2a-go/stream
github.com/google/s2a-go/internal/handshaker
github.com/google/s2a-go/internal/v2/certverifier
github.com/google/s2a-go/internal/v2/remotesigner
go.opentelemetry.io/otel/exporters/otlp/otlptrace/otlptracehttp
github.com/anchore/stereoscope/pkg/filetree/filenode
github.com/anchore/stereoscope/pkg/filetree
go.opentelemetry.io/contrib/instrumentation/net/http/otelhttp
go.opentelemetry.io/otel/exporters/otlp/otlplog/otlploghttp
google.golang.org/grpc/credentials/alts/internal/proto/grpc_gcp
github.com/google/s2a-go/internal/v2/tlsconfigstore
go.opentelemetry.io/otel/exporters/otlp/otlpmetric/otlpmetrichttp
google.golang.org/grpc/credentials/alts/internal/conn
google.golang.org/grpc/credentials/alts/internal/handshaker/service
github.com/google/s2a-go/internal/v2
google.golang.org/grpc/internal/googlecloud
google.golang.org/grpc/credentials/oauth
google.golang.org/grpc/internal/xds/clients
google.golang.org/grpc/internal/xds
google.golang.org/grpc/balancer/grpclb/grpc_lb_v1
google.golang.org/grpc/resolver/manual
google.golang.org/api/googleapi/transport
google.golang.org/genproto/googleapis/cloud/location
cloud.google.com/go/container/apiv1/containerpb
cloud.google.com/go/container/internal
github.com/google/s2a-go
github.com/anchore/stereoscope/pkg/image
google.golang.org/grpc/credentials/alts/internal/authinfo
github.com/AzureAD/microsoft-authentication-library-for-go/apps/cache
github.com/Azure/azure-sdk-for-go/sdk/azcore/runtime
github.com/Azure/azure-sdk-for-go/sdk/azidentity/internal
github.com/uptrace/uptrace-go/uptrace
github.com/AzureAD/microsoft-authentication-library-for-go/apps/errors
k8s.io/kube-openapi/pkg/validation/spec
google.golang.org/grpc/balancer/grpclb
google.golang.org/grpc/credentials/alts/internal/handshaker
github.com/AzureAD/microsoft-authentication-library-for-go/apps/internal/json
k8s.io/kube-openapi/pkg/util/proto
k8s.io/apimachinery/pkg/apis/meta/v1/unstructured
k8s.io/api/core/v1
k8s.io/apimachinery/pkg/api/errors
k8s.io/apimachinery/pkg/api/meta
k8s.io/component-base/metrics/legacyregistry
k8s.io/api/authentication/v1
github.com/anchore/syft/syft/file
k8s.io/apimachinery/pkg/apis/meta/v1beta1
k8s.io/api/rbac/v1
k8s.io/apimachinery/pkg/api/equality
k8s.io/apiextensions-apiserver/pkg/apis/apiextensions
k8s.io/apimachinery/pkg/runtime/serializer/versioning
k8s.io/component-base/metrics/prometheus/feature
github.com/cilium/cilium/pkg/defaults
github.com/cilium/cilium/pkg/clustermesh/types
github.com/cilium/cilium/pkg/ip
k8s.io/component-base/featuregate
k8s.io/apimachinery/pkg/apis/meta/internalversion
k8s.io/apimachinery/pkg/apis/meta/v1/validation
github.com/anchore/syft/syft/linux
github.com/anchore/syft/syft/source
k8s.io/apiextensions-apiserver/pkg/apis/apiextensions/v1
k8s.io/kube-openapi/pkg/schemaconv
k8s.io/apiserver/pkg/apis/audit
k8s.io/api/apidiscovery/v2
k8s.io/apimachinery/pkg/runtime/serializer/json
k8s.io/apimachinery/pkg/runtime/serializer/protobuf
github.com/anchore/syft/syft/pkg
k8s.io/api/apidiscovery/v2beta1
k8s.io/api/admissionregistration/v1
github.com/cilium/cilium/api/v1/models
k8s.io/apimachinery/pkg/api/validation
k8s.io/api/apiserverinternal/v1alpha1
k8s.io/component-base/tracing/api/v1
k8s.io/apiserver/pkg/util/feature
k8s.io/component-base/zpages/features
k8s.io/apiserver/pkg/apis/audit/v1
k8s.io/apiserver/pkg/apis/apiserver
k8s.io/api/authentication/v1alpha1
k8s.io/apiserver/pkg/features
k8s.io/apimachinery/pkg/runtime/serializer
k8s.io/apimachinery/pkg/util/managedfields/internal
k8s.io/api/authentication/v1beta1
k8s.io/api/authorization/v1
k8s.io/api/certificates/v1alpha1
k8s.io/api/coordination/v1
k8s.io/apimachinery/pkg/apis/meta/internalversion/scheme
k8s.io/apimachinery/pkg/api/validate
github.com/anchore/syft/syft/sbom
k8s.io/apiserver/pkg/endpoints/request
k8s.io/apiserver/pkg/apis/apiserver/v1
k8s.io/api/flowcontrol/v1
k8s.io/api/flowcontrol/v1beta1
k8s.io/api/coordination/v1alpha2
k8s.io/api/coordination/v1beta1
k8s.io/api/flowcontrol/v1beta2
k8s.io/api/flowcontrol/v1beta3
k8s.io/apiserver/pkg/audit
k8s.io/api/policy/v1
k8s.io/api/policy/v1beta1
k8s.io/api/admissionregistration/v1alpha1
k8s.io/api/admissionregistration/v1beta1
k8s.io/apimachinery/pkg/util/managedfields
github.com/kubescape/go-logger
k8s.io/api/authorization/v1beta1
k8s.io/apiserver/pkg/admission
k8s.io/api/rbac/v1alpha1
k8s.io/api/rbac/v1beta1
k8s.io/api/storagemigration/v1beta1
k8s.io/api/resource/v1alpha3
k8s.io/apimachinery/pkg/runtime/serializer/cbor
k8s.io/client-go/pkg/apis/clientauthentication
k8s.io/client-go/rest/watch
k8s.io/kube-openapi/pkg/spec3
k8s.io/apiextensions-apiserver/pkg/apis/apiextensions/v1beta1
k8s.io/apimachinery/pkg/api/meta/testrestmapper
k8s.io/client-go/pkg/apis/clientauthentication/v1
k8s.io/client-go/pkg/apis/clientauthentication/v1beta1
k8s.io/apimachinery/pkg/util/strategicpatch
k8s.io/api/imagepolicy/v1alpha1
k8s.io/client-go/tools/clientcmd/api/latest
github.com/kubescape/storage/pkg/apis/softwarecomposition/packagemetadata
github.com/kubescape/storage/pkg/apis/softwarecomposition/sourcemetadata
google.golang.org/api/internal
cloud.google.com/go/auth/internal/transport
google.golang.org/grpc/credentials/alts
k8s.io/kube-openapi/pkg/common
k8s.io/client-go/pkg/apis/clientauthentication/install
github.com/Azure/azure-sdk-for-go/sdk/azcore
github.com/AzureAD/microsoft-authentication-library-for-go/apps/internal/json/types/time
github.com/AzureAD/microsoft-authentication-library-for-go/apps/internal/exported
github.com/AzureAD/microsoft-authentication-library-for-go/apps/internal/oauth/ops/authority
k8s.io/client-go/plugin/pkg/client/auth/exec
github.com/AzureAD/microsoft-authentication-library-for-go/apps/internal/oauth/ops/internal/grant
github.com/AzureAD/microsoft-authentication-library-for-go/apps/internal/shared
github.com/AzureAD/microsoft-authentication-library-for-go/apps/internal/version
k8s.io/kube-openapi/pkg/handler3
cloud.google.com/go/auth/httptransport
github.com/AzureAD/microsoft-authentication-library-for-go/apps/internal/options
github.com/AzureAD/microsoft-authentication-library-for-go/apps/internal/oauth/ops/internal/comm
github.com/Azure/azure-sdk-for-go/sdk/azcore/arm/runtime
github.com/AzureAD/microsoft-authentication-library-for-go/apps/internal/local
golang.org/x/crypto/pkcs12/internal/rc2
github.com/aws/aws-sdk-go-v2/internal/rand
github.com/AzureAD/microsoft-authentication-library-for-go/apps/internal/oauth/ops/wstrust/defs
github.com/aws/aws-sdk-go-v2/internal/sdk
github.com/aws/aws-sdk-go-v2/internal/sync/singleflight
github.com/aws/smithy-go/context
golang.org/x/crypto/pkcs12
github.com/aws/smithy-go/internal/sync/singleflight
google.golang.org/api/option
github.com/aws/smithy-go/logging
github.com/aws/smithy-go/document
github.com/aws/smithy-go/sync
github.com/aws/smithy-go/time
github.com/aws/smithy-go/transport/http/internal/io
github.com/Azure/azure-sdk-for-go/sdk/azcore/arm
github.com/AzureAD/microsoft-authentication-library-for-go/apps/internal/oauth/ops/wstrust
github.com/aws/smithy-go/ptr
github.com/aws/aws-sdk-go-v2/aws/arn
github.com/aws/smithy-go/middleware
github.com/aws/smithy-go/rand
github.com/aws/aws-sdk-go-v2/config/internal/ini
github.com/aws/aws-sdk-go-v2/aws/ratelimit
cloud.google.com/go/auth/credentials/impersonate
github.com/AzureAD/microsoft-authentication-library-for-go/apps/internal/oauth/ops/accesstokens
github.com/aws/aws-sdk-go-v2/internal/timeconv
github.com/Azure/azure-sdk-for-go/sdk/resourcemanager/authorization/armauthorization
github.com/Azure/azure-sdk-for-go/sdk/resourcemanager/authorization/armauthorization/v2
google.golang.org/api/option/internaloption
google.golang.org/api/transport/http
k8s.io/client-go/rest
github.com/Azure/azure-sdk-for-go/sdk/resourcemanager/containerservice/armcontainerservice/v2
github.com/aws/smithy-go
github.com/aws/aws-sdk-go-v2/feature/ec2/imds/internal/config
github.com/Azure/azure-sdk-for-go/sdk/resourcemanager/containerregistry/armcontainerregistry
github.com/cilium/cilium/pkg/option
github.com/aws/smithy-go/io
github.com/aws/aws-sdk-go-v2/internal/shareddefaults
github.com/aws/aws-sdk-go-v2/internal/strings
cloud.google.com/go/auth/credentials/idtoken
github.com/aws/smithy-go/encoding/httpbinding
github.com/aws/smithy-go/encoding
github.com/AzureAD/microsoft-authentication-library-for-go/apps/internal/oauth/ops
github.com/aws/smithy-go/encoding/json
github.com/aws/smithy-go/auth
github.com/aws/smithy-go/traits
github.com/AzureAD/microsoft-authentication-library-for-go/apps/internal/oauth
github.com/aws/smithy-go/metrics
google.golang.org/grpc/credentials/google/internal
github.com/aws/smithy-go/tracing
github.com/aws/aws-sdk-go-v2/internal/context
github.com/aws/smithy-go/eventstream
google.golang.org/grpc/credentials/google
github.com/aws/aws-sdk-go-v2/aws/protocol/restjson
github.com/aws/aws-sdk-go-v2/service/signin/types
github.com/aws/smithy-go/endpoints
github.com/aws/smithy-go/endpoints/private/bdd
k8s.io/apiextensions-apiserver/pkg/client/clientset/clientset/scheme
github.com/aws/aws-sdk-go-v2/service/sso/types
github.com/aws/aws-sdk-go-v2/internal/sdkio
github.com/aws/aws-sdk-go-v2/service/ssooidc/types
github.com/aws/aws-sdk-go-v2/aws/protocol/xml
github.com/aws/aws-sdk-go-v2/internal/v4a/internal/crypto
github.com/aws/aws-sdk-go-v2/internal/v4a/internal/v4
github.com/aws/aws-sdk-go-v2/service/sts/types
github.com/aws/smithy-go/encoding/xml
github.com/aws/aws-sdk-go-v2/internal/middleware
github.com/aws/aws-sdk-go-v2/service/ecr/types
github.com/aws/smithy-go/waiter
github.com/aws/aws-sdk-go-v2/service/eks/types
k8s.io/client-go/openapi
k8s.io/client-go/testing
k8s.io/client-go/util/apply
k8s.io/client-go/rest/fake
k8s.io/client-go/plugin/pkg/client/auth/azure
k8s.io/client-go/plugin/pkg/client/auth/gcp
github.com/cilium/cilium/pkg/labels
k8s.io/client-go/dynamic
k8s.io/client-go/tools/auth
k8s.io/client-go/plugin/pkg/client/auth/oidc
github.com/AzureAD/microsoft-authentication-library-for-go/apps/internal/base/storage
github.com/aws/smithy-go/transport/http
cloud.google.com/go/auth/grpctransport
k8s.io/client-go/tools/clientcmd
github.com/jmespath/go-jmespath
github.com/aws/aws-sdk-go-v2/service/iam/types
k8s.io/client-go/plugin/pkg/client/auth
github.com/kubescape/k8s-interface/cloudsupport/mockobjects
google.golang.org/api/internal/gensupport
google.golang.org/genproto/googleapis/container/v1
github.com/armosec/utils-go/str
github.com/kubescape/opa-utils/reporthandling/apis
github.com/kubescape/opa-utils/reporthandling/internal/slices
github.com/AzureAD/microsoft-authentication-library-for-go/apps/internal/base
github.com/open-policy-agent/opa/internal/debug
github.com/open-policy-agent/opa/internal/deepcopy
github.com/open-policy-agent/opa/internal/methodlesstemplate/internal/fmtsort
github.com/open-policy-agent/opa/v1/loader/extension
google.golang.org/api/transport/grpc
github.com/rcrowley/go-metrics
github.com/open-policy-agent/opa/v1/util/decoding
github.com/open-policy-agent/opa/internal/wasm/sdk/opa/capabilities
github.com/open-policy-agent/opa/v1/ast/internal/tokens
github.com/open-policy-agent/opa/v1/ast/json
github.com/aws/smithy-go/auth/bearer
github.com/aws/aws-sdk-go-v2/internal/auth
github.com/aws/aws-sdk-go-v2/internal/endpoints/awsrulesfn
github.com/aws/smithy-go/endpoints/private/rulesfn
github.com/AzureAD/microsoft-authentication-library-for-go/apps/confidential
sigs.k8s.io/controller-runtime/pkg/client/config
github.com/AzureAD/microsoft-authentication-library-for-go/apps/managedidentity
github.com/AzureAD/microsoft-authentication-library-for-go/apps/public
github.com/aws/aws-sdk-go-v2/aws
github.com/aws/aws-sdk-go-v2/aws/protocol/query
github.com/aws/aws-sdk-go-v2/service/internal/accept-encoding
github.com/aws/smithy-go/private/requestcompression
google.golang.org/api/cloudresourcemanager/v1
google.golang.org/api/iam/v1
k8s.io/client-go/dynamic/fake
k8s.io/client-go/gentype
github.com/open-policy-agent/opa/internal/methodlesstemplate
github.com/open-policy-agent/opa/capabilities
github.com/lestrrat-go/jwx/v3/internal/tokens
github.com/lestrrat-go/blackmagic
github.com/lestrrat-go/httpcc
github.com/lestrrat-go/httprc/v3/errsink
github.com/lestrrat-go/httprc/v3/proxysink
github.com/lestrrat-go/httprc/v3/tracesink
github.com/lestrrat-go/jwx/v3/internal/base64
cloud.google.com/go/longrunning/autogen
cloud.google.com/go/container/apiv1
github.com/Azure/azure-sdk-for-go/sdk/azidentity
github.com/lestrrat-go/option/v2
github.com/lestrrat-go/jwx/v3/internal/ecutil
github.com/aws/aws-sdk-go-v2/aws/middleware
github.com/aws/aws-sdk-go-v2/credentials
github.com/aws/aws-sdk-go-v2/aws/defaults
github.com/aws/aws-sdk-go-v2/aws/signer/internal/v4
github.com/aws/aws-sdk-go-v2/internal/configsources
github.com/aws/aws-sdk-go-v2/internal/endpoints
github.com/aws/aws-sdk-go-v2/internal/endpoints/v2
github.com/aws/aws-sdk-go-v2/credentials/processcreds
github.com/open-policy-agent/opa/v1/capabilities
github.com/aws/aws-sdk-go-v2/service/signin/internal/endpoints
github.com/aws/aws-sdk-go-v2/service/sso/internal/endpoints
github.com/aws/aws-sdk-go-v2/service/ssooidc/internal/endpoints
github.com/aws/aws-sdk-go-v2/service/sts/internal/endpoints
github.com/aws/aws-sdk-go-v2/aws/transport/http
github.com/aws/aws-sdk-go-v2/aws/retry
github.com/aws/aws-sdk-go-v2/service/ecr/internal/endpoints
github.com/aws/aws-sdk-go-v2/service/eks/internal/endpoints
github.com/aws/aws-sdk-go-v2/aws/signer/v4
github.com/aws/aws-sdk-go-v2/service/iam/internal/endpoints
github.com/open-policy-agent/opa/v1/metrics
github.com/lestrrat-go/jwx/v3/jwa
github.com/lestrrat-go/httprc/v3
github.com/lestrrat-go/jwx/v3/cert
github.com/lestrrat-go/jwx/v3/internal/json
cloud.google.com/go/longrunning
github.com/open-policy-agent/opa/v1/util
github.com/lestrrat-go/jwx/v3/internal/pool
github.com/aws/aws-sdk-go-v2/feature/ec2/imds
github.com/aws/aws-sdk-go-v2/credentials/endpointcreds/internal/client
github.com/aws/aws-sdk-go-v2/internal/auth/smithy
github.com/aws/aws-sdk-go-v2/internal/v4a
github.com/aws/aws-sdk-go-v2/service/internal/presigned-url
github.com/open-policy-agent/opa/internal/gojsonschema
github.com/lestrrat-go/jwx/v3/jwk/ecdsa
github.com/lestrrat-go/jwx/v3/jwk/internal/registry
github.com/valyala/fastjson/fastfloat
github.com/lestrrat-go/jwx/v3/transform
cloud.google.com/go/artifactregistry/apiv1
github.com/aws/aws-sdk-go-v2/service/signin
github.com/aws/aws-sdk-go-v2/service/sso
github.com/aws/aws-sdk-go-v2/service/ssooidc
github.com/aws/aws-sdk-go-v2/service/eks
github.com/open-policy-agent/opa/internal/semver
github.com/aws/aws-sdk-go-v2/service/iam
github.com/aws/aws-sdk-go-v2/service/ecr
github.com/aws/aws-sdk-go-v2/credentials/endpointcreds
github.com/aws/aws-sdk-go-v2/service/sts
github.com/aws/aws-sdk-go-v2/credentials/ec2rolecreds
github.com/open-policy-agent/opa/v1/ast/internal/scanner
github.com/open-policy-agent/opa/v1/ast/location
github.com/open-policy-agent/opa/v1/types
github.com/valyala/fastjson
github.com/lestrrat-go/dsig/internal/ecutil
github.com/lestrrat-go/dsig
github.com/lestrrat-go/jwx/v3
github.com/lestrrat-go/jwx/v3/jwe/internal/aescbc
github.com/lestrrat-go/jwx/v3/jwe/internal/concatkdf
github.com/lestrrat-go/jwx/v3/jwk/jwkbb
github.com/lestrrat-go/jwx/v3/jwt/internal/errors
github.com/lestrrat-go/jwx/v3/jwt/internal/types
github.com/open-policy-agent/opa/v1/schemas
github.com/open-policy-agent/opa/internal/file/archive
github.com/lestrrat-go/jwx/v3/jwk
github.com/open-policy-agent/opa/internal/merge
github.com/open-policy-agent/opa/v1/bundle/v1pb
github.com/open-policy-agent/opa/v1/keys
github.com/open-policy-agent/opa/v1/loader/filter
github.com/open-policy-agent/opa/internal/compiler/wasm/opa
github.com/open-policy-agent/opa/internal/leb128
github.com/open-policy-agent/opa/internal/wasm/constant
github.com/open-policy-agent/opa/v1/ast
github.com/open-policy-agent/opa/internal/wasm/opcode
github.com/open-policy-agent/opa/internal/wasm/types
github.com/open-policy-agent/opa/internal/wasm/util
github.com/open-policy-agent/opa/internal/wasm/instruction
github.com/open-policy-agent/opa/v1/ir/v1pb
github.com/open-policy-agent/opa/internal/file/url
github.com/open-policy-agent/opa/internal/cidr/merge
github.com/open-policy-agent/opa/internal/edittree/bitvector
github.com/aws/aws-sdk-go-v2/credentials/ssocreds
github.com/open-policy-agent/opa/internal/providers/aws/crypto
github.com/open-policy-agent/opa/internal/wasm/module
github.com/open-policy-agent/opa/internal/providers/aws/v4
github.com/open-policy-agent/opa/v1/logging
github.com/open-policy-agent/opa/internal/wasm/encoding
github.com/open-policy-agent/opa/internal/lcss
github.com/open-policy-agent/opa/internal/uuid
github.com/open-policy-agent/opa/internal/strings
github.com/open-policy-agent/opa/v1/topdown/durationparser
github.com/open-policy-agent/opa/v1/tracing
github.com/tchap/go-patricia/v2/patricia
github.com/aws/aws-sdk-go-v2/credentials/logincreds
github.com/open-policy-agent/opa/v1/ir
github.com/vektah/gqlparser/v2/ast
github.com/agnivade/levenshtein
github.com/kubescape/opa-utils/exceptions/internal/hashmap
github.com/stretchr/testify/assert
github.com/kubescape/backend/pkg/servicediscovery/schema
github.com/go-gota/gota/series
github.com/anchore/go-collections
github.com/vektah/gqlparser/v2/gqlerror
github.com/anchore/go-homedir
github.com/kubescape/backend/pkg/servicediscovery
github.com/kubescape/backend/pkg/servicediscovery/v2
github.com/anchore/go-version
github.com/anchore/grype/internal
github.com/anchore/grype/internal/redact
github.com/vektah/gqlparser/v2/lexer
github.com/vektah/gqlparser/v2/validator/core
github.com/anchore/grype/internal/log
github.com/anchore/grype/internal/stringutil
github.com/aquasecurity/go-version/pkg/part
github.com/masahiro331/go-mvn-version
github.com/anchore/grype/grype/internal
github.com/vektah/gqlparser/v2/parser
github.com/containerd/ttrpc
github.com/vektah/gqlparser/v2/validator/rules
github.com/aquasecurity/go-pep440-version
github.com/go-gota/gota/dataframe
github.com/aquasecurity/go-version/pkg/prerelease
github.com/containerd/containerd/api/types
github.com/bitnami/go-version/pkg/version
github.com/containerd/containerd/api/types/task
github.com/containerd/containerd/api/types/runc/options
github.com/containerd/containerd/archive/tarheader
github.com/aws/aws-sdk-go-v2/credentials/stscreds
github.com/anchore/grype/grype/version
github.com/stretchr/testify/require
github.com/containerd/containerd/pkg/epoch
github.com/containerd/continuity/devices
github.com/containerd/containerd/archive/compression
github.com/containerd/containerd/defaults
github.com/containerd/typeurl/v2
github.com/containerd/continuity/fs
github.com/containerd/containerd/cio
github.com/vektah/gqlparser/v2/validator
github.com/aws/aws-sdk-go-v2/config
github.com/containerd/containerd/errdefs
github.com/containerd/containerd/pkg/randutil
github.com/containerd/containerd/containers
github.com/containerd/containerd/protobuf
google.golang.org/genproto/protobuf/field_mask
github.com/anchore/grype/grype/distro
github.com/containerd/containerd/contrib/seccomp/kernelversion
github.com/containerd/containerd/api/services/containers/v1
github.com/containerd/containerd/api/services/content/v1
github.com/containerd/containerd/api/services/diff/v1
github.com/containerd/containerd/api/services/images/v1
github.com/containerd/containerd/api/services/introspection/v1
github.com/containerd/containerd/api/services/events/v1
github.com/containerd/containerd/api/services/leases/v1
github.com/containerd/containerd/api/services/namespaces/v1
github.com/containerd/containerd/api/services/sandbox/v1
github.com/containerd/containerd/api/services/snapshots/v1
github.com/containerd/containerd/api/services/streaming/v1
github.com/containerd/containerd/api/services/transfer/v1
github.com/containerd/containerd/api/services/tasks/v1
github.com/containerd/containerd/api/services/version/v1
github.com/containerd/containerd/archive
github.com/containerd/containerd/filters
github.com/containerd/containerd/protobuf/types
github.com/containerd/containerd/labels
github.com/containerd/containerd/content
github.com/containerd/containerd/mount
github.com/containerd/containerd/protobuf/proto
github.com/lestrrat-go/jwx/v3/internal/keyconv
github.com/lestrrat-go/jwx/v3/jwe/internal/keygen
github.com/lestrrat-go/jwx/v3/jws/internal/keytype
github.com/containerd/containerd/events
github.com/armosec/armoapi-go/armotypes
k8s.io/api/apps/v1
k8s.io/api/apps/v1beta1
k8s.io/api/apps/v1beta2
k8s.io/api/autoscaling/v1
k8s.io/api/autoscaling/v2
k8s.io/api/autoscaling/v2beta1
k8s.io/api/autoscaling/v2beta2
k8s.io/api/batch/v1
k8s.io/api/certificates/v1
k8s.io/api/certificates/v1beta1
k8s.io/api/discovery/v1
k8s.io/api/discovery/v1beta1
k8s.io/api/events/v1
k8s.io/api/events/v1beta1
k8s.io/api/networking/v1
k8s.io/api/batch/v1beta1
k8s.io/api/networking/v1beta1
k8s.io/api/node/v1
k8s.io/api/node/v1alpha1
k8s.io/api/node/v1beta1
k8s.io/api/extensions/v1beta1
k8s.io/api/resource/v1
github.com/armosec/utils-k8s-go/armometadata
github.com/armosec/armoapi-go/apis
k8s.io/api/resource/v1beta1
k8s.io/api/scheduling/v1
k8s.io/api/resource/v1beta2
k8s.io/api/scheduling/v1alpha1
k8s.io/api/scheduling/v1beta1
k8s.io/api/storage/v1alpha1
k8s.io/api/storage/v1
k8s.io/api/storage/v1beta1
github.com/kubescape/k8s-interface/workloadinterface
k8s.io/client-go/tools/reference
github.com/lestrrat-go/jwx/v3/jws/jwsbb
github.com/lestrrat-go/jwx/v3/jwe/internal/cipher
github.com/lestrrat-go/jwx/v3/jws/legacy
github.com/lestrrat-go/jwx/v3/jwe/internal/content_crypt
github.com/kubescape/opa-utils/reporthandling/helpers/v1
github.com/lestrrat-go/jwx/v3/jwe/jwebb
github.com/containerd/containerd/content/proxy
github.com/lestrrat-go/jwx/v3/jws
github.com/kubescape/opa-utils/objectsenvelopes/localworkload
github.com/kubescape/opa-utils/reporthandling/attacktrack/v1alpha1
github.com/containerd/containerd/images
github.com/containerd/containerd/reference
github.com/lestrrat-go/jwx/v3/jwe
github.com/containerd/containerd/leases
github.com/containerd/containerd/identifiers
github.com/containerd/containerd/leases/proxy
github.com/containerd/containerd/pkg/cap
github.com/kubescape/opa-utils/reporthandling/results/v1/prioritization
github.com/containerd/containerd/namespaces
github.com/containerd/containerd/diff
github.com/containerd/containerd/images/archive
github.com/containerd/containerd/snapshots
github.com/containerd/containerd/pkg/dialer
github.com/containerd/containerd/pkg/kmutex
github.com/containerd/containerd/pkg/streaming
github.com/containerd/containerd/pkg/transfer
github.com/containerd/containerd/oci
github.com/containerd/containerd/pkg/cleanup
github.com/containerd/containerd/tracing
github.com/containerd/containerd/api/types/transfer
github.com/docker/go-events
github.com/containerd/containerd/diff/proxy
github.com/containerd/containerd/remotes
github.com/containerd/containerd/remotes/errors
github.com/containerd/containerd/events/exchange
github.com/containerd/containerd/version
github.com/containerd/containerd/rootfs
github.com/containerd/containerd/remotes/docker/schema1
github.com/containerd/containerd/runtime/linux/runctypes
github.com/containerd/containerd/remotes/docker/auth
github.com/containerd/containerd/pkg/transfer/streaming
github.com/containerd/containerd/pkg/unpack
github.com/containerd/containerd/plugin
github.com/containerd/containerd/api/runtime/sandbox/v1
github.com/containerd/containerd/services
github.com/containerd/containerd/pkg/deprecation
github.com/containerd/containerd/snapshots/proxy
github.com/containerd/containerd/remotes/docker
github.com/containerd/containerd/pkg/transfer/proxy
github.com/cyphar/filepath-securejoin/pathrs-lite/internal
github.com/cyphar/filepath-securejoin/pathrs-lite/internal/gocompat
github.com/containerd/containerd/services/warning
github.com/cyphar/filepath-securejoin/pathrs-lite/internal/assert
github.com/cyphar/filepath-securejoin/pathrs-lite/internal/kernelversion
github.com/opencontainers/selinux/pkg/pwalkdir
github.com/cyphar/filepath-securejoin/pathrs-lite/internal/fd
github.com/docker/cli/cli/connhelper/internal/syntax
github.com/containerd/containerd/services/introspection
github.com/docker/docker/api/types/network
github.com/docker/go-connections/nat
github.com/docker/go-connections/sockets
github.com/cyphar/filepath-securejoin/pathrs-lite/internal/linux
github.com/containerd/stargz-snapshotter/estargz/errorutil
github.com/vbatts/tar-split/archive/tar
github.com/google/go-containerregistry/internal/and
k8s.io/client-go/kubernetes/scheme
github.com/docker/cli/cli/connhelper/ssh
github.com/google/go-containerregistry/pkg/compression
github.com/google/go-containerregistry/pkg/logs
github.com/cyphar/filepath-securejoin/pathrs-lite/internal/procfs
github.com/google/go-containerregistry/internal/gzip
github.com/google/go-containerregistry/internal/zstd
github.com/docker/docker/api/types/container
github.com/google/go-containerregistry/pkg/v1/match
github.com/docker/cli/cli/connhelper
github.com/google/go-containerregistry/pkg/v1/stream
github.com/google/go-containerregistry/internal/redact
github.com/google/go-containerregistry/internal/retry/wait
github.com/google/go-containerregistry/internal/verify
github.com/google/go-containerregistry/internal/compression
github.com/docker/docker/pkg/homedir
github.com/google/go-containerregistry/internal/retry
golang.org/x/crypto/ssh
k8s.io/client-go/discovery
k8s.io/client-go/kubernetes/typed/authentication/v1
k8s.io/client-go/kubernetes/typed/authentication/v1alpha1
k8s.io/client-go/kubernetes/typed/authentication/v1beta1
k8s.io/client-go/kubernetes/typed/authorization/v1
k8s.io/client-go/kubernetes/typed/authorization/v1beta1
github.com/lestrrat-go/jwx/v3/jwt
github.com/containerd/containerd/sandbox
github.com/docker/docker/api/types/build
github.com/docker/docker/api/types/image
github.com/docker/docker/api/types/swarm
github.com/cyphar/filepath-securejoin/pathrs-lite/procfs
github.com/google/go-containerregistry/pkg/v1/partial
github.com/containerd/containerd/remotes/docker/config
k8s.io/client-go/kubernetes/typed/authentication/v1alpha1/fake
k8s.io/client-go/kubernetes/typed/authentication/v1beta1/fake
github.com/cyphar/filepath-securejoin/pathrs-lite/internal/gopathrs
k8s.io/client-go/kubernetes/typed/authentication/v1/fake
github.com/docker/docker/api/types/volume
github.com/containerd/containerd/sandbox/proxy
k8s.io/client-go/kubernetes/typed/authorization/v1/fake
github.com/docker/docker/api/types
k8s.io/client-go/kubernetes/typed/authorization/v1beta1/fake
github.com/docker/docker/api/types/system
github.com/cyphar/filepath-securejoin/pathrs-lite
k8s.io/client-go/discovery/fake
k8s.io/client-go/applyconfigurations/meta/v1
github.com/containerd/stargz-snapshotter/estargz
github.com/google/go-containerregistry/pkg/v1/empty
github.com/docker/docker/client
github.com/google/go-containerregistry/pkg/v1/remote/transport
github.com/sylabs/sif/v2/pkg/sif
github.com/opencontainers/selinux/go-selinux
github.com/anchore/go-sync
github.com/anchore/fangs
github.com/mgutz/ansi
github.com/anchore/go-logger/adapter/logrus
github.com/gookit/color
github.com/iancoleman/strcase
k8s.io/apiextensions-apiserver/pkg/client/applyconfiguration/apiextensions/v1
k8s.io/apiextensions-apiserver/pkg/client/applyconfiguration/apiextensions/v1beta1
k8s.io/client-go/applyconfigurations/apiserverinternal/v1alpha1
k8s.io/client-go/applyconfigurations/admissionregistration/v1
k8s.io/client-go/applyconfigurations/autoscaling/v1
k8s.io/client-go/applyconfigurations/core/v1
k8s.io/client-go/applyconfigurations/autoscaling/v2
k8s.io/client-go/applyconfigurations/autoscaling/v2beta1
k8s.io/client-go/applyconfigurations/autoscaling/v2beta2
k8s.io/apiextensions-apiserver/pkg/client/clientset/clientset/typed/apiextensions/v1
k8s.io/client-go/applyconfigurations/certificates/v1
k8s.io/apiextensions-apiserver/pkg/client/clientset/clientset/typed/apiextensions/v1beta1
k8s.io/client-go/kubernetes/typed/apiserverinternal/v1alpha1
k8s.io/client-go/applyconfigurations/certificates/v1alpha1
k8s.io/client-go/kubernetes/typed/autoscaling/v1
k8s.io/client-go/applyconfigurations/certificates/v1beta1
k8s.io/apiextensions-apiserver/pkg/client/clientset/clientset
k8s.io/client-go/kubernetes/typed/admissionregistration/v1
k8s.io/client-go/applyconfigurations/admissionregistration/v1alpha1
k8s.io/client-go/kubernetes/typed/autoscaling/v2
k8s.io/client-go/applyconfigurations/admissionregistration/v1beta1
k8s.io/client-go/kubernetes/typed/autoscaling/v2beta1
k8s.io/client-go/kubernetes/typed/certificates/v1
k8s.io/client-go/kubernetes/typed/autoscaling/v2beta2
k8s.io/client-go/kubernetes/typed/certificates/v1alpha1
k8s.io/client-go/applyconfigurations/coordination/v1
k8s.io/client-go/applyconfigurations/coordination/v1alpha2
k8s.io/client-go/kubernetes/typed/certificates/v1beta1
k8s.io/client-go/applyconfigurations/coordination/v1beta1
k8s.io/client-go/applyconfigurations/flowcontrol/v1
k8s.io/client-go/applyconfigurations/flowcontrol/v1beta2
k8s.io/client-go/applyconfigurations/flowcontrol/v1beta1
k8s.io/client-go/kubernetes/typed/admissionregistration/v1alpha1
k8s.io/client-go/applyconfigurations/policy/v1
k8s.io/client-go/applyconfigurations/policy/v1beta1
k8s.io/client-go/kubernetes/typed/coordination/v1
k8s.io/client-go/applyconfigurations/flowcontrol/v1beta3
k8s.io/client-go/kubernetes/typed/coordination/v1alpha2
k8s.io/client-go/applyconfigurations/rbac/v1
k8s.io/client-go/kubernetes/typed/admissionregistration/v1beta1
k8s.io/client-go/applyconfigurations/rbac/v1alpha1
k8s.io/client-go/applyconfigurations/rbac/v1beta1
k8s.io/client-go/kubernetes/typed/policy/v1beta1
k8s.io/client-go/applyconfigurations/resource/v1alpha3
k8s.io/client-go/kubernetes/typed/coordination/v1beta1
k8s.io/client-go/kubernetes/typed/flowcontrol/v1
k8s.io/client-go/kubernetes/typed/flowcontrol/v1beta2
k8s.io/client-go/kubernetes/typed/flowcontrol/v1beta3
k8s.io/client-go/kubernetes/typed/flowcontrol/v1beta1
k8s.io/client-go/kubernetes/typed/policy/v1
k8s.io/client-go/applyconfigurations/scheduling/v1
k8s.io/client-go/kubernetes/typed/rbac/v1
k8s.io/client-go/kubernetes/typed/rbac/v1alpha1
k8s.io/client-go/applyconfigurations/scheduling/v1alpha1
k8s.io/client-go/applyconfigurations/scheduling/v1beta1
k8s.io/client-go/applyconfigurations/storagemigration/v1beta1
k8s.io/client-go/kubernetes/typed/rbac/v1beta1
k8s.io/client-go/applyconfigurations/imagepolicy/v1alpha1
k8s.io/client-go/kubernetes/typed/admissionregistration/v1/fake
k8s.io/client-go/kubernetes/typed/resource/v1alpha3
k8s.io/client-go/kubernetes/typed/scheduling/v1
k8s.io/client-go/kubernetes/typed/admissionregistration/v1alpha1/fake
k8s.io/client-go/kubernetes/typed/apiserverinternal/v1alpha1/fake
k8s.io/client-go/kubernetes/typed/admissionregistration/v1beta1/fake
k8s.io/client-go/kubernetes/typed/scheduling/v1alpha1
k8s.io/client-go/applyconfigurations/apps/v1beta1
k8s.io/client-go/applyconfigurations/apps/v1
k8s.io/client-go/applyconfigurations/apps/v1beta2
k8s.io/client-go/applyconfigurations/batch/v1
k8s.io/client-go/kubernetes/typed/core/v1
k8s.io/client-go/applyconfigurations/discovery/v1
k8s.io/client-go/applyconfigurations/discovery/v1beta1
k8s.io/client-go/applyconfigurations/events/v1
k8s.io/client-go/applyconfigurations/events/v1beta1
k8s.io/client-go/applyconfigurations/extensions/v1beta1
k8s.io/client-go/applyconfigurations/networking/v1
k8s.io/client-go/applyconfigurations/networking/v1beta1
k8s.io/client-go/kubernetes/typed/discovery/v1beta1
k8s.io/client-go/kubernetes/typed/events/v1
k8s.io/client-go/kubernetes/typed/apps/v1beta1
k8s.io/client-go/kubernetes/typed/batch/v1
k8s.io/client-go/applyconfigurations/batch/v1beta1
k8s.io/client-go/kubernetes/typed/discovery/v1
k8s.io/client-go/kubernetes/typed/events/v1beta1
k8s.io/client-go/applyconfigurations/node/v1
k8s.io/client-go/applyconfigurations/node/v1alpha1
k8s.io/client-go/kubernetes/typed/networking/v1beta1
k8s.io/client-go/kubernetes/typed/networking/v1
k8s.io/client-go/applyconfigurations/node/v1beta1
k8s.io/client-go/kubernetes/typed/apps/v1beta2
k8s.io/client-go/kubernetes/typed/apps/v1
k8s.io/client-go/applyconfigurations/resource/v1
k8s.io/client-go/applyconfigurations/resource/v1beta1
k8s.io/client-go/kubernetes/typed/node/v1
k8s.io/client-go/kubernetes/typed/batch/v1beta1
k8s.io/client-go/kubernetes/typed/node/v1alpha1
k8s.io/client-go/kubernetes/typed/scheduling/v1beta1
k8s.io/client-go/applyconfigurations/resource/v1beta2
k8s.io/client-go/kubernetes/typed/node/v1beta1
k8s.io/client-go/kubernetes/typed/extensions/v1beta1
k8s.io/client-go/applyconfigurations/storage/v1
k8s.io/client-go/applyconfigurations/storage/v1alpha1
k8s.io/client-go/applyconfigurations/storage/v1beta1
k8s.io/client-go/kubernetes/typed/storagemigration/v1beta1
k8s.io/client-go/kubernetes/typed/apps/v1beta1/fake
k8s.io/client-go/kubernetes/typed/autoscaling/v1/fake
k8s.io/client-go/kubernetes/typed/autoscaling/v2/fake
k8s.io/client-go/kubernetes/typed/autoscaling/v2beta1/fake
k8s.io/client-go/kubernetes/typed/resource/v1
k8s.io/client-go/kubernetes/typed/resource/v1beta1
k8s.io/client-go/kubernetes/typed/storage/v1alpha1
k8s.io/client-go/kubernetes/typed/autoscaling/v2beta2/fake
k8s.io/client-go/kubernetes/typed/apps/v1beta2/fake
k8s.io/client-go/kubernetes/typed/batch/v1/fake
k8s.io/client-go/kubernetes/typed/apps/v1/fake
k8s.io/client-go/kubernetes/typed/batch/v1beta1/fake
k8s.io/client-go/kubernetes/typed/storage/v1beta1
k8s.io/client-go/kubernetes/typed/certificates/v1/fake
k8s.io/client-go/kubernetes/typed/storage/v1
k8s.io/client-go/kubernetes/typed/certificates/v1alpha1/fake
k8s.io/client-go/kubernetes/typed/certificates/v1beta1/fake
k8s.io/client-go/kubernetes/typed/resource/v1beta2
k8s.io/client-go/applyconfigurations
k8s.io/client-go/kubernetes/typed/coordination/v1/fake
k8s.io/client-go/kubernetes/typed/coordination/v1alpha2/fake
k8s.io/client-go/kubernetes/typed/coordination/v1beta1/fake
k8s.io/client-go/kubernetes/typed/core/v1/fake
k8s.io/client-go/kubernetes/typed/discovery/v1/fake
k8s.io/client-go/kubernetes/typed/discovery/v1beta1/fake
k8s.io/client-go/kubernetes/typed/events/v1/fake
k8s.io/client-go/kubernetes/typed/events/v1beta1/fake
k8s.io/client-go/kubernetes/typed/flowcontrol/v1/fake
k8s.io/client-go/kubernetes/typed/extensions/v1beta1/fake
k8s.io/client-go/kubernetes/typed/flowcontrol/v1beta1/fake
k8s.io/client-go/kubernetes/typed/flowcontrol/v1beta2/fake
k8s.io/client-go/kubernetes/typed/flowcontrol/v1beta3/fake
k8s.io/client-go/kubernetes/typed/networking/v1/fake
k8s.io/client-go/kubernetes
k8s.io/client-go/kubernetes/typed/networking/v1beta1/fake
k8s.io/client-go/kubernetes/typed/node/v1/fake
k8s.io/client-go/kubernetes/typed/node/v1alpha1/fake
k8s.io/client-go/kubernetes/typed/node/v1beta1/fake
k8s.io/client-go/kubernetes/typed/policy/v1/fake
k8s.io/client-go/kubernetes/typed/policy/v1beta1/fake
k8s.io/client-go/kubernetes/typed/rbac/v1/fake
k8s.io/client-go/kubernetes/typed/rbac/v1alpha1/fake
k8s.io/client-go/kubernetes/typed/rbac/v1beta1/fake
k8s.io/client-go/kubernetes/typed/resource/v1/fake
k8s.io/client-go/kubernetes/typed/resource/v1alpha3/fake
k8s.io/client-go/kubernetes/typed/resource/v1beta1/fake
k8s.io/client-go/kubernetes/typed/resource/v1beta2/fake
k8s.io/client-go/kubernetes/typed/scheduling/v1/fake
k8s.io/client-go/kubernetes/typed/scheduling/v1alpha1/fake
k8s.io/client-go/kubernetes/typed/scheduling/v1beta1/fake
k8s.io/client-go/kubernetes/typed/storage/v1/fake
k8s.io/client-go/kubernetes/typed/storage/v1alpha1/fake
k8s.io/client-go/kubernetes/typed/storage/v1beta1/fake
k8s.io/client-go/kubernetes/typed/storagemigration/v1beta1/fake
github.com/open-policy-agent/opa/internal/compiler
github.com/open-policy-agent/opa/v1/storage
github.com/open-policy-agent/opa/internal/future
github.com/open-policy-agent/opa/v1/topdown/builtins
github.com/open-policy-agent/opa/v1/format
github.com/open-policy-agent/opa/v1/topdown/cache
github.com/open-policy-agent/opa/v1/topdown/print
github.com/open-policy-agent/opa/internal/json/patch
github.com/open-policy-agent/opa/v1/resolver
github.com/open-policy-agent/opa/internal/compiler/wasm
github.com/open-policy-agent/opa/internal/planner
github.com/open-policy-agent/opa/v1/storage/internal/errors
github.com/open-policy-agent/opa/internal/edittree
github.com/open-policy-agent/opa/v1/topdown/copypropagation
github.com/opencontainers/selinux/go-selinux/label
github.com/open-policy-agent/opa/v1/storage/internal/ptr
github.com/containerd/containerd
github.com/open-policy-agent/opa/v1/storage/inmem
github.com/anchore/stereoscope/internal/docker
github.com/open-policy-agent/opa/internal/rego/opa
github.com/google/go-containerregistry/internal/estargz
golang.org/x/crypto/ssh/knownhosts
github.com/open-policy-agent/opa/v1/resolver/wasm
github.com/open-policy-agent/opa/v1/version
github.com/google/go-containerregistry/pkg/v1/tarball
github.com/open-policy-agent/opa/internal/version
github.com/anchore/stereoscope/pkg/image/sif
github.com/pborman/indent
github.com/google/pprof/profile
github.com/anchore/stereoscope/internal/podman
github.com/anchore/syft/syft/event
github.com/open-policy-agent/opa/internal/providers/aws
github.com/anchore/syft/syft/event/monitor
github.com/anchore/syft/internal/sbomsync
github.com/anchore/syft/syft/cataloging
github.com/open-policy-agent/opa/v1/bundle
github.com/diskfs/go-diskfs/filesystem
cloud.google.com/go/iam
github.com/anchore/stereoscope/pkg/image/docker
github.com/google/go-containerregistry/pkg/v1/mutate
cloud.google.com/go/internal
cloud.google.com/go/internal/trace
cloud.google.com/go/storage/internal
cloud.google.com/go/storage/experimental
google.golang.org/genproto/googleapis/type/date
github.com/open-policy-agent/opa/v1/topdown
google.golang.org/genproto/googleapis/api/distribution
google.golang.org/genproto/googleapis/api/label
google.golang.org/genproto/googleapis/type/calendarperiod
cloud.google.com/go/storage/internal/apiv2/storagepb
google.golang.org/genproto/googleapis/type/timeofday
github.com/google/go-containerregistry/pkg/v1/layout
github.com/google/go-containerregistry/pkg/v1/remote
google.golang.org/genproto/googleapis/api/monitoredres
google.golang.org/genproto/googleapis/api/metric
cloud.google.com/go/monitoring/internal
github.com/GoogleCloudPlatform/opentelemetry-operations-go/detectors/gcp
google.golang.org/api/iamcredentials/v1
github.com/GoogleCloudPlatform/opentelemetry-operations-go/internal/resourcemapping
github.com/anchore/stereoscope/pkg/image/podman
cloud.google.com/go/monitoring/apiv3/v2/monitoringpb
google.golang.org/api/storage/v1
go.opentelemetry.io/contrib/detectors/gcp
github.com/felixge/fgprof
google.golang.org/api/transport
google.golang.org/grpc/balancer/rls/internal/adaptive
github.com/pkg/profile
google.golang.org/grpc/internal/proto/grpc_lookup_v1
google.golang.org/grpc/internal/cache
google.golang.org/grpc/experimental/opentelemetry
github.com/anchore/stereoscope/internal/containerd
google.golang.org/grpc/internal/balancergroup
google.golang.org/grpc/stats/opentelemetry/internal
google.golang.org/grpc/stats/opentelemetry/internal/tracing
github.com/anchore/clio
github.com/cncf/xds/go/udpa/annotations
github.com/cncf/xds/go/xds/annotations/v3
github.com/envoyproxy/go-control-plane/envoy/annotations
google.golang.org/grpc/stats/opentelemetry
github.com/spiffe/go-spiffe/v2/internal/cryptoutil
github.com/spiffe/go-spiffe/v2/internal/jwtutil
github.com/spiffe/go-spiffe/v2/spiffeid
github.com/spiffe/go-spiffe/v2/internal/pemutil
github.com/anchore/stereoscope/pkg/image/containerd
google.golang.org/grpc/balancer/rls/internal/keys
github.com/open-policy-agent/opa/internal/bundle
github.com/open-policy-agent/opa/v1/loader
github.com/anchore/stereoscope/pkg/image/oci
github.com/spiffe/go-spiffe/v2/internal/x509util
cloud.google.com/go/storage/internal/apiv2
k8s.io/client-go/kubernetes/fake
google.golang.org/grpc/balancer/rls
github.com/cncf/xds/go/xds/core/v3
github.com/envoyproxy/go-control-plane/envoy/type/v3
github.com/spiffe/go-spiffe/v2/bundle/jwtbundle
github.com/anchore/syft/internal/bus
github.com/spiffe/go-spiffe/v2/bundle/x509bundle
github.com/spiffe/go-spiffe/v2/exp/bundle/witbundle
google.golang.org/grpc/credentials/jwt
github.com/cncf/xds/go/xds/type/v3
github.com/spiffe/go-spiffe/v2/bundle/spiffebundle
github.com/envoyproxy/go-control-plane/envoy/type/metadata/v3
google.golang.org/grpc/internal/xds/bootstrap/jwtcreds
google.golang.org/grpc/internal/xds/clients/grpctransport
google.golang.org/grpc/internal/xds/clients/internal/backoff
google.golang.org/grpc/internal/xds/clients/lrsclient/internal
google.golang.org/grpc/internal/xds/clients/internal/pretty
github.com/anchore/stereoscope
google.golang.org/grpc/internal/xds/clients/internal/buffer
google.golang.org/grpc/internal/xds/clients/xdsclient/internal
google.golang.org/grpc/internal/xds/clients/xdsclient/metrics
github.com/cncf/xds/go/udpa/type/v1
github.com/envoyproxy/go-control-plane/envoy/type/http/v3
google.golang.org/grpc/experimental/balancer/hostname
google.golang.org/grpc/internal/xds/clients/internal/syncutil
google.golang.org/grpc/internal/credentials/spiffe
google.golang.org/grpc/credentials/tls/certprovider
google.golang.org/grpc/internal/xds/clusterspecifier
google.golang.org/grpc/internal/xds/xdsclient/xdsresource/version
google.golang.org/grpc/resolver/ringhash
google.golang.org/grpc/internal/admin
github.com/envoyproxy/go-control-plane/envoy/type/tracing/v3
google.golang.org/grpc/balancer/leastrequest
google.golang.org/grpc/internal/wrr
google.golang.org/grpc/internal/hierarchy
google.golang.org/grpc/internal/balancer/nop
github.com/envoyproxy/go-control-plane/envoy/type/matcher/v3
github.com/envoyproxy/go-control-plane/envoy/config/overload/v3
github.com/cncf/xds/go/xds/data/orca/v3
google.golang.org/grpc/balancer/weightedtarget/weightedaggregator
google.golang.org/grpc/balancer/weightedroundrobin/internal
google.golang.org/grpc/credentials/tls/certprovider/pemfile
google.golang.org/grpc/internal/xds/balancer/clusterimpl/internal
github.com/cncf/xds/go/xds/type/matcher/v3
google.golang.org/grpc/internal/xds/balancer/outlierdetection
google.golang.org/grpc/internal/xds/balancer/priority
google.golang.org/grpc/internal/xds/balancer/clustermanager
google.golang.org/grpc/internal/xds/clusterspecifier/rls
github.com/envoyproxy/go-control-plane/envoy/extensions/filters/common/fault/v3
google.golang.org/grpc/balancer/weightedtarget
github.com/cncf/xds/go/xds/service/orca/v3
google.golang.org/grpc/orca/internal
google.golang.org/grpc/internal/xds/balancer/wrrlocality
github.com/envoyproxy/go-control-plane/envoy/extensions/rbac/audit_loggers/stream/v3
google.golang.org/grpc/authz/audit
google.golang.org/grpc/internal/xds/bootstrap/tlscreds
google.golang.org/grpc/authz/audit/stdout
google.golang.org/grpc/internal/ringhash
google.golang.org/grpc/internal/xds/resolver/internal
github.com/envoyproxy/go-control-plane/envoy/extensions/load_balancing_policies/pick_first/v3
google.golang.org/grpc/balancer/lazy
google.golang.org/grpc/xds/bootstrap
github.com/aws/aws-sdk-go-v2/aws/protocol/eventstream
github.com/aws/aws-sdk-go-v2/aws/protocol/eventstream/eventstreamapi
github.com/aws/aws-sdk-go-v2/service/internal/checksum
github.com/aws/aws-sdk-go-v2/service/internal/s3shared/arn
github.com/aws/aws-sdk-go-v2/service/internal/s3shared/config
github.com/aws/aws-sdk-go-v2/service/s3/internal/endpoints
google.golang.org/grpc/balancer/ringhash
github.com/aws/smithy-go/container/private/cache
github.com/aws/aws-sdk-go-v2/service/s3/types
github.com/bgentry/go-netrc/netrc
google.golang.org/grpc/orca
github.com/aws/smithy-go/container/private/cache/lru
github.com/hashicorp/aws-sdk-go-base/v2/endpoints
github.com/aws/aws-sdk-go-v2/service/internal/s3shared
cloud.google.com/go/monitoring/apiv3/v2
github.com/aws/aws-sdk-go-v2/service/s3/internal/arn
github.com/hashicorp/go-getter/helper/url
github.com/STARRY-S/zip
github.com/andybalholm/brotli/matchfinder
github.com/bodgit/plumbing
github.com/bodgit/sevenzip/internal/aes7z
github.com/bodgit/sevenzip/internal/util
github.com/bodgit/sevenzip/internal/bra
github.com/bodgit/sevenzip/internal/bzip2
github.com/bodgit/sevenzip/internal/bcj2
github.com/klauspost/compress/flate
github.com/aws/aws-sdk-go-v2/service/s3/internal/customizations
github.com/bodgit/sevenzip/internal/delta
github.com/bodgit/sevenzip/internal/lz4
github.com/bodgit/sevenzip/internal/lzma
github.com/bodgit/sevenzip/internal/lzma2
github.com/bodgit/sevenzip/internal/pool
github.com/kubescape/k8s-interface/k8sinterface
google.golang.org/grpc/balancer/weightedroundrobin
github.com/andybalholm/brotli
github.com/bodgit/sevenzip/internal/zstd
github.com/bodgit/windows
go4.org/readerutil
github.com/dsnet/compress/bzip2/internal/sais
github.com/dsnet/compress/internal
google.golang.org/grpc/internal/xds/matcher
github.com/envoyproxy/go-control-plane/envoy/config/core/v3
github.com/dsnet/compress/internal/errors
github.com/klauspost/compress/internal/race
github.com/klauspost/compress/s2
github.com/dsnet/compress
github.com/klauspost/compress/internal/godebug
github.com/mikelolasagasti/xz
github.com/minio/minlz/internal/race
github.com/nwaples/rardecode/v2
github.com/dsnet/compress/internal/prefix
github.com/scylladb/go-set/uset
github.com/sorairolake/lzip-go
google.golang.org/grpc/internal/credentials/xds
github.com/anchore/syft/internal/os
github.com/anchore/syft/internal/relationship
github.com/anchore/syft/internal/unknown
github.com/anchore/syft/internal/mimetype
github.com/go-restruct/restruct/expr
github.com/anchore/go-lzo
github.com/aws/aws-sdk-go-v2/service/s3
github.com/diskfs/go-diskfs/backend
github.com/pkg/xattr
github.com/anchore/syft/syft/pkg/cataloger/generic
github.com/scylladb/go-set/u32set
github.com/dsnet/compress/bzip2
github.com/anchore/syft/internal/cache
github.com/anchore/syft/internal/tmpdir
github.com/anchore/syft/internal/relationship/binary
github.com/anchore/syft/syft/internal/windows
github.com/anchore/syft/syft/pkg/cataloger/golang/internal/xcoff
github.com/anchore/syft/syft/pkg/cataloger/internal/licenses
github.com/bodgit/sevenzip/internal/deflate
github.com/klauspost/compress/gzip
github.com/klauspost/compress/zip
github.com/klauspost/compress/zlib
github.com/klauspost/pgzip
github.com/diskfs/go-diskfs/filesystem/squashfs
github.com/anchore/syft/syft/internal/fileresolver
github.com/ProtonMail/go-crypto/openpgp/errors
github.com/ProtonMail/go-crypto/openpgp/aes/keywrap
github.com/ProtonMail/go-crypto/internal/byteutil
github.com/GoogleCloudPlatform/opentelemetry-operations-go/exporter/metric
golang.org/x/crypto/cast5
github.com/ProtonMail/go-crypto/eax
github.com/ProtonMail/go-crypto/openpgp/armor
github.com/ProtonMail/go-crypto/ocb
github.com/ProtonMail/go-crypto/bitcurves
github.com/ProtonMail/go-crypto/brainpool
github.com/ProtonMail/go-crypto/openpgp/internal/encoding
github.com/cloudflare/circl/internal/conv
github.com/ProtonMail/go-crypto/openpgp/internal/algorithm
github.com/ProtonMail/go-crypto/openpgp/elgamal
golang.org/x/crypto/blake2b
github.com/kubescape/k8s-interface/instanceidhandler/v1/helpers
github.com/kubescape/k8s-interface/cloudsupport/v1
github.com/kubescape/opa-utils/objectsenvelopes/hostsensor
github.com/kubescape/rbac-utils/rbacutils
github.com/cloudflare/circl/math/fp25519
github.com/go-restruct/restruct
github.com/kubescape/storage/pkg/apis/softwarecomposition
github.com/cloudflare/circl/math/fp448
github.com/open-policy-agent/opa/v1/rego
github.com/minio/minlz
github.com/cloudflare/circl/math/mlsbset
github.com/go-git/go-billy/v5/osfs
github.com/cloudflare/circl/dh/x25519
github.com/cloudflare/circl/sign/ed25519
github.com/go-git/go-git/v5/internal/pathutil
golang.org/x/crypto/argon2
github.com/cloudflare/circl/dh/x448
github.com/cloudflare/circl/ecc/goldilocks
github.com/ProtonMail/go-crypto/openpgp/s2k
github.com/ProtonMail/go-crypto/openpgp/x25519
github.com/ProtonMail/go-crypto/openpgp/ed25519
github.com/go-git/go-git/v5/internal/url
github.com/anchore/go-macholibre
github.com/go-git/go-git/v5/plumbing/hash
github.com/go-git/go-git/v5/internal/path_util
github.com/go-git/go-git/v5/plumbing/format/config
github.com/go-git/go-git/v5/internal/revision
github.com/go-git/go-git/v5/plumbing
github.com/go-git/go-git/v5/plumbing/filemode
github.com/cloudflare/circl/sign/ed448
github.com/jbenet/go-context/io
github.com/anchore/syft/syft/internal/unionreader
github.com/go-git/go-git/v5/utils/sync
github.com/go-git/go-git/v5/plumbing/color
github.com/go-git/go-git/v5/utils/ioutil
github.com/go-git/go-git/v5/utils/diff
github.com/go-git/go-git/v5/utils/merkletrie/noder
github.com/ProtonMail/go-crypto/openpgp/ed448
github.com/anchore/syft/syft/file/cataloger/executable
github.com/anchore/syft/syft/pkg/cataloger/internal/binutils
github.com/anchore/syft/syft/pkg/cataloger/internal/pe
github.com/go-git/go-git/v5/config
github.com/go-git/go-git/v5/plumbing/cache
github.com/go-git/go-git/v5/plumbing/format/gitignore
github.com/go-git/go-git/v5/utils/binary
github.com/go-git/go-git/v5/plumbing/format/diff
github.com/ProtonMail/go-crypto/openpgp/internal/ecc
github.com/ProtonMail/go-crypto/openpgp/x448
github.com/go-git/go-git/v5/plumbing/format/index
github.com/go-git/go-git/v5/plumbing/format/idxfile
github.com/go-git/go-git/v5/utils/merkletrie/internal/frame
github.com/go-git/go-git/v5/utils/trace
github.com/go-git/go-git/v5/plumbing/protocol/packp/capability
golang.org/x/sys/execabs
github.com/anchore/syft/syft/pkg/cataloger/binary
github.com/anchore/syft/syft/pkg/cataloger/dotnet
github.com/go-git/go-git/v5/utils/merkletrie
github.com/go-git/go-git/v5/plumbing/storer
github.com/ProtonMail/go-crypto/openpgp/ecdh
github.com/ProtonMail/go-crypto/openpgp/ecdsa
github.com/ProtonMail/go-crypto/openpgp/eddsa
github.com/go-git/go-git/v5/plumbing/format/pktline
github.com/skeema/knownhosts
golang.org/x/crypto/ssh/agent
golang.org/x/net/internal/socks
github.com/ProtonMail/go-crypto/openpgp/packet
github.com/go-git/go-git/v5/utils/merkletrie/filesystem
github.com/go-git/go-git/v5/storage
github.com/go-git/go-git/v5/plumbing/format/packfile
github.com/go-git/go-git/v5/plumbing/protocol/packp/sideband
github.com/go-git/go-git/v5/storage/memory
github.com/go-git/go-git/v5/utils/merkletrie/index
github.com/kastenhq/goversion/version
golang.org/x/mod/modfile
github.com/kubescape/storage/pkg/apis/softwarecomposition/v1beta1
golang.org/x/net/proxy
github.com/CycloneDX/cyclonedx-go
github.com/anchore/syft/internal/packagemetadata
github.com/anchore/syft/syft/pkg/cataloger/internal/cpegenerate/dictionary
github.com/go-git/go-git/v5/plumbing/protocol/packp
github.com/anchore/syft/syft/format/internal/stream
github.com/saintfish/chardet
github.com/vifraa/gopom
github.com/xanzy/ssh-agent
golang.org/x/exp/maps
github.com/anchore/syft/syft/pkg/cataloger/internal/dependency
github.com/anchore/syft/syft/pkg/cataloger/internal/cpegenerate
github.com/deitch/magic/pkg/magic/parser
github.com/nix-community/go-nix/pkg/nixbase32
github.com/anchore/syft/syft/file/cataloger/internal
github.com/anchore/syft/syft/pkg/cataloger/javascript
github.com/nix-community/go-nix/pkg/nixhash
github.com/anchore/syft/syft/pkg/cataloger/java/internal/maven
github.com/deitch/magic/pkg/magic/internal
github.com/nix-community/go-nix/pkg/storepath
github.com/anchore/syft/syft/pkg/cataloger/python
github.com/go-git/go-git/v5/plumbing/format/objfile
github.com/nix-community/go-nix/pkg/derivation
github.com/deitch/magic/pkg/magic
github.com/go-git/go-git/v5/plumbing/transport
github.com/anchore/syft/syft/pkg/cataloger/kernel
github.com/go-git/go-git/v5/storage/filesystem/dotgit
github.com/anchore/syft/syft/file/cataloger/filemetadata
github.com/go-git/go-git/v5/plumbing/transport/internal/common
github.com/gpustack/gguf-parser-go/util/anyx
github.com/gpustack/gguf-parser-go/util/bytex
github.com/gpustack/gguf-parser-go/util/funcx
github.com/gpustack/gguf-parser-go/util/json
github.com/gpustack/gguf-parser-go/util/osx
github.com/henvic/httpretty/internal/color
github.com/anchore/syft/syft/pkg/cataloger/nix
github.com/henvic/httpretty/internal/header
github.com/smallnest/ringbuffer
github.com/gpustack/gguf-parser-go/util/ptr
github.com/go-git/go-git/v5/plumbing/transport/git
github.com/go-git/go-git/v5/plumbing/transport/http
github.com/go-git/go-git/v5/plumbing/transport/ssh
github.com/anchore/syft/syft/pkg/cataloger/common/cpe
github.com/ProtonMail/go-crypto/openpgp
github.com/henvic/httpretty
github.com/gpustack/gguf-parser-go/util/slicex
github.com/gpustack/gguf-parser-go/util/stringx
github.com/go-git/go-git/v5/storage/filesystem
github.com/anchore/syft/syft/pkg/cataloger/alpine
google.golang.org/grpc/internal/xds/bootstrap
github.com/envoyproxy/go-control-plane/envoy/config/common/mutation_rules/v3
github.com/envoyproxy/go-control-plane/envoy/data/accesslog/v3
github.com/envoyproxy/go-control-plane/envoy/config/endpoint/v3
github.com/envoyproxy/go-control-plane/envoy/config/metrics/v3
github.com/envoyproxy/go-control-plane/envoy/extensions/transport_sockets/tls/v3
github.com/envoyproxy/go-control-plane/envoy/config/trace/v3
google.golang.org/grpc/internal/xds/clients/internal
github.com/kubescape/opa-utils/objectsenvelopes
github.com/envoyproxy/go-control-plane/envoy/service/discovery/v3
github.com/envoyproxy/go-control-plane/envoy/extensions/clusters/aggregate/v3
github.com/envoyproxy/go-control-plane/envoy/extensions/filters/http/gcp_authn/v3
github.com/envoyproxy/go-control-plane/envoy/extensions/transport_sockets/http_11_proxy/v3
github.com/bodgit/sevenzip/internal/brotli
github.com/envoyproxy/go-control-plane/envoy/config/route/v3
google.golang.org/grpc/internal/xds/httpfilter
github.com/bodgit/sevenzip
github.com/go-git/go-git/v5/plumbing/object
github.com/kubescape/opa-utils/reporthandling
github.com/anchore/syft/syft/format/internal
github.com/gpustack/gguf-parser-go/util/httpx
github.com/vbatts/go-mtree/pkg/govis
github.com/vbatts/go-mtree/xattr
golang.org/x/crypto/ripemd160
github.com/anchore/syft/syft/format/cpes
github.com/anchore/syft/syft/format/purls
github.com/spdx/gordf/uri
github.com/spdx/tools-golang/json/marshal
github.com/vbatts/go-mtree
github.com/anchore/go-struct-converter
github.com/anchore/syft/syft/format/internal/spdxutil
github.com/spdx/tools-golang/spdx/common
github.com/spdx/tools-golang/tagvalue/reader
github.com/spdx/tools-golang/spdx/v2/common
github.com/anchore/syft/internal/sourcemetadata
github.com/charmbracelet/x/term
github.com/charmbracelet/x/ansi
github.com/spdx/tools-golang/spdx/v2/v2_3
github.com/spdx/tools-golang/spdx/v2/v2_1
github.com/gpustack/gguf-parser-go
github.com/spdx/tools-golang/spdx/v2/v2_2
github.com/spdx/tools-golang/spdx/v2/v2_1/tagvalue/reader
github.com/envoyproxy/go-control-plane/envoy/service/load_stats/v3
github.com/envoyproxy/go-control-plane/envoy/config/cluster/v3
github.com/spdx/tools-golang/spdx
github.com/kubescape/opa-utils/exceptions
github.com/kubescape/regolibrary/gitregostore
github.com/anchore/syft/syft/format/internal/spdxutil/helpers
google.golang.org/grpc/internal/xds/clients/xdsclient/internal/xdsresource
github.com/mholt/archives
github.com/spdx/tools-golang/convert
github.com/spdx/tools-golang/spdx/v2/v2_1/tagvalue/writer
github.com/go-git/go-git/v5/plumbing/revlist
github.com/spdx/tools-golang/spdx/v2/v2_2/tagvalue/reader
github.com/anchore/syft/syft/format/common/spdxhelpers
github.com/spdx/tools-golang/json
github.com/go-git/go-git/v5/plumbing/transport/server
google.golang.org/grpc/internal/xds/clients/lrsclient
github.com/spdx/tools-golang/spdx/v2/v2_2/tagvalue/writer
github.com/spdx/tools-golang/spdx/v2/v2_3/tagvalue/reader
github.com/spdx/tools-golang/spdx/v2/v2_3/tagvalue/writer
github.com/anchore/syft/syft/pkg/cataloger/arch
github.com/kubescape/opa-utils/reporthandling/results/v1/resourcesresults
github.com/go-git/go-git/v5/plumbing/transport/file
github.com/anchore/syft/syft/format/syftjson/model
github.com/olekukonko/tablewriter/renderer
github.com/charmbracelet/colorprofile
github.com/muesli/termenv
github.com/Masterminds/sprig/v3
github.com/go-git/go-git/v5/plumbing/transport/client
github.com/anchore/syft/syft/format/syftjson
github.com/anchore/syft/syft/format/spdxjson
github.com/spdx/tools-golang/tagvalue
github.com/go-git/go-git/v5
google.golang.org/grpc/internal/xds/balancer/loadstore
github.com/anchore/syft/syft/format/spdxtagvalue
github.com/charmbracelet/x/cellbuf
github.com/anchore/syft/syft/format/text
github.com/anchore/syft/syft/pkg/cataloger/conda
github.com/anchore/syft/syft/pkg/cataloger/cpp
github.com/anchore/syft/syft/pkg/cataloger/dart
github.com/anchore/syft/syft/pkg/cataloger/elixir
github.com/blakesmith/ar
github.com/kubescape/opa-utils/reporthandling/results/v1/reportsummary
github.com/anchore/syft/syft/internal/parsing
github.com/anchore/syft/syft/pkg/cataloger/gentoo
github.com/anchore/syft/syft/pkg/cataloger/erlang
github.com/anchore/syft/syft/pkg/cataloger/githubactions
github.com/anchore/syft/syft/pkg/cataloger/debian
github.com/anchore/syft/syft/pkg/cataloger/haskell
github.com/anchore/syft/syft/pkg/cataloger/homebrew
github.com/anchore/syft/syft/pkg/cataloger/lua
github.com/anchore/syft/syft/pkg/cataloger/ocaml
github.com/elliotchance/phpserialize
github.com/anchore/syft/syft/pkg/cataloger/r
github.com/anchore/go-rpmdb/pkg/db
github.com/sassoftware/go-rpmutils/fileutil
github.com/anchore/go-rpmdb/pkg/bdb
github.com/anchore/go-rpmdb/pkg/ndb
github.com/anchore/syft/syft/format/template
github.com/anchore/go-rpmdb/pkg/sqlite3
github.com/xi2/xz
github.com/sassoftware/go-rpmutils/cpio
github.com/anchore/syft/syft/pkg/cataloger/php
github.com/anchore/syft/syft/pkg/cataloger/ruby
github.com/rust-secure-code/go-rustaudit
github.com/kubescape/opa-utils/reporthandling/v2
github.com/charmbracelet/lipgloss
github.com/anchore/syft/syft/pkg/cataloger/snap
github.com/anchore/syft/syft/pkg/cataloger/swift
github.com/anchore/syft/syft/pkg/cataloger/swipl
github.com/anchore/go-rpmdb/pkg
github.com/anchore/syft/syft/pkg/cataloger/rust
github.com/olekukonko/tablewriter
github.com/zclconf/go-cty/cty/ctymarks
github.com/sassoftware/go-rpmutils
github.com/anchore/syft/syft/pkg/cataloger/ai
github.com/zclconf/go-cty/cty/internal/graphemes
github.com/zclconf/go-cty/cty/set
github.com/anchore/syft/syft/pkg/cataloger/wordpress
github.com/anchore/syft/syft/source/internal
github.com/zclconf/go-cty/cty/ctystrings
github.com/diskfs/go-diskfs/backend/file
google.golang.org/grpc/internal/xds/xdsclient/xdslbregistry
github.com/envoyproxy/go-control-plane/envoy/extensions/load_balancing_policies/wrr_locality/v3
github.com/anchore/syft/syft/source/directorysource
github.com/anchore/syft/syft/source/ocimodelsource
github.com/zclconf/go-cty/cty
github.com/anchore/syft/syft/source/stereoscopesource
github.com/bmatcuk/doublestar/v2
github.com/jwalton/gchalk/pkg/ansistyles
github.com/jwalton/go-supportscolor/pkg/hasFlag
github.com/kubescape/backend/pkg/servicediscovery/v1
github.com/jwalton/go-supportscolor
github.com/chainguard-dev/git-urls
github.com/kubescape/go-git-url/apis
github.com/anchore/syft/syft/pkg/cataloger/golang
github.com/jwalton/gchalk
github.com/aws/aws-sdk-go/aws/awsutil
github.com/kubescape/kubescape/v4/core/pkg/ruledir
github.com/kubescape/kubescape/v4/core/pkg/securityexception
github.com/kubescape/regolibrary/v2/gitregostore
k8s.io/client-go/metadata
k8s.io/client-go/restmapper
github.com/kubescape/go-git-url/apis/azureapi
github.com/kubescape/go-git-url/apis/bitbucketapi
github.com/anchore/syft/syft/pkg/cataloger/redhat
github.com/kubescape/go-git-url/apis/githubapi
github.com/kubescape/go-git-url/bitbucketparser/v1
github.com/kubescape/go-git-url/apis/gitlabapi
github.com/aws/aws-sdk-go/aws/request
github.com/kubescape/go-git-url/azureparser/v1
helm.sh/helm/v3/pkg/chart
github.com/kubescape/go-git-url/githubparser/v1
github.com/envoyproxy/go-control-plane/envoy/config/accesslog/v3
github.com/envoyproxy/go-control-plane/envoy/config/common/matcher/v3
github.com/envoyproxy/go-control-plane/envoy/extensions/filters/http/fault/v3
github.com/envoyproxy/go-control-plane/envoy/config/rbac/v3
github.com/envoyproxy/go-control-plane/envoy/extensions/load_balancing_policies/common/v3
github.com/kubescape/go-git-url/gitlabparser/v1
github.com/kubescape/kubescape/v4/core/cautils/helmprovenance
sigs.k8s.io/controller-runtime/pkg/client/apiutil
github.com/kubescape/kubescape/v4/core/pkg/scancontract/v1alpha1
github.com/kubescape/opa-utils/httpserver/apis/v1
github.com/kubescape/opa-utils/httpserver/meta/v1
github.com/kubescape/go-git-url
github.com/kubescape/rbac-utils/rbacscanner
google.golang.org/grpc/internal/xds/httpfilter/fault
github.com/matthyx/go-gitlog/gitcmd
github.com/envoyproxy/go-control-plane/envoy/extensions/load_balancing_policies/client_side_weighted_round_robin/v3
github.com/envoyproxy/go-control-plane/envoy/extensions/load_balancing_policies/least_request/v3
github.com/envoyproxy/go-control-plane/envoy/extensions/load_balancing_policies/ring_hash/v3
github.com/matthyx/go-gitlog
github.com/aws/aws-sdk-go/aws/client
github.com/aws/aws-sdk-go/aws/corehandlers
github.com/aws/aws-sdk-go/private/protocol
github.com/aws/aws-sdk-go/aws/csm
github.com/envoyproxy/go-control-plane/envoy/config/tap/v3
sigs.k8s.io/controller-runtime/pkg/client
github.com/schollz/progressbar/v3
helm.sh/helm/v3/internal/sympath
google.golang.org/grpc/internal/xds/xdsclient/xdslbregistry/converter
helm.sh/helm/v3/pkg/ignore
github.com/aws/aws-sdk-go/aws/ec2metadata
golang.org/x/text/internal/catmsg
github.com/zclconf/go-cty/cty/convert
github.com/envoyproxy/go-control-plane/envoy/extensions/filters/http/rbac/v3
google.golang.org/grpc/internal/xds/rbac
github.com/envoyproxy/go-control-plane/envoy/config/listener/v3
github.com/envoyproxy/go-control-plane/envoy/extensions/filters/network/http_connection_manager/v3
github.com/zclconf/go-cty/cty/function
github.com/aws/aws-sdk-go/private/protocol/rest
github.com/aws/aws-sdk-go/private/protocol/json/jsonutil
github.com/aws/aws-sdk-go/private/protocol/query/queryutil
github.com/aws/aws-sdk-go/private/protocol/xml/xmlutil
github.com/aws/aws-sdk-go/aws/credentials/ec2rolecreds
helm.sh/helm/v3/pkg/chart/loader
golang.org/x/text/message/catalog
google.golang.org/grpc/internal/xds/httpfilter/rbac
golang.org/x/text/feature/plural
helm.sh/helm/v3/internal/version
github.com/aws/aws-sdk-go/aws/credentials/endpointcreds
github.com/anchore/syft/syft/format/table
github.com/aws/aws-sdk-go/aws/signer/v4
github.com/aws/aws-sdk-go/private/protocol/jsonrpc
github.com/zclconf/go-cty/cty/gocty
github.com/zclconf/go-cty/cty/json
github.com/hashicorp/hcl/v2
github.com/aws/aws-sdk-go/private/protocol/query
helm.sh/helm/v3/pkg/helmpath/xdg
golang.org/x/text/message
helm.sh/helm/v3/pkg/helmpath
helm.sh/helm/v3/internal/third_party/k8s.io/kubernetes/deployment/util
github.com/aws/aws-sdk-go/aws/defaults
k8s.io/apimachinery/pkg/util/jsonmergepatch
github.com/aws/aws-sdk-go/private/protocol/restjson
k8s.io/cli-runtime/pkg/genericiooptions
k8s.io/apimachinery/pkg/util/duration
github.com/aws/aws-sdk-go/service/sts
sigs.k8s.io/yaml/kyaml
github.com/aws/aws-sdk-go/service/sso
github.com/aws/aws-sdk-go/service/ssooidc
github.com/aws/aws-sdk-go/service/ecr
k8s.io/apimachinery/pkg/apis/meta/v1/unstructured/unstructuredscheme
k8s.io/client-go/openapi3
sigs.k8s.io/kustomize/kyaml/yaml
github.com/zclconf/go-cty/cty/function/stdlib
k8s.io/cli-runtime/pkg/printers
github.com/santhosh-tekuri/jsonschema/v6/kind
k8s.io/client-go/openapi/cached
github.com/hashicorp/hcl/v2/ext/customdecode
k8s.io/client-go/discovery/cached/memory
github.com/envoyproxy/go-control-plane/envoy/config/bootstrap/v3
github.com/aws/aws-sdk-go/service/sso/ssoiface
k8s.io/apimachinery/pkg/util/cache
k8s.io/apimachinery/pkg/util/diff
github.com/santhosh-tekuri/jsonschema/v6
k8s.io/client-go/tools/cache/synctrack
github.com/aws/aws-sdk-go/aws/credentials/ssocreds
k8s.io/client-go/tools/pager
k8s.io/client-go/util/consistencydetector
github.com/aws/aws-sdk-go/service/sts/stsiface
k8s.io/apimachinery/pkg/apis/meta/internalversion/validation
k8s.io/client-go/discovery/cached/disk
k8s.io/client-go/util/retry
k8s.io/client-go/scale/scheme
github.com/aws/aws-sdk-go/aws/credentials/stscreds
k8s.io/client-go/util/watchlist
k8s.io/api/admission/v1
k8s.io/api/admission/v1beta1
github.com/envoyproxy/go-control-plane/envoy/extensions/filters/http/router/v3
k8s.io/kubectl/pkg/util/i18n
k8s.io/client-go/scale/scheme/appsint
k8s.io/client-go/tools/cache
k8s.io/client-go/scale/scheme/appsv1beta1
sigs.k8s.io/kustomize/api/filters/filtersutil
github.com/aws/aws-sdk-go/aws/session
sigs.k8s.io/kustomize/kyaml/openapi
sigs.k8s.io/kustomize/kyaml/kio/kioutil
sigs.k8s.io/kustomize/kyaml/order
sigs.k8s.io/kustomize/api/hasher
k8s.io/client-go/scale/scheme/appsv1beta2
k8s.io/client-go/scale/scheme/autoscalingv1
sigs.k8s.io/kustomize/kyaml/kio
k8s.io/client-go/scale/scheme/extensionsint
k8s.io/client-go/scale/scheme/extensionsv1beta1
github.com/kubescape/backend/pkg/apis/softwarecomposition/v1beta1
google.golang.org/grpc/internal/xds/httpfilter/router
k8s.io/kubectl/pkg/scheme
k8s.io/kubectl/pkg/util/openapi
k8s.io/kubectl/pkg/util/interrupt
sigs.k8s.io/kustomize/kyaml/fieldmeta
sigs.k8s.io/kustomize/kyaml/resid
sigs.k8s.io/kustomize/kyaml/yaml/schema
k8s.io/client-go/scale
k8s.io/kubectl/pkg/util/term
k8s.io/kube-openapi/pkg/util/proto/validation
github.com/hashicorp/hcl/v2/hclsyntax
k8s.io/utils/exec
helm.sh/helm/v3/internal/tlsutil
sigs.k8s.io/kustomize/api/types
helm.sh/helm/v3/internal/urlutil
sigs.k8s.io/kustomize/kyaml/yaml/walk
helm.sh/helm/v3/pkg/time
helm.sh/helm/v3/pkg/chartutil
sigs.k8s.io/kustomize/api/filters/patchjson6902
sigs.k8s.io/kustomize/api/filters/valueadd
oras.land/oras-go/v2/registry/remote/retry
k8s.io/kubectl/pkg/util/templates
oras.land/oras-go/v2/content/memory
github.com/kubescape/backend/pkg/client/v1/proto
oras.land/oras-go/v2/registry/remote/credentials/internal/ioutil
oras.land/oras-go/v2/registry/remote/credentials/trace
helm.sh/helm/v3/pkg/strvals
helm.sh/helm/v3/internal/third_party/dep/fs
oras.land/oras-go/v2/registry/remote/credentials/internal/executer
oras.land/oras-go/v2/registry/remote/auth
golang.org/x/crypto/openpgp/errors
sigs.k8s.io/kustomize/kyaml/yaml/merge2
sigs.k8s.io/kustomize/kyaml/comments
helm.sh/helm/v3/internal/fileutil
golang.org/x/crypto/openpgp/armor
sigs.k8s.io/kustomize/api/filters/fieldspec
sigs.k8s.io/kustomize/api/filters/iampolicygenerator
sigs.k8s.io/kustomize/api/konfig
sigs.k8s.io/kustomize/api/ifc
golang.org/x/crypto/openpgp/elgamal
github.com/envoyproxy/go-control-plane/envoy/admin/v3
golang.org/x/crypto/openpgp/s2k
sigs.k8s.io/yaml/goyaml.v3
sigs.k8s.io/kustomize/api/internal/generators
sigs.k8s.io/kustomize/api/filters/prefix
sigs.k8s.io/kustomize/api/filters/fsslice
sigs.k8s.io/kustomize/api/filters/replicacount
sigs.k8s.io/kustomize/api/internal/utils
sigs.k8s.io/kustomize/api/filters/patchstrategicmerge
sigs.k8s.io/kustomize/api/filters/annotations
sigs.k8s.io/kustomize/api/filters/labels
sigs.k8s.io/kustomize/api/filters/namespace
sigs.k8s.io/kustomize/api/filters/suffix
sigs.k8s.io/kustomize/kyaml/fn/runtime/runtimeutil
sigs.k8s.io/kustomize/api/kv
sigs.k8s.io/kustomize/api/filters/imagetag
sigs.k8s.io/kustomize/api/internal/git
sigs.k8s.io/kustomize/api/filters/refvar
sigs.k8s.io/kustomize/api/internal/plugins/builtinconfig
github.com/kubescape/k8s-interface/cloudsupport
sigs.k8s.io/kustomize/api/internal/validate
golang.org/x/crypto/openpgp/packet
helm.sh/helm/v3/pkg/engine
github.com/gorilla/websocket
k8s.io/apimachinery/pkg/util/httpstream
sigs.k8s.io/kustomize/api/resource
sigs.k8s.io/kustomize/api/internal/loader
oras.land/oras-go/v2/registry/remote/credentials/internal/config
k8s.io/apimachinery/third_party/forked/golang/netutil
k8s.io/client-go/tools/watch
k8s.io/apimachinery/pkg/util/portforward
golang.org/x/net/websocket
sigs.k8s.io/kustomize/kyaml/fn/runtime/exec
k8s.io/apimachinery/pkg/util/remotecommand
github.com/containerd/containerd/v2/pkg/archive/compression
k8s.io/apimachinery/pkg/util/proxy
sigs.k8s.io/kustomize/kyaml/fn/runtime/container
github.com/moby/buildkit/util/apicaps/pb
oras.land/oras-go/v2/registry/remote/credentials
github.com/moby/buildkit/sourcepolicy/pb
sigs.k8s.io/kustomize/kyaml/runfn
github.com/kubescape/backend/pkg/client/v1
github.com/containerd/containerd/v2/core/images
sigs.k8s.io/kustomize/api/filters/replacement
sigs.k8s.io/kustomize/api/resmap
sigs.k8s.io/kustomize/api/provider
k8s.io/apimachinery/pkg/util/httpstream/wsstream
github.com/moby/buildkit/util/apicaps
github.com/planetscale/vtprotobuf/types/known/timestamppb
github.com/containerd/containerd/v2/core/remotes/errors
github.com/containerd/containerd/v2/pkg/tracing
github.com/in-toto/attestation/go/v1
helm.sh/helm/v3/pkg/registry
golang.org/x/crypto/openpgp
golang.org/x/crypto/openpgp/clearsign
github.com/containerd/containerd/v2/core/transfer
github.com/moby/buildkit/util/bklog
k8s.io/apimachinery/pkg/util/httpstream/spdy
sigs.k8s.io/kustomize/api/internal/builtins
sigs.k8s.io/kustomize/api/internal/plugins/utils
sigs.k8s.io/kustomize/api/filters/nameref
github.com/moby/buildkit/solver/pb
github.com/containerd/containerd/v2/core/remotes
k8s.io/client-go/transport/websocket
github.com/containerd/containerd/v2/core/remotes/docker/auth
sigs.k8s.io/kustomize/api/internal/plugins/execplugin
github.com/hashicorp/hcl/v2/hclwrite
github.com/hashicorp/hcl/v2/json
sigs.k8s.io/kustomize/api/internal/plugins/fnplugin
sigs.k8s.io/kustomize/api/internal/accumulator
helm.sh/helm/v3/pkg/provenance
github.com/in-toto/in-toto-golang/in_toto
github.com/moby/buildkit/util/stack
github.com/containerd/containerd/v2/core/remotes/docker
k8s.io/client-go/tools/portforward
k8s.io/client-go/transport/spdy
go.opentelemetry.io/otel/semconv/v1.41.0/httpconv
google.golang.org/grpc/health
github.com/moby/buildkit/util/resolver/limited
github.com/moby/buildkit/util/resolver/retryhandler
sigs.k8s.io/kustomize/api/internal/plugins/builtinhelpers
github.com/containerd/containerd/v2/pkg/namespaces
github.com/moby/buildkit/util/sshutil
sigs.k8s.io/kustomize/api/internal/plugins/loader
github.com/planetscale/vtprotobuf/vtproto
github.com/containerd/containerd/v2/pkg/protobuf
github.com/hashicorp/hcl/v2/hclparse
github.com/moby/buildkit/util/gitutil
github.com/containerd/containerd/v2/pkg/protobuf/types
github.com/kubescape/kubescape/v3/core/cautils/getter
github.com/moby/buildkit/util/grpcerrors
github.com/kubescape/kubescape/v4/core/cautils/getter
github.com/moby/buildkit/util/leaseutil
sigs.k8s.io/kustomize/api/internal/target
github.com/containerd/errdefs/pkg/errgrpc
github.com/tonistiigi/fsutil/types
github.com/moby/buildkit/util/tracing/otlptracegrpc
github.com/cpuguy83/go-docker/container/containerapi/mount
github.com/cpuguy83/go-docker/errdefs
github.com/hashicorp/hcl/v2/gohcl
go.opentelemetry.io/contrib/instrumentation/net/http/httptrace/otelhttptrace/internal/semconv
github.com/cpuguy83/go-docker/container/containerapi
github.com/containerd/containerd/v2/core/content/proxy
github.com/containerd/containerd/v2/plugins/services/content/contentserver
github.com/cpuguy83/go-docker/httputil
github.com/cpuguy83/go-docker/container/streamutil
github.com/cpuguy83/go-docker/transport
github.com/cpuguy83/go-docker/version
sigs.k8s.io/kustomize/api/krusty
github.com/cpuguy83/go-docker/image/imageapi
github.com/kubescape/kubescape/v4/core/pkg/resultshandling/notification
github.com/envoyproxy/go-control-plane/envoy/service/status/v3
github.com/owenrumney/go-sarif/sarif
github.com/enescakir/emoji
github.com/kubescape/backend/pkg/versioncheck
github.com/jedib0t/go-pretty/v6/text
github.com/tonistiigi/fsutil
github.com/johnfercher/maroto/v2/pkg/consts/align
k8s.io/cli-runtime/pkg/resource
go.opentelemetry.io/contrib/instrumentation/net/http/httptrace/otelhttptrace
github.com/hashicorp/hcl/v2/hclsimple
github.com/cpuguy83/go-docker/container
github.com/cpuguy83/go-docker/image
github.com/cpuguy83/go-docker/system
github.com/anchore/syft/syft/pkg/cataloger/terraform
github.com/johnfercher/maroto/v2/pkg/consts/barcode
github.com/johnfercher/maroto/v2/pkg/consts/breakline
github.com/johnfercher/maroto/v2/pkg/consts/border
github.com/johnfercher/maroto/v2/pkg/consts/fontstyle
github.com/kubescape/kubescape/v4/core/pkg/vapreconcile
github.com/johnfercher/maroto/v2/pkg/consts/linestyle
github.com/johnfercher/maroto/v2/pkg/consts/orientation
github.com/a8m/envsubst/parse
github.com/alecthomas/participle/v2/lexer
github.com/elliotchance/orderedmap
github.com/goccy/go-json/internal/errors
github.com/moby/buildkit/util/tracing
github.com/johnfercher/maroto/v2/pkg/props
github.com/jedib0t/go-pretty/v6/table
github.com/goccy/go-json/internal/runtime
github.com/magiconair/properties
gopkg.in/op/go-logging.v1
github.com/kubescape/kubescape/v4/core/pkg/resultshandling/gotree
github.com/johnfercher/go-tree/node
google.golang.org/grpc/internal/xds/clients/xdsclient
github.com/cpuguy83/go-docker
github.com/f-amaral/go-async/sort
github.com/goccy/go-json/internal/decoder
github.com/project-copacetic/copacetic/pkg/buildkit/connhelpers
github.com/f-amaral/go-async/async
github.com/goccy/go-json/internal/encoder
github.com/moby/buildkit/session
github.com/f-amaral/go-async/pool
github.com/johnfercher/maroto/v2/pkg/consts/extension
github.com/johnfercher/maroto/v2/pkg/consts/generation
github.com/johnfercher/maroto/v2/pkg/consts/protection
github.com/johnfercher/maroto/v2/pkg/consts/provider
github.com/boombuler/barcode
image/color/palette
github.com/johnfercher/maroto/v2/pkg/core/entity
image/draw
github.com/johnfercher/maroto/v2/pkg/consts/fontfamily
github.com/boombuler/barcode/utils
github.com/johnfercher/maroto/v2/internal/merror
github.com/johnfercher/maroto/v2/internal/cache
github.com/johnfercher/maroto/v2/internal/math
github.com/johnfercher/maroto/v2/pkg/metrics
compress/lzw
encoding/ascii85
github.com/hhrutter/lzw
github.com/boombuler/barcode/code128
github.com/boombuler/barcode/datamatrix
github.com/boombuler/barcode/ean
github.com/boombuler/barcode/qr
image/gif
k8s.io/cli-runtime/pkg/genericclioptions
k8s.io/kubectl/pkg/validation
github.com/moby/buildkit/api/types
github.com/johnfercher/maroto/v2/internal/time
github.com/pdfcpu/pdfcpu/pkg/log
golang.org/x/image/ccitt
github.com/pdfcpu/pdfcpu/pkg/pdfcpu/scan
github.com/moby/buildkit/util/contentutil
google.golang.org/grpc/internal/xds/xdsclient/xdsresource
github.com/moby/buildkit/session/content
github.com/moby/buildkit/session/filesync
golang.org/x/image/riff
golang.org/x/image/vp8
github.com/pdfcpu/pdfcpu/pkg/filter
github.com/johnfercher/maroto/v2/internal/code
github.com/hhrutter/tiff
github.com/jung-kurt/gofpdf
golang.org/x/image/vp8l
github.com/johnfercher/maroto/v2/pkg/consts/pagesize
github.com/kubescape/opa-utils/shared
github.com/johnfercher/maroto/v2/pkg/config
github.com/owenrumney/go-sarif/v2/sarif
go.opentelemetry.io/otel/exporters/otlp/otlpmetric/otlpmetricgrpc/internal
go.opentelemetry.io/otel/exporters/otlp/otlpmetric/otlpmetricgrpc/internal/counter
github.com/moby/buildkit/api/services/control
github.com/pdfcpu/pdfcpu/pkg/pdfcpu/types
golang.org/x/image/webp
github.com/moby/buildkit/frontend/gateway/pb
go.opentelemetry.io/otel/exporters/otlp/otlpmetric/otlpmetricgrpc/internal/x
go.opentelemetry.io/otel/exporters/otlp/otlpmetric/otlpmetricgrpc/internal/envconfig
github.com/goccy/go-json/internal/encoder/vm_color_indent
go.opentelemetry.io/otel/exporters/otlp/otlpmetric/otlpmetricgrpc/internal/retry
go.opentelemetry.io/otel/exporters/otlp/otlpmetric/otlpmetricgrpc/internal/observ
go.opentelemetry.io/otel/exporters/otlp/otlpmetric/otlpmetricgrpc/internal/transform
k8s.io/kubectl/pkg/cmd/util
go.opentelemetry.io/otel/exporters/otlp/otlptrace/otlptracegrpc/internal
go.opentelemetry.io/otel/exporters/otlp/otlptrace/otlptracegrpc/internal/counter
github.com/moby/buildkit/util/imageutil
go.opentelemetry.io/otel/exporters/otlp/otlpmetric/otlpmetricgrpc/internal/oconf
go.opentelemetry.io/otel/exporters/otlp/otlptrace/otlptracegrpc/internal/x
go.opentelemetry.io/otel/exporters/otlp/otlptrace/otlptracegrpc/internal/envconfig
go.opentelemetry.io/otel/exporters/otlp/otlptrace/otlptracegrpc/internal/retry
github.com/kubescape/kubescape/v4/core/pkg/scancache
go.opentelemetry.io/otel/exporters/otlp/otlptrace/otlptracegrpc/internal/observ
github.com/kubescape/kubescape/v4/core/pkg/reportcrypto
cloud.google.com/go/containeranalysis/internal
github.com/moby/buildkit/client/llb/sourceresolver
go.opentelemetry.io/otel/exporters/otlp/otlptrace/otlptracegrpc/internal/otlpconfig
cloud.google.com/go/grafeas/internal
google.golang.org/genproto/googleapis/iam/v1
google.golang.org/genproto/googleapis/grafeas/v1
github.com/moby/buildkit/client/llb
modernc.org/libc/uuid/uuid
github.com/Azure/azure-sdk-for-go/sdk/azcore/runtime/datetime
go.opentelemetry.io/otel/exporters/otlp/otlpmetric/otlpmetricgrpc
github.com/Azure/azure-sdk-for-go/sdk/resourcemanager/resourcegraph/armresourcegraph
modernc.org/libc
modernc.org/libc/sys/types
gorm.io/gorm/utils
github.com/pdfcpu/pdfcpu/internal/corefont/metrics
github.com/pdfcpu/pdfcpu/pkg/pdfcpu/color
github.com/pdfcpu/pdfcpu/pkg/pdfcpu/matrix
google.golang.org/grpc/internal/xds/server
google.golang.org/grpc/internal/xds/xdsclient
github.com/pdfcpu/pdfcpu/pkg/pdfcpu/draw
go.opentelemetry.io/otel/exporters/otlp/otlptrace/otlptracegrpc
github.com/pdfcpu/pdfcpu/pkg/font
gorm.io/gorm/clause
github.com/kubescape/kubescape/v4/cmd/decrypt
gorm.io/gorm/internal/lru
gorm.io/gorm/internal/stmt_store
gorm.io/gorm/logger
github.com/pandatix/go-cvss/20
github.com/pandatix/go-cvss/30
github.com/pandatix/go-cvss/31
github.com/pdfcpu/pdfcpu/pkg/pdfcpu/model
gorm.io/gorm/schema
github.com/kubescape/kubescape/v4/core/pkg/telemetry
google.golang.org/grpc/internal/xds/balancer/clusterimpl
google.golang.org/grpc/xds/csds
github.com/pandatix/go-cvss/40
google.golang.org/grpc/internal/xds/xdsdepmgr
github.com/anchore/grype/internal/schemaver
helm.sh/helm/v3/pkg/kube
github.com/anchore/grype/grype/event
github.com/anchore/grype/internal/bus
github.com/hako/durafmt
github.com/johnfercher/maroto/v2/internal/providers/gofpdf/gofpdfwrapper
github.com/anchore/grype/grype/grypeerr
github.com/anchore/grype/grype/vex/status
github.com/gocsaf/csaf/v3/internal/misc
github.com/Intevation/gval
github.com/moby/buildkit/session/grpchijack
go.etcd.io/bbolt/errors
go.etcd.io/bbolt/internal/common
github.com/package-url/packageurl-go
github.com/docker/distribution
github.com/johnfercher/maroto/v2/internal/providers/gofpdf/cellwriter
github.com/digitorus/pkcs7
github.com/go-openapi/runtime
github.com/openvex/go-vex/pkg/vex
golang.org/x/crypto/ed25519
github.com/docker/distribution/manifest/schema2
google.golang.org/grpc/internal/xds/balancer/cdsbalancer
go.etcd.io/bbolt/internal/freelist
google.golang.org/grpc/internal/xds/resolver
github.com/google/certificate-transparency-go/x509
gorm.io/gorm
go.etcd.io/bbolt
github.com/digitorus/timestamp
github.com/nozzle/throttler
cloud.google.com/go/grafeas/apiv1
google.golang.org/genproto/googleapis/devtools/containeranalysis/v1
github.com/Intevation/jsonpath
github.com/sigstore/cosign/v3/internal/ui
github.com/sigstore/protobuf-specs/gen/pb-go/common/v1
github.com/sigstore/protobuf-specs/gen/pb-go/dsse
google.golang.org/grpc/internal/xds/balancer
github.com/sigstore/rekor/pkg/generated/models
github.com/moby/buildkit/solver/result
cloud.google.com/go/containeranalysis/apiv1
github.com/sigstore/rekor/pkg/internal/log
github.com/moby/buildkit/exporter/containerimage/exptypes
google.golang.org/grpc/xds
github.com/moby/buildkit/frontend/gateway/client
github.com/sigstore/rekor/pkg/pki/identity
github.com/gocsaf/csaf/v3/util
github.com/sigstore/sigstore/pkg/signature/payload
github.com/sigstore/protobuf-specs/gen/pb-go/rekor/v1
github.com/sigstore/protobuf-specs/gen/pb-go/trustroot/v1
github.com/sigstore/sigstore/pkg/signature
github.com/sigstore/protobuf-specs/gen/pb-go/bundle/v1
github.com/sigstore/sigstore-go/pkg/util
github.com/sigstore/timestamp-authority/v2/pkg/verification
helm.sh/helm/v3/pkg/cli
github.com/sigstore/rekor-tiles/v2/pkg/client
github.com/moby/buildkit/frontend/gateway/grpcclient
github.com/grpc-ecosystem/grpc-gateway/v2/protoc-gen-openapiv2/options
github.com/go-openapi/runtime/client/internal/request
github.com/go-openapi/runtime/logger
github.com/go-openapi/runtime/middleware/denco
github.com/go-openapi/runtime/middleware/untyped
github.com/gocsaf/csaf/v3/csaf
helm.sh/helm/v3/pkg/plugin
github.com/sigstore/rekor/pkg/pki/pkitypes
github.com/theupdateframework/go-tuf/v2/metadata
github.com/go-openapi/runtime/security
github.com/google/certificate-transparency-go
google.golang.org/grpc/xds/googledirectpath
github.com/go-openapi/runtime/server-middleware/docui
github.com/go-openapi/runtime/server-middleware/mediatype
github.com/go-openapi/runtime/server-middleware/negotiate/header
github.com/pdfcpu/pdfcpu/pkg/pdfcpu/font
github.com/pdfcpu/pdfcpu/pkg/pdfcpu/format
helm.sh/helm/v3/pkg/getter
github.com/go-openapi/runtime/yamlpc
github.com/go-openapi/runtime/server-middleware/negotiate
github.com/sigstore/rekor/pkg/util
github.com/google/certificate-transparency-go/gossip/minimal/x509ext
github.com/sigstore/rekor-tiles/v2/pkg/generated/protobuf
github.com/jedisct1/go-minisign
gorm.io/gorm/migrator
gorm.io/gorm/callbacks
github.com/go-openapi/runtime/middleware
github.com/google/certificate-transparency-go/x509util
github.com/sigstore/rekor/pkg/types
github.com/pdfcpu/pdfcpu/pkg/pdfcpu/primitives
github.com/sigstore/rekor/pkg/pki/minisign
github.com/theupdateframework/go-tuf/v2/metadata/fetcher
cloud.google.com/go/storage
github.com/theupdateframework/go-tuf/v2/metadata/trustedmetadata
github.com/sigstore/rekor/pkg/pki/pgp
github.com/theupdateframework/go-tuf/v2/metadata/config
helm.sh/helm/v3/pkg/cli/values
helm.sh/helm/v3/pkg/repo
github.com/moby/buildkit/client
github.com/sigstore/rekor/pkg/tle
golang.org/x/crypto/ssh/terminal
github.com/sigstore/rekor/pkg/pki/ssh
github.com/theupdateframework/go-tuf/v2/metadata/updater
github.com/theupdateframework/go-tuf/pkg/keys
github.com/sassoftware/relic/lib/x509tools
github.com/sigstore/rekor-tiles/v2/pkg/client/write
github.com/goccy/go-json/internal/encoder/vm_color
github.com/sigstore/rekor/pkg/pki/x509
github.com/sigstore/rekor/pkg/types/dsse
github.com/go-openapi/runtime/client
github.com/sigstore/rekor/pkg/types/hashedrekord
github.com/sigstore/sigstore/pkg/signature/dsse
github.com/sigstore/sigstore-go/internal/limits
github.com/sigstore/rekor-tiles/v2/pkg/note
helm.sh/helm/v3/internal/resolver
github.com/sigstore/rekor-tiles/v2/pkg/types/verifier
github.com/sigstore/rekor-tiles/v2/internal/safeint
github.com/sigstore/sigstore-go/pkg/tuf
github.com/sigstore/rekor/pkg/types/dsse/v0.0.1
github.com/sigstore/rekor/pkg/types/intoto
github.com/sigstore/rekor-tiles/v2/pkg/verify
github.com/google/certificate-transparency-go/client/configpb
github.com/sassoftware/relic/lib/pkcs7
github.com/sigstore/rekor/pkg/types/hashedrekord/v0.0.1
helm.sh/helm/v3/pkg/downloader
github.com/theupdateframework/go-tuf/verify
github.com/google/certificate-transparency-go/jsonclient
github.com/sigstore/rekor/pkg/pki/pkcs7
github.com/sigstore/rekor-tiles/v2/internal/algorithmregistry
github.com/google/certificate-transparency-go/loglist3
github.com/sigstore/rekor/pkg/pki/tuf
github.com/sigstore/rekor-tiles/v2/pkg/verifier/identity
github.com/sigstore/sigstore-go/pkg/fulcio/certificate
github.com/google/certificate-transparency-go/client
github.com/sigstore/rekor-tiles/v2/pkg/verifier
github.com/sigstore/rekor/pkg/types/intoto/v0.0.2
github.com/sigstore/rekor-tiles/v2/pkg/verifier/certificate
github.com/sigstore/rekor/pkg/pki
github.com/sigstore/rekor-tiles/v2/pkg/verifier/publickey
github.com/sigstore/sigstore-go/pkg/root
github.com/sigstore/rekor/pkg/generated/client/entries
github.com/sigstore/rekor/pkg/generated/client/index
github.com/sigstore/rekor/pkg/generated/client/pubkey
github.com/sigstore/rekor/pkg/generated/client/tlog
github.com/sigstore/rekor-tiles/v2/pkg/types/hashedrekord
github.com/sigstore/cosign/v3/pkg/cosign/env
github.com/sigstore/cosign/v3/internal/pkg/oci/remote
github.com/sigstore/sigstore/pkg/oauthflow
github.com/sigstore/cosign/v3/pkg/blob
github.com/in-toto/attestation/go/predicates/provenance/v02
github.com/google/certificate-transparency-go/ctutil
github.com/sigstore/cosign/v3/pkg/cosign/fulcioverifier/ctutil
github.com/in-toto/attestation/go/predicates/provenance/v1
github.com/sigstore/cosign/v3/internal/pkg/cosign/payload/size
github.com/google/go-containerregistry/pkg/v1/static
github.com/project-copacetic/copacetic/pkg/buildkit
github.com/sigstore/cosign/v3/pkg/types
github.com/sigstore/cosign/v3/internal/pkg/now
github.com/go-chi/chi/v5
github.com/sigstore/rekor/pkg/types/rekord
github.com/letsencrypt/boulder/core/proto
github.com/letsencrypt/boulder/revocation
github.com/titanous/rocacheck
github.com/theupdateframework/go-tuf/internal/sets
github.com/theupdateframework/go-tuf/internal/fsutil
github.com/theupdateframework/go-tuf/internal/signer
github.com/sigstore/rekor/pkg/generated/client
github.com/sigstore/cosign/v3/pkg/cosign/attestation
github.com/theupdateframework/go-tuf/sign
github.com/theupdateframework/go-tuf/util
github.com/syndtr/goleveldb/leveldb/util
github.com/theupdateframework/go-tuf/pkg/targets
github.com/pdfcpu/pdfcpu/pkg/pdfcpu
github.com/pdfcpu/pdfcpu/pkg/pdfcpu/create
github.com/pdfcpu/pdfcpu/pkg/pdfcpu/form
github.com/syndtr/goleveldb/leveldb/comparer
github.com/sigstore/rekor/pkg/client
github.com/sigstore/rekor/pkg/verify
github.com/syndtr/goleveldb/leveldb/cache
github.com/letsencrypt/boulder/identifier
github.com/theupdateframework/go-tuf
github.com/theupdateframework/go-tuf/client
github.com/go-chi/chi/v5/middleware
github.com/syndtr/goleveldb/leveldb/storage
github.com/syndtr/goleveldb/leveldb/filter
github.com/sigstore/sigstore-go/pkg/tlog
github.com/kubescape/kubescape/v4/core/pkg/resultshandling/diff
github.com/letsencrypt/boulder/probs
github.com/project-copacetic/copacetic/pkg/types/unversioned
github.com/deckarep/golang-set/v2
github.com/kubescape/kubescape/v4/core/meta/datastructures/v1
github.com/syndtr/goleveldb/leveldb/opt
github.com/project-copacetic/copacetic/pkg/types/v1alpha1
github.com/fvbommel/sortorder
github.com/moby/sys/sequential
github.com/moby/moby/api/types
github.com/letsencrypt/boulder/core
github.com/moby/moby/api/types/build
github.com/moby/moby/api/types/checkpoint
github.com/moby/sys/atomicwriter
github.com/moby/moby/api/types/common
github.com/moby/moby/api/types/blkiodev
github.com/moby/moby/api/types/mount
github.com/moby/moby/api/types/network
github.com/moby/moby/api/types/storage
github.com/syndtr/goleveldb/leveldb/errors
github.com/sigstore/sigstore-go/pkg/verify
github.com/moby/moby/api/types/jsonstream
github.com/moby/moby/api/types/events
github.com/moby/moby/api/types/image
github.com/syndtr/goleveldb/leveldb/iterator
github.com/syndtr/goleveldb/leveldb/journal
github.com/moby/moby/api/types/plugin
github.com/moby/moby/api/types/registry
github.com/docker/cli/cli/context/store
github.com/moby/moby/client/internal
github.com/moby/moby/client/internal/mod
github.com/letsencrypt/boulder/goodkey
github.com/moby/moby/client/internal/timestamp
github.com/moby/moby/client/pkg/versions
github.com/docker/cli/cli/debug
github.com/sigstore/rekor/pkg/log
github.com/docker/cli/cli/hints
github.com/syndtr/goleveldb/leveldb/memdb
github.com/syndtr/goleveldb/leveldb/table
github.com/docker/cli/cli/streams
github.com/docker/cli/cli/version
github.com/docker/cli/internal/lazyregexp
github.com/moby/moby/api/pkg/authconfig
github.com/docker/cli/pkg/kvfile
github.com/sigstore/sigstore/pkg/cryptoutils/goodkey
github.com/moby/buildkit/cache/remotecache/gha/ghatypes
github.com/sigstore/rekor/pkg/types/intoto/v0.0.1
github.com/sigstore/rekor/pkg/types/rekord/v0.0.1
github.com/docker/cli/internal/prompt
github.com/moby/buildkit/util/disk
github.com/docker/cli/internal/tui
github.com/moby/buildkit/util/resolver/config
github.com/tonistiigi/dchapes-mode
github.com/docker/buildx/util/platformutil
github.com/docker/docker/pkg/namesgenerator
github.com/moby/buildkit/cmd/buildkitd/config
github.com/docker/buildx/util/logutil
github.com/docker/buildx/version
github.com/mitchellh/hashstructure/v2
github.com/docker/cli/cli/context
github.com/docker/buildx/util/metricutil
github.com/tonistiigi/fsutil/copy
golang.org/x/crypto/nacl/sign
github.com/moby/buildkit/util/errutil
github.com/moby/buildkit/util/tracing/delegated
github.com/moby/buildkit/util/progress/progressui
github.com/moby/moby/api/types/container
github.com/docker/buildx/driver/remote/util
github.com/sigstore/sigstore-go/pkg/bundle
github.com/docker/buildx/util/ocilayout
github.com/moby/buildkit/session/auth
github.com/docker/buildx/util/resolver
github.com/syndtr/goleveldb/leveldb
github.com/moby/buildkit/frontend/dockerfile/dfgitutil
github.com/moby/buildkit/executor/resources/types
github.com/moby/buildkit/sourcepolicy/policysession
github.com/moby/buildkit/util/gitutil/gitobject
github.com/hiddeco/sshsig
github.com/moby/buildkit/solver/llbsolver/provenance/types
github.com/moby/buildkit/util/pgpsign
github.com/docker/buildx/util/urlutil
github.com/moby/buildkit/util/purl
github.com/moby/moby/api/types/swarm
github.com/moby/policy-helpers/image
github.com/moby/policy-helpers/roots
github.com/moby/policy-helpers/roots/dhi
github.com/moby/policy-helpers/types
github.com/sigstore/sigstore-go/pkg/sign
github.com/moby/buildkit/util/gitutil/gitsign
github.com/moby/buildkit/util/entitlements
github.com/moby/moby/api/types/volume
github.com/docker/buildx/util/desktop
github.com/docker/buildx/util/osutil
github.com/docker/buildx/util/waitmap
github.com/docker/buildx/util/progress
github.com/moby/buildkit/util/progress/progresswriter
github.com/moby/moby/api/types/system
github.com/moby/buildkit/frontend/attestations
github.com/moby/buildkit/frontend/dockerfile/command
github.com/docker/buildx/util/gitutil
github.com/moby/buildkit/frontend/dockerfile/shell
github.com/moby/buildkit/util/cpuset
github.com/moby/buildkit/solver/errdefs
github.com/moby/go-archive/compression
github.com/moby/moby/client
github.com/moby/patternmatcher/ignorefile
github.com/moby/buildkit/session/secrets
github.com/moby/buildkit/session/sshforward
github.com/moby/policy-helpers
github.com/moby/buildkit/session/upload
github.com/sigstore/cosign/v3/pkg/cosign/bundle
github.com/moby/buildkit/frontend/dockerfile/parser
github.com/kubescape/k8s-interface/hostsensor
github.com/moby/buildkit/session/auth/authprovider
github.com/google/cel-go/checker/decls
github.com/moby/buildkit/frontend/dockerfile/linter
github.com/docker/buildx/util/sourcemeta
github.com/sigstore/cosign/v3/pkg/oci
github.com/google/cel-go/common
github.com/google/cel-go/common/types/pb
github.com/moby/buildkit/session/sshforward/sshprovider
github.com/sigstore/cosign/v3/internal/pkg/cosign
github.com/sigstore/cosign/v3/pkg/oci/internal/signature
github.com/sigstore/cosign/v3/pkg/oci/empty
github.com/docker/buildx/util/resolver/auth
github.com/moby/buildkit/session/upload/uploadprovider
github.com/moby/buildkit/session/secrets/secretsprovider
github.com/google/cel-go/common/types/ref
github.com/antlr4-go/antlr/v4
github.com/sigstore/cosign/v3/pkg/oci/signed
github.com/sigstore/cosign/v3/pkg/oci/remote
github.com/docker/buildx/util/imagetools
github.com/google/cel-go/common/types/traits
github.com/google/cel-go/common/functions
github.com/theupdateframework/go-tuf/client/leveldbstore
k8s.io/apiserver/pkg/apis/cel
k8s.io/apiserver/pkg/authentication/serviceaccount
github.com/sigstore/cosign/v3/pkg/oci/layout
github.com/sigstore/cosign/v3/pkg/oci/static
github.com/google/cel-go/common/types
github.com/google/cel-go/interpreter/functions
github.com/sigstore/sigstore/pkg/tuf
github.com/moby/buildkit/frontend/subrequests
k8s.io/kube-openapi/pkg/internal/third_party/govalidator
k8s.io/kube-openapi/pkg/validation/errors
k8s.io/kube-openapi/pkg/validation/strfmt/bson
k8s.io/component-base/cli/flag
k8s.io/component-base/metrics/prometheus/compatversion
github.com/kubescape/opa-utils/score
github.com/kubescape/opa-utils/resources
k8s.io/kube-openapi/pkg/validation/strfmt
github.com/moby/buildkit/frontend/subrequests/convertllb
github.com/hashicorp/go-getter
github.com/moby/buildkit/frontend/subrequests/lint
github.com/moby/buildkit/frontend/subrequests/outline
github.com/moby/buildkit/frontend/subrequests/targets
k8s.io/component-base/compatibility
github.com/aws/aws-sdk-go-v2/service/ecrpublic/internal/endpoints
github.com/sigstore/cosign/v3/pkg/cosign
github.com/aws/aws-sdk-go-v2/service/ecrpublic/types
github.com/pdfcpu/pdfcpu/pkg/pdfcpu/validate
github.com/awslabs/amazon-ecr-credential-helper/ecr-login/cache
github.com/docker/cli/cli/flags
github.com/docker/cli/cli/context/docker
github.com/moby/buildkit/frontend/dockerui
github.com/docker/cli/opts
k8s.io/apiserver/pkg/util/compatibility
github.com/Azure/go-autorest/autorest/adal
github.com/google/go-containerregistry/pkg/authn/github
github.com/google/go-containerregistry/pkg/v1/google
github.com/AliyunContainerService/ack-ram-tool/pkg/credentials/provider
github.com/alibabacloud-go/debug/debug
github.com/aws/aws-sdk-go-v2/service/ecrpublic
github.com/alibabacloud-go/tea/utils
github.com/aliyun/credentials-go/credentials/utils
github.com/alibabacloud-go/tea/tea
github.com/aliyun/credentials-go/credentials/response
github.com/aliyun/credentials-go/credentials/request
github.com/docker/cli/cli/command
gopkg.in/ini.v1
github.com/goccy/go-json/internal/encoder/vm_indent
github.com/tjfoc/gmsm/sm3
github.com/Azure/go-autorest/autorest
github.com/Azure/go-autorest/autorest/azure/cli
github.com/clbanning/mxj/v2
github.com/mozillazg/docker-credential-acr-helper/pkg/version
github.com/sigstore/cosign/v3/pkg/oci/mutate
github.com/google/cel-go/common/ast
github.com/google/cel-go/common/decls
github.com/google/go-github/v73/github
golang.org/x/crypto/nacl/box
github.com/alibabacloud-go/endpoint-util/service
github.com/alibabacloud-go/tea-utils/service
github.com/google/cel-go/common/env
github.com/google/cel-go/common/stdlib
github.com/aliyun/credentials-go/credentials
github.com/alibabacloud-go/tea-xml/service
github.com/sigstore/cosign/v3/pkg/cosign/remote
github.com/alibabacloud-go/openapi-util/service
github.com/Azure/go-autorest/autorest/azure
github.com/sigstore/cosign/v3/pkg/cosign/git/gitlab
github.com/pdfcpu/pdfcpu/pkg/api
github.com/sigstore/cosign/v3/pkg/cosign/kubernetes
github.com/sigstore/cosign/v3/pkg/cosign/pkcs11key
github.com/google/cel-go/common/containers
github.com/google/cel-go/common/debug
github.com/sigstore/sigstore/pkg/signature/kms/cliplugin/common
github.com/alibabacloud-go/alibabacloud-gateway-spi/client
github.com/google/cel-go/interpreter
github.com/sigstore/sigstore/pkg/signature/kms/cliplugin/internal/signerverifier
github.com/google/cel-go/parser/gen
github.com/sigstore/sigstore/pkg/signature/kms/cliplugin/encoding
github.com/common-nighthawk/go-figure
github.com/go-jose/go-jose/v4/jwt
github.com/Azure/go-autorest/autorest/azure/auth
github.com/Azure/azure-sdk-for-go/services/preview/containerregistry/runtime/2019-08-15-preview/containerregistry
github.com/alibabacloud-go/darabonba-openapi/client
github.com/sigstore/sigstore/pkg/signature/kms/cliplugin
github.com/chrismellard/docker-credential-acr-env/pkg/token
github.com/anchore/syft/internal/file
github.com/anchore/grype/internal/file
github.com/sigstore/cosign/v3/cmd/cosign/cli/sign/privacy
github.com/alibabacloud-go/cr-20181201/client
github.com/alibabacloud-go/cr-20160607/client
github.com/sigstore/sigstore/pkg/signature/kms
github.com/sigstore/cosign/v3/pkg/providers
github.com/sigstore/cosign/v3/internal/auth
sigs.k8s.io/release-utils/version
github.com/sigstore/sigstore/pkg/fulcioroots
github.com/johnfercher/maroto/v2/pkg/merge
github.com/sigstore/fulcio/pkg/api
github.com/docker/buildx/util/confutil
github.com/johnfercher/maroto/v2/pkg/core
github.com/docker/buildx/util/dockerutil
github.com/sigstore/cosign/v3/internal/pkg/cosign/fulcio/fulcioroots
github.com/sigstore/cosign/v3/internal/key
github.com/sigstore/cosign/v3/internal/pkg/cosign/tsa/client
github.com/sigstore/cosign/v3/pkg/cosign/pivkey
github.com/sigstore/cosign/v3/internal/pkg/cosign/fulcio
github.com/johnfercher/maroto/v2/internal/providers/gofpdf
github.com/johnfercher/maroto/v2/pkg/components/col
github.com/johnfercher/maroto/v2/pkg/components/page
github.com/johnfercher/maroto/v2/pkg/components/row
github.com/johnfercher/maroto/v2/pkg/components/list
github.com/sigstore/cosign/v3/internal/pkg/cosign/tsa
github.com/docker/buildx/localstate
github.com/docker/buildx/util/dockerutil/dockerconfig
github.com/johnfercher/maroto/v2/pkg/components/image
github.com/johnfercher/maroto/v2/pkg/components/line
github.com/johnfercher/maroto/v2
github.com/johnfercher/maroto/v2/pkg/components/text
github.com/docker/buildx/policy
github.com/awslabs/amazon-ecr-credential-helper/ecr-login/api
github.com/docker/buildx/store
github.com/chrismellard/docker-credential-acr-env/pkg/registry
github.com/sigstore/cosign/v3/internal/pkg/cosign/payload
github.com/sigstore/cosign/v3/internal/pkg/cosign/rekor
github.com/sigstore/cosign/v3/pkg/oci/walk
github.com/buildkite/agent/v3/version
github.com/chrismellard/docker-credential-acr-env/pkg/credhelper
github.com/buildkite/agent/v3/logger
github.com/buildkite/go-pipeline/internal/env
github.com/buildkite/go-pipeline/warning
github.com/buildkite/interpolate
github.com/oleiade/reflections
github.com/buildkite/roko
github.com/buildkite/go-pipeline/ordered
github.com/pborman/uuid
github.com/docker/buildx/driver
github.com/docker/buildx/driver/kubernetes/util
github.com/docker/buildx/store/storeutil
github.com/awslabs/amazon-ecr-credential-helper/ecr-login
github.com/buildkite/agent/v3/internal/agenthttp
github.com/sigstore/cosign/v3/pkg/providers/envvar
github.com/sigstore/cosign/v3/pkg/providers/filesystem
github.com/sigstore/cosign/v3/pkg/providers/github
google.golang.org/api/impersonate
github.com/spiffe/go-spiffe/v2/svid/jwtsvid
github.com/spiffe/go-spiffe/v2/exp/svid/witsvid
github.com/spiffe/go-spiffe/v2/logger
github.com/spiffe/go-spiffe/v2/svid/x509svid
github.com/spiffe/go-spiffe/v2/proto/spiffe/workload
k8s.io/client-go/tools/internal/events
k8s.io/client-go/tools/record/util
github.com/kubescape/kubescape/v4/core/metrics
github.com/maruel/natural
google.golang.org/api/idtoken
github.com/buildkite/go-pipeline
github.com/project-copacetic/copacetic/pkg/utils
k8s.io/client-go/tools/record
github.com/quay/claircore/toolkit/types/cpe
github.com/quay/claircore/pkg/tarfs
github.com/project-copacetic/copacetic/pkg/pkgmgr
github.com/quay/claircore/pkg/cpe
github.com/rs/zerolog/internal/json
github.com/docker/buildx/builder
modernc.org/sqlite/lib
github.com/quay/claircore
github.com/sigstore/cosign/v3/pkg/providers/google
github.com/anchore/syft/syft/file/cataloger/filecontent
github.com/anchore/syft/syft/format/internal/cyclonedxutil/helpers
github.com/anchore/syft/syft/file/cataloger/filedigest
github.com/anchore/syft/syft/cataloging/filecataloging
github.com/anchore/syft/syft/format/github/internal/model
github.com/anchore/syft/syft/source/filesource
github.com/anchore/syft/syft/source/snapsource
github.com/spiffe/go-spiffe/v2/workloadapi
github.com/rs/zerolog
github.com/kubescape/kubescape/v4/core/pkg/exposure
github.com/buildkite/agent/v3/api
github.com/anchore/syft/syft/format/github
github.com/kubescape/kubescape/v4/core/pkg/mapreconcile
github.com/google/cel-go/parser
github.com/docker/buildx/util/buildflags
github.com/kubescape/kubescape/v4/core/pkg/networkpolicy
github.com/kubescape/kubescape/v4/core/pkg/rbacgraph
github.com/anchore/syft/syft/format/common/cyclonedxhelpers
github.com/kubescape/storage/pkg/generated/applyconfiguration/softwarecomposition/v1beta1
github.com/anchore/syft/syft/source/sourceproviders
github.com/kubescape/kubescape/v4/core/pkg/vulnexposure
github.com/sigstore/cosign/v3/pkg/providers/buildkite
github.com/kubescape/storage/pkg/generated/clientset/versioned/scheme
github.com/mark3labs/mcp-go/mcp
github.com/kubescape/sizing-checker/pkg/common
github.com/kubescape/sizing-checker/pkg/common/connectivitytargets
github.com/docker/buildx/build/resolver
github.com/anchore/syft/syft/format/internal/cyclonedxutil
github.com/sigstore/cosign/v3/pkg/providers/spiffe
github.com/rs/zerolog/log
github.com/anchore/syft/syft/format/cyclonedxxml
github.com/anchore/syft/syft/format/cyclonedxjson
github.com/quay/zlog
github.com/mozillazg/docker-credential-acr-helper/pkg/acr
github.com/sigstore/cosign/v3/pkg/providers/all
github.com/quay/claircore/indexer
github.com/anchore/syft/syft/pkg/cataloger/java
github.com/anchore/syft/syft/format
github.com/mozillazg/docker-credential-acr-helper/pkg/credhelper
github.com/google/cel-go/checker
github.com/kubescape/storage/pkg/generated/clientset/versioned/typed/softwarecomposition/v1beta1
github.com/quay/claircore/osrelease
github.com/anchore/syft/syft/pkg/cataloger/sbom
github.com/anchore/syft/syft/pkg/cataloger/bitnami
github.com/docker/buildx/build
github.com/mark3labs/mcp-go/tracing
github.com/mark3labs/mcp-go/server
github.com/kubescape/sizing-checker/pkg/checks/ebpfcheck
github.com/kubescape/sizing-checker/pkg/checks/pvcheck
github.com/kubescape/sizing-checker/pkg/checks/sizing
github.com/kubescape/sizing-checker/pkg/checks/connectivitycheck
github.com/anchore/syft/syft/cataloging/pkgcataloging
github.com/google/cel-go/cel
github.com/anchore/syft/internal/task
github.com/anchore/syft/syft
github.com/kubescape/kubescape/v4/pkg/ksinit
github.com/sigstore/cosign/v3/pkg/cosign/git/github
github.com/anchore/grype/grype/pkg
github.com/sigstore/cosign/v3/pkg/cosign/git
github.com/sigstore/cosign/v3/pkg/signature
github.com/sigstore/cosign/v3/cmd/cosign/cli/options
github.com/anchore/grype/grype/pkg/qualifier
github.com/anchore/grype/grype/db/v5/pkg/resolver/python
github.com/anchore/grype/grype/db/v5/pkg/resolver/java
github.com/anchore/grype/grype/db/v5/pkg/resolver/stock
github.com/anchore/grype/grype/internal/packagemetadata
github.com/anchore/grype/grype/db/v6/name
github.com/anchore/grype/grype/pkg/qualifier/platformcpe
github.com/anchore/grype/grype/pkg/qualifier/rpmmodularity
github.com/anchore/grype/grype/vulnerability
github.com/anchore/grype/grype/db/v5/pkg/resolver
github.com/google/cel-go/ext
k8s.io/apiserver/pkg/cel
github.com/anchore/grype/grype/db/v5/pkg/qualifier/rpmmodularity
github.com/anchore/grype/grype/db/v5/pkg/qualifier/platformcpe
github.com/anchore/grype/grype/db/v5/namespace/cpe
github.com/anchore/grype/grype/db/v5/namespace/language
github.com/anchore/grype/grype/db/v5/namespace/distro
github.com/anchore/grype/internal/cvss
github.com/anchore/grype/grype/event/monitor
github.com/anchore/grype/grype/match
github.com/anchore/grype/grype/db/v5/pkg/qualifier
github.com/anchore/grype/grype/db/v5/namespace
github.com/anchore/grype/grype/search
github.com/anchore/grype/grype/db/v5
github.com/kubescape/kubescape/v4/core/cautils
github.com/anchore/grype/grype/vex/openvex
github.com/anchore/grype/grype/vex/csaf
github.com/anchore/grype/grype/presenter/models
github.com/anchore/grype/grype/matcher/internal/result
github.com/goccy/go-json/internal/encoder/vm
github.com/sigstore/cosign/v3/cmd/cosign/cli/rekor
github.com/sigstore/cosign/v3/cmd/cosign/cli/fulcio
github.com/anchore/grype/grype/vex
k8s.io/apiserver/pkg/cel/lazy
k8s.io/apiserver/pkg/cel/library
github.com/anchore/grype/grype/presenter/json
github.com/anchore/grype/grype/presenter/sarif
github.com/anubhav06/copa-grype/grype
github.com/anchore/grype/grype/matcher/internal
github.com/sigstore/cosign/v3/cmd/cosign/cli/fulcio/fulcioverifier
github.com/sigstore/cosign/v3/cmd/cosign/cli/signcommon
github.com/anchore/grype/grype/matcher/apk
github.com/anchore/grype/grype/matcher/dpkg
github.com/anchore/grype/grype/matcher/golang
github.com/anchore/grype/grype/matcher/portage
github.com/anchore/grype/grype/matcher/bitnami
github.com/anchore/grype/grype/matcher/msrc
github.com/anchore/grype/grype/matcher/dotnet
github.com/anchore/grype/grype/matcher/javascript
github.com/anchore/grype/grype/matcher/java
github.com/anchore/grype/grype/matcher/python
github.com/anchore/grype/grype/matcher/rpm
github.com/anchore/grype/grype/matcher/ruby
github.com/anchore/grype/grype/matcher/rust
github.com/anchore/grype/grype/matcher/stock
github.com/anchore/grype/grype/matcher
github.com/sigstore/cosign/v3/cmd/cosign/cli/sign
k8s.io/apiserver/pkg/cel/environment
github.com/kubescape/kubescape/v4/core/pkg/opaprocessor/cel
github.com/kubescape/kubescape/v4/core/pkg/resultshandling/reporter
github.com/kubescape/kubescape/v4/core/pkg/resultshandling/printer/v2/prettyprinter/tableprinter/utils
github.com/kubescape/kubescape/v4/core/pkg/resultshandling/printer/v2/pdf
github.com/kubescape/kubescape/v4/core/pkg/resultshandling/printer
github.com/kubescape/kubescape/v4/core/pkg/resourcesprioritization
github.com/kubescape/kubescape/v4/core/pkg/hostsensorutils
github.com/kubescape/kubescape/v4/core/pkg/policyhandler
github.com/kubescape/kubescape/v4/cmd/completion
github.com/kubescape/kubescape/v4/cmd/vap
github.com/kubescape/kubescape/v4/core/pkg/resultshandling/printer/v2/prettyprinter/tableprinter/imageprinter
github.com/kubescape/kubescape/v4/core/pkg/resultshandling/printer/v2/prettyprinter/tableprinter/configurationprinter
github.com/kubescape/kubescape/v4/core/pkg/resultshandling/reporter/v2
github.com/kubescape/kubescape/v4/core/pkg/resultshandling/printer/v1
github.com/kubescape/kubescape/v4/core/pkg/resultshandling/printer/v2/prettyprinter
github.com/kubescape/kubescape/v4/core/pkg/score
github.com/kubescape/kubescape/v4/core/pkg/resourcehandler
github.com/kubescape/kubescape/v4/core/pkg/opaprocessor
github.com/kubescape/kubescape/v4/core/pkg/policytest
github.com/kubescape/kubescape/v4/cmd/policy
github.com/glebarez/go-sqlite
github.com/glebarez/sqlite
github.com/goccy/go-json
github.com/mikefarah/yq/v4/pkg/yqlib
github.com/anchore/grype/grype/db/internal/gormadapter
github.com/anchore/grype/grype/db/v6
github.com/kubescape/kubescape/v4/core/pkg/resultshandling/locationresolver
github.com/kubescape/kubescape/v4/core/pkg/fixhandler
github.com/anchore/grype/grype/db/v6/distribution
github.com/anchore/grype/grype/db/v6/installation
github.com/anchore/grype/grype
github.com/kubescape/kubescape/v4/core/pkg/resultshandling/printer/v2
github.com/kubescape/kubescape/v4/pkg/imagescan
github.com/kubescape/kubescape/v4/cmd/shared
github.com/kubescape/kubescape/v4/core/pkg/resultshandling
github.com/kubescape/kubescape/v4/cmd/mcpserver
github.com/kubescape/kubescape/v4/core/meta
github.com/kubescape/kubescape/v4/core/pkg/anonymizer
github.com/kubescape/kubescape/v4/cmd/diff
github.com/kubescape/kubescape/v4/cmd/config
github.com/kubescape/kubescape/v4/cmd/update
github.com/kubescape/kubescape/v4/cmd/prerequisites
github.com/kubescape/kubescape/v4/cmd/fix
github.com/kubescape/kubescape/v4/cmd/patch
github.com/kubescape/kubescape/v4/cmd/version
github.com/kubescape/kubescape/v4/core/core
github.com/kubescape/kubescape/v4/cmd/download
github.com/kubescape/kubescape/v4/cmd/list
github.com/kubescape/kubescape/v4/cmd/operator
github.com/kubescape/kubescape/v4/cmd/scan
github.com/kubescape/kubescape/v4/cmd
github.com/kubescape/kubescape/v4
