level=info msg="Starting prematerial attestors stage..."
level=info msg="Starting git attestor..."
level=info msg="Starting environment attestor..."
level=info msg="Finished environment attestor... (9.072e-05s)"
level=info msg="Finished git attestor... (0.057180606s)"
level=info msg="Completed prematerial attestors stage..."
level=info msg="Starting material attestors stage..."
level=info msg="Starting material attestor..."
level=info msg="Finished material attestor... (1.021705571s)"
level=info msg="Completed material attestors stage..."
level=info msg="Starting execute attestors stage..."
level=info msg="Starting command-run attestor..."
level=info msg="Using tracer: ebpf for command-run"
build zlib...
~/sbomit-overhead-experiment/repos/cubefs/build/out/zlib-1.2.13 ~/sbomit-overhead-experiment/repos/cubefs
Checking for gcc...
Building static library libz.a version 1.2.13 with gcc.
Checking for size_t... Yes.
Checking for off64_t... Yes.
Checking for fseeko... Yes.
Checking for strerror... Yes.
Checking for unistd.h... Yes.
Checking for stdarg.h... Yes.
Checking whether to use vs[n]printf() or s[n]printf()... using vs[n]printf().
Checking for vsnprintf() in stdio.h... Yes.
Checking for return value of vsnprintf()... Yes.
Checking for attribute(visibility) support... Yes.
make[1]: Entering directory '/home/jake/sbomit-overhead-experiment/repos/cubefs/build/out/zlib-1.2.13'
gcc -fPIC -D_LARGEFILE64_SOURCE=1 -DHAVE_HIDDEN -I. -c -o example.o test/example.c
gcc -fPIC -D_LARGEFILE64_SOURCE=1 -DHAVE_HIDDEN  -c -o adler32.o adler32.c
gcc -fPIC -D_LARGEFILE64_SOURCE=1 -DHAVE_HIDDEN  -c -o crc32.o crc32.c
gcc -fPIC -D_LARGEFILE64_SOURCE=1 -DHAVE_HIDDEN  -c -o deflate.o deflate.c
gcc -fPIC -D_LARGEFILE64_SOURCE=1 -DHAVE_HIDDEN  -c -o infback.o infback.c
gcc -fPIC -D_LARGEFILE64_SOURCE=1 -DHAVE_HIDDEN  -c -o inffast.o inffast.c
gcc -fPIC -D_LARGEFILE64_SOURCE=1 -DHAVE_HIDDEN  -c -o inflate.o inflate.c
gcc -fPIC -D_LARGEFILE64_SOURCE=1 -DHAVE_HIDDEN  -c -o inftrees.o inftrees.c
gcc -fPIC -D_LARGEFILE64_SOURCE=1 -DHAVE_HIDDEN  -c -o trees.o trees.c
gcc -fPIC -D_LARGEFILE64_SOURCE=1 -DHAVE_HIDDEN  -c -o zutil.o zutil.c
gcc -fPIC -D_LARGEFILE64_SOURCE=1 -DHAVE_HIDDEN  -c -o compress.o compress.c
gcc -fPIC -D_LARGEFILE64_SOURCE=1 -DHAVE_HIDDEN  -c -o uncompr.o uncompr.c
gcc -fPIC -D_LARGEFILE64_SOURCE=1 -DHAVE_HIDDEN  -c -o gzclose.o gzclose.c
gcc -fPIC -D_LARGEFILE64_SOURCE=1 -DHAVE_HIDDEN  -c -o gzlib.o gzlib.c
gcc -fPIC -D_LARGEFILE64_SOURCE=1 -DHAVE_HIDDEN  -c -o gzread.o gzread.c
gcc -fPIC -D_LARGEFILE64_SOURCE=1 -DHAVE_HIDDEN  -c -o gzwrite.o gzwrite.c
gcc -fPIC -D_LARGEFILE64_SOURCE=1 -DHAVE_HIDDEN -I. -c -o minigzip.o test/minigzip.c
gcc -fPIC -D_LARGEFILE64_SOURCE=1 -DHAVE_HIDDEN -I. -D_FILE_OFFSET_BITS=64 -c -o example64.o test/example.c
gcc -fPIC -D_LARGEFILE64_SOURCE=1 -DHAVE_HIDDEN -I. -D_FILE_OFFSET_BITS=64 -c -o minigzip64.o test/minigzip.c
ar rc libz.a adler32.o crc32.o deflate.o infback.o inffast.o inflate.o inftrees.o trees.o zutil.o compress.o uncompr.o gzclose.o gzlib.o gzread.o gzwrite.o 
gcc -fPIC -D_LARGEFILE64_SOURCE=1 -DHAVE_HIDDEN -o example example.o  -L. libz.a
gcc -fPIC -D_LARGEFILE64_SOURCE=1 -DHAVE_HIDDEN -o minigzip minigzip.o  -L. libz.a
gcc -fPIC -D_LARGEFILE64_SOURCE=1 -DHAVE_HIDDEN -o example64 example64.o  -L. libz.a
gcc -fPIC -D_LARGEFILE64_SOURCE=1 -DHAVE_HIDDEN -o minigzip64 minigzip64.o  -L. libz.a
make[1]: Leaving directory '/home/jake/sbomit-overhead-experiment/repos/cubefs/build/out/zlib-1.2.13'
~/sbomit-overhead-experiment/repos/cubefs
build bzip2...
~/sbomit-overhead-experiment/repos/cubefs/build/out/bzip2-bzip2-1.0.6 ~/sbomit-overhead-experiment/repos/cubefs
make[1]: Entering directory '/home/jake/sbomit-overhead-experiment/repos/cubefs/build/out/bzip2-bzip2-1.0.6'
gcc -fPIC -O2 -g -D_FILE_OFFSET_BITS=64 -c huffman.c
gcc -fPIC -O2 -g -D_FILE_OFFSET_BITS=64 -c crctable.c
gcc -fPIC -O2 -g -D_FILE_OFFSET_BITS=64 -c randtable.c
gcc -fPIC -O2 -g -D_FILE_OFFSET_BITS=64 -c compress.c

If compilation produces errors, or a large number of warnings,
please read README.COMPILATION.PROBLEMS -- you might be able to
adjust the flags in this Makefile to improve matters.

Also in README.COMPILATION.PROBLEMS are some hints that may help
if your build produces an executable which is unable to correctly
handle so-called 'large files' -- files of size 2GB or more.

gcc -fPIC -O2 -g -D_FILE_OFFSET_BITS=64 -c blocksort.c
gcc -fPIC -O2 -g -D_FILE_OFFSET_BITS=64 -c decompress.c
gcc -fPIC -O2 -g -D_FILE_OFFSET_BITS=64 -c bzlib.c
gcc -fPIC -O2 -g -D_FILE_OFFSET_BITS=64 -c bzip2.c
gcc -fPIC -O2 -g -D_FILE_OFFSET_BITS=64 -c bzip2recover.c
bzip2.c: In function ‘applySavedFileAttrToOutputFile’:
bzip2.c:1073:11: warning: ignoring return value of ‘fchown’ declared with attribute ‘warn_unused_result’ [-Wunused-result]
 1073 |    (void) fchown ( fd, fileMetaInfo.st_uid, fileMetaInfo.st_gid );
      |           ^~~~~~~~~~~~~~~~~~~~~~~~~~~~~~~~~~~~~~~~~~~~~~~~~~~~~~~
gcc -fPIC -O2 -g -D_FILE_OFFSET_BITS=64  -o bzip2recover bzip2recover.o
rm -f libbz2.a
ar cq libbz2.a blocksort.o huffman.o crctable.o randtable.o compress.o decompress.o bzlib.o
ranlib libbz2.a
gcc -fPIC -O2 -g -D_FILE_OFFSET_BITS=64  -o bzip2 bzip2.o -L. -lbz2

Doing 6 tests (3 compress, 3 uncompress) ...
If there's a problem, things might stop at this point.
 
./bzip2 -1  < sample1.ref > sample1.rb2
./bzip2 -2  < sample2.ref > sample2.rb2
./bzip2 -3  < sample3.ref > sample3.rb2
./bzip2 -d  < sample1.bz2 > sample1.tst
./bzip2 -d  < sample2.bz2 > sample2.tst
./bzip2 -ds < sample3.bz2 > sample3.tst
cmp sample1.bz2 sample1.rb2 
cmp sample2.bz2 sample2.rb2
cmp sample3.bz2 sample3.rb2
cmp sample1.tst sample1.ref
cmp sample2.tst sample2.ref
cmp sample3.tst sample3.ref

If you got this far and the 'cmp's didn't complain, it looks
like you're in business.  

To install in /usr/local/bin, /usr/local/lib, /usr/local/man and 
/usr/local/include, type

   make install

To install somewhere else, eg, /xxx/yyy/{bin,lib,man,include}, type 

   make install PREFIX=/xxx/yyy

If you are (justifiably) paranoid and want to see what 'make install'
is going to do, you can first do

   make -n install                      or
   make -n install PREFIX=/xxx/yyy      respectively.

The -n instructs make to show the commands it would execute, but
not actually execute them.

Instructions for use are in the preformatted manual page, in the file
bzip2.txt.  For more detailed documentation, read the full manual.  
It is available in Postscript form (manual.ps), PDF form (manual.pdf),
and HTML form (manual.html).

You can also do "bzip2 --help" to see some helpful information. 
"bzip2 -L" displays the software license.

make[1]: Leaving directory '/home/jake/sbomit-overhead-experiment/repos/cubefs/build/out/bzip2-bzip2-1.0.6'
~/sbomit-overhead-experiment/repos/cubefs
build lz4...
~/sbomit-overhead-experiment/repos/cubefs/build/out/lz4-1.8.3/lib ~/sbomit-overhead-experiment/repos/cubefs
make[1]: Entering directory '/home/jake/sbomit-overhead-experiment/repos/cubefs/build/out/lz4-1.8.3/lib'
compiling static library
compiling dynamic library 1.8.3
creating versioned links
make[1]: Leaving directory '/home/jake/sbomit-overhead-experiment/repos/cubefs/build/out/lz4-1.8.3/lib'
~/sbomit-overhead-experiment/repos/cubefs
build zstd...
~/sbomit-overhead-experiment/repos/cubefs/build/out/zstd-1.4.0/lib ~/sbomit-overhead-experiment/repos/cubefs
make[1]: Entering directory '/home/jake/sbomit-overhead-experiment/repos/cubefs/build/out/zstd-1.4.0/lib'
cc -fPIC -O2 -I. -I./common -DXXH_NAMESPACE=ZSTD_ -I./legacy -DZSTD_LEGACY_SUPPORT=5  -c -o common/debug.o common/debug.c
cc -fPIC -O2 -I. -I./common -DXXH_NAMESPACE=ZSTD_ -I./legacy -DZSTD_LEGACY_SUPPORT=5  -c -o common/entropy_common.o common/entropy_common.c
cc -fPIC -O2 -I. -I./common -DXXH_NAMESPACE=ZSTD_ -I./legacy -DZSTD_LEGACY_SUPPORT=5  -c -o common/error_private.o common/error_private.c
cc -fPIC -O2 -I. -I./common -DXXH_NAMESPACE=ZSTD_ -I./legacy -DZSTD_LEGACY_SUPPORT=5  -c -o common/fse_decompress.o common/fse_decompress.c
cc -fPIC -O2 -I. -I./common -DXXH_NAMESPACE=ZSTD_ -I./legacy -DZSTD_LEGACY_SUPPORT=5  -c -o common/pool.o common/pool.c
cc -fPIC -O2 -I. -I./common -DXXH_NAMESPACE=ZSTD_ -I./legacy -DZSTD_LEGACY_SUPPORT=5  -c -o common/threading.o common/threading.c
cc -fPIC -O2 -I. -I./common -DXXH_NAMESPACE=ZSTD_ -I./legacy -DZSTD_LEGACY_SUPPORT=5  -c -o common/xxhash.o common/xxhash.c
cc -fPIC -O2 -I. -I./common -DXXH_NAMESPACE=ZSTD_ -I./legacy -DZSTD_LEGACY_SUPPORT=5  -c -o common/zstd_common.o common/zstd_common.c
cc -fPIC -O2 -I. -I./common -DXXH_NAMESPACE=ZSTD_ -I./legacy -DZSTD_LEGACY_SUPPORT=5  -c -o compress/fse_compress.o compress/fse_compress.c
cc -fPIC -O2 -I. -I./common -DXXH_NAMESPACE=ZSTD_ -I./legacy -DZSTD_LEGACY_SUPPORT=5  -c -o compress/hist.o compress/hist.c
cc -fPIC -O2 -I. -I./common -DXXH_NAMESPACE=ZSTD_ -I./legacy -DZSTD_LEGACY_SUPPORT=5  -c -o compress/huf_compress.o compress/huf_compress.c
cc -fPIC -O2 -I. -I./common -DXXH_NAMESPACE=ZSTD_ -I./legacy -DZSTD_LEGACY_SUPPORT=5  -c -o compress/zstd_compress.o compress/zstd_compress.c
cc -fPIC -O2 -I. -I./common -DXXH_NAMESPACE=ZSTD_ -I./legacy -DZSTD_LEGACY_SUPPORT=5  -c -o compress/zstd_double_fast.o compress/zstd_double_fast.c
cc -fPIC -O2 -I. -I./common -DXXH_NAMESPACE=ZSTD_ -I./legacy -DZSTD_LEGACY_SUPPORT=5  -c -o compress/zstd_fast.o compress/zstd_fast.c
cc -fPIC -O2 -I. -I./common -DXXH_NAMESPACE=ZSTD_ -I./legacy -DZSTD_LEGACY_SUPPORT=5  -c -o compress/zstd_lazy.o compress/zstd_lazy.c
cc -fPIC -O2 -I. -I./common -DXXH_NAMESPACE=ZSTD_ -I./legacy -DZSTD_LEGACY_SUPPORT=5  -c -o compress/zstd_ldm.o compress/zstd_ldm.c
cc -fPIC -O2 -I. -I./common -DXXH_NAMESPACE=ZSTD_ -I./legacy -DZSTD_LEGACY_SUPPORT=5  -c -o compress/zstd_opt.o compress/zstd_opt.c
cc -fPIC -O2 -I. -I./common -DXXH_NAMESPACE=ZSTD_ -I./legacy -DZSTD_LEGACY_SUPPORT=5  -c -o compress/zstdmt_compress.o compress/zstdmt_compress.c
cc -fPIC -O2 -I. -I./common -DXXH_NAMESPACE=ZSTD_ -I./legacy -DZSTD_LEGACY_SUPPORT=5  -c -o decompress/huf_decompress.o decompress/huf_decompress.c
cc -fPIC -O2 -I. -I./common -DXXH_NAMESPACE=ZSTD_ -I./legacy -DZSTD_LEGACY_SUPPORT=5  -c -o decompress/zstd_ddict.o decompress/zstd_ddict.c
cc -fPIC -O2 -I. -I./common -DXXH_NAMESPACE=ZSTD_ -I./legacy -DZSTD_LEGACY_SUPPORT=5  -c -o decompress/zstd_decompress.o decompress/zstd_decompress.c
cc -fPIC -O2 -I. -I./common -DXXH_NAMESPACE=ZSTD_ -I./legacy -DZSTD_LEGACY_SUPPORT=5  -c -o decompress/zstd_decompress_block.o decompress/zstd_decompress_block.c
cc -fPIC -O2 -I. -I./common -DXXH_NAMESPACE=ZSTD_ -I./legacy -DZSTD_LEGACY_SUPPORT=5  -c -o deprecated/zbuff_common.o deprecated/zbuff_common.c
cc -fPIC -O2 -I. -I./common -DXXH_NAMESPACE=ZSTD_ -I./legacy -DZSTD_LEGACY_SUPPORT=5  -c -o deprecated/zbuff_compress.o deprecated/zbuff_compress.c
cc -fPIC -O2 -I. -I./common -DXXH_NAMESPACE=ZSTD_ -I./legacy -DZSTD_LEGACY_SUPPORT=5  -c -o deprecated/zbuff_decompress.o deprecated/zbuff_decompress.c
cc -fPIC -O2 -I. -I./common -DXXH_NAMESPACE=ZSTD_ -I./legacy -DZSTD_LEGACY_SUPPORT=5  -c -o dictBuilder/cover.o dictBuilder/cover.c
cc -fPIC -O2 -I. -I./common -DXXH_NAMESPACE=ZSTD_ -I./legacy -DZSTD_LEGACY_SUPPORT=5  -c -o dictBuilder/divsufsort.o dictBuilder/divsufsort.c
cc -fPIC -O2 -I. -I./common -DXXH_NAMESPACE=ZSTD_ -I./legacy -DZSTD_LEGACY_SUPPORT=5  -c -o dictBuilder/fastcover.o dictBuilder/fastcover.c
cc -fPIC -O2 -I. -I./common -DXXH_NAMESPACE=ZSTD_ -I./legacy -DZSTD_LEGACY_SUPPORT=5  -c -o dictBuilder/zdict.o dictBuilder/zdict.c
cc -fPIC -O2 -I. -I./common -DXXH_NAMESPACE=ZSTD_ -I./legacy -DZSTD_LEGACY_SUPPORT=5  -c -o legacy/zstd_v05.o legacy/zstd_v05.c
cc -fPIC -O2 -I. -I./common -DXXH_NAMESPACE=ZSTD_ -I./legacy -DZSTD_LEGACY_SUPPORT=5  -c -o legacy/zstd_v06.o legacy/zstd_v06.c
cc -fPIC -O2 -I. -I./common -DXXH_NAMESPACE=ZSTD_ -I./legacy -DZSTD_LEGACY_SUPPORT=5  -c -o legacy/zstd_v07.o legacy/zstd_v07.c
compiling dynamic library 1.4.0
compiling static library
creating versioned links
make[1]: Leaving directory '/home/jake/sbomit-overhead-experiment/repos/cubefs/build/out/zstd-1.4.0/lib'
~/sbomit-overhead-experiment/repos/cubefs
build snappy...
~/sbomit-overhead-experiment/repos/cubefs/build/out/snappy-1.1.7/build ~/sbomit-overhead-experiment/repos/cubefs
-- The C compiler identification is GNU 11.4.0
-- The CXX compiler identification is GNU 11.4.0
-- Detecting C compiler ABI info
-- Detecting C compiler ABI info - done
-- Check for working C compiler: /usr/bin/cc - skipped
-- Detecting C compile features
-- Detecting C compile features - done
-- Detecting CXX compiler ABI info
-- Detecting CXX compiler ABI info - done
-- Check for working CXX compiler: /usr/bin/c++ - skipped
-- Detecting CXX compile features
-- Detecting CXX compile features - done
-- Looking for byteswap.h
-- Looking for byteswap.h - found
-- Looking for stddef.h
-- Looking for stddef.h - found
-- Looking for stdint.h
-- Looking for stdint.h - found
-- Looking for sys/endian.h
-- Looking for sys/endian.h - not found
-- Looking for sys/mman.h
-- Looking for sys/mman.h - found
-- Looking for sys/resource.h
-- Looking for sys/resource.h - found
-- Looking for sys/time.h
-- Looking for sys/time.h - found
-- Looking for sys/uio.h
-- Looking for sys/uio.h - found
-- Looking for unistd.h
-- Looking for unistd.h - found
-- Looking for windows.h
-- Looking for windows.h - not found
-- Looking for zlibVersion in z
-- Looking for zlibVersion in z - found
-- Looking for lzo1x_1_15_compress in lzo2
-- Looking for lzo1x_1_15_compress in lzo2 - not found
-- Performing Test HAVE_BUILTIN_EXPECT
-- Performing Test HAVE_BUILTIN_EXPECT - Success
-- Performing Test HAVE_BUILTIN_CTZ
-- Performing Test HAVE_BUILTIN_CTZ - Success
-- Looking for mmap
-- Looking for mmap - found
-- Looking for sysconf
-- Looking for sysconf - found
-- Configuring done
-- Generating done
-- Build files have been written to: /home/jake/sbomit-overhead-experiment/repos/cubefs/build/out/snappy-1.1.7/build
make[1]: Entering directory '/home/jake/sbomit-overhead-experiment/repos/cubefs/build/out/snappy-1.1.7/build'
make[2]: Entering directory '/home/jake/sbomit-overhead-experiment/repos/cubefs/build/out/snappy-1.1.7/build'
make[3]: Entering directory '/home/jake/sbomit-overhead-experiment/repos/cubefs/build/out/snappy-1.1.7/build'
make[3]: Leaving directory '/home/jake/sbomit-overhead-experiment/repos/cubefs/build/out/snappy-1.1.7/build'
make[3]: Entering directory '/home/jake/sbomit-overhead-experiment/repos/cubefs/build/out/snappy-1.1.7/build'
[ 40%] Building CXX object CMakeFiles/snappy.dir/snappy-stubs-internal.cc.o
[ 40%] Building CXX object CMakeFiles/snappy.dir/snappy.cc.o
[ 60%] Building CXX object CMakeFiles/snappy.dir/snappy-c.cc.o
[ 80%] Building CXX object CMakeFiles/snappy.dir/snappy-sinksource.cc.o
[100%] Linking CXX static library libsnappy.a
make[3]: Leaving directory '/home/jake/sbomit-overhead-experiment/repos/cubefs/build/out/snappy-1.1.7/build'
[100%] Built target snappy
make[2]: Leaving directory '/home/jake/sbomit-overhead-experiment/repos/cubefs/build/out/snappy-1.1.7/build'
make[1]: Leaving directory '/home/jake/sbomit-overhead-experiment/repos/cubefs/build/out/snappy-1.1.7/build'
~/sbomit-overhead-experiment/repos/cubefs
build tcmalloc...
~/sbomit-overhead-experiment/repos/cubefs/build/out/gperftools-gperftools-2.9.1 ~/sbomit-overhead-experiment/repos/cubefs
./autogen.sh: 3: autoreconf: not found
build/build.sh: line 203: ./configure: No such file or directory
make[1]: *** No targets specified and no makefile found.  Stop.
make[1]: Entering directory '/home/jake/sbomit-overhead-experiment/repos/cubefs/build/out/gperftools-gperftools-2.9.1'
make[1]: Leaving directory '/home/jake/sbomit-overhead-experiment/repos/cubefs/build/out/gperftools-gperftools-2.9.1'
cp: cannot stat '.libs/libtcmalloc.a': No such file or directory
~/sbomit-overhead-experiment/repos/cubefs
~/sbomit-overhead-experiment/repos/cubefs
build rocksdb...
~/sbomit-overhead-experiment/repos/cubefs/build/out/rocksdb-6.3.6 ~/sbomit-overhead-experiment/repos/cubefs
make[1]: Entering directory '/home/jake/sbomit-overhead-experiment/repos/cubefs/build/out/rocksdb-6.3.6'
$DEBUG_LEVEL is 0
  GEN      util/build_version.cc
$DEBUG_LEVEL is 0
  GEN      util/build_version.cc
  CC       cache/clock_cache.o
  CC       cache/lru_cache.o
  CC       cache/sharded_cache.o
  CC       db/builder.o
  CC       db/c.o
  CC       db/column_family.o
  CC       db/compacted_db_impl.o
  CC       db/compaction/compaction.o
  CC       db/compaction/compaction_iterator.o
  CC       db/compaction/compaction_job.o
  CC       db/compaction/compaction_picker.o
In file included from ./db/memtable.h:21,
                 from ./db/memtable_list.h:17,
                 from ./db/column_family.h:17,
                 from ./db/version_set.h:31,
                 from ./db/compaction/compaction.h:11,
                 from ./db/compaction/compaction_iterator.h:13,
                 from db/builder.cc:16:
./db/version_edit.h: In constructor ‘rocksdb::FdWithKeyRange::FdWithKeyRange(rocksdb::FileDescriptor, rocksdb::Slice, rocksdb::Slice, rocksdb::FileMetaData*)’:
./db/version_edit.h:175:9: warning: implicitly-declared ‘constexpr rocksdb::FileDescriptor::FileDescriptor(const rocksdb::FileDescriptor&)’ is deprecated [-Wdeprecated-copy]
  175 |       : fd(_fd),
      |         ^~~~~~~
./db/version_edit.h:55:19: note: because ‘rocksdb::FileDescriptor’ has user-provided ‘rocksdb::FileDescriptor& rocksdb::FileDescriptor::operator=(const rocksdb::FileDescriptor&)’
   55 |   FileDescriptor& operator=(const FileDescriptor& fd) {
      |                   ^~~~~~~~
In file included from ./db/memtable.h:21,
                 from ./db/memtable_list.h:17,
                 from ./db/column_family.h:17,
                 from db/compaction/compaction.cc:13:
./db/version_edit.h: In constructor ‘rocksdb::FdWithKeyRange::FdWithKeyRange(rocksdb::FileDescriptor, rocksdb::Slice, rocksdb::Slice, rocksdb::FileMetaData*)’:
./db/version_edit.h:175:9: warning: implicitly-declared ‘constexpr rocksdb::FileDescriptor::FileDescriptor(const rocksdb::FileDescriptor&)’ is deprecated [-Wdeprecated-copy]
  175 |       : fd(_fd),
      |         ^~~~~~~
./db/version_edit.h:55:19: note: because ‘rocksdb::FileDescriptor’ has user-provided ‘rocksdb::FileDescriptor& rocksdb::FileDescriptor::operator=(const rocksdb::FileDescriptor&)’
   55 |   FileDescriptor& operator=(const FileDescriptor& fd) {
      |                   ^~~~~~~~
In file included from ./db/memtable.h:21,
                 from ./db/memtable_list.h:17,
                 from ./db/column_family.h:17,
                 from ./db/db_impl/db_impl.h:22,
                 from ./db/compacted_db_impl.h:10,
                 from db/compacted_db_impl.cc:7:
./db/version_edit.h: In constructor ‘rocksdb::FdWithKeyRange::FdWithKeyRange(rocksdb::FileDescriptor, rocksdb::Slice, rocksdb::Slice, rocksdb::FileMetaData*)’:
./db/version_edit.h:175:9: warning: implicitly-declared ‘constexpr rocksdb::FileDescriptor::FileDescriptor(const rocksdb::FileDescriptor&)’ is deprecated [-Wdeprecated-copy]
  175 |       : fd(_fd),
      |         ^~~~~~~
./db/version_edit.h:55:19: note: because ‘rocksdb::FileDescriptor’ has user-provided ‘rocksdb::FileDescriptor& rocksdb::FileDescriptor::operator=(const rocksdb::FileDescriptor&)’
   55 |   FileDescriptor& operator=(const FileDescriptor& fd) {
      |                   ^~~~~~~~
In file included from ./db/memtable.h:21,
                 from ./db/memtable_list.h:17,
                 from ./db/column_family.h:17,
                 from db/column_family.cc:10:
./db/version_edit.h: In constructor ‘rocksdb::FdWithKeyRange::FdWithKeyRange(rocksdb::FileDescriptor, rocksdb::Slice, rocksdb::Slice, rocksdb::FileMetaData*)’:
./db/version_edit.h:175:9: warning: implicitly-declared ‘constexpr rocksdb::FileDescriptor::FileDescriptor(const rocksdb::FileDescriptor&)’ is deprecated [-Wdeprecated-copy]
  175 |       : fd(_fd),
      |         ^~~~~~~
./db/version_edit.h:55:19: note: because ‘rocksdb::FileDescriptor’ has user-provided ‘rocksdb::FileDescriptor& rocksdb::FileDescriptor::operator=(const rocksdb::FileDescriptor&)’
   55 |   FileDescriptor& operator=(const FileDescriptor& fd) {
      |                   ^~~~~~~~
In file included from ./db/memtable.h:21,
                 from ./db/memtable_list.h:17,
                 from ./db/column_family.h:17,
                 from ./db/version_set.h:31,
                 from ./db/compaction/compaction.h:11,
                 from ./db/compaction/compaction_iterator.h:13,
                 from db/compaction/compaction_iterator.cc:6:
./db/version_edit.h: In constructor ‘rocksdb::FdWithKeyRange::FdWithKeyRange(rocksdb::FileDescriptor, rocksdb::Slice, rocksdb::Slice, rocksdb::FileMetaData*)’:
./db/version_edit.h:175:9: warning: implicitly-declared ‘constexpr rocksdb::FileDescriptor::FileDescriptor(const rocksdb::FileDescriptor&)’ is deprecated [-Wdeprecated-copy]
  175 |       : fd(_fd),
      |         ^~~~~~~
./db/version_edit.h:55:19: note: because ‘rocksdb::FileDescriptor’ has user-provided ‘rocksdb::FileDescriptor& rocksdb::FileDescriptor::operator=(const rocksdb::FileDescriptor&)’
   55 |   FileDescriptor& operator=(const FileDescriptor& fd) {
      |                   ^~~~~~~~
In file included from ./db/memtable.h:21,
                 from ./db/memtable_list.h:17,
                 from ./db/column_family.h:17,
                 from ./db/compaction/compaction_job.h:20,
                 from db/compaction/compaction_job.cc:22:
./db/version_edit.h: In constructor ‘rocksdb::FdWithKeyRange::FdWithKeyRange(rocksdb::FileDescriptor, rocksdb::Slice, rocksdb::Slice, rocksdb::FileMetaData*)’:
./db/version_edit.h:175:9: warning: implicitly-declared ‘constexpr rocksdb::FileDescriptor::FileDescriptor(const rocksdb::FileDescriptor&)’ is deprecated [-Wdeprecated-copy]
  175 |       : fd(_fd),
      |         ^~~~~~~
./db/version_edit.h:55:19: note: because ‘rocksdb::FileDescriptor’ has user-provided ‘rocksdb::FileDescriptor& rocksdb::FileDescriptor::operator=(const rocksdb::FileDescriptor&)’
   55 |   FileDescriptor& operator=(const FileDescriptor& fd) {
      |                   ^~~~~~~~
./db/version_edit.h: In instantiation of ‘constexpr std::pair<_T1, _T2>::pair(_U1&&, _U2&&) [with _U1 = int&; _U2 = rocksdb::FileMetaData; typename std::enable_if<(std::_PCC<true, _T1, _T2>::_MoveConstructiblePair<_U1, _U2>() && std::_PCC<true, _T1, _T2>::_ImplicitlyMoveConvertiblePair<_U1, _U2>()), bool>::type <anonymous> = true; _T1 = int; _T2 = rocksdb::FileMetaData]’:
/usr/include/c++/11/ext/new_allocator.h:162:4:   required from ‘void __gnu_cxx::new_allocator<_Tp>::construct(_Up*, _Args&& ...) [with _Up = std::pair<int, rocksdb::FileMetaData>; _Args = {int&, rocksdb::FileMetaData}; _Tp = std::pair<int, rocksdb::FileMetaData>]’
/usr/include/c++/11/bits/alloc_traits.h:516:17:   required from ‘static void std::allocator_traits<std::allocator<_Tp1> >::construct(std::allocator_traits<std::allocator<_Tp1> >::allocator_type&, _Up*, _Args&& ...) [with _Up = std::pair<int, rocksdb::FileMetaData>; _Args = {int&, rocksdb::FileMetaData}; _Tp = std::pair<int, rocksdb::FileMetaData>; std::allocator_traits<std::allocator<_Tp1> >::allocator_type = std::allocator<std::pair<int, rocksdb::FileMetaData> >]’
/usr/include/c++/11/bits/vector.tcc:115:30:   required from ‘void std::vector<_Tp, _Alloc>::emplace_back(_Args&& ...) [with _Args = {int&, rocksdb::FileMetaData}; _Tp = std::pair<int, rocksdb::FileMetaData>; _Alloc = std::allocator<std::pair<int, rocksdb::FileMetaData> >]’
./db/version_edit.h:253:28:   required from here
./db/version_edit.h:86:8: warning: implicitly-declared ‘constexpr rocksdb::FileDescriptor::FileDescriptor(const rocksdb::FileDescriptor&)’ is deprecated [-Wdeprecated-copy]
   86 | struct FileMetaData {
      |        ^~~~~~~~~~~~
./db/version_edit.h:55:19: note: because ‘rocksdb::FileDescriptor’ has user-provided ‘rocksdb::FileDescriptor& rocksdb::FileDescriptor::operator=(const rocksdb::FileDescriptor&)’
   55 |   FileDescriptor& operator=(const FileDescriptor& fd) {
      |                   ^~~~~~~~
In file included from /usr/include/c++/11/bits/stl_algobase.h:64,
                 from /usr/include/c++/11/vector:60,
                 from db/compaction/compaction.cc:11:
/usr/include/c++/11/bits/stl_pair.h:353:42: note: synthesized method ‘rocksdb::FileMetaData::FileMetaData(rocksdb::FileMetaData&&)’ first required here
  353 |         : first(std::forward<_U1>(__x)), second(std::forward<_U2>(__y)) { }
      |                                          ^~~~~~~~~~~~~~~~~~~~~~~~~~~~~~
In file included from ./db/memtable.h:21,
                 from ./db/memtable_list.h:17,
                 from ./db/column_family.h:17,
                 from db/compaction/compaction.cc:13:
./db/version_edit.h: In instantiation of ‘constexpr std::pair<_T1, _T2>::pair(_U1&&, const _T2&) [with _U1 = int&; typename std::enable_if<std::_PCC<true, _T1, _T2>::_MoveCopyPair<true, _U1, _T2>(), bool>::type <anonymous> = true; _T1 = int; _T2 = rocksdb::FileMetaData]’:
/usr/include/c++/11/ext/new_allocator.h:162:4:   required from ‘void __gnu_cxx::new_allocator<_Tp>::construct(_Up*, _Args&& ...) [with _Up = std::pair<int, rocksdb::FileMetaData>; _Args = {int&, const rocksdb::FileMetaData&}; _Tp = std::pair<int, rocksdb::FileMetaData>]’
/usr/include/c++/11/bits/alloc_traits.h:516:17:   required from ‘static void std::allocator_traits<std::allocator<_Tp1> >::construct(std::allocator_traits<std::allocator<_Tp1> >::allocator_type&, _Up*, _Args&& ...) [with _Up = std::pair<int, rocksdb::FileMetaData>; _Args = {int&, const rocksdb::FileMetaData&}; _Tp = std::pair<int, rocksdb::FileMetaData>; std::allocator_traits<std::allocator<_Tp1> >::allocator_type = std::allocator<std::pair<int, rocksdb::FileMetaData> >]’
/usr/include/c++/11/bits/vector.tcc:115:30:   required from ‘void std::vector<_Tp, _Alloc>::emplace_back(_Args&& ...) [with _Args = {int&, const rocksdb::FileMetaData&}; _Tp = std::pair<int, rocksdb::FileMetaData>; _Alloc = std::allocator<std::pair<int, rocksdb::FileMetaData> >]’
./db/version_edit.h:258:28:   required from here
./db/version_edit.h:86:8: warning: implicitly-declared ‘constexpr rocksdb::FileDescriptor::FileDescriptor(const rocksdb::FileDescriptor&)’ is deprecated [-Wdeprecated-copy]
   86 | struct FileMetaData {
      |        ^~~~~~~~~~~~
./db/version_edit.h:55:19: note: because ‘rocksdb::FileDescriptor’ has user-provided ‘rocksdb::FileDescriptor& rocksdb::FileDescriptor::operator=(const rocksdb::FileDescriptor&)’
   55 |   FileDescriptor& operator=(const FileDescriptor& fd) {
      |                   ^~~~~~~~
In file included from /usr/include/c++/11/bits/stl_algobase.h:64,
                 from /usr/include/c++/11/vector:60,
                 from db/compaction/compaction.cc:11:
/usr/include/c++/11/bits/stl_pair.h:323:41: note: synthesized method ‘rocksdb::FileMetaData::FileMetaData(const rocksdb::FileMetaData&)’ first required here
  323 |        : first(std::forward<_U1>(__x)), second(__y) { }
      |                                         ^~~~~~~~~~~
In file included from ./db/memtable.h:21,
                 from ./db/memtable_list.h:17,
                 from ./db/column_family.h:17,
                 from ./db/version_set.h:31,
                 from ./db/compaction/compaction.h:11,
                 from ./db/compaction/compaction_picker.h:18,
                 from db/compaction/compaction_picker.cc:10:
./db/version_edit.h: In constructor ‘rocksdb::FdWithKeyRange::FdWithKeyRange(rocksdb::FileDescriptor, rocksdb::Slice, rocksdb::Slice, rocksdb::FileMetaData*)’:
./db/version_edit.h:175:9: warning: implicitly-declared ‘constexpr rocksdb::FileDescriptor::FileDescriptor(const rocksdb::FileDescriptor&)’ is deprecated [-Wdeprecated-copy]
  175 |       : fd(_fd),
      |         ^~~~~~~
./db/version_edit.h:55:19: note: because ‘rocksdb::FileDescriptor’ has user-provided ‘rocksdb::FileDescriptor& rocksdb::FileDescriptor::operator=(const rocksdb::FileDescriptor&)’
   55 |   FileDescriptor& operator=(const FileDescriptor& fd) {
      |                   ^~~~~~~~
./db/version_edit.h: In instantiation of ‘constexpr std::pair<_T1, _T2>::pair(_U1&&, _U2&&) [with _U1 = int&; _U2 = rocksdb::FileMetaData; typename std::enable_if<(std::_PCC<true, _T1, _T2>::_MoveConstructiblePair<_U1, _U2>() && std::_PCC<true, _T1, _T2>::_ImplicitlyMoveConvertiblePair<_U1, _U2>()), bool>::type <anonymous> = true; _T1 = int; _T2 = rocksdb::FileMetaData]’:
/usr/include/c++/11/ext/new_allocator.h:162:4:   required from ‘void __gnu_cxx::new_allocator<_Tp>::construct(_Up*, _Args&& ...) [with _Up = std::pair<int, rocksdb::FileMetaData>; _Args = {int&, rocksdb::FileMetaData}; _Tp = std::pair<int, rocksdb::FileMetaData>]’
/usr/include/c++/11/bits/alloc_traits.h:516:17:   required from ‘static void std::allocator_traits<std::allocator<_CharT> >::construct(std::allocator_traits<std::allocator<_CharT> >::allocator_type&, _Up*, _Args&& ...) [with _Up = std::pair<int, rocksdb::FileMetaData>; _Args = {int&, rocksdb::FileMetaData}; _Tp = std::pair<int, rocksdb::FileMetaData>; std::allocator_traits<std::allocator<_CharT> >::allocator_type = std::allocator<std::pair<int, rocksdb::FileMetaData> >]’
/usr/include/c++/11/bits/vector.tcc:115:30:   required from ‘void std::vector<_Tp, _Alloc>::emplace_back(_Args&& ...) [with _Args = {int&, rocksdb::FileMetaData}; _Tp = std::pair<int, rocksdb::FileMetaData>; _Alloc = std::allocator<std::pair<int, rocksdb::FileMetaData> >]’
./db/version_edit.h:253:28:   required from here
./db/version_edit.h:86:8: warning: implicitly-declared ‘constexpr rocksdb::FileDescriptor::FileDescriptor(const rocksdb::FileDescriptor&)’ is deprecated [-Wdeprecated-copy]
   86 | struct FileMetaData {
      |        ^~~~~~~~~~~~
./db/version_edit.h:55:19: note: because ‘rocksdb::FileDescriptor’ has user-provided ‘rocksdb::FileDescriptor& rocksdb::FileDescriptor::operator=(const rocksdb::FileDescriptor&)’
   55 |   FileDescriptor& operator=(const FileDescriptor& fd) {
      |                   ^~~~~~~~
In file included from /usr/include/c++/11/bits/stl_algobase.h:64,
                 from /usr/include/c++/11/bits/char_traits.h:39,
                 from /usr/include/c++/11/string:40,
                 from ./db/builder.h:9,
                 from db/builder.cc:10:
/usr/include/c++/11/bits/stl_pair.h:353:42: note: synthesized method ‘rocksdb::FileMetaData::FileMetaData(rocksdb::FileMetaData&&)’ first required here
  353 |         : first(std::forward<_U1>(__x)), second(std::forward<_U2>(__y)) { }
      |                                          ^~~~~~~~~~~~~~~~~~~~~~~~~~~~~~
In file included from ./db/memtable.h:21,
                 from ./db/memtable_list.h:17,
                 from ./db/column_family.h:17,
                 from ./db/version_set.h:31,
                 from ./db/compaction/compaction.h:11,
                 from ./db/compaction/compaction_iterator.h:13,
                 from db/builder.cc:16:
./db/version_edit.h: In instantiation of ‘constexpr std::pair<_T1, _T2>::pair(_U1&&, const _T2&) [with _U1 = int&; typename std::enable_if<std::_PCC<true, _T1, _T2>::_MoveCopyPair<true, _U1, _T2>(), bool>::type <anonymous> = true; _T1 = int; _T2 = rocksdb::FileMetaData]’:
/usr/include/c++/11/ext/new_allocator.h:162:4:   required from ‘void __gnu_cxx::new_allocator<_Tp>::construct(_Up*, _Args&& ...) [with _Up = std::pair<int, rocksdb::FileMetaData>; _Args = {int&, const rocksdb::FileMetaData&}; _Tp = std::pair<int, rocksdb::FileMetaData>]’
/usr/include/c++/11/bits/alloc_traits.h:516:17:   required from ‘static void std::allocator_traits<std::allocator<_CharT> >::construct(std::allocator_traits<std::allocator<_CharT> >::allocator_type&, _Up*, _Args&& ...) [with _Up = std::pair<int, rocksdb::FileMetaData>; _Args = {int&, const rocksdb::FileMetaData&}; _Tp = std::pair<int, rocksdb::FileMetaData>; std::allocator_traits<std::allocator<_CharT> >::allocator_type = std::allocator<std::pair<int, rocksdb::FileMetaData> >]’
/usr/include/c++/11/bits/vector.tcc:115:30:   required from ‘void std::vector<_Tp, _Alloc>::emplace_back(_Args&& ...) [with _Args = {int&, const rocksdb::FileMetaData&}; _Tp = std::pair<int, rocksdb::FileMetaData>; _Alloc = std::allocator<std::pair<int, rocksdb::FileMetaData> >]’
./db/version_edit.h:258:28:   required from here
./db/version_edit.h:86:8: warning: implicitly-declared ‘constexpr rocksdb::FileDescriptor::FileDescriptor(const rocksdb::FileDescriptor&)’ is deprecated [-Wdeprecated-copy]
   86 | struct FileMetaData {
      |        ^~~~~~~~~~~~
./db/version_edit.h:55:19: note: because ‘rocksdb::FileDescriptor’ has user-provided ‘rocksdb::FileDescriptor& rocksdb::FileDescriptor::operator=(const rocksdb::FileDescriptor&)’
   55 |   FileDescriptor& operator=(const FileDescriptor& fd) {
      |                   ^~~~~~~~
In file included from /usr/include/c++/11/bits/stl_algobase.h:64,
                 from /usr/include/c++/11/bits/char_traits.h:39,
                 from /usr/include/c++/11/string:40,
                 from ./db/builder.h:9,
                 from db/builder.cc:10:
/usr/include/c++/11/bits/stl_pair.h:323:41: note: synthesized method ‘rocksdb::FileMetaData::FileMetaData(const rocksdb::FileMetaData&)’ first required here
  323 |        : first(std::forward<_U1>(__x)), second(__y) { }
      |                                         ^~~~~~~~~~~
./db/version_edit.h: In instantiation of ‘constexpr std::pair<_T1, _T2>::pair(_U1&&, _U2&&) [with _U1 = int&; _U2 = rocksdb::FileMetaData; typename std::enable_if<(std::_PCC<true, _T1, _T2>::_MoveConstructiblePair<_U1, _U2>() && std::_PCC<true, _T1, _T2>::_ImplicitlyMoveConvertiblePair<_U1, _U2>()), bool>::type <anonymous> = true; _T1 = int; _T2 = rocksdb::FileMetaData]’:
/usr/include/c++/11/ext/new_allocator.h:162:4:   required from ‘void __gnu_cxx::new_allocator<_Tp>::construct(_Up*, _Args&& ...) [with _Up = std::pair<int, rocksdb::FileMetaData>; _Args = {int&, rocksdb::FileMetaData}; _Tp = std::pair<int, rocksdb::FileMetaData>]’
/usr/include/c++/11/bits/alloc_traits.h:516:17:   required from ‘static void std::allocator_traits<std::allocator<_Tp1> >::construct(std::allocator_traits<std::allocator<_Tp1> >::allocator_type&, _Up*, _Args&& ...) [with _Up = std::pair<int, rocksdb::FileMetaData>; _Args = {int&, rocksdb::FileMetaData}; _Tp = std::pair<int, rocksdb::FileMetaData>; std::allocator_traits<std::allocator<_Tp1> >::allocator_type = std::allocator<std::pair<int, rocksdb::FileMetaData> >]’
/usr/include/c++/11/bits/vector.tcc:115:30:   required from ‘void std::vector<_Tp, _Alloc>::emplace_back(_Args&& ...) [with _Args = {int&, rocksdb::FileMetaData}; _Tp = std::pair<int, rocksdb::FileMetaData>; _Alloc = std::allocator<std::pair<int, rocksdb::FileMetaData> >]’
./db/version_edit.h:253:28:   required from here
./db/version_edit.h:86:8: warning: implicitly-declared ‘constexpr rocksdb::FileDescriptor::FileDescriptor(const rocksdb::FileDescriptor&)’ is deprecated [-Wdeprecated-copy]
   86 | struct FileMetaData {
      |        ^~~~~~~~~~~~
./db/version_edit.h:55:19: note: because ‘rocksdb::FileDescriptor’ has user-provided ‘rocksdb::FileDescriptor& rocksdb::FileDescriptor::operator=(const rocksdb::FileDescriptor&)’
   55 |   FileDescriptor& operator=(const FileDescriptor& fd) {
      |                   ^~~~~~~~
In file included from /usr/include/c++/11/utility:70,
                 from /usr/include/c++/11/algorithm:60,
                 from ./db/compaction/compaction_iterator.h:7,
                 from db/compaction/compaction_iterator.cc:6:
/usr/include/c++/11/bits/stl_pair.h:353:42: note: synthesized method ‘rocksdb::FileMetaData::FileMetaData(rocksdb::FileMetaData&&)’ first required here
  353 |         : first(std::forward<_U1>(__x)), second(std::forward<_U2>(__y)) { }
      |                                          ^~~~~~~~~~~~~~~~~~~~~~~~~~~~~~
In file included from ./db/memtable.h:21,
                 from ./db/memtable_list.h:17,
                 from ./db/column_family.h:17,
                 from ./db/version_set.h:31,
                 from ./db/compaction/compaction.h:11,
                 from ./db/compaction/compaction_iterator.h:13,
                 from db/compaction/compaction_iterator.cc:6:
./db/version_edit.h: In instantiation of ‘constexpr std::pair<_T1, _T2>::pair(_U1&&, const _T2&) [with _U1 = int&; typename std::enable_if<std::_PCC<true, _T1, _T2>::_MoveCopyPair<true, _U1, _T2>(), bool>::type <anonymous> = true; _T1 = int; _T2 = rocksdb::FileMetaData]’:
/usr/include/c++/11/ext/new_allocator.h:162:4:   required from ‘void __gnu_cxx::new_allocator<_Tp>::construct(_Up*, _Args&& ...) [with _Up = std::pair<int, rocksdb::FileMetaData>; _Args = {int&, const rocksdb::FileMetaData&}; _Tp = std::pair<int, rocksdb::FileMetaData>]’
/usr/include/c++/11/bits/alloc_traits.h:516:17:   required from ‘static void std::allocator_traits<std::allocator<_Tp1> >::construct(std::allocator_traits<std::allocator<_Tp1> >::allocator_type&, _Up*, _Args&& ...) [with _Up = std::pair<int, rocksdb::FileMetaData>; _Args = {int&, const rocksdb::FileMetaData&}; _Tp = std::pair<int, rocksdb::FileMetaData>; std::allocator_traits<std::allocator<_Tp1> >::allocator_type = std::allocator<std::pair<int, rocksdb::FileMetaData> >]’
/usr/include/c++/11/bits/vector.tcc:115:30:   required from ‘void std::vector<_Tp, _Alloc>::emplace_back(_Args&& ...) [with _Args = {int&, const rocksdb::FileMetaData&}; _Tp = std::pair<int, rocksdb::FileMetaData>; _Alloc = std::allocator<std::pair<int, rocksdb::FileMetaData> >]’
./db/version_edit.h:258:28:   required from here
./db/version_edit.h:86:8: warning: implicitly-declared ‘constexpr rocksdb::FileDescriptor::FileDescriptor(const rocksdb::FileDescriptor&)’ is deprecated [-Wdeprecated-copy]
   86 | struct FileMetaData {
      |        ^~~~~~~~~~~~
./db/version_edit.h:55:19: note: because ‘rocksdb::FileDescriptor’ has user-provided ‘rocksdb::FileDescriptor& rocksdb::FileDescriptor::operator=(const rocksdb::FileDescriptor&)’
   55 |   FileDescriptor& operator=(const FileDescriptor& fd) {
      |                   ^~~~~~~~
In file included from /usr/include/c++/11/utility:70,
                 from /usr/include/c++/11/algorithm:60,
                 from ./db/compaction/compaction_iterator.h:7,
                 from db/compaction/compaction_iterator.cc:6:
/usr/include/c++/11/bits/stl_pair.h:323:41: note: synthesized method ‘rocksdb::FileMetaData::FileMetaData(const rocksdb::FileMetaData&)’ first required here
  323 |        : first(std::forward<_U1>(__x)), second(__y) { }
      |                                         ^~~~~~~~~~~
./db/version_edit.h: In instantiation of ‘constexpr std::pair<_T1, _T2>::pair(_U1&&, _U2&&) [with _U1 = int&; _U2 = rocksdb::FileMetaData; typename std::enable_if<(std::_PCC<true, _T1, _T2>::_MoveConstructiblePair<_U1, _U2>() && std::_PCC<true, _T1, _T2>::_ImplicitlyMoveConvertiblePair<_U1, _U2>()), bool>::type <anonymous> = true; _T1 = int; _T2 = rocksdb::FileMetaData]’:
/usr/include/c++/11/ext/new_allocator.h:162:4:   required from ‘void __gnu_cxx::new_allocator<_Tp>::construct(_Up*, _Args&& ...) [with _Up = std::pair<int, rocksdb::FileMetaData>; _Args = {int&, rocksdb::FileMetaData}; _Tp = std::pair<int, rocksdb::FileMetaData>]’
/usr/include/c++/11/bits/alloc_traits.h:516:17:   required from ‘static void std::allocator_traits<std::allocator<_CharT> >::construct(std::allocator_traits<std::allocator<_CharT> >::allocator_type&, _Up*, _Args&& ...) [with _Up = std::pair<int, rocksdb::FileMetaData>; _Args = {int&, rocksdb::FileMetaData}; _Tp = std::pair<int, rocksdb::FileMetaData>; std::allocator_traits<std::allocator<_CharT> >::allocator_type = std::allocator<std::pair<int, rocksdb::FileMetaData> >]’
/usr/include/c++/11/bits/vector.tcc:115:30:   required from ‘void std::vector<_Tp, _Alloc>::emplace_back(_Args&& ...) [with _Args = {int&, rocksdb::FileMetaData}; _Tp = std::pair<int, rocksdb::FileMetaData>; _Alloc = std::allocator<std::pair<int, rocksdb::FileMetaData> >]’
./db/version_edit.h:253:28:   required from here
./db/version_edit.h:86:8: warning: implicitly-declared ‘constexpr rocksdb::FileDescriptor::FileDescriptor(const rocksdb::FileDescriptor&)’ is deprecated [-Wdeprecated-copy]
   86 | struct FileMetaData {
      |        ^~~~~~~~~~~~
./db/version_edit.h:55:19: note: because ‘rocksdb::FileDescriptor’ has user-provided ‘rocksdb::FileDescriptor& rocksdb::FileDescriptor::operator=(const rocksdb::FileDescriptor&)’
   55 |   FileDescriptor& operator=(const FileDescriptor& fd) {
      |                   ^~~~~~~~
In file included from /usr/include/c++/11/bits/stl_algobase.h:64,
                 from /usr/include/c++/11/bits/char_traits.h:39,
                 from /usr/include/c++/11/string:40,
                 from ./db/compacted_db_impl.h:8,
                 from db/compacted_db_impl.cc:7:
/usr/include/c++/11/bits/stl_pair.h:353:42: note: synthesized method ‘rocksdb::FileMetaData::FileMetaData(rocksdb::FileMetaData&&)’ first required here
  353 |         : first(std::forward<_U1>(__x)), second(std::forward<_U2>(__y)) { }
      |                                          ^~~~~~~~~~~~~~~~~~~~~~~~~~~~~~
In file included from ./db/memtable.h:21,
                 from ./db/memtable_list.h:17,
                 from ./db/column_family.h:17,
                 from ./db/db_impl/db_impl.h:22,
                 from ./db/compacted_db_impl.h:10,
                 from db/compacted_db_impl.cc:7:
./db/version_edit.h: In instantiation of ‘constexpr std::pair<_T1, _T2>::pair(_U1&&, const _T2&) [with _U1 = int&; typename std::enable_if<std::_PCC<true, _T1, _T2>::_MoveCopyPair<true, _U1, _T2>(), bool>::type <anonymous> = true; _T1 = int; _T2 = rocksdb::FileMetaData]’:
/usr/include/c++/11/ext/new_allocator.h:162:4:   required from ‘void __gnu_cxx::new_allocator<_Tp>::construct(_Up*, _Args&& ...) [with _Up = std::pair<int, rocksdb::FileMetaData>; _Args = {int&, const rocksdb::FileMetaData&}; _Tp = std::pair<int, rocksdb::FileMetaData>]’
/usr/include/c++/11/bits/alloc_traits.h:516:17:   required from ‘static void std::allocator_traits<std::allocator<_CharT> >::construct(std::allocator_traits<std::allocator<_CharT> >::allocator_type&, _Up*, _Args&& ...) [with _Up = std::pair<int, rocksdb::FileMetaData>; _Args = {int&, const rocksdb::FileMetaData&}; _Tp = std::pair<int, rocksdb::FileMetaData>; std::allocator_traits<std::allocator<_CharT> >::allocator_type = std::allocator<std::pair<int, rocksdb::FileMetaData> >]’
/usr/include/c++/11/bits/vector.tcc:115:30:   required from ‘void std::vector<_Tp, _Alloc>::emplace_back(_Args&& ...) [with _Args = {int&, const rocksdb::FileMetaData&}; _Tp = std::pair<int, rocksdb::FileMetaData>; _Alloc = std::allocator<std::pair<int, rocksdb::FileMetaData> >]’
./db/version_edit.h:258:28:   required from here
./db/version_edit.h:86:8: warning: implicitly-declared ‘constexpr rocksdb::FileDescriptor::FileDescriptor(const rocksdb::FileDescriptor&)’ is deprecated [-Wdeprecated-copy]
   86 | struct FileMetaData {
      |        ^~~~~~~~~~~~
./db/version_edit.h:55:19: note: because ‘rocksdb::FileDescriptor’ has user-provided ‘rocksdb::FileDescriptor& rocksdb::FileDescriptor::operator=(const rocksdb::FileDescriptor&)’
   55 |   FileDescriptor& operator=(const FileDescriptor& fd) {
      |                   ^~~~~~~~
In file included from /usr/include/c++/11/bits/stl_algobase.h:64,
                 from /usr/include/c++/11/bits/char_traits.h:39,
                 from /usr/include/c++/11/string:40,
                 from ./db/compacted_db_impl.h:8,
                 from db/compacted_db_impl.cc:7:
/usr/include/c++/11/bits/stl_pair.h:323:41: note: synthesized method ‘rocksdb::FileMetaData::FileMetaData(const rocksdb::FileMetaData&)’ first required here
  323 |        : first(std::forward<_U1>(__x)), second(__y) { }
      |                                         ^~~~~~~~~~~
./db/version_edit.h: In instantiation of ‘constexpr std::pair<_T1, _T2>::pair(_U1&&, _U2&&) [with _U1 = int&; _U2 = rocksdb::FileMetaData; typename std::enable_if<(std::_PCC<true, _T1, _T2>::_MoveConstructiblePair<_U1, _U2>() && std::_PCC<true, _T1, _T2>::_ImplicitlyMoveConvertiblePair<_U1, _U2>()), bool>::type <anonymous> = true; _T1 = int; _T2 = rocksdb::FileMetaData]’:
/usr/include/c++/11/ext/new_allocator.h:162:4:   required from ‘void __gnu_cxx::new_allocator<_Tp>::construct(_Up*, _Args&& ...) [with _Up = std::pair<int, rocksdb::FileMetaData>; _Args = {int&, rocksdb::FileMetaData}; _Tp = std::pair<int, rocksdb::FileMetaData>]’
/usr/include/c++/11/bits/alloc_traits.h:516:17:   required from ‘static void std::allocator_traits<std::allocator<_Tp1> >::construct(std::allocator_traits<std::allocator<_Tp1> >::allocator_type&, _Up*, _Args&& ...) [with _Up = std::pair<int, rocksdb::FileMetaData>; _Args = {int&, rocksdb::FileMetaData}; _Tp = std::pair<int, rocksdb::FileMetaData>; std::allocator_traits<std::allocator<_Tp1> >::allocator_type = std::allocator<std::pair<int, rocksdb::FileMetaData> >]’
/usr/include/c++/11/bits/vector.tcc:115:30:   required from ‘void std::vector<_Tp, _Alloc>::emplace_back(_Args&& ...) [with _Args = {int&, rocksdb::FileMetaData}; _Tp = std::pair<int, rocksdb::FileMetaData>; _Alloc = std::allocator<std::pair<int, rocksdb::FileMetaData> >]’
./db/version_edit.h:253:28:   required from here
./db/version_edit.h:86:8: warning: implicitly-declared ‘constexpr rocksdb::FileDescriptor::FileDescriptor(const rocksdb::FileDescriptor&)’ is deprecated [-Wdeprecated-copy]
   86 | struct FileMetaData {
      |        ^~~~~~~~~~~~
./db/version_edit.h:55:19: note: because ‘rocksdb::FileDescriptor’ has user-provided ‘rocksdb::FileDescriptor& rocksdb::FileDescriptor::operator=(const rocksdb::FileDescriptor&)’
   55 |   FileDescriptor& operator=(const FileDescriptor& fd) {
      |                   ^~~~~~~~
In file included from /usr/include/c++/11/unordered_map:43,
                 from ./db/column_family.h:12,
                 from db/column_family.cc:10:
/usr/include/c++/11/bits/stl_pair.h:353:42: note: synthesized method ‘rocksdb::FileMetaData::FileMetaData(rocksdb::FileMetaData&&)’ first required here
  353 |         : first(std::forward<_U1>(__x)), second(std::forward<_U2>(__y)) { }
      |                                          ^~~~~~~~~~~~~~~~~~~~~~~~~~~~~~
In file included from ./db/memtable.h:21,
                 from ./db/memtable_list.h:17,
                 from ./db/column_family.h:17,
                 from db/column_family.cc:10:
./db/version_edit.h: In instantiation of ‘constexpr std::pair<_T1, _T2>::pair(_U1&&, const _T2&) [with _U1 = int&; typename std::enable_if<std::_PCC<true, _T1, _T2>::_MoveCopyPair<true, _U1, _T2>(), bool>::type <anonymous> = true; _T1 = int; _T2 = rocksdb::FileMetaData]’:
/usr/include/c++/11/ext/new_allocator.h:162:4:   required from ‘void __gnu_cxx::new_allocator<_Tp>::construct(_Up*, _Args&& ...) [with _Up = std::pair<int, rocksdb::FileMetaData>; _Args = {int&, const rocksdb::FileMetaData&}; _Tp = std::pair<int, rocksdb::FileMetaData>]’
/usr/include/c++/11/bits/alloc_traits.h:516:17:   required from ‘static void std::allocator_traits<std::allocator<_Tp1> >::construct(std::allocator_traits<std::allocator<_Tp1> >::allocator_type&, _Up*, _Args&& ...) [with _Up = std::pair<int, rocksdb::FileMetaData>; _Args = {int&, const rocksdb::FileMetaData&}; _Tp = std::pair<int, rocksdb::FileMetaData>; std::allocator_traits<std::allocator<_Tp1> >::allocator_type = std::allocator<std::pair<int, rocksdb::FileMetaData> >]’
/usr/include/c++/11/bits/vector.tcc:115:30:   required from ‘void std::vector<_Tp, _Alloc>::emplace_back(_Args&& ...) [with _Args = {int&, const rocksdb::FileMetaData&}; _Tp = std::pair<int, rocksdb::FileMetaData>; _Alloc = std::allocator<std::pair<int, rocksdb::FileMetaData> >]’
./db/version_edit.h:258:28:   required from here
./db/version_edit.h:86:8: warning: implicitly-declared ‘constexpr rocksdb::FileDescriptor::FileDescriptor(const rocksdb::FileDescriptor&)’ is deprecated [-Wdeprecated-copy]
   86 | struct FileMetaData {
      |        ^~~~~~~~~~~~
./db/version_edit.h:55:19: note: because ‘rocksdb::FileDescriptor’ has user-provided ‘rocksdb::FileDescriptor& rocksdb::FileDescriptor::operator=(const rocksdb::FileDescriptor&)’
   55 |   FileDescriptor& operator=(const FileDescriptor& fd) {
      |                   ^~~~~~~~
In file included from /usr/include/c++/11/unordered_map:43,
                 from ./db/column_family.h:12,
                 from db/column_family.cc:10:
/usr/include/c++/11/bits/stl_pair.h:323:41: note: synthesized method ‘rocksdb::FileMetaData::FileMetaData(const rocksdb::FileMetaData&)’ first required here
  323 |        : first(std::forward<_U1>(__x)), second(__y) { }
      |                                         ^~~~~~~~~~~
./db/version_edit.h: In instantiation of ‘constexpr std::pair<_T1, _T2>::pair(_U1&&, _U2&&) [with _U1 = int&; _U2 = rocksdb::FileMetaData; typename std::enable_if<(std::_PCC<true, _T1, _T2>::_MoveConstructiblePair<_U1, _U2>() && std::_PCC<true, _T1, _T2>::_ImplicitlyMoveConvertiblePair<_U1, _U2>()), bool>::type <anonymous> = true; _T1 = int; _T2 = rocksdb::FileMetaData]’:
/usr/include/c++/11/ext/new_allocator.h:162:4:   required from ‘void __gnu_cxx::new_allocator<_Tp>::construct(_Up*, _Args&& ...) [with _Up = std::pair<int, rocksdb::FileMetaData>; _Args = {int&, rocksdb::FileMetaData}; _Tp = std::pair<int, rocksdb::FileMetaData>]’
/usr/include/c++/11/bits/alloc_traits.h:516:17:   required from ‘static void std::allocator_traits<std::allocator<_Tp1> >::construct(std::allocator_traits<std::allocator<_Tp1> >::allocator_type&, _Up*, _Args&& ...) [with _Up = std::pair<int, rocksdb::FileMetaData>; _Args = {int&, rocksdb::FileMetaData}; _Tp = std::pair<int, rocksdb::FileMetaData>; std::allocator_traits<std::allocator<_Tp1> >::allocator_type = std::allocator<std::pair<int, rocksdb::FileMetaData> >]’
/usr/include/c++/11/bits/vector.tcc:115:30:   required from ‘void std::vector<_Tp, _Alloc>::emplace_back(_Args&& ...) [with _Args = {int&, rocksdb::FileMetaData}; _Tp = std::pair<int, rocksdb::FileMetaData>; _Alloc = std::allocator<std::pair<int, rocksdb::FileMetaData> >]’
./db/version_edit.h:253:28:   required from here
./db/version_edit.h:86:8: warning: implicitly-declared ‘constexpr rocksdb::FileDescriptor::FileDescriptor(const rocksdb::FileDescriptor&)’ is deprecated [-Wdeprecated-copy]
   86 | struct FileMetaData {
      |        ^~~~~~~~~~~~
./db/version_edit.h:55:19: note: because ‘rocksdb::FileDescriptor’ has user-provided ‘rocksdb::FileDescriptor& rocksdb::FileDescriptor::operator=(const rocksdb::FileDescriptor&)’
   55 |   FileDescriptor& operator=(const FileDescriptor& fd) {
      |                   ^~~~~~~~
In file included from /usr/include/c++/11/bits/stl_algobase.h:64,
                 from /usr/include/c++/11/memory:63,
                 from ./db/compaction/compaction_picker.h:12,
                 from db/compaction/compaction_picker.cc:10:
/usr/include/c++/11/bits/stl_pair.h:353:42: note: synthesized method ‘rocksdb::FileMetaData::FileMetaData(rocksdb::FileMetaData&&)’ first required here
  353 |         : first(std::forward<_U1>(__x)), second(std::forward<_U2>(__y)) { }
      |                                          ^~~~~~~~~~~~~~~~~~~~~~~~~~~~~~
In file included from ./db/memtable.h:21,
                 from ./db/memtable_list.h:17,
                 from ./db/column_family.h:17,
                 from ./db/version_set.h:31,
                 from ./db/compaction/compaction.h:11,
                 from ./db/compaction/compaction_picker.h:18,
                 from db/compaction/compaction_picker.cc:10:
./db/version_edit.h: In instantiation of ‘constexpr std::pair<_T1, _T2>::pair(_U1&&, const _T2&) [with _U1 = int&; typename std::enable_if<std::_PCC<true, _T1, _T2>::_MoveCopyPair<true, _U1, _T2>(), bool>::type <anonymous> = true; _T1 = int; _T2 = rocksdb::FileMetaData]’:
/usr/include/c++/11/ext/new_allocator.h:162:4:   required from ‘void __gnu_cxx::new_allocator<_Tp>::construct(_Up*, _Args&& ...) [with _Up = std::pair<int, rocksdb::FileMetaData>; _Args = {int&, const rocksdb::FileMetaData&}; _Tp = std::pair<int, rocksdb::FileMetaData>]’
/usr/include/c++/11/bits/alloc_traits.h:516:17:   required from ‘static void std::allocator_traits<std::allocator<_Tp1> >::construct(std::allocator_traits<std::allocator<_Tp1> >::allocator_type&, _Up*, _Args&& ...) [with _Up = std::pair<int, rocksdb::FileMetaData>; _Args = {int&, const rocksdb::FileMetaData&}; _Tp = std::pair<int, rocksdb::FileMetaData>; std::allocator_traits<std::allocator<_Tp1> >::allocator_type = std::allocator<std::pair<int, rocksdb::FileMetaData> >]’
/usr/include/c++/11/bits/vector.tcc:115:30:   required from ‘void std::vector<_Tp, _Alloc>::emplace_back(_Args&& ...) [with _Args = {int&, const rocksdb::FileMetaData&}; _Tp = std::pair<int, rocksdb::FileMetaData>; _Alloc = std::allocator<std::pair<int, rocksdb::FileMetaData> >]’
./db/version_edit.h:258:28:   required from here
./db/version_edit.h:86:8: warning: implicitly-declared ‘constexpr rocksdb::FileDescriptor::FileDescriptor(const rocksdb::FileDescriptor&)’ is deprecated [-Wdeprecated-copy]
   86 | struct FileMetaData {
      |        ^~~~~~~~~~~~
./db/version_edit.h:55:19: note: because ‘rocksdb::FileDescriptor’ has user-provided ‘rocksdb::FileDescriptor& rocksdb::FileDescriptor::operator=(const rocksdb::FileDescriptor&)’
   55 |   FileDescriptor& operator=(const FileDescriptor& fd) {
      |                   ^~~~~~~~
In file included from /usr/include/c++/11/bits/stl_algobase.h:64,
                 from /usr/include/c++/11/memory:63,
                 from ./db/compaction/compaction_picker.h:12,
                 from db/compaction/compaction_picker.cc:10:
/usr/include/c++/11/bits/stl_pair.h:323:41: note: synthesized method ‘rocksdb::FileMetaData::FileMetaData(const rocksdb::FileMetaData&)’ first required here
  323 |        : first(std::forward<_U1>(__x)), second(__y) { }
      |                                         ^~~~~~~~~~~
  CC       db/compaction/compaction_picker_fifo.o
./db/version_edit.h: In instantiation of ‘void __gnu_cxx::new_allocator<_Tp>::construct(_Up*, _Args&& ...) [with _Up = rocksdb::CompactionJob::SubcompactionState::Output; _Args = {const rocksdb::CompactionJob::SubcompactionState::Output&}; _Tp = rocksdb::CompactionJob::SubcompactionState::Output]’:
/usr/include/c++/11/bits/alloc_traits.h:516:17:   required from ‘static void std::allocator_traits<std::allocator<_Tp1> >::construct(std::allocator_traits<std::allocator<_Tp1> >::allocator_type&, _Up*, _Args&& ...) [with _Up = rocksdb::CompactionJob::SubcompactionState::Output; _Args = {const rocksdb::CompactionJob::SubcompactionState::Output&}; _Tp = rocksdb::CompactionJob::SubcompactionState::Output; std::allocator_traits<std::allocator<_Tp1> >::allocator_type = std::allocator<rocksdb::CompactionJob::SubcompactionState::Output>]’
/usr/include/c++/11/bits/stl_vector.h:1192:30:   required from ‘void std::vector<_Tp, _Alloc>::push_back(const value_type&) [with _Tp = rocksdb::CompactionJob::SubcompactionState::Output; _Alloc = std::allocator<rocksdb::CompactionJob::SubcompactionState::Output>; std::vector<_Tp, _Alloc>::value_type = rocksdb::CompactionJob::SubcompactionState::Output]’
db/compaction/compaction_job.cc:1464:33:   required from here
./db/version_edit.h:86:8: warning: implicitly-declared ‘constexpr rocksdb::FileDescriptor::FileDescriptor(const rocksdb::FileDescriptor&)’ is deprecated [-Wdeprecated-copy]
   86 | struct FileMetaData {
      |        ^~~~~~~~~~~~
./db/version_edit.h:55:19: note: because ‘rocksdb::FileDescriptor’ has user-provided ‘rocksdb::FileDescriptor& rocksdb::FileDescriptor::operator=(const rocksdb::FileDescriptor&)’
   55 |   FileDescriptor& operator=(const FileDescriptor& fd) {
      |                   ^~~~~~~~
db/compaction/compaction_job.cc:119:10: note: synthesized method ‘rocksdb::FileMetaData::FileMetaData(const rocksdb::FileMetaData&)’ first required here
  119 |   struct Output {
      |          ^~~~~~
In file included from /usr/include/x86_64-linux-gnu/c++/11/bits/c++allocator.h:33,
                 from /usr/include/c++/11/bits/allocator.h:46,
                 from /usr/include/c++/11/list:61,
                 from db/compaction/compaction_job.cc:13:
/usr/include/c++/11/ext/new_allocator.h:162:11: note: synthesized method ‘rocksdb::CompactionJob::SubcompactionState::Output::Output(const rocksdb::CompactionJob::SubcompactionState::Output&)’ first required here
  162 |         { ::new((void *)__p) _Up(std::forward<_Args>(__args)...); }
      |           ^~~~~~~~~~~~~~~~~~~~~~~~~~~~~~~~~~~~~~~~~~~~~~~~~~~~~~
In file included from ./db/memtable.h:21,
                 from ./db/memtable_list.h:17,
                 from ./db/column_family.h:17,
                 from ./db/compaction/compaction_job.h:20,
                 from db/compaction/compaction_job.cc:22:
./db/version_edit.h: In instantiation of ‘constexpr std::pair<_T1, _T2>::pair(_U1&&, _U2&&) [with _U1 = int&; _U2 = rocksdb::FileMetaData; typename std::enable_if<(std::_PCC<true, _T1, _T2>::_MoveConstructiblePair<_U1, _U2>() && std::_PCC<true, _T1, _T2>::_ImplicitlyMoveConvertiblePair<_U1, _U2>()), bool>::type <anonymous> = true; _T1 = int; _T2 = rocksdb::FileMetaData]’:
/usr/include/c++/11/ext/new_allocator.h:162:4:   required from ‘void __gnu_cxx::new_allocator<_Tp>::construct(_Up*, _Args&& ...) [with _Up = std::pair<int, rocksdb::FileMetaData>; _Args = {int&, rocksdb::FileMetaData}; _Tp = std::pair<int, rocksdb::FileMetaData>]’
/usr/include/c++/11/bits/alloc_traits.h:516:17:   required from ‘static void std::allocator_traits<std::allocator<_Tp1> >::construct(std::allocator_traits<std::allocator<_Tp1> >::allocator_type&, _Up*, _Args&& ...) [with _Up = std::pair<int, rocksdb::FileMetaData>; _Args = {int&, rocksdb::FileMetaData}; _Tp = std::pair<int, rocksdb::FileMetaData>; std::allocator_traits<std::allocator<_Tp1> >::allocator_type = std::allocator<std::pair<int, rocksdb::FileMetaData> >]’
/usr/include/c++/11/bits/vector.tcc:115:30:   required from ‘void std::vector<_Tp, _Alloc>::emplace_back(_Args&& ...) [with _Args = {int&, rocksdb::FileMetaData}; _Tp = std::pair<int, rocksdb::FileMetaData>; _Alloc = std::allocator<std::pair<int, rocksdb::FileMetaData> >]’
./db/version_edit.h:253:28:   required from here
./db/version_edit.h:86:8: warning: implicitly-declared ‘constexpr rocksdb::FileDescriptor::FileDescriptor(const rocksdb::FileDescriptor&)’ is deprecated [-Wdeprecated-copy]
   86 | struct FileMetaData {
      |        ^~~~~~~~~~~~
./db/version_edit.h:55:19: note: because ‘rocksdb::FileDescriptor’ has user-provided ‘rocksdb::FileDescriptor& rocksdb::FileDescriptor::operator=(const rocksdb::FileDescriptor&)’
   55 |   FileDescriptor& operator=(const FileDescriptor& fd) {
      |                   ^~~~~~~~
In file included from /usr/include/c++/11/utility:70,
                 from /usr/include/c++/11/algorithm:60,
                 from db/compaction/compaction_job.cc:11:
/usr/include/c++/11/bits/stl_pair.h:353:42: note: synthesized method ‘rocksdb::FileMetaData::FileMetaData(rocksdb::FileMetaData&&)’ first required here
  353 |         : first(std::forward<_U1>(__x)), second(std::forward<_U2>(__y)) { }
      |                                          ^~~~~~~~~~~~~~~~~~~~~~~~~~~~~~
  CC       db/compaction/compaction_picker_level.o
  CC       db/compaction/compaction_picker_universal.o
In file included from ./db/memtable.h:21,
                 from ./db/memtable_list.h:17,
                 from ./db/column_family.h:17,
                 from ./db/version_set.h:31,
                 from ./db/compaction/compaction.h:11,
                 from ./db/compaction/compaction_picker.h:18,
                 from ./db/compaction/compaction_picker_fifo.h:13,
                 from db/compaction/compaction_picker_fifo.cc:10:
./db/version_edit.h: In constructor ‘rocksdb::FdWithKeyRange::FdWithKeyRange(rocksdb::FileDescriptor, rocksdb::Slice, rocksdb::Slice, rocksdb::FileMetaData*)’:
./db/version_edit.h:175:9: warning: implicitly-declared ‘constexpr rocksdb::FileDescriptor::FileDescriptor(const rocksdb::FileDescriptor&)’ is deprecated [-Wdeprecated-copy]
  175 |       : fd(_fd),
      |         ^~~~~~~
./db/version_edit.h:55:19: note: because ‘rocksdb::FileDescriptor’ has user-provided ‘rocksdb::FileDescriptor& rocksdb::FileDescriptor::operator=(const rocksdb::FileDescriptor&)’
   55 |   FileDescriptor& operator=(const FileDescriptor& fd) {
      |                   ^~~~~~~~
  CC       db/convenience.o
In file included from ./db/memtable.h:21,
                 from ./db/memtable_list.h:17,
                 from ./db/column_family.h:17,
                 from ./db/version_set.h:31,
                 from ./db/compaction/compaction.h:11,
                 from ./db/compaction/compaction_picker.h:18,
                 from ./db/compaction/compaction_picker_level.h:12,
                 from db/compaction/compaction_picker_level.cc:14:
./db/version_edit.h: In constructor ‘rocksdb::FdWithKeyRange::FdWithKeyRange(rocksdb::FileDescriptor, rocksdb::Slice, rocksdb::Slice, rocksdb::FileMetaData*)’:
./db/version_edit.h:175:9: warning: implicitly-declared ‘constexpr rocksdb::FileDescriptor::FileDescriptor(const rocksdb::FileDescriptor&)’ is deprecated [-Wdeprecated-copy]
  175 |       : fd(_fd),
      |         ^~~~~~~
./db/version_edit.h:55:19: note: because ‘rocksdb::FileDescriptor’ has user-provided ‘rocksdb::FileDescriptor& rocksdb::FileDescriptor::operator=(const rocksdb::FileDescriptor&)’
   55 |   FileDescriptor& operator=(const FileDescriptor& fd) {
      |                   ^~~~~~~~
In file included from ./db/memtable.h:21,
                 from ./db/memtable_list.h:17,
                 from ./db/column_family.h:17,
                 from ./db/version_set.h:31,
                 from ./db/compaction/compaction.h:11,
                 from ./db/compaction/compaction_picker.h:18,
                 from ./db/compaction/compaction_picker_universal.h:13,
                 from db/compaction/compaction_picker_universal.cc:10:
./db/version_edit.h: In constructor ‘rocksdb::FdWithKeyRange::FdWithKeyRange(rocksdb::FileDescriptor, rocksdb::Slice, rocksdb::Slice, rocksdb::FileMetaData*)’:
./db/version_edit.h:175:9: warning: implicitly-declared ‘constexpr rocksdb::FileDescriptor::FileDescriptor(const rocksdb::FileDescriptor&)’ is deprecated [-Wdeprecated-copy]
  175 |       : fd(_fd),
      |         ^~~~~~~
./db/version_edit.h:55:19: note: because ‘rocksdb::FileDescriptor’ has user-provided ‘rocksdb::FileDescriptor& rocksdb::FileDescriptor::operator=(const rocksdb::FileDescriptor&)’
   55 |   FileDescriptor& operator=(const FileDescriptor& fd) {
      |                   ^~~~~~~~
  CC       db/db_filesnapshot.o
./db/version_edit.h: In instantiation of ‘constexpr std::pair<_T1, _T2>::pair(_U1&&, _U2&&) [with _U1 = int&; _U2 = rocksdb::FileMetaData; typename std::enable_if<(std::_PCC<true, _T1, _T2>::_MoveConstructiblePair<_U1, _U2>() && std::_PCC<true, _T1, _T2>::_ImplicitlyMoveConvertiblePair<_U1, _U2>()), bool>::type <anonymous> = true; _T1 = int; _T2 = rocksdb::FileMetaData]’:
/usr/include/c++/11/ext/new_allocator.h:162:4:   required from ‘void __gnu_cxx::new_allocator<_Tp>::construct(_Up*, _Args&& ...) [with _Up = std::pair<int, rocksdb::FileMetaData>; _Args = {int&, rocksdb::FileMetaData}; _Tp = std::pair<int, rocksdb::FileMetaData>]’
/usr/include/c++/11/bits/alloc_traits.h:516:17:   required from ‘static void std::allocator_traits<std::allocator<_Tp1> >::construct(std::allocator_traits<std::allocator<_Tp1> >::allocator_type&, _Up*, _Args&& ...) [with _Up = std::pair<int, rocksdb::FileMetaData>; _Args = {int&, rocksdb::FileMetaData}; _Tp = std::pair<int, rocksdb::FileMetaData>; std::allocator_traits<std::allocator<_Tp1> >::allocator_type = std::allocator<std::pair<int, rocksdb::FileMetaData> >]’
/usr/include/c++/11/bits/vector.tcc:115:30:   required from ‘void std::vector<_Tp, _Alloc>::emplace_back(_Args&& ...) [with _Args = {int&, rocksdb::FileMetaData}; _Tp = std::pair<int, rocksdb::FileMetaData>; _Alloc = std::allocator<std::pair<int, rocksdb::FileMetaData> >]’
./db/version_edit.h:253:28:   required from here
./db/version_edit.h:86:8: warning: implicitly-declared ‘constexpr rocksdb::FileDescriptor::FileDescriptor(const rocksdb::FileDescriptor&)’ is deprecated [-Wdeprecated-copy]
   86 | struct FileMetaData {
      |        ^~~~~~~~~~~~
./db/version_edit.h:55:19: note: because ‘rocksdb::FileDescriptor’ has user-provided ‘rocksdb::FileDescriptor& rocksdb::FileDescriptor::operator=(const rocksdb::FileDescriptor&)’
   55 |   FileDescriptor& operator=(const FileDescriptor& fd) {
      |                   ^~~~~~~~
In file included from /usr/include/c++/11/bits/stl_algobase.h:64,
                 from /usr/include/c++/11/memory:63,
                 from ./db/compaction/compaction_picker.h:12,
                 from ./db/compaction/compaction_picker_fifo.h:13,
                 from db/compaction/compaction_picker_fifo.cc:10:
/usr/include/c++/11/bits/stl_pair.h:353:42: note: synthesized method ‘rocksdb::FileMetaData::FileMetaData(rocksdb::FileMetaData&&)’ first required here
  353 |         : first(std::forward<_U1>(__x)), second(std::forward<_U2>(__y)) { }
      |                                          ^~~~~~~~~~~~~~~~~~~~~~~~~~~~~~
In file included from ./db/memtable.h:21,
                 from ./db/memtable_list.h:17,
                 from ./db/column_family.h:17,
                 from ./db/version_set.h:31,
                 from ./db/compaction/compaction.h:11,
                 from ./db/compaction/compaction_picker.h:18,
                 from ./db/compaction/compaction_picker_fifo.h:13,
                 from db/compaction/compaction_picker_fifo.cc:10:
./db/version_edit.h: In instantiation of ‘constexpr std::pair<_T1, _T2>::pair(_U1&&, const _T2&) [with _U1 = int&; typename std::enable_if<std::_PCC<true, _T1, _T2>::_MoveCopyPair<true, _U1, _T2>(), bool>::type <anonymous> = true; _T1 = int; _T2 = rocksdb::FileMetaData]’:
/usr/include/c++/11/ext/new_allocator.h:162:4:   required from ‘void __gnu_cxx::new_allocator<_Tp>::construct(_Up*, _Args&& ...) [with _Up = std::pair<int, rocksdb::FileMetaData>; _Args = {int&, const rocksdb::FileMetaData&}; _Tp = std::pair<int, rocksdb::FileMetaData>]’
/usr/include/c++/11/bits/alloc_traits.h:516:17:   required from ‘static void std::allocator_traits<std::allocator<_Tp1> >::construct(std::allocator_traits<std::allocator<_Tp1> >::allocator_type&, _Up*, _Args&& ...) [with _Up = std::pair<int, rocksdb::FileMetaData>; _Args = {int&, const rocksdb::FileMetaData&}; _Tp = std::pair<int, rocksdb::FileMetaData>; std::allocator_traits<std::allocator<_Tp1> >::allocator_type = std::allocator<std::pair<int, rocksdb::FileMetaData> >]’
/usr/include/c++/11/bits/vector.tcc:115:30:   required from ‘void std::vector<_Tp, _Alloc>::emplace_back(_Args&& ...) [with _Args = {int&, const rocksdb::FileMetaData&}; _Tp = std::pair<int, rocksdb::FileMetaData>; _Alloc = std::allocator<std::pair<int, rocksdb::FileMetaData> >]’
./db/version_edit.h:258:28:   required from here
./db/version_edit.h:86:8: warning: implicitly-declared ‘constexpr rocksdb::FileDescriptor::FileDescriptor(const rocksdb::FileDescriptor&)’ is deprecated [-Wdeprecated-copy]
   86 | struct FileMetaData {
      |        ^~~~~~~~~~~~
./db/version_edit.h:55:19: note: because ‘rocksdb::FileDescriptor’ has user-provided ‘rocksdb::FileDescriptor& rocksdb::FileDescriptor::operator=(const rocksdb::FileDescriptor&)’
   55 |   FileDescriptor& operator=(const FileDescriptor& fd) {
      |                   ^~~~~~~~
In file included from /usr/include/c++/11/bits/stl_algobase.h:64,
                 from /usr/include/c++/11/memory:63,
                 from ./db/compaction/compaction_picker.h:12,
                 from ./db/compaction/compaction_picker_fifo.h:13,
                 from db/compaction/compaction_picker_fifo.cc:10:
/usr/include/c++/11/bits/stl_pair.h:323:41: note: synthesized method ‘rocksdb::FileMetaData::FileMetaData(const rocksdb::FileMetaData&)’ first required here
  323 |        : first(std::forward<_U1>(__x)), second(__y) { }
      |                                         ^~~~~~~~~~~
In file included from ./db/memtable.h:21,
                 from ./db/memtable_list.h:17,
                 from ./db/column_family.h:17,
                 from ./db/db_impl/db_impl.h:22,
                 from db/convenience.cc:11:
./db/version_edit.h: In constructor ‘rocksdb::FdWithKeyRange::FdWithKeyRange(rocksdb::FileDescriptor, rocksdb::Slice, rocksdb::Slice, rocksdb::FileMetaData*)’:
./db/version_edit.h:175:9: warning: implicitly-declared ‘constexpr rocksdb::FileDescriptor::FileDescriptor(const rocksdb::FileDescriptor&)’ is deprecated [-Wdeprecated-copy]
  175 |       : fd(_fd),
      |         ^~~~~~~
./db/version_edit.h:55:19: note: because ‘rocksdb::FileDescriptor’ has user-provided ‘rocksdb::FileDescriptor& rocksdb::FileDescriptor::operator=(const rocksdb::FileDescriptor&)’
   55 |   FileDescriptor& operator=(const FileDescriptor& fd) {
      |                   ^~~~~~~~
./db/version_edit.h: In instantiation of ‘constexpr std::pair<_T1, _T2>::pair(_U1&&, _U2&&) [with _U1 = int&; _U2 = rocksdb::FileMetaData; typename std::enable_if<(std::_PCC<true, _T1, _T2>::_MoveConstructiblePair<_U1, _U2>() && std::_PCC<true, _T1, _T2>::_ImplicitlyMoveConvertiblePair<_U1, _U2>()), bool>::type <anonymous> = true; _T1 = int; _T2 = rocksdb::FileMetaData]’:
/usr/include/c++/11/ext/new_allocator.h:162:4:   required from ‘void __gnu_cxx::new_allocator<_Tp>::construct(_Up*, _Args&& ...) [with _Up = std::pair<int, rocksdb::FileMetaData>; _Args = {int&, rocksdb::FileMetaData}; _Tp = std::pair<int, rocksdb::FileMetaData>]’
/usr/include/c++/11/bits/alloc_traits.h:516:17:   required from ‘static void std::allocator_traits<std::allocator<_CharT> >::construct(std::allocator_traits<std::allocator<_CharT> >::allocator_type&, _Up*, _Args&& ...) [with _Up = std::pair<int, rocksdb::FileMetaData>; _Args = {int&, rocksdb::FileMetaData}; _Tp = std::pair<int, rocksdb::FileMetaData>; std::allocator_traits<std::allocator<_CharT> >::allocator_type = std::allocator<std::pair<int, rocksdb::FileMetaData> >]’
/usr/include/c++/11/bits/vector.tcc:115:30:   required from ‘void std::vector<_Tp, _Alloc>::emplace_back(_Args&& ...) [with _Args = {int&, rocksdb::FileMetaData}; _Tp = std::pair<int, rocksdb::FileMetaData>; _Alloc = std::allocator<std::pair<int, rocksdb::FileMetaData> >]’
./db/version_edit.h:253:28:   required from here
./db/version_edit.h:86:8: warning: implicitly-declared ‘constexpr rocksdb::FileDescriptor::FileDescriptor(const rocksdb::FileDescriptor&)’ is deprecated [-Wdeprecated-copy]
   86 | struct FileMetaData {
      |        ^~~~~~~~~~~~
./db/version_edit.h:55:19: note: because ‘rocksdb::FileDescriptor’ has user-provided ‘rocksdb::FileDescriptor& rocksdb::FileDescriptor::operator=(const rocksdb::FileDescriptor&)’
   55 |   FileDescriptor& operator=(const FileDescriptor& fd) {
      |                   ^~~~~~~~
In file included from /usr/include/c++/11/bits/stl_algobase.h:64,
                 from /usr/include/c++/11/bits/char_traits.h:39,
                 from /usr/include/c++/11/string:40,
                 from db/compaction/compaction_picker_level.cc:10:
/usr/include/c++/11/bits/stl_pair.h:353:42: note: synthesized method ‘rocksdb::FileMetaData::FileMetaData(rocksdb::FileMetaData&&)’ first required here
  353 |         : first(std::forward<_U1>(__x)), second(std::forward<_U2>(__y)) { }
      |                                          ^~~~~~~~~~~~~~~~~~~~~~~~~~~~~~
In file included from ./db/memtable.h:21,
                 from ./db/memtable_list.h:17,
                 from ./db/column_family.h:17,
                 from ./db/version_set.h:31,
                 from ./db/compaction/compaction.h:11,
                 from ./db/compaction/compaction_picker.h:18,
                 from ./db/compaction/compaction_picker_level.h:12,
                 from db/compaction/compaction_picker_level.cc:14:
./db/version_edit.h: In instantiation of ‘constexpr std::pair<_T1, _T2>::pair(_U1&&, const _T2&) [with _U1 = int&; typename std::enable_if<std::_PCC<true, _T1, _T2>::_MoveCopyPair<true, _U1, _T2>(), bool>::type <anonymous> = true; _T1 = int; _T2 = rocksdb::FileMetaData]’:
/usr/include/c++/11/ext/new_allocator.h:162:4:   required from ‘void __gnu_cxx::new_allocator<_Tp>::construct(_Up*, _Args&& ...) [with _Up = std::pair<int, rocksdb::FileMetaData>; _Args = {int&, const rocksdb::FileMetaData&}; _Tp = std::pair<int, rocksdb::FileMetaData>]’
/usr/include/c++/11/bits/alloc_traits.h:516:17:   required from ‘static void std::allocator_traits<std::allocator<_CharT> >::construct(std::allocator_traits<std::allocator<_CharT> >::allocator_type&, _Up*, _Args&& ...) [with _Up = std::pair<int, rocksdb::FileMetaData>; _Args = {int&, const rocksdb::FileMetaData&}; _Tp = std::pair<int, rocksdb::FileMetaData>; std::allocator_traits<std::allocator<_CharT> >::allocator_type = std::allocator<std::pair<int, rocksdb::FileMetaData> >]’
/usr/include/c++/11/bits/vector.tcc:115:30:   required from ‘void std::vector<_Tp, _Alloc>::emplace_back(_Args&& ...) [with _Args = {int&, const rocksdb::FileMetaData&}; _Tp = std::pair<int, rocksdb::FileMetaData>; _Alloc = std::allocator<std::pair<int, rocksdb::FileMetaData> >]’
./db/version_edit.h:258:28:   required from here
./db/version_edit.h:86:8: warning: implicitly-declared ‘constexpr rocksdb::FileDescriptor::FileDescriptor(const rocksdb::FileDescriptor&)’ is deprecated [-Wdeprecated-copy]
   86 | struct FileMetaData {
      |        ^~~~~~~~~~~~
./db/version_edit.h:55:19: note: because ‘rocksdb::FileDescriptor’ has user-provided ‘rocksdb::FileDescriptor& rocksdb::FileDescriptor::operator=(const rocksdb::FileDescriptor&)’
   55 |   FileDescriptor& operator=(const FileDescriptor& fd) {
      |                   ^~~~~~~~
In file included from /usr/include/c++/11/bits/stl_algobase.h:64,
                 from /usr/include/c++/11/bits/char_traits.h:39,
                 from /usr/include/c++/11/string:40,
                 from db/compaction/compaction_picker_level.cc:10:
/usr/include/c++/11/bits/stl_pair.h:323:41: note: synthesized method ‘rocksdb::FileMetaData::FileMetaData(const rocksdb::FileMetaData&)’ first required here
  323 |        : first(std::forward<_U1>(__x)), second(__y) { }
      |                                         ^~~~~~~~~~~
./db/version_edit.h: In instantiation of ‘constexpr std::pair<_T1, _T2>::pair(_U1&&, _U2&&) [with _U1 = int&; _U2 = rocksdb::FileMetaData; typename std::enable_if<(std::_PCC<true, _T1, _T2>::_MoveConstructiblePair<_U1, _U2>() && std::_PCC<true, _T1, _T2>::_ImplicitlyMoveConvertiblePair<_U1, _U2>()), bool>::type <anonymous> = true; _T1 = int; _T2 = rocksdb::FileMetaData]’:
/usr/include/c++/11/ext/new_allocator.h:162:4:   required from ‘void __gnu_cxx::new_allocator<_Tp>::construct(_Up*, _Args&& ...) [with _Up = std::pair<int, rocksdb::FileMetaData>; _Args = {int&, rocksdb::FileMetaData}; _Tp = std::pair<int, rocksdb::FileMetaData>]’
/usr/include/c++/11/bits/alloc_traits.h:516:17:   required from ‘static void std::allocator_traits<std::allocator<_Tp1> >::construct(std::allocator_traits<std::allocator<_Tp1> >::allocator_type&, _Up*, _Args&& ...) [with _Up = std::pair<int, rocksdb::FileMetaData>; _Args = {int&, rocksdb::FileMetaData}; _Tp = std::pair<int, rocksdb::FileMetaData>; std::allocator_traits<std::allocator<_Tp1> >::allocator_type = std::allocator<std::pair<int, rocksdb::FileMetaData> >]’
/usr/include/c++/11/bits/vector.tcc:115:30:   required from ‘void std::vector<_Tp, _Alloc>::emplace_back(_Args&& ...) [with _Args = {int&, rocksdb::FileMetaData}; _Tp = std::pair<int, rocksdb::FileMetaData>; _Alloc = std::allocator<std::pair<int, rocksdb::FileMetaData> >]’
./db/version_edit.h:253:28:   required from here
./db/version_edit.h:86:8: warning: implicitly-declared ‘constexpr rocksdb::FileDescriptor::FileDescriptor(const rocksdb::FileDescriptor&)’ is deprecated [-Wdeprecated-copy]
   86 | struct FileMetaData {
      |        ^~~~~~~~~~~~
./db/version_edit.h:55:19: note: because ‘rocksdb::FileDescriptor’ has user-provided ‘rocksdb::FileDescriptor& rocksdb::FileDescriptor::operator=(const rocksdb::FileDescriptor&)’
   55 |   FileDescriptor& operator=(const FileDescriptor& fd) {
      |                   ^~~~~~~~
In file included from /usr/include/c++/11/bits/stl_algobase.h:64,
                 from /usr/include/c++/11/memory:63,
                 from ./db/compaction/compaction_picker.h:12,
                 from ./db/compaction/compaction_picker_universal.h:13,
                 from db/compaction/compaction_picker_universal.cc:10:
/usr/include/c++/11/bits/stl_pair.h:353:42: note: synthesized method ‘rocksdb::FileMetaData::FileMetaData(rocksdb::FileMetaData&&)’ first required here
  353 |         : first(std::forward<_U1>(__x)), second(std::forward<_U2>(__y)) { }
      |                                          ^~~~~~~~~~~~~~~~~~~~~~~~~~~~~~
In file included from ./db/memtable.h:21,
                 from ./db/memtable_list.h:17,
                 from ./db/column_family.h:17,
                 from ./db/version_set.h:31,
                 from ./db/compaction/compaction.h:11,
                 from ./db/compaction/compaction_picker.h:18,
                 from ./db/compaction/compaction_picker_universal.h:13,
                 from db/compaction/compaction_picker_universal.cc:10:
./db/version_edit.h: In instantiation of ‘constexpr std::pair<_T1, _T2>::pair(_U1&&, const _T2&) [with _U1 = int&; typename std::enable_if<std::_PCC<true, _T1, _T2>::_MoveCopyPair<true, _U1, _T2>(), bool>::type <anonymous> = true; _T1 = int; _T2 = rocksdb::FileMetaData]’:
/usr/include/c++/11/ext/new_allocator.h:162:4:   required from ‘void __gnu_cxx::new_allocator<_Tp>::construct(_Up*, _Args&& ...) [with _Up = std::pair<int, rocksdb::FileMetaData>; _Args = {int&, const rocksdb::FileMetaData&}; _Tp = std::pair<int, rocksdb::FileMetaData>]’
/usr/include/c++/11/bits/alloc_traits.h:516:17:   required from ‘static void std::allocator_traits<std::allocator<_Tp1> >::construct(std::allocator_traits<std::allocator<_Tp1> >::allocator_type&, _Up*, _Args&& ...) [with _Up = std::pair<int, rocksdb::FileMetaData>; _Args = {int&, const rocksdb::FileMetaData&}; _Tp = std::pair<int, rocksdb::FileMetaData>; std::allocator_traits<std::allocator<_Tp1> >::allocator_type = std::allocator<std::pair<int, rocksdb::FileMetaData> >]’
/usr/include/c++/11/bits/vector.tcc:115:30:   required from ‘void std::vector<_Tp, _Alloc>::emplace_back(_Args&& ...) [with _Args = {int&, const rocksdb::FileMetaData&}; _Tp = std::pair<int, rocksdb::FileMetaData>; _Alloc = std::allocator<std::pair<int, rocksdb::FileMetaData> >]’
./db/version_edit.h:258:28:   required from here
./db/version_edit.h:86:8: warning: implicitly-declared ‘constexpr rocksdb::FileDescriptor::FileDescriptor(const rocksdb::FileDescriptor&)’ is deprecated [-Wdeprecated-copy]
   86 | struct FileMetaData {
      |        ^~~~~~~~~~~~
./db/version_edit.h:55:19: note: because ‘rocksdb::FileDescriptor’ has user-provided ‘rocksdb::FileDescriptor& rocksdb::FileDescriptor::operator=(const rocksdb::FileDescriptor&)’
   55 |   FileDescriptor& operator=(const FileDescriptor& fd) {
      |                   ^~~~~~~~
In file included from /usr/include/c++/11/bits/stl_algobase.h:64,
                 from /usr/include/c++/11/memory:63,
                 from ./db/compaction/compaction_picker.h:12,
                 from ./db/compaction/compaction_picker_universal.h:13,
                 from db/compaction/compaction_picker_universal.cc:10:
/usr/include/c++/11/bits/stl_pair.h:323:41: note: synthesized method ‘rocksdb::FileMetaData::FileMetaData(const rocksdb::FileMetaData&)’ first required here
  323 |        : first(std::forward<_U1>(__x)), second(__y) { }
      |                                         ^~~~~~~~~~~
  CC       db/db_impl/db_impl.o
  CC       db/db_impl/db_impl_compaction_flush.o
In file included from ./db/memtable.h:21,
                 from ./db/memtable_list.h:17,
                 from ./db/column_family.h:17,
                 from ./db/db_impl/db_impl.h:22,
                 from db/db_filesnapshot.cc:13:
./db/version_edit.h: In constructor ‘rocksdb::FdWithKeyRange::FdWithKeyRange(rocksdb::FileDescriptor, rocksdb::Slice, rocksdb::Slice, rocksdb::FileMetaData*)’:
./db/version_edit.h:175:9: warning: implicitly-declared ‘constexpr rocksdb::FileDescriptor::FileDescriptor(const rocksdb::FileDescriptor&)’ is deprecated [-Wdeprecated-copy]
  175 |       : fd(_fd),
      |         ^~~~~~~
./db/version_edit.h:55:19: note: because ‘rocksdb::FileDescriptor’ has user-provided ‘rocksdb::FileDescriptor& rocksdb::FileDescriptor::operator=(const rocksdb::FileDescriptor&)’
   55 |   FileDescriptor& operator=(const FileDescriptor& fd) {
      |                   ^~~~~~~~
  CC       db/db_impl/db_impl_debug.o
  CC       db/db_impl/db_impl_experimental.o
./db/version_edit.h: In instantiation of ‘constexpr std::pair<_T1, _T2>::pair(_U1&&, _U2&&) [with _U1 = int&; _U2 = rocksdb::FileMetaData; typename std::enable_if<(std::_PCC<true, _T1, _T2>::_MoveConstructiblePair<_U1, _U2>() && std::_PCC<true, _T1, _T2>::_ImplicitlyMoveConvertiblePair<_U1, _U2>()), bool>::type <anonymous> = true; _T1 = int; _T2 = rocksdb::FileMetaData]’:
/usr/include/c++/11/ext/new_allocator.h:162:4:   required from ‘void __gnu_cxx::new_allocator<_Tp>::construct(_Up*, _Args&& ...) [with _Up = std::pair<int, rocksdb::FileMetaData>; _Args = {int&, rocksdb::FileMetaData}; _Tp = std::pair<int, rocksdb::FileMetaData>]’
/usr/include/c++/11/bits/alloc_traits.h:516:17:   required from ‘static void std::allocator_traits<std::allocator<_CharT> >::construct(std::allocator_traits<std::allocator<_CharT> >::allocator_type&, _Up*, _Args&& ...) [with _Up = std::pair<int, rocksdb::FileMetaData>; _Args = {int&, rocksdb::FileMetaData}; _Tp = std::pair<int, rocksdb::FileMetaData>; std::allocator_traits<std::allocator<_CharT> >::allocator_type = std::allocator<std::pair<int, rocksdb::FileMetaData> >]’
/usr/include/c++/11/bits/vector.tcc:115:30:   required from ‘void std::vector<_Tp, _Alloc>::emplace_back(_Args&& ...) [with _Args = {int&, rocksdb::FileMetaData}; _Tp = std::pair<int, rocksdb::FileMetaData>; _Alloc = std::allocator<std::pair<int, rocksdb::FileMetaData> >]’
./db/version_edit.h:253:28:   required from here
./db/version_edit.h:86:8: warning: implicitly-declared ‘constexpr rocksdb::FileDescriptor::FileDescriptor(const rocksdb::FileDescriptor&)’ is deprecated [-Wdeprecated-copy]
   86 | struct FileMetaData {
      |        ^~~~~~~~~~~~
./db/version_edit.h:55:19: note: because ‘rocksdb::FileDescriptor’ has user-provided ‘rocksdb::FileDescriptor& rocksdb::FileDescriptor::operator=(const rocksdb::FileDescriptor&)’
   55 |   FileDescriptor& operator=(const FileDescriptor& fd) {
      |                   ^~~~~~~~
In file included from /usr/include/c++/11/bits/stl_algobase.h:64,
                 from /usr/include/c++/11/bits/char_traits.h:39,
                 from /usr/include/c++/11/string:40,
                 from ./include/rocksdb/convenience.h:8,
                 from db/convenience.cc:9:
/usr/include/c++/11/bits/stl_pair.h:353:42: note: synthesized method ‘rocksdb::FileMetaData::FileMetaData(rocksdb::FileMetaData&&)’ first required here
  353 |         : first(std::forward<_U1>(__x)), second(std::forward<_U2>(__y)) { }
      |                                          ^~~~~~~~~~~~~~~~~~~~~~~~~~~~~~
In file included from ./db/memtable.h:21,
                 from ./db/memtable_list.h:17,
                 from ./db/column_family.h:17,
                 from ./db/db_impl/db_impl.h:22,
                 from db/convenience.cc:11:
./db/version_edit.h: In instantiation of ‘constexpr std::pair<_T1, _T2>::pair(_U1&&, const _T2&) [with _U1 = int&; typename std::enable_if<std::_PCC<true, _T1, _T2>::_MoveCopyPair<true, _U1, _T2>(), bool>::type <anonymous> = true; _T1 = int; _T2 = rocksdb::FileMetaData]’:
/usr/include/c++/11/ext/new_allocator.h:162:4:   required from ‘void __gnu_cxx::new_allocator<_Tp>::construct(_Up*, _Args&& ...) [with _Up = std::pair<int, rocksdb::FileMetaData>; _Args = {int&, const rocksdb::FileMetaData&}; _Tp = std::pair<int, rocksdb::FileMetaData>]’
/usr/include/c++/11/bits/alloc_traits.h:516:17:   required from ‘static void std::allocator_traits<std::allocator<_CharT> >::construct(std::allocator_traits<std::allocator<_CharT> >::allocator_type&, _Up*, _Args&& ...) [with _Up = std::pair<int, rocksdb::FileMetaData>; _Args = {int&, const rocksdb::FileMetaData&}; _Tp = std::pair<int, rocksdb::FileMetaData>; std::allocator_traits<std::allocator<_CharT> >::allocator_type = std::allocator<std::pair<int, rocksdb::FileMetaData> >]’
/usr/include/c++/11/bits/vector.tcc:115:30:   required from ‘void std::vector<_Tp, _Alloc>::emplace_back(_Args&& ...) [with _Args = {int&, const rocksdb::FileMetaData&}; _Tp = std::pair<int, rocksdb::FileMetaData>; _Alloc = std::allocator<std::pair<int, rocksdb::FileMetaData> >]’
./db/version_edit.h:258:28:   required from here
./db/version_edit.h:86:8: warning: implicitly-declared ‘constexpr rocksdb::FileDescriptor::FileDescriptor(const rocksdb::FileDescriptor&)’ is deprecated [-Wdeprecated-copy]
   86 | struct FileMetaData {
      |        ^~~~~~~~~~~~
./db/version_edit.h:55:19: note: because ‘rocksdb::FileDescriptor’ has user-provided ‘rocksdb::FileDescriptor& rocksdb::FileDescriptor::operator=(const rocksdb::FileDescriptor&)’
   55 |   FileDescriptor& operator=(const FileDescriptor& fd) {
      |                   ^~~~~~~~
In file included from /usr/include/c++/11/bits/stl_algobase.h:64,
                 from /usr/include/c++/11/bits/char_traits.h:39,
                 from /usr/include/c++/11/string:40,
                 from ./include/rocksdb/convenience.h:8,
                 from db/convenience.cc:9:
/usr/include/c++/11/bits/stl_pair.h:323:41: note: synthesized method ‘rocksdb::FileMetaData::FileMetaData(const rocksdb::FileMetaData&)’ first required here
  323 |        : first(std::forward<_U1>(__x)), second(__y) { }
      |                                         ^~~~~~~~~~~
In file included from ./db/memtable.h:21,
                 from ./db/memtable_list.h:17,
                 from ./db/column_family.h:17,
                 from ./db/db_impl/db_impl.h:22,
                 from db/db_impl/db_impl_compaction_flush.cc:9:
./db/version_edit.h: In constructor ‘rocksdb::FdWithKeyRange::FdWithKeyRange(rocksdb::FileDescriptor, rocksdb::Slice, rocksdb::Slice, rocksdb::FileMetaData*)’:
./db/version_edit.h:175:9: warning: implicitly-declared ‘constexpr rocksdb::FileDescriptor::FileDescriptor(const rocksdb::FileDescriptor&)’ is deprecated [-Wdeprecated-copy]
  175 |       : fd(_fd),
      |         ^~~~~~~
./db/version_edit.h:55:19: note: because ‘rocksdb::FileDescriptor’ has user-provided ‘rocksdb::FileDescriptor& rocksdb::FileDescriptor::operator=(const rocksdb::FileDescriptor&)’
   55 |   FileDescriptor& operator=(const FileDescriptor& fd) {
      |                   ^~~~~~~~
In file included from ./db/memtable.h:21,
                 from ./db/memtable_list.h:17,
                 from ./db/column_family.h:17,
                 from ./db/db_impl/db_impl.h:22,
                 from db/db_impl/db_impl.cc:9:
./db/version_edit.h: In constructor ‘rocksdb::FdWithKeyRange::FdWithKeyRange(rocksdb::FileDescriptor, rocksdb::Slice, rocksdb::Slice, rocksdb::FileMetaData*)’:
./db/version_edit.h:175:9: warning: implicitly-declared ‘constexpr rocksdb::FileDescriptor::FileDescriptor(const rocksdb::FileDescriptor&)’ is deprecated [-Wdeprecated-copy]
  175 |       : fd(_fd),
      |         ^~~~~~~
./db/version_edit.h:55:19: note: because ‘rocksdb::FileDescriptor’ has user-provided ‘rocksdb::FileDescriptor& rocksdb::FileDescriptor::operator=(const rocksdb::FileDescriptor&)’
   55 |   FileDescriptor& operator=(const FileDescriptor& fd) {
      |                   ^~~~~~~~
  CC       db/db_impl/db_impl_files.o
  CC       db/db_impl/db_impl_open.o
  CC       db/db_impl/db_impl_readonly.o
In file included from ./db/memtable.h:21,
                 from ./db/memtable_list.h:17,
                 from ./db/column_family.h:17,
                 from ./db/db_impl/db_impl.h:22,
                 from db/db_impl/db_impl_experimental.cc:10:
./db/version_edit.h: In constructor ‘rocksdb::FdWithKeyRange::FdWithKeyRange(rocksdb::FileDescriptor, rocksdb::Slice, rocksdb::Slice, rocksdb::FileMetaData*)’:
./db/version_edit.h:175:9: warning: implicitly-declared ‘constexpr rocksdb::FileDescriptor::FileDescriptor(const rocksdb::FileDescriptor&)’ is deprecated [-Wdeprecated-copy]
  175 |       : fd(_fd),
      |         ^~~~~~~
./db/version_edit.h:55:19: note: because ‘rocksdb::FileDescriptor’ has user-provided ‘rocksdb::FileDescriptor& rocksdb::FileDescriptor::operator=(const rocksdb::FileDescriptor&)’
   55 |   FileDescriptor& operator=(const FileDescriptor& fd) {
      |                   ^~~~~~~~
./db/version_edit.h: In instantiation of ‘constexpr std::pair<_T1, _T2>::pair(_U1&&, _U2&&) [with _U1 = int&; _U2 = rocksdb::FileMetaData; typename std::enable_if<(std::_PCC<true, _T1, _T2>::_MoveConstructiblePair<_U1, _U2>() && std::_PCC<true, _T1, _T2>::_ImplicitlyMoveConvertiblePair<_U1, _U2>()), bool>::type <anonymous> = true; _T1 = int; _T2 = rocksdb::FileMetaData]’:
/usr/include/c++/11/ext/new_allocator.h:162:4:   required from ‘void __gnu_cxx::new_allocator<_Tp>::construct(_Up*, _Args&& ...) [with _Up = std::pair<int, rocksdb::FileMetaData>; _Args = {int&, rocksdb::FileMetaData}; _Tp = std::pair<int, rocksdb::FileMetaData>]’
/usr/include/c++/11/bits/alloc_traits.h:516:17:   required from ‘static void std::allocator_traits<std::allocator<_CharT> >::construct(std::allocator_traits<std::allocator<_CharT> >::allocator_type&, _Up*, _Args&& ...) [with _Up = std::pair<int, rocksdb::FileMetaData>; _Args = {int&, rocksdb::FileMetaData}; _Tp = std::pair<int, rocksdb::FileMetaData>; std::allocator_traits<std::allocator<_CharT> >::allocator_type = std::allocator<std::pair<int, rocksdb::FileMetaData> >]’
/usr/include/c++/11/bits/vector.tcc:115:30:   required from ‘void std::vector<_Tp, _Alloc>::emplace_back(_Args&& ...) [with _Args = {int&, rocksdb::FileMetaData}; _Tp = std::pair<int, rocksdb::FileMetaData>; _Alloc = std::allocator<std::pair<int, rocksdb::FileMetaData> >]’
./db/version_edit.h:253:28:   required from here
./db/version_edit.h:86:8: warning: implicitly-declared ‘constexpr rocksdb::FileDescriptor::FileDescriptor(const rocksdb::FileDescriptor&)’ is deprecated [-Wdeprecated-copy]
   86 | struct FileMetaData {
      |        ^~~~~~~~~~~~
./db/version_edit.h:55:19: note: because ‘rocksdb::FileDescriptor’ has user-provided ‘rocksdb::FileDescriptor& rocksdb::FileDescriptor::operator=(const rocksdb::FileDescriptor&)’
   55 |   FileDescriptor& operator=(const FileDescriptor& fd) {
      |                   ^~~~~~~~
In file included from /usr/include/c++/11/utility:70,
                 from /usr/include/c++/11/algorithm:60,
                 from db/db_filesnapshot.cc:11:
/usr/include/c++/11/bits/stl_pair.h:353:42: note: synthesized method ‘rocksdb::FileMetaData::FileMetaData(rocksdb::FileMetaData&&)’ first required here
  353 |         : first(std::forward<_U1>(__x)), second(std::forward<_U2>(__y)) { }
      |                                          ^~~~~~~~~~~~~~~~~~~~~~~~~~~~~~
In file included from ./db/memtable.h:21,
                 from ./db/memtable_list.h:17,
                 from ./db/column_family.h:17,
                 from ./db/db_impl/db_impl.h:22,
                 from db/db_filesnapshot.cc:13:
./db/version_edit.h: In instantiation of ‘constexpr std::pair<_T1, _T2>::pair(_U1&&, const _T2&) [with _U1 = int&; typename std::enable_if<std::_PCC<true, _T1, _T2>::_MoveCopyPair<true, _U1, _T2>(), bool>::type <anonymous> = true; _T1 = int; _T2 = rocksdb::FileMetaData]’:
/usr/include/c++/11/ext/new_allocator.h:162:4:   required from ‘void __gnu_cxx::new_allocator<_Tp>::construct(_Up*, _Args&& ...) [with _Up = std::pair<int, rocksdb::FileMetaData>; _Args = {int&, const rocksdb::FileMetaData&}; _Tp = std::pair<int, rocksdb::FileMetaData>]’
/usr/include/c++/11/bits/alloc_traits.h:516:17:   required from ‘static void std::allocator_traits<std::allocator<_CharT> >::construct(std::allocator_traits<std::allocator<_CharT> >::allocator_type&, _Up*, _Args&& ...) [with _Up = std::pair<int, rocksdb::FileMetaData>; _Args = {int&, const rocksdb::FileMetaData&}; _Tp = std::pair<int, rocksdb::FileMetaData>; std::allocator_traits<std::allocator<_CharT> >::allocator_type = std::allocator<std::pair<int, rocksdb::FileMetaData> >]’
/usr/include/c++/11/bits/vector.tcc:115:30:   required from ‘void std::vector<_Tp, _Alloc>::emplace_back(_Args&& ...) [with _Args = {int&, const rocksdb::FileMetaData&}; _Tp = std::pair<int, rocksdb::FileMetaData>; _Alloc = std::allocator<std::pair<int, rocksdb::FileMetaData> >]’
./db/version_edit.h:258:28:   required from here
./db/version_edit.h:86:8: warning: implicitly-declared ‘constexpr rocksdb::FileDescriptor::FileDescriptor(const rocksdb::FileDescriptor&)’ is deprecated [-Wdeprecated-copy]
   86 | struct FileMetaData {
      |        ^~~~~~~~~~~~
./db/version_edit.h:55:19: note: because ‘rocksdb::FileDescriptor’ has user-provided ‘rocksdb::FileDescriptor& rocksdb::FileDescriptor::operator=(const rocksdb::FileDescriptor&)’
   55 |   FileDescriptor& operator=(const FileDescriptor& fd) {
      |                   ^~~~~~~~
In file included from /usr/include/c++/11/utility:70,
                 from /usr/include/c++/11/algorithm:60,
                 from db/db_filesnapshot.cc:11:
/usr/include/c++/11/bits/stl_pair.h:323:41: note: synthesized method ‘rocksdb::FileMetaData::FileMetaData(const rocksdb::FileMetaData&)’ first required here
  323 |        : first(std::forward<_U1>(__x)), second(__y) { }
      |                                         ^~~~~~~~~~~
In file included from ./db/memtable.h:21,
                 from ./db/memtable_list.h:17,
                 from ./db/column_family.h:17,
                 from ./db/db_impl/db_impl.h:22,
                 from db/db_impl/db_impl_open.cc:9:
./db/version_edit.h: In constructor ‘rocksdb::FdWithKeyRange::FdWithKeyRange(rocksdb::FileDescriptor, rocksdb::Slice, rocksdb::Slice, rocksdb::FileMetaData*)’:
./db/version_edit.h:175:9: warning: implicitly-declared ‘constexpr rocksdb::FileDescriptor::FileDescriptor(const rocksdb::FileDescriptor&)’ is deprecated [-Wdeprecated-copy]
  175 |       : fd(_fd),
      |         ^~~~~~~
./db/version_edit.h:55:19: note: because ‘rocksdb::FileDescriptor’ has user-provided ‘rocksdb::FileDescriptor& rocksdb::FileDescriptor::operator=(const rocksdb::FileDescriptor&)’
   55 |   FileDescriptor& operator=(const FileDescriptor& fd) {
      |                   ^~~~~~~~
In file included from ./db/memtable.h:21,
                 from ./db/memtable_list.h:17,
                 from ./db/column_family.h:17,
                 from ./db/db_impl/db_impl.h:22,
                 from db/db_impl/db_impl_files.cc:9:
./db/version_edit.h: In constructor ‘rocksdb::FdWithKeyRange::FdWithKeyRange(rocksdb::FileDescriptor, rocksdb::Slice, rocksdb::Slice, rocksdb::FileMetaData*)’:
./db/version_edit.h:175:9: warning: implicitly-declared ‘constexpr rocksdb::FileDescriptor::FileDescriptor(const rocksdb::FileDescriptor&)’ is deprecated [-Wdeprecated-copy]
  175 |       : fd(_fd),
      |         ^~~~~~~
./db/version_edit.h:55:19: note: because ‘rocksdb::FileDescriptor’ has user-provided ‘rocksdb::FileDescriptor& rocksdb::FileDescriptor::operator=(const rocksdb::FileDescriptor&)’
   55 |   FileDescriptor& operator=(const FileDescriptor& fd) {
      |                   ^~~~~~~~
  CC       db/db_impl/db_impl_secondary.o
In file included from ./db/memtable.h:21,
                 from ./db/memtable_list.h:17,
                 from ./db/column_family.h:17,
                 from ./db/db_impl/db_impl.h:22,
                 from ./db/db_impl/db_impl_readonly.h:12,
                 from db/db_impl/db_impl_readonly.cc:6:
./db/version_edit.h: In constructor ‘rocksdb::FdWithKeyRange::FdWithKeyRange(rocksdb::FileDescriptor, rocksdb::Slice, rocksdb::Slice, rocksdb::FileMetaData*)’:
./db/version_edit.h:175:9: warning: implicitly-declared ‘constexpr rocksdb::FileDescriptor::FileDescriptor(const rocksdb::FileDescriptor&)’ is deprecated [-Wdeprecated-copy]
  175 |       : fd(_fd),
      |         ^~~~~~~
./db/version_edit.h:55:19: note: because ‘rocksdb::FileDescriptor’ has user-provided ‘rocksdb::FileDescriptor& rocksdb::FileDescriptor::operator=(const rocksdb::FileDescriptor&)’
   55 |   FileDescriptor& operator=(const FileDescriptor& fd) {
      |                   ^~~~~~~~
./db/version_edit.h: In instantiation of ‘constexpr std::pair<_T1, _T2>::pair(_U1&&, _U2&&) [with _U1 = int&; _U2 = rocksdb::FileMetaData; typename std::enable_if<(std::_PCC<true, _T1, _T2>::_MoveConstructiblePair<_U1, _U2>() && std::_PCC<true, _T1, _T2>::_ImplicitlyMoveConvertiblePair<_U1, _U2>()), bool>::type <anonymous> = true; _T1 = int; _T2 = rocksdb::FileMetaData]’:
/usr/include/c++/11/ext/new_allocator.h:162:4:   required from ‘void __gnu_cxx::new_allocator<_Tp>::construct(_Up*, _Args&& ...) [with _Up = std::pair<int, rocksdb::FileMetaData>; _Args = {int&, rocksdb::FileMetaData}; _Tp = std::pair<int, rocksdb::FileMetaData>]’
/usr/include/c++/11/bits/alloc_traits.h:516:17:   required from ‘static void std::allocator_traits<std::allocator<_Tp1> >::construct(std::allocator_traits<std::allocator<_Tp1> >::allocator_type&, _Up*, _Args&& ...) [with _Up = std::pair<int, rocksdb::FileMetaData>; _Args = {int&, rocksdb::FileMetaData}; _Tp = std::pair<int, rocksdb::FileMetaData>; std::allocator_traits<std::allocator<_Tp1> >::allocator_type = std::allocator<std::pair<int, rocksdb::FileMetaData> >]’
/usr/include/c++/11/bits/vector.tcc:115:30:   required from ‘void std::vector<_Tp, _Alloc>::emplace_back(_Args&& ...) [with _Args = {int&, rocksdb::FileMetaData}; _Tp = std::pair<int, rocksdb::FileMetaData>; _Alloc = std::allocator<std::pair<int, rocksdb::FileMetaData> >]’
./db/version_edit.h:253:28:   required from here
./db/version_edit.h:86:8: warning: implicitly-declared ‘constexpr rocksdb::FileDescriptor::FileDescriptor(const rocksdb::FileDescriptor&)’ is deprecated [-Wdeprecated-copy]
   86 | struct FileMetaData {
      |        ^~~~~~~~~~~~
./db/version_edit.h:55:19: note: because ‘rocksdb::FileDescriptor’ has user-provided ‘rocksdb::FileDescriptor& rocksdb::FileDescriptor::operator=(const rocksdb::FileDescriptor&)’
   55 |   FileDescriptor& operator=(const FileDescriptor& fd) {
      |                   ^~~~~~~~
In file included from /usr/include/c++/11/bits/stl_algobase.h:64,
                 from /usr/include/c++/11/deque:60,
                 from ./db/db_impl/db_impl.h:12,
                 from db/db_impl/db_impl_compaction_flush.cc:9:
/usr/include/c++/11/bits/stl_pair.h:353:42: note: synthesized method ‘rocksdb::FileMetaData::FileMetaData(rocksdb::FileMetaData&&)’ first required here
  353 |         : first(std::forward<_U1>(__x)), second(std::forward<_U2>(__y)) { }
      |                                          ^~~~~~~~~~~~~~~~~~~~~~~~~~~~~~
In file included from ./db/memtable.h:21,
                 from ./db/memtable_list.h:17,
                 from ./db/column_family.h:17,
                 from ./db/db_impl/db_impl.h:22,
                 from db/db_impl/db_impl_compaction_flush.cc:9:
./db/version_edit.h: In instantiation of ‘constexpr std::pair<_T1, _T2>::pair(_U1&&, const _T2&) [with _U1 = int&; typename std::enable_if<std::_PCC<true, _T1, _T2>::_MoveCopyPair<true, _U1, _T2>(), bool>::type <anonymous> = true; _T1 = int; _T2 = rocksdb::FileMetaData]’:
/usr/include/c++/11/ext/new_allocator.h:162:4:   required from ‘void __gnu_cxx::new_allocator<_Tp>::construct(_Up*, _Args&& ...) [with _Up = std::pair<int, rocksdb::FileMetaData>; _Args = {int&, const rocksdb::FileMetaData&}; _Tp = std::pair<int, rocksdb::FileMetaData>]’
/usr/include/c++/11/bits/alloc_traits.h:516:17:   required from ‘static void std::allocator_traits<std::allocator<_Tp1> >::construct(std::allocator_traits<std::allocator<_Tp1> >::allocator_type&, _Up*, _Args&& ...) [with _Up = std::pair<int, rocksdb::FileMetaData>; _Args = {int&, const rocksdb::FileMetaData&}; _Tp = std::pair<int, rocksdb::FileMetaData>; std::allocator_traits<std::allocator<_Tp1> >::allocator_type = std::allocator<std::pair<int, rocksdb::FileMetaData> >]’
/usr/include/c++/11/bits/vector.tcc:115:30:   required from ‘void std::vector<_Tp, _Alloc>::emplace_back(_Args&& ...) [with _Args = {int&, const rocksdb::FileMetaData&}; _Tp = std::pair<int, rocksdb::FileMetaData>; _Alloc = std::allocator<std::pair<int, rocksdb::FileMetaData> >]’
./db/version_edit.h:258:28:   required from here
./db/version_edit.h:86:8: warning: implicitly-declared ‘constexpr rocksdb::FileDescriptor::FileDescriptor(const rocksdb::FileDescriptor&)’ is deprecated [-Wdeprecated-copy]
   86 | struct FileMetaData {
      |        ^~~~~~~~~~~~
./db/version_edit.h:55:19: note: because ‘rocksdb::FileDescriptor’ has user-provided ‘rocksdb::FileDescriptor& rocksdb::FileDescriptor::operator=(const rocksdb::FileDescriptor&)’
   55 |   FileDescriptor& operator=(const FileDescriptor& fd) {
      |                   ^~~~~~~~
In file included from /usr/include/c++/11/bits/stl_algobase.h:64,
                 from /usr/include/c++/11/deque:60,
                 from ./db/db_impl/db_impl.h:12,
                 from db/db_impl/db_impl_compaction_flush.cc:9:
/usr/include/c++/11/bits/stl_pair.h:323:41: note: synthesized method ‘rocksdb::FileMetaData::FileMetaData(const rocksdb::FileMetaData&)’ first required here
  323 |        : first(std::forward<_U1>(__x)), second(__y) { }
      |                                         ^~~~~~~~~~~
  CC       db/db_impl/db_impl_write.o
./db/version_edit.h: In instantiation of ‘constexpr std::pair<_T1, _T2>::pair(_U1&&, _U2&&) [with _U1 = int&; _U2 = rocksdb::FileMetaData; typename std::enable_if<(std::_PCC<true, _T1, _T2>::_MoveConstructiblePair<_U1, _U2>() && std::_PCC<true, _T1, _T2>::_ImplicitlyMoveConvertiblePair<_U1, _U2>()), bool>::type <anonymous> = true; _T1 = int; _T2 = rocksdb::FileMetaData]’:
/usr/include/c++/11/ext/new_allocator.h:162:4:   required from ‘void __gnu_cxx::new_allocator<_Tp>::construct(_Up*, _Args&& ...) [with _Up = std::pair<int, rocksdb::FileMetaData>; _Args = {int&, rocksdb::FileMetaData}; _Tp = std::pair<int, rocksdb::FileMetaData>]’
/usr/include/c++/11/bits/alloc_traits.h:516:17:   required from ‘static void std::allocator_traits<std::allocator<_Tp1> >::construct(std::allocator_traits<std::allocator<_Tp1> >::allocator_type&, _Up*, _Args&& ...) [with _Up = std::pair<int, rocksdb::FileMetaData>; _Args = {int&, rocksdb::FileMetaData}; _Tp = std::pair<int, rocksdb::FileMetaData>; std::allocator_traits<std::allocator<_Tp1> >::allocator_type = std::allocator<std::pair<int, rocksdb::FileMetaData> >]’
/usr/include/c++/11/bits/vector.tcc:115:30:   required from ‘void std::vector<_Tp, _Alloc>::emplace_back(_Args&& ...) [with _Args = {int&, rocksdb::FileMetaData}; _Tp = std::pair<int, rocksdb::FileMetaData>; _Alloc = std::allocator<std::pair<int, rocksdb::FileMetaData> >]’
./db/version_edit.h:253:28:   required from here
./db/version_edit.h:86:8: warning: implicitly-declared ‘constexpr rocksdb::FileDescriptor::FileDescriptor(const rocksdb::FileDescriptor&)’ is deprecated [-Wdeprecated-copy]
   86 | struct FileMetaData {
      |        ^~~~~~~~~~~~
./db/version_edit.h:55:19: note: because ‘rocksdb::FileDescriptor’ has user-provided ‘rocksdb::FileDescriptor& rocksdb::FileDescriptor::operator=(const rocksdb::FileDescriptor&)’
   55 |   FileDescriptor& operator=(const FileDescriptor& fd) {
      |                   ^~~~~~~~
In file included from /usr/include/c++/11/bits/stl_algobase.h:64,
                 from /usr/include/c++/11/deque:60,
                 from ./db/db_impl/db_impl.h:12,
                 from db/db_impl/db_impl_experimental.cc:10:
/usr/include/c++/11/bits/stl_pair.h:353:42: note: synthesized method ‘rocksdb::FileMetaData::FileMetaData(rocksdb::FileMetaData&&)’ first required here
  353 |         : first(std::forward<_U1>(__x)), second(std::forward<_U2>(__y)) { }
      |                                          ^~~~~~~~~~~~~~~~~~~~~~~~~~~~~~
In file included from ./db/memtable.h:21,
                 from ./db/memtable_list.h:17,
                 from ./db/column_family.h:17,
                 from ./db/db_impl/db_impl.h:22,
                 from db/db_impl/db_impl_experimental.cc:10:
./db/version_edit.h: In instantiation of ‘constexpr std::pair<_T1, _T2>::pair(_U1&&, const _T2&) [with _U1 = int&; typename std::enable_if<std::_PCC<true, _T1, _T2>::_MoveCopyPair<true, _U1, _T2>(), bool>::type <anonymous> = true; _T1 = int; _T2 = rocksdb::FileMetaData]’:
/usr/include/c++/11/ext/new_allocator.h:162:4:   required from ‘void __gnu_cxx::new_allocator<_Tp>::construct(_Up*, _Args&& ...) [with _Up = std::pair<int, rocksdb::FileMetaData>; _Args = {int&, const rocksdb::FileMetaData&}; _Tp = std::pair<int, rocksdb::FileMetaData>]’
/usr/include/c++/11/bits/alloc_traits.h:516:17:   required from ‘static void std::allocator_traits<std::allocator<_Tp1> >::construct(std::allocator_traits<std::allocator<_Tp1> >::allocator_type&, _Up*, _Args&& ...) [with _Up = std::pair<int, rocksdb::FileMetaData>; _Args = {int&, const rocksdb::FileMetaData&}; _Tp = std::pair<int, rocksdb::FileMetaData>; std::allocator_traits<std::allocator<_Tp1> >::allocator_type = std::allocator<std::pair<int, rocksdb::FileMetaData> >]’
/usr/include/c++/11/bits/vector.tcc:115:30:   required from ‘void std::vector<_Tp, _Alloc>::emplace_back(_Args&& ...) [with _Args = {int&, const rocksdb::FileMetaData&}; _Tp = std::pair<int, rocksdb::FileMetaData>; _Alloc = std::allocator<std::pair<int, rocksdb::FileMetaData> >]’
./db/version_edit.h:258:28:   required from here
./db/version_edit.h:86:8: warning: implicitly-declared ‘constexpr rocksdb::FileDescriptor::FileDescriptor(const rocksdb::FileDescriptor&)’ is deprecated [-Wdeprecated-copy]
   86 | struct FileMetaData {
      |        ^~~~~~~~~~~~
./db/version_edit.h:55:19: note: because ‘rocksdb::FileDescriptor’ has user-provided ‘rocksdb::FileDescriptor& rocksdb::FileDescriptor::operator=(const rocksdb::FileDescriptor&)’
   55 |   FileDescriptor& operator=(const FileDescriptor& fd) {
      |                   ^~~~~~~~
In file included from /usr/include/c++/11/bits/stl_algobase.h:64,
                 from /usr/include/c++/11/deque:60,
                 from ./db/db_impl/db_impl.h:12,
                 from db/db_impl/db_impl_experimental.cc:10:
/usr/include/c++/11/bits/stl_pair.h:323:41: note: synthesized method ‘rocksdb::FileMetaData::FileMetaData(const rocksdb::FileMetaData&)’ first required here
  323 |        : first(std::forward<_U1>(__x)), second(__y) { }
      |                                         ^~~~~~~~~~~
In file included from ./db/memtable.h:21,
                 from ./db/memtable_list.h:17,
                 from ./db/column_family.h:17,
                 from ./db/db_impl/db_impl.h:22,
                 from ./db/db_impl/db_impl_secondary.h:12,
                 from db/db_impl/db_impl_secondary.cc:6:
./db/version_edit.h: In constructor ‘rocksdb::FdWithKeyRange::FdWithKeyRange(rocksdb::FileDescriptor, rocksdb::Slice, rocksdb::Slice, rocksdb::FileMetaData*)’:
./db/version_edit.h:175:9: warning: implicitly-declared ‘constexpr rocksdb::FileDescriptor::FileDescriptor(const rocksdb::FileDescriptor&)’ is deprecated [-Wdeprecated-copy]
  175 |       : fd(_fd),
      |         ^~~~~~~
./db/version_edit.h:55:19: note: because ‘rocksdb::FileDescriptor’ has user-provided ‘rocksdb::FileDescriptor& rocksdb::FileDescriptor::operator=(const rocksdb::FileDescriptor&)’
   55 |   FileDescriptor& operator=(const FileDescriptor& fd) {
      |                   ^~~~~~~~
./db/version_edit.h: In instantiation of ‘constexpr std::pair<_T1, _T2>::pair(_U1&&, _U2&&) [with _U1 = int&; _U2 = rocksdb::FileMetaData; typename std::enable_if<(std::_PCC<true, _T1, _T2>::_MoveConstructiblePair<_U1, _U2>() && std::_PCC<true, _T1, _T2>::_ImplicitlyMoveConvertiblePair<_U1, _U2>()), bool>::type <anonymous> = true; _T1 = int; _T2 = rocksdb::FileMetaData]’:
/usr/include/c++/11/ext/new_allocator.h:162:4:   required from ‘void __gnu_cxx::new_allocator<_Tp>::construct(_Up*, _Args&& ...) [with _Up = std::pair<int, rocksdb::FileMetaData>; _Args = {int&, rocksdb::FileMetaData}; _Tp = std::pair<int, rocksdb::FileMetaData>]’
/usr/include/c++/11/bits/alloc_traits.h:516:17:   required from ‘static void std::allocator_traits<std::allocator<_Tp1> >::construct(std::allocator_traits<std::allocator<_Tp1> >::allocator_type&, _Up*, _Args&& ...) [with _Up = std::pair<int, rocksdb::FileMetaData>; _Args = {int&, rocksdb::FileMetaData}; _Tp = std::pair<int, rocksdb::FileMetaData>; std::allocator_traits<std::allocator<_Tp1> >::allocator_type = std::allocator<std::pair<int, rocksdb::FileMetaData> >]’
/usr/include/c++/11/bits/vector.tcc:115:30:   required from ‘void std::vector<_Tp, _Alloc>::emplace_back(_Args&& ...) [with _Args = {int&, rocksdb::FileMetaData}; _Tp = std::pair<int, rocksdb::FileMetaData>; _Alloc = std::allocator<std::pair<int, rocksdb::FileMetaData> >]’
./db/version_edit.h:253:28:   required from here
./db/version_edit.h:86:8: warning: implicitly-declared ‘constexpr rocksdb::FileDescriptor::FileDescriptor(const rocksdb::FileDescriptor&)’ is deprecated [-Wdeprecated-copy]
   86 | struct FileMetaData {
      |        ^~~~~~~~~~~~
./db/version_edit.h:55:19: note: because ‘rocksdb::FileDescriptor’ has user-provided ‘rocksdb::FileDescriptor& rocksdb::FileDescriptor::operator=(const rocksdb::FileDescriptor&)’
   55 |   FileDescriptor& operator=(const FileDescriptor& fd) {
      |                   ^~~~~~~~
In file included from /usr/include/c++/11/bits/stl_algobase.h:64,
                 from /usr/include/c++/11/deque:60,
                 from ./db/db_impl/db_impl.h:12,
                 from db/db_impl/db_impl.cc:9:
/usr/include/c++/11/bits/stl_pair.h:353:42: note: synthesized method ‘rocksdb::FileMetaData::FileMetaData(rocksdb::FileMetaData&&)’ first required here
  353 |         : first(std::forward<_U1>(__x)), second(std::forward<_U2>(__y)) { }
      |                                          ^~~~~~~~~~~~~~~~~~~~~~~~~~~~~~
In file included from ./db/memtable.h:21,
                 from ./db/memtable_list.h:17,
                 from ./db/column_family.h:17,
                 from ./db/db_impl/db_impl.h:22,
                 from db/db_impl/db_impl.cc:9:
./db/version_edit.h: In instantiation of ‘constexpr std::pair<_T1, _T2>::pair(_U1&&, const _T2&) [with _U1 = int&; typename std::enable_if<std::_PCC<true, _T1, _T2>::_MoveCopyPair<true, _U1, _T2>(), bool>::type <anonymous> = true; _T1 = int; _T2 = rocksdb::FileMetaData]’:
/usr/include/c++/11/ext/new_allocator.h:162:4:   required from ‘void __gnu_cxx::new_allocator<_Tp>::construct(_Up*, _Args&& ...) [with _Up = std::pair<int, rocksdb::FileMetaData>; _Args = {int&, const rocksdb::FileMetaData&}; _Tp = std::pair<int, rocksdb::FileMetaData>]’
/usr/include/c++/11/bits/alloc_traits.h:516:17:   required from ‘static void std::allocator_traits<std::allocator<_Tp1> >::construct(std::allocator_traits<std::allocator<_Tp1> >::allocator_type&, _Up*, _Args&& ...) [with _Up = std::pair<int, rocksdb::FileMetaData>; _Args = {int&, const rocksdb::FileMetaData&}; _Tp = std::pair<int, rocksdb::FileMetaData>; std::allocator_traits<std::allocator<_Tp1> >::allocator_type = std::allocator<std::pair<int, rocksdb::FileMetaData> >]’
/usr/include/c++/11/bits/vector.tcc:115:30:   required from ‘void std::vector<_Tp, _Alloc>::emplace_back(_Args&& ...) [with _Args = {int&, const rocksdb::FileMetaData&}; _Tp = std::pair<int, rocksdb::FileMetaData>; _Alloc = std::allocator<std::pair<int, rocksdb::FileMetaData> >]’
./db/version_edit.h:258:28:   required from here
./db/version_edit.h:86:8: warning: implicitly-declared ‘constexpr rocksdb::FileDescriptor::FileDescriptor(const rocksdb::FileDescriptor&)’ is deprecated [-Wdeprecated-copy]
   86 | struct FileMetaData {
      |        ^~~~~~~~~~~~
./db/version_edit.h:55:19: note: because ‘rocksdb::FileDescriptor’ has user-provided ‘rocksdb::FileDescriptor& rocksdb::FileDescriptor::operator=(const rocksdb::FileDescriptor&)’
   55 |   FileDescriptor& operator=(const FileDescriptor& fd) {
      |                   ^~~~~~~~
In file included from /usr/include/c++/11/bits/stl_algobase.h:64,
                 from /usr/include/c++/11/deque:60,
                 from ./db/db_impl/db_impl.h:12,
                 from db/db_impl/db_impl.cc:9:
/usr/include/c++/11/bits/stl_pair.h:323:41: note: synthesized method ‘rocksdb::FileMetaData::FileMetaData(const rocksdb::FileMetaData&)’ first required here
  323 |        : first(std::forward<_U1>(__x)), second(__y) { }
      |                                         ^~~~~~~~~~~
./db/version_edit.h: In instantiation of ‘constexpr std::pair<_T1, _T2>::pair(_U1&&, _U2&&) [with _U1 = int&; _U2 = rocksdb::FileMetaData; typename std::enable_if<(std::_PCC<true, _T1, _T2>::_MoveConstructiblePair<_U1, _U2>() && std::_PCC<true, _T1, _T2>::_ImplicitlyMoveConvertiblePair<_U1, _U2>()), bool>::type <anonymous> = true; _T1 = int; _T2 = rocksdb::FileMetaData]’:
/usr/include/c++/11/ext/new_allocator.h:162:4:   required from ‘void __gnu_cxx::new_allocator<_Tp>::construct(_Up*, _Args&& ...) [with _Up = std::pair<int, rocksdb::FileMetaData>; _Args = {int&, rocksdb::FileMetaData}; _Tp = std::pair<int, rocksdb::FileMetaData>]’
/usr/include/c++/11/bits/alloc_traits.h:516:17:   required from ‘static void std::allocator_traits<std::allocator<_Tp1> >::construct(std::allocator_traits<std::allocator<_Tp1> >::allocator_type&, _Up*, _Args&& ...) [with _Up = std::pair<int, rocksdb::FileMetaData>; _Args = {int&, rocksdb::FileMetaData}; _Tp = std::pair<int, rocksdb::FileMetaData>; std::allocator_traits<std::allocator<_Tp1> >::allocator_type = std::allocator<std::pair<int, rocksdb::FileMetaData> >]’
/usr/include/c++/11/bits/vector.tcc:115:30:   required from ‘void std::vector<_Tp, _Alloc>::emplace_back(_Args&& ...) [with _Args = {int&, rocksdb::FileMetaData}; _Tp = std::pair<int, rocksdb::FileMetaData>; _Alloc = std::allocator<std::pair<int, rocksdb::FileMetaData> >]’
./db/version_edit.h:253:28:   required from here
./db/version_edit.h:86:8: warning: implicitly-declared ‘constexpr rocksdb::FileDescriptor::FileDescriptor(const rocksdb::FileDescriptor&)’ is deprecated [-Wdeprecated-copy]
   86 | struct FileMetaData {
      |        ^~~~~~~~~~~~
./db/version_edit.h:55:19: note: because ‘rocksdb::FileDescriptor’ has user-provided ‘rocksdb::FileDescriptor& rocksdb::FileDescriptor::operator=(const rocksdb::FileDescriptor&)’
   55 |   FileDescriptor& operator=(const FileDescriptor& fd) {
      |                   ^~~~~~~~
In file included from /usr/include/c++/11/bits/stl_algobase.h:64,
                 from /usr/include/c++/11/deque:60,
                 from ./db/db_impl/db_impl.h:12,
                 from db/db_impl/db_impl_open.cc:9:
/usr/include/c++/11/bits/stl_pair.h:353:42: note: synthesized method ‘rocksdb::FileMetaData::FileMetaData(rocksdb::FileMetaData&&)’ first required here
  353 |         : first(std::forward<_U1>(__x)), second(std::forward<_U2>(__y)) { }
      |                                          ^~~~~~~~~~~~~~~~~~~~~~~~~~~~~~
In file included from ./db/memtable.h:21,
                 from ./db/memtable_list.h:17,
                 from ./db/column_family.h:17,
                 from ./db/db_impl/db_impl.h:22,
                 from db/db_impl/db_impl_open.cc:9:
./db/version_edit.h: In instantiation of ‘constexpr std::pair<_T1, _T2>::pair(_U1&&, const _T2&) [with _U1 = int&; typename std::enable_if<std::_PCC<true, _T1, _T2>::_MoveCopyPair<true, _U1, _T2>(), bool>::type <anonymous> = true; _T1 = int; _T2 = rocksdb::FileMetaData]’:
/usr/include/c++/11/ext/new_allocator.h:162:4:   required from ‘void __gnu_cxx::new_allocator<_Tp>::construct(_Up*, _Args&& ...) [with _Up = std::pair<int, rocksdb::FileMetaData>; _Args = {int&, const rocksdb::FileMetaData&}; _Tp = std::pair<int, rocksdb::FileMetaData>]’
/usr/include/c++/11/bits/alloc_traits.h:516:17:   required from ‘static void std::allocator_traits<std::allocator<_Tp1> >::construct(std::allocator_traits<std::allocator<_Tp1> >::allocator_type&, _Up*, _Args&& ...) [with _Up = std::pair<int, rocksdb::FileMetaData>; _Args = {int&, const rocksdb::FileMetaData&}; _Tp = std::pair<int, rocksdb::FileMetaData>; std::allocator_traits<std::allocator<_Tp1> >::allocator_type = std::allocator<std::pair<int, rocksdb::FileMetaData> >]’
/usr/include/c++/11/bits/vector.tcc:115:30:   required from ‘void std::vector<_Tp, _Alloc>::emplace_back(_Args&& ...) [with _Args = {int&, const rocksdb::FileMetaData&}; _Tp = std::pair<int, rocksdb::FileMetaData>; _Alloc = std::allocator<std::pair<int, rocksdb::FileMetaData> >]’
./db/version_edit.h:258:28:   required from here
./db/version_edit.h:86:8: warning: implicitly-declared ‘constexpr rocksdb::FileDescriptor::FileDescriptor(const rocksdb::FileDescriptor&)’ is deprecated [-Wdeprecated-copy]
   86 | struct FileMetaData {
      |        ^~~~~~~~~~~~
./db/version_edit.h:55:19: note: because ‘rocksdb::FileDescriptor’ has user-provided ‘rocksdb::FileDescriptor& rocksdb::FileDescriptor::operator=(const rocksdb::FileDescriptor&)’
   55 |   FileDescriptor& operator=(const FileDescriptor& fd) {
      |                   ^~~~~~~~
In file included from /usr/include/c++/11/bits/stl_algobase.h:64,
                 from /usr/include/c++/11/deque:60,
                 from ./db/db_impl/db_impl.h:12,
                 from db/db_impl/db_impl_open.cc:9:
/usr/include/c++/11/bits/stl_pair.h:323:41: note: synthesized method ‘rocksdb::FileMetaData::FileMetaData(const rocksdb::FileMetaData&)’ first required here
  323 |        : first(std::forward<_U1>(__x)), second(__y) { }
      |                                         ^~~~~~~~~~~
./db/version_edit.h: In instantiation of ‘constexpr std::pair<_T1, _T2>::pair(_U1&&, _U2&&) [with _U1 = int&; _U2 = rocksdb::FileMetaData; typename std::enable_if<(std::_PCC<true, _T1, _T2>::_MoveConstructiblePair<_U1, _U2>() && std::_PCC<true, _T1, _T2>::_ImplicitlyMoveConvertiblePair<_U1, _U2>()), bool>::type <anonymous> = true; _T1 = int; _T2 = rocksdb::FileMetaData]’:
/usr/include/c++/11/ext/new_allocator.h:162:4:   required from ‘void __gnu_cxx::new_allocator<_Tp>::construct(_Up*, _Args&& ...) [with _Up = std::pair<int, rocksdb::FileMetaData>; _Args = {int&, rocksdb::FileMetaData}; _Tp = std::pair<int, rocksdb::FileMetaData>]’
/usr/include/c++/11/bits/alloc_traits.h:516:17:   required from ‘static void std::allocator_traits<std::allocator<_CharT> >::construct(std::allocator_traits<std::allocator<_CharT> >::allocator_type&, _Up*, _Args&& ...) [with _Up = std::pair<int, rocksdb::FileMetaData>; _Args = {int&, rocksdb::FileMetaData}; _Tp = std::pair<int, rocksdb::FileMetaData>; std::allocator_traits<std::allocator<_CharT> >::allocator_type = std::allocator<std::pair<int, rocksdb::FileMetaData> >]’
/usr/include/c++/11/bits/vector.tcc:115:30:   required from ‘void std::vector<_Tp, _Alloc>::emplace_back(_Args&& ...) [with _Args = {int&, rocksdb::FileMetaData}; _Tp = std::pair<int, rocksdb::FileMetaData>; _Alloc = std::allocator<std::pair<int, rocksdb::FileMetaData> >]’
./db/version_edit.h:253:28:   required from here
./db/version_edit.h:86:8: warning: implicitly-declared ‘constexpr rocksdb::FileDescriptor::FileDescriptor(const rocksdb::FileDescriptor&)’ is deprecated [-Wdeprecated-copy]
   86 | struct FileMetaData {
      |        ^~~~~~~~~~~~
./db/version_edit.h:55:19: note: because ‘rocksdb::FileDescriptor’ has user-provided ‘rocksdb::FileDescriptor& rocksdb::FileDescriptor::operator=(const rocksdb::FileDescriptor&)’
   55 |   FileDescriptor& operator=(const FileDescriptor& fd) {
      |                   ^~~~~~~~
In file included from /usr/include/c++/11/bits/stl_algobase.h:64,
                 from /usr/include/c++/11/bits/char_traits.h:39,
                 from /usr/include/c++/11/string:40,
                 from ./db/db_impl/db_impl_readonly.h:10,
                 from db/db_impl/db_impl_readonly.cc:6:
/usr/include/c++/11/bits/stl_pair.h:353:42: note: synthesized method ‘rocksdb::FileMetaData::FileMetaData(rocksdb::FileMetaData&&)’ first required here
  353 |         : first(std::forward<_U1>(__x)), second(std::forward<_U2>(__y)) { }
      |                                          ^~~~~~~~~~~~~~~~~~~~~~~~~~~~~~
In file included from ./db/memtable.h:21,
                 from ./db/memtable_list.h:17,
                 from ./db/column_family.h:17,
                 from ./db/db_impl/db_impl.h:22,
                 from ./db/db_impl/db_impl_readonly.h:12,
                 from db/db_impl/db_impl_readonly.cc:6:
./db/version_edit.h: In instantiation of ‘constexpr std::pair<_T1, _T2>::pair(_U1&&, const _T2&) [with _U1 = int&; typename std::enable_if<std::_PCC<true, _T1, _T2>::_MoveCopyPair<true, _U1, _T2>(), bool>::type <anonymous> = true; _T1 = int; _T2 = rocksdb::FileMetaData]’:
/usr/include/c++/11/ext/new_allocator.h:162:4:   required from ‘void __gnu_cxx::new_allocator<_Tp>::construct(_Up*, _Args&& ...) [with _Up = std::pair<int, rocksdb::FileMetaData>; _Args = {int&, const rocksdb::FileMetaData&}; _Tp = std::pair<int, rocksdb::FileMetaData>]’
/usr/include/c++/11/bits/alloc_traits.h:516:17:   required from ‘static void std::allocator_traits<std::allocator<_CharT> >::construct(std::allocator_traits<std::allocator<_CharT> >::allocator_type&, _Up*, _Args&& ...) [with _Up = std::pair<int, rocksdb::FileMetaData>; _Args = {int&, const rocksdb::FileMetaData&}; _Tp = std::pair<int, rocksdb::FileMetaData>; std::allocator_traits<std::allocator<_CharT> >::allocator_type = std::allocator<std::pair<int, rocksdb::FileMetaData> >]’
/usr/include/c++/11/bits/vector.tcc:115:30:   required from ‘void std::vector<_Tp, _Alloc>::emplace_back(_Args&& ...) [with _Args = {int&, const rocksdb::FileMetaData&}; _Tp = std::pair<int, rocksdb::FileMetaData>; _Alloc = std::allocator<std::pair<int, rocksdb::FileMetaData> >]’
./db/version_edit.h:258:28:   required from here
./db/version_edit.h:86:8: warning: implicitly-declared ‘constexpr rocksdb::FileDescriptor::FileDescriptor(const rocksdb::FileDescriptor&)’ is deprecated [-Wdeprecated-copy]
   86 | struct FileMetaData {
      |        ^~~~~~~~~~~~
./db/version_edit.h:55:19: note: because ‘rocksdb::FileDescriptor’ has user-provided ‘rocksdb::FileDescriptor& rocksdb::FileDescriptor::operator=(const rocksdb::FileDescriptor&)’
   55 |   FileDescriptor& operator=(const FileDescriptor& fd) {
      |                   ^~~~~~~~
In file included from /usr/include/c++/11/bits/stl_algobase.h:64,
                 from /usr/include/c++/11/bits/char_traits.h:39,
                 from /usr/include/c++/11/string:40,
                 from ./db/db_impl/db_impl_readonly.h:10,
                 from db/db_impl/db_impl_readonly.cc:6:
/usr/include/c++/11/bits/stl_pair.h:323:41: note: synthesized method ‘rocksdb::FileMetaData::FileMetaData(const rocksdb::FileMetaData&)’ first required here
  323 |        : first(std::forward<_U1>(__x)), second(__y) { }
      |                                         ^~~~~~~~~~~
./db/version_edit.h: In instantiation of ‘constexpr std::pair<_T1, _T2>::pair(_U1&&, _U2&&) [with _U1 = int&; _U2 = rocksdb::FileMetaData; typename std::enable_if<(std::_PCC<true, _T1, _T2>::_MoveConstructiblePair<_U1, _U2>() && std::_PCC<true, _T1, _T2>::_ImplicitlyMoveConvertiblePair<_U1, _U2>()), bool>::type <anonymous> = true; _T1 = int; _T2 = rocksdb::FileMetaData]’:
/usr/include/c++/11/ext/new_allocator.h:162:4:   required from ‘void __gnu_cxx::new_allocator<_Tp>::construct(_Up*, _Args&& ...) [with _Up = std::pair<int, rocksdb::FileMetaData>; _Args = {int&, rocksdb::FileMetaData}; _Tp = std::pair<int, rocksdb::FileMetaData>]’
/usr/include/c++/11/bits/alloc_traits.h:516:17:   required from ‘static void std::allocator_traits<std::allocator<_Tp1> >::construct(std::allocator_traits<std::allocator<_Tp1> >::allocator_type&, _Up*, _Args&& ...) [with _Up = std::pair<int, rocksdb::FileMetaData>; _Args = {int&, rocksdb::FileMetaData}; _Tp = std::pair<int, rocksdb::FileMetaData>; std::allocator_traits<std::allocator<_Tp1> >::allocator_type = std::allocator<std::pair<int, rocksdb::FileMetaData> >]’
/usr/include/c++/11/bits/vector.tcc:115:30:   required from ‘void std::vector<_Tp, _Alloc>::emplace_back(_Args&& ...) [with _Args = {int&, rocksdb::FileMetaData}; _Tp = std::pair<int, rocksdb::FileMetaData>; _Alloc = std::allocator<std::pair<int, rocksdb::FileMetaData> >]’
./db/version_edit.h:253:28:   required from here
./db/version_edit.h:86:8: warning: implicitly-declared ‘constexpr rocksdb::FileDescriptor::FileDescriptor(const rocksdb::FileDescriptor&)’ is deprecated [-Wdeprecated-copy]
   86 | struct FileMetaData {
      |        ^~~~~~~~~~~~
./db/version_edit.h:55:19: note: because ‘rocksdb::FileDescriptor’ has user-provided ‘rocksdb::FileDescriptor& rocksdb::FileDescriptor::operator=(const rocksdb::FileDescriptor&)’
   55 |   FileDescriptor& operator=(const FileDescriptor& fd) {
      |                   ^~~~~~~~
In file included from /usr/include/c++/11/bits/stl_algobase.h:64,
                 from /usr/include/c++/11/deque:60,
                 from ./db/db_impl/db_impl.h:12,
                 from db/db_impl/db_impl_files.cc:9:
/usr/include/c++/11/bits/stl_pair.h:353:42: note: synthesized method ‘rocksdb::FileMetaData::FileMetaData(rocksdb::FileMetaData&&)’ first required here
  353 |         : first(std::forward<_U1>(__x)), second(std::forward<_U2>(__y)) { }
      |                                          ^~~~~~~~~~~~~~~~~~~~~~~~~~~~~~
In file included from ./db/memtable.h:21,
                 from ./db/memtable_list.h:17,
                 from ./db/column_family.h:17,
                 from ./db/db_impl/db_impl.h:22,
                 from db/db_impl/db_impl_files.cc:9:
./db/version_edit.h: In instantiation of ‘constexpr std::pair<_T1, _T2>::pair(_U1&&, const _T2&) [with _U1 = int&; typename std::enable_if<std::_PCC<true, _T1, _T2>::_MoveCopyPair<true, _U1, _T2>(), bool>::type <anonymous> = true; _T1 = int; _T2 = rocksdb::FileMetaData]’:
/usr/include/c++/11/ext/new_allocator.h:162:4:   required from ‘void __gnu_cxx::new_allocator<_Tp>::construct(_Up*, _Args&& ...) [with _Up = std::pair<int, rocksdb::FileMetaData>; _Args = {int&, const rocksdb::FileMetaData&}; _Tp = std::pair<int, rocksdb::FileMetaData>]’
/usr/include/c++/11/bits/alloc_traits.h:516:17:   required from ‘static void std::allocator_traits<std::allocator<_Tp1> >::construct(std::allocator_traits<std::allocator<_Tp1> >::allocator_type&, _Up*, _Args&& ...) [with _Up = std::pair<int, rocksdb::FileMetaData>; _Args = {int&, const rocksdb::FileMetaData&}; _Tp = std::pair<int, rocksdb::FileMetaData>; std::allocator_traits<std::allocator<_Tp1> >::allocator_type = std::allocator<std::pair<int, rocksdb::FileMetaData> >]’
/usr/include/c++/11/bits/vector.tcc:115:30:   required from ‘void std::vector<_Tp, _Alloc>::emplace_back(_Args&& ...) [with _Args = {int&, const rocksdb::FileMetaData&}; _Tp = std::pair<int, rocksdb::FileMetaData>; _Alloc = std::allocator<std::pair<int, rocksdb::FileMetaData> >]’
./db/version_edit.h:258:28:   required from here
./db/version_edit.h:86:8: warning: implicitly-declared ‘constexpr rocksdb::FileDescriptor::FileDescriptor(const rocksdb::FileDescriptor&)’ is deprecated [-Wdeprecated-copy]
   86 | struct FileMetaData {
      |        ^~~~~~~~~~~~
./db/version_edit.h:55:19: note: because ‘rocksdb::FileDescriptor’ has user-provided ‘rocksdb::FileDescriptor& rocksdb::FileDescriptor::operator=(const rocksdb::FileDescriptor&)’
   55 |   FileDescriptor& operator=(const FileDescriptor& fd) {
      |                   ^~~~~~~~
In file included from /usr/include/c++/11/bits/stl_algobase.h:64,
                 from /usr/include/c++/11/deque:60,
                 from ./db/db_impl/db_impl.h:12,
                 from db/db_impl/db_impl_files.cc:9:
/usr/include/c++/11/bits/stl_pair.h:323:41: note: synthesized method ‘rocksdb::FileMetaData::FileMetaData(const rocksdb::FileMetaData&)’ first required here
  323 |        : first(std::forward<_U1>(__x)), second(__y) { }
      |                                         ^~~~~~~~~~~
In file included from ./db/memtable.h:21,
                 from ./db/memtable_list.h:17,
                 from ./db/column_family.h:17,
                 from ./db/db_impl/db_impl.h:22,
                 from db/db_impl/db_impl_write.cc:9:
./db/version_edit.h: In constructor ‘rocksdb::FdWithKeyRange::FdWithKeyRange(rocksdb::FileDescriptor, rocksdb::Slice, rocksdb::Slice, rocksdb::FileMetaData*)’:
./db/version_edit.h:175:9: warning: implicitly-declared ‘constexpr rocksdb::FileDescriptor::FileDescriptor(const rocksdb::FileDescriptor&)’ is deprecated [-Wdeprecated-copy]
  175 |       : fd(_fd),
      |         ^~~~~~~
./db/version_edit.h:55:19: note: because ‘rocksdb::FileDescriptor’ has user-provided ‘rocksdb::FileDescriptor& rocksdb::FileDescriptor::operator=(const rocksdb::FileDescriptor&)’
   55 |   FileDescriptor& operator=(const FileDescriptor& fd) {
      |                   ^~~~~~~~
In file included from ./db/db_impl/db_impl.h:27,
                 from db/db_impl/db_impl.cc:9:
./db/external_sst_file_ingestion_job.h: In instantiation of ‘void std::_Construct(_Tp*, _Args&& ...) [with _Tp = rocksdb::IngestedFileInfo; _Args = {const rocksdb::IngestedFileInfo&}]’:
/usr/include/c++/11/bits/stl_uninitialized.h:92:18:   required from ‘static _ForwardIterator std::__uninitialized_copy<_TrivialValueTypes>::__uninit_copy(_InputIterator, _InputIterator, _ForwardIterator) [with _InputIterator = __gnu_cxx::__normal_iterator<const rocksdb::IngestedFileInfo*, std::vector<rocksdb::IngestedFileInfo, std::allocator<rocksdb::IngestedFileInfo> > >; _ForwardIterator = rocksdb::IngestedFileInfo*; bool _TrivialValueTypes = false]’
/usr/include/c++/11/bits/stl_uninitialized.h:151:15:   required from ‘_ForwardIterator std::uninitialized_copy(_InputIterator, _InputIterator, _ForwardIterator) [with _InputIterator = __gnu_cxx::__normal_iterator<const rocksdb::IngestedFileInfo*, std::vector<rocksdb::IngestedFileInfo, std::allocator<rocksdb::IngestedFileInfo> > >; _ForwardIterator = rocksdb::IngestedFileInfo*]’
/usr/include/c++/11/bits/stl_uninitialized.h:333:37:   required from ‘_ForwardIterator std::__uninitialized_copy_a(_InputIterator, _InputIterator, _ForwardIterator, std::allocator<_Tp>&) [with _InputIterator = __gnu_cxx::__normal_iterator<const rocksdb::IngestedFileInfo*, std::vector<rocksdb::IngestedFileInfo, std::allocator<rocksdb::IngestedFileInfo> > >; _ForwardIterator = rocksdb::IngestedFileInfo*; _Tp = rocksdb::IngestedFileInfo]’
/usr/include/c++/11/bits/vector.tcc:330:35:   required from ‘void std::vector<_Tp, _Alloc>::_M_assign_aux(_ForwardIterator, _ForwardIterator, std::forward_iterator_tag) [with _ForwardIterator = __gnu_cxx::__normal_iterator<const rocksdb::IngestedFileInfo*, std::vector<rocksdb::IngestedFileInfo, std::allocator<rocksdb::IngestedFileInfo> > >; _Tp = rocksdb::IngestedFileInfo; _Alloc = std::allocator<rocksdb::IngestedFileInfo>]’
/usr/include/c++/11/bits/stl_vector.h:1628:17:   required from ‘void std::vector<_Tp, _Alloc>::_M_assign_dispatch(_InputIterator, _InputIterator, std::__false_type) [with _InputIterator = __gnu_cxx::__normal_iterator<const rocksdb::IngestedFileInfo*, std::vector<rocksdb::IngestedFileInfo, std::allocator<rocksdb::IngestedFileInfo> > >; _Tp = rocksdb::IngestedFileInfo; _Alloc = std::allocator<rocksdb::IngestedFileInfo>]’
/usr/include/c++/11/bits/stl_vector.h:769:22:   [ skipping 5 instantiation contexts, use -ftemplate-backtrace-limit=0 to disable ]
/usr/include/c++/11/bits/stl_uninitialized.h:151:15:   required from ‘_ForwardIterator std::uninitialized_copy(_InputIterator, _InputIterator, _ForwardIterator) [with _InputIterator = const rocksdb::ExternalSstFileIngestionJob*; _ForwardIterator = rocksdb::ExternalSstFileIngestionJob*]’
/usr/include/c++/11/bits/stl_uninitialized.h:333:37:   required from ‘_ForwardIterator std::__uninitialized_copy_a(_InputIterator, _InputIterator, _ForwardIterator, std::allocator<_Tp>&) [with _InputIterator = const rocksdb::ExternalSstFileIngestionJob*; _ForwardIterator = rocksdb::ExternalSstFileIngestionJob*; _Tp = rocksdb::ExternalSstFileIngestionJob]’
/usr/include/c++/11/bits/stl_uninitialized.h:355:2:   required from ‘_ForwardIterator std::__uninitialized_move_if_noexcept_a(_InputIterator, _InputIterator, _ForwardIterator, _Allocator&) [with _InputIterator = rocksdb::ExternalSstFileIngestionJob*; _ForwardIterator = rocksdb::ExternalSstFileIngestionJob*; _Allocator = std::allocator<rocksdb::ExternalSstFileIngestionJob>]’
/usr/include/c++/11/bits/vector.tcc:474:3:   required from ‘void std::vector<_Tp, _Alloc>::_M_realloc_insert(std::vector<_Tp, _Alloc>::iterator, _Args&& ...) [with _Args = {rocksdb::Env* const&, rocksdb::VersionSet*, rocksdb::ColumnFamilyData*&, const rocksdb::ImmutableDBOptions&, const rocksdb::EnvOptions&, rocksdb::SnapshotList*, const rocksdb::IngestExternalFileOptions&}; _Tp = rocksdb::ExternalSstFileIngestionJob; _Alloc = std::allocator<rocksdb::ExternalSstFileIngestionJob>; std::vector<_Tp, _Alloc>::iterator = std::vector<rocksdb::ExternalSstFileIngestionJob>::iterator]’
/usr/include/c++/11/bits/vector.tcc:121:21:   required from ‘void std::vector<_Tp, _Alloc>::emplace_back(_Args&& ...) [with _Args = {rocksdb::Env* const&, rocksdb::VersionSet*, rocksdb::ColumnFamilyData*&, const rocksdb::ImmutableDBOptions&, const rocksdb::EnvOptions&, rocksdb::SnapshotList*, const rocksdb::IngestExternalFileOptions&}; _Tp = rocksdb::ExternalSstFileIngestionJob; _Alloc = std::allocator<rocksdb::ExternalSstFileIngestionJob>]’
db/db_impl/db_impl.cc:3651:32:   required from here
./db/external_sst_file_ingestion_job.h:23:8: warning: implicitly-declared ‘constexpr rocksdb::FileDescriptor::FileDescriptor(const rocksdb::FileDescriptor&)’ is deprecated [-Wdeprecated-copy]
   23 | struct IngestedFileInfo {
      |        ^~~~~~~~~~~~~~~~
In file included from ./db/memtable.h:21,
                 from ./db/memtable_list.h:17,
                 from ./db/column_family.h:17,
                 from ./db/db_impl/db_impl.h:22,
                 from db/db_impl/db_impl.cc:9:
./db/version_edit.h:55:19: note: because ‘rocksdb::FileDescriptor’ has user-provided ‘rocksdb::FileDescriptor& rocksdb::FileDescriptor::operator=(const rocksdb::FileDescriptor&)’
   55 |   FileDescriptor& operator=(const FileDescriptor& fd) {
      |                   ^~~~~~~~
In file included from /usr/include/c++/11/deque:65,
                 from ./db/db_impl/db_impl.h:12,
                 from db/db_impl/db_impl.cc:9:
/usr/include/c++/11/bits/stl_construct.h:119:7: note: synthesized method ‘rocksdb::IngestedFileInfo::IngestedFileInfo(const rocksdb::IngestedFileInfo&)’ first required here
  119 |       ::new((void*)__p) _Tp(std::forward<_Args>(__args)...);
      |       ^~~~~~~~~~~~~~~~~~~~~~~~~~~~~~~~~~~~~~~~~~~~~~~~~~~~~
  CC       db/db_info_dumper.o
./db/version_edit.h: In instantiation of ‘constexpr std::pair<_T1, _T2>::pair(_U1&&, _U2&&) [with _U1 = int&; _U2 = rocksdb::FileMetaData; typename std::enable_if<(std::_PCC<true, _T1, _T2>::_MoveConstructiblePair<_U1, _U2>() && std::_PCC<true, _T1, _T2>::_ImplicitlyMoveConvertiblePair<_U1, _U2>()), bool>::type <anonymous> = true; _T1 = int; _T2 = rocksdb::FileMetaData]’:
/usr/include/c++/11/ext/new_allocator.h:162:4:   required from ‘void __gnu_cxx::new_allocator<_Tp>::construct(_Up*, _Args&& ...) [with _Up = std::pair<int, rocksdb::FileMetaData>; _Args = {int&, rocksdb::FileMetaData}; _Tp = std::pair<int, rocksdb::FileMetaData>]’
/usr/include/c++/11/bits/alloc_traits.h:516:17:   required from ‘static void std::allocator_traits<std::allocator<_CharT> >::construct(std::allocator_traits<std::allocator<_CharT> >::allocator_type&, _Up*, _Args&& ...) [with _Up = std::pair<int, rocksdb::FileMetaData>; _Args = {int&, rocksdb::FileMetaData}; _Tp = std::pair<int, rocksdb::FileMetaData>; std::allocator_traits<std::allocator<_CharT> >::allocator_type = std::allocator<std::pair<int, rocksdb::FileMetaData> >]’
/usr/include/c++/11/bits/vector.tcc:115:30:   required from ‘void std::vector<_Tp, _Alloc>::emplace_back(_Args&& ...) [with _Args = {int&, rocksdb::FileMetaData}; _Tp = std::pair<int, rocksdb::FileMetaData>; _Alloc = std::allocator<std::pair<int, rocksdb::FileMetaData> >]’
./db/version_edit.h:253:28:   required from here
./db/version_edit.h:86:8: warning: implicitly-declared ‘constexpr rocksdb::FileDescriptor::FileDescriptor(const rocksdb::FileDescriptor&)’ is deprecated [-Wdeprecated-copy]
   86 | struct FileMetaData {
      |        ^~~~~~~~~~~~
./db/version_edit.h:55:19: note: because ‘rocksdb::FileDescriptor’ has user-provided ‘rocksdb::FileDescriptor& rocksdb::FileDescriptor::operator=(const rocksdb::FileDescriptor&)’
   55 |   FileDescriptor& operator=(const FileDescriptor& fd) {
      |                   ^~~~~~~~
In file included from /usr/include/c++/11/bits/stl_algobase.h:64,
                 from /usr/include/c++/11/bits/char_traits.h:39,
                 from /usr/include/c++/11/string:40,
                 from ./db/db_impl/db_impl_secondary.h:10,
                 from db/db_impl/db_impl_secondary.cc:6:
/usr/include/c++/11/bits/stl_pair.h:353:42: note: synthesized method ‘rocksdb::FileMetaData::FileMetaData(rocksdb::FileMetaData&&)’ first required here
  353 |         : first(std::forward<_U1>(__x)), second(std::forward<_U2>(__y)) { }
      |                                          ^~~~~~~~~~~~~~~~~~~~~~~~~~~~~~
In file included from ./db/memtable.h:21,
                 from ./db/memtable_list.h:17,
                 from ./db/column_family.h:17,
                 from ./db/db_impl/db_impl.h:22,
                 from ./db/db_impl/db_impl_secondary.h:12,
                 from db/db_impl/db_impl_secondary.cc:6:
./db/version_edit.h: In instantiation of ‘constexpr std::pair<_T1, _T2>::pair(_U1&&, const _T2&) [with _U1 = int&; typename std::enable_if<std::_PCC<true, _T1, _T2>::_MoveCopyPair<true, _U1, _T2>(), bool>::type <anonymous> = true; _T1 = int; _T2 = rocksdb::FileMetaData]’:
/usr/include/c++/11/ext/new_allocator.h:162:4:   required from ‘void __gnu_cxx::new_allocator<_Tp>::construct(_Up*, _Args&& ...) [with _Up = std::pair<int, rocksdb::FileMetaData>; _Args = {int&, const rocksdb::FileMetaData&}; _Tp = std::pair<int, rocksdb::FileMetaData>]’
/usr/include/c++/11/bits/alloc_traits.h:516:17:   required from ‘static void std::allocator_traits<std::allocator<_CharT> >::construct(std::allocator_traits<std::allocator<_CharT> >::allocator_type&, _Up*, _Args&& ...) [with _Up = std::pair<int, rocksdb::FileMetaData>; _Args = {int&, const rocksdb::FileMetaData&}; _Tp = std::pair<int, rocksdb::FileMetaData>; std::allocator_traits<std::allocator<_CharT> >::allocator_type = std::allocator<std::pair<int, rocksdb::FileMetaData> >]’
/usr/include/c++/11/bits/vector.tcc:115:30:   required from ‘void std::vector<_Tp, _Alloc>::emplace_back(_Args&& ...) [with _Args = {int&, const rocksdb::FileMetaData&}; _Tp = std::pair<int, rocksdb::FileMetaData>; _Alloc = std::allocator<std::pair<int, rocksdb::FileMetaData> >]’
./db/version_edit.h:258:28:   required from here
./db/version_edit.h:86:8: warning: implicitly-declared ‘constexpr rocksdb::FileDescriptor::FileDescriptor(const rocksdb::FileDescriptor&)’ is deprecated [-Wdeprecated-copy]
   86 | struct FileMetaData {
      |        ^~~~~~~~~~~~
./db/version_edit.h:55:19: note: because ‘rocksdb::FileDescriptor’ has user-provided ‘rocksdb::FileDescriptor& rocksdb::FileDescriptor::operator=(const rocksdb::FileDescriptor&)’
   55 |   FileDescriptor& operator=(const FileDescriptor& fd) {
      |                   ^~~~~~~~
In file included from /usr/include/c++/11/bits/stl_algobase.h:64,
                 from /usr/include/c++/11/bits/char_traits.h:39,
                 from /usr/include/c++/11/string:40,
                 from ./db/db_impl/db_impl_secondary.h:10,
                 from db/db_impl/db_impl_secondary.cc:6:
/usr/include/c++/11/bits/stl_pair.h:323:41: note: synthesized method ‘rocksdb::FileMetaData::FileMetaData(const rocksdb::FileMetaData&)’ first required here
  323 |        : first(std::forward<_U1>(__x)), second(__y) { }
      |                                         ^~~~~~~~~~~
./db/version_edit.h: In instantiation of ‘constexpr std::pair<_T1, _T2>::pair(_U1&&, _U2&&) [with _U1 = int&; _U2 = rocksdb::FileMetaData; typename std::enable_if<(std::_PCC<true, _T1, _T2>::_MoveConstructiblePair<_U1, _U2>() && std::_PCC<true, _T1, _T2>::_ImplicitlyMoveConvertiblePair<_U1, _U2>()), bool>::type <anonymous> = true; _T1 = int; _T2 = rocksdb::FileMetaData]’:
/usr/include/c++/11/ext/new_allocator.h:162:4:   required from ‘void __gnu_cxx::new_allocator<_Tp>::construct(_Up*, _Args&& ...) [with _Up = std::pair<int, rocksdb::FileMetaData>; _Args = {int&, rocksdb::FileMetaData}; _Tp = std::pair<int, rocksdb::FileMetaData>]’
/usr/include/c++/11/bits/alloc_traits.h:516:17:   required from ‘static void std::allocator_traits<std::allocator<_Tp1> >::construct(std::allocator_traits<std::allocator<_Tp1> >::allocator_type&, _Up*, _Args&& ...) [with _Up = std::pair<int, rocksdb::FileMetaData>; _Args = {int&, rocksdb::FileMetaData}; _Tp = std::pair<int, rocksdb::FileMetaData>; std::allocator_traits<std::allocator<_Tp1> >::allocator_type = std::allocator<std::pair<int, rocksdb::FileMetaData> >]’
/usr/include/c++/11/bits/vector.tcc:115:30:   required from ‘void std::vector<_Tp, _Alloc>::emplace_back(_Args&& ...) [with _Args = {int&, rocksdb::FileMetaData}; _Tp = std::pair<int, rocksdb::FileMetaData>; _Alloc = std::allocator<std::pair<int, rocksdb::FileMetaData> >]’
./db/version_edit.h:253:28:   required from here
./db/version_edit.h:86:8: warning: implicitly-declared ‘constexpr rocksdb::FileDescriptor::FileDescriptor(const rocksdb::FileDescriptor&)’ is deprecated [-Wdeprecated-copy]
   86 | struct FileMetaData {
      |        ^~~~~~~~~~~~
./db/version_edit.h:55:19: note: because ‘rocksdb::FileDescriptor’ has user-provided ‘rocksdb::FileDescriptor& rocksdb::FileDescriptor::operator=(const rocksdb::FileDescriptor&)’
   55 |   FileDescriptor& operator=(const FileDescriptor& fd) {
      |                   ^~~~~~~~
In file included from /usr/include/c++/11/bits/stl_algobase.h:64,
                 from /usr/include/c++/11/deque:60,
                 from ./db/db_impl/db_impl.h:12,
                 from db/db_impl/db_impl_write.cc:9:
/usr/include/c++/11/bits/stl_pair.h:353:42: note: synthesized method ‘rocksdb::FileMetaData::FileMetaData(rocksdb::FileMetaData&&)’ first required here
  353 |         : first(std::forward<_U1>(__x)), second(std::forward<_U2>(__y)) { }
      |                                          ^~~~~~~~~~~~~~~~~~~~~~~~~~~~~~
In file included from ./db/memtable.h:21,
                 from ./db/memtable_list.h:17,
                 from ./db/column_family.h:17,
                 from ./db/db_impl/db_impl.h:22,
                 from db/db_impl/db_impl_write.cc:9:
./db/version_edit.h: In instantiation of ‘constexpr std::pair<_T1, _T2>::pair(_U1&&, const _T2&) [with _U1 = int&; typename std::enable_if<std::_PCC<true, _T1, _T2>::_MoveCopyPair<true, _U1, _T2>(), bool>::type <anonymous> = true; _T1 = int; _T2 = rocksdb::FileMetaData]’:
/usr/include/c++/11/ext/new_allocator.h:162:4:   required from ‘void __gnu_cxx::new_allocator<_Tp>::construct(_Up*, _Args&& ...) [with _Up = std::pair<int, rocksdb::FileMetaData>; _Args = {int&, const rocksdb::FileMetaData&}; _Tp = std::pair<int, rocksdb::FileMetaData>]’
/usr/include/c++/11/bits/alloc_traits.h:516:17:   required from ‘static void std::allocator_traits<std::allocator<_Tp1> >::construct(std::allocator_traits<std::allocator<_Tp1> >::allocator_type&, _Up*, _Args&& ...) [with _Up = std::pair<int, rocksdb::FileMetaData>; _Args = {int&, const rocksdb::FileMetaData&}; _Tp = std::pair<int, rocksdb::FileMetaData>; std::allocator_traits<std::allocator<_Tp1> >::allocator_type = std::allocator<std::pair<int, rocksdb::FileMetaData> >]’
/usr/include/c++/11/bits/vector.tcc:115:30:   required from ‘void std::vector<_Tp, _Alloc>::emplace_back(_Args&& ...) [with _Args = {int&, const rocksdb::FileMetaData&}; _Tp = std::pair<int, rocksdb::FileMetaData>; _Alloc = std::allocator<std::pair<int, rocksdb::FileMetaData> >]’
./db/version_edit.h:258:28:   required from here
./db/version_edit.h:86:8: warning: implicitly-declared ‘constexpr rocksdb::FileDescriptor::FileDescriptor(const rocksdb::FileDescriptor&)’ is deprecated [-Wdeprecated-copy]
   86 | struct FileMetaData {
      |        ^~~~~~~~~~~~
./db/version_edit.h:55:19: note: because ‘rocksdb::FileDescriptor’ has user-provided ‘rocksdb::FileDescriptor& rocksdb::FileDescriptor::operator=(const rocksdb::FileDescriptor&)’
   55 |   FileDescriptor& operator=(const FileDescriptor& fd) {
      |                   ^~~~~~~~
In file included from /usr/include/c++/11/bits/stl_algobase.h:64,
                 from /usr/include/c++/11/deque:60,
                 from ./db/db_impl/db_impl.h:12,
                 from db/db_impl/db_impl_write.cc:9:
/usr/include/c++/11/bits/stl_pair.h:323:41: note: synthesized method ‘rocksdb::FileMetaData::FileMetaData(const rocksdb::FileMetaData&)’ first required here
  323 |        : first(std::forward<_U1>(__x)), second(__y) { }
      |                                         ^~~~~~~~~~~
  CC       db/db_iter.o
  CC       db/dbformat.o
In file included from ./db/memtable.h:21,
                 from ./db/memtable_list.h:17,
                 from ./db/column_family.h:17,
                 from ./db/db_impl/db_impl.h:22,
                 from ./db/db_iter.h:13,
                 from db/db_iter.cc:10:
./db/version_edit.h: In constructor ‘rocksdb::FdWithKeyRange::FdWithKeyRange(rocksdb::FileDescriptor, rocksdb::Slice, rocksdb::Slice, rocksdb::FileMetaData*)’:
./db/version_edit.h:175:9: warning: implicitly-declared ‘constexpr rocksdb::FileDescriptor::FileDescriptor(const rocksdb::FileDescriptor&)’ is deprecated [-Wdeprecated-copy]
  175 |       : fd(_fd),
      |         ^~~~~~~
./db/version_edit.h:55:19: note: because ‘rocksdb::FileDescriptor’ has user-provided ‘rocksdb::FileDescriptor& rocksdb::FileDescriptor::operator=(const rocksdb::FileDescriptor&)’
   55 |   FileDescriptor& operator=(const FileDescriptor& fd) {
      |                   ^~~~~~~~
  CC       db/error_handler.o
  CC       db/event_helpers.o
  CC       db/experimental.o
./db/version_edit.h: In instantiation of ‘constexpr std::pair<_T1, _T2>::pair(_U1&&, _U2&&) [with _U1 = int&; _U2 = rocksdb::FileMetaData; typename std::enable_if<(std::_PCC<true, _T1, _T2>::_MoveConstructiblePair<_U1, _U2>() && std::_PCC<true, _T1, _T2>::_ImplicitlyMoveConvertiblePair<_U1, _U2>()), bool>::type <anonymous> = true; _T1 = int; _T2 = rocksdb::FileMetaData]’:
/usr/include/c++/11/ext/new_allocator.h:162:4:   required from ‘void __gnu_cxx::new_allocator<_Tp>::construct(_Up*, _Args&& ...) [with _Up = std::pair<int, rocksdb::FileMetaData>; _Args = {int&, rocksdb::FileMetaData}; _Tp = std::pair<int, rocksdb::FileMetaData>]’
/usr/include/c++/11/bits/alloc_traits.h:516:17:   required from ‘static void std::allocator_traits<std::allocator<_CharT> >::construct(std::allocator_traits<std::allocator<_CharT> >::allocator_type&, _Up*, _Args&& ...) [with _Up = std::pair<int, rocksdb::FileMetaData>; _Args = {int&, rocksdb::FileMetaData}; _Tp = std::pair<int, rocksdb::FileMetaData>; std::allocator_traits<std::allocator<_CharT> >::allocator_type = std::allocator<std::pair<int, rocksdb::FileMetaData> >]’
/usr/include/c++/11/bits/vector.tcc:115:30:   required from ‘void std::vector<_Tp, _Alloc>::emplace_back(_Args&& ...) [with _Args = {int&, rocksdb::FileMetaData}; _Tp = std::pair<int, rocksdb::FileMetaData>; _Alloc = std::allocator<std::pair<int, rocksdb::FileMetaData> >]’
./db/version_edit.h:253:28:   required from here
./db/version_edit.h:86:8: warning: implicitly-declared ‘constexpr rocksdb::FileDescriptor::FileDescriptor(const rocksdb::FileDescriptor&)’ is deprecated [-Wdeprecated-copy]
   86 | struct FileMetaData {
      |        ^~~~~~~~~~~~
./db/version_edit.h:55:19: note: because ‘rocksdb::FileDescriptor’ has user-provided ‘rocksdb::FileDescriptor& rocksdb::FileDescriptor::operator=(const rocksdb::FileDescriptor&)’
   55 |   FileDescriptor& operator=(const FileDescriptor& fd) {
      |                   ^~~~~~~~
In file included from /usr/include/c++/11/bits/stl_algobase.h:64,
                 from /usr/include/c++/11/bits/char_traits.h:39,
                 from /usr/include/c++/11/string:40,
                 from ./db/db_iter.h:12,
                 from db/db_iter.cc:10:
/usr/include/c++/11/bits/stl_pair.h:353:42: note: synthesized method ‘rocksdb::FileMetaData::FileMetaData(rocksdb::FileMetaData&&)’ first required here
  353 |         : first(std::forward<_U1>(__x)), second(std::forward<_U2>(__y)) { }
      |                                          ^~~~~~~~~~~~~~~~~~~~~~~~~~~~~~
In file included from ./db/memtable.h:21,
                 from ./db/memtable_list.h:17,
                 from ./db/column_family.h:17,
                 from ./db/db_impl/db_impl.h:22,
                 from ./db/db_iter.h:13,
                 from db/db_iter.cc:10:
./db/version_edit.h: In instantiation of ‘constexpr std::pair<_T1, _T2>::pair(_U1&&, const _T2&) [with _U1 = int&; typename std::enable_if<std::_PCC<true, _T1, _T2>::_MoveCopyPair<true, _U1, _T2>(), bool>::type <anonymous> = true; _T1 = int; _T2 = rocksdb::FileMetaData]’:
/usr/include/c++/11/ext/new_allocator.h:162:4:   required from ‘void __gnu_cxx::new_allocator<_Tp>::construct(_Up*, _Args&& ...) [with _Up = std::pair<int, rocksdb::FileMetaData>; _Args = {int&, const rocksdb::FileMetaData&}; _Tp = std::pair<int, rocksdb::FileMetaData>]’
/usr/include/c++/11/bits/alloc_traits.h:516:17:   required from ‘static void std::allocator_traits<std::allocator<_CharT> >::construct(std::allocator_traits<std::allocator<_CharT> >::allocator_type&, _Up*, _Args&& ...) [with _Up = std::pair<int, rocksdb::FileMetaData>; _Args = {int&, const rocksdb::FileMetaData&}; _Tp = std::pair<int, rocksdb::FileMetaData>; std::allocator_traits<std::allocator<_CharT> >::allocator_type = std::allocator<std::pair<int, rocksdb::FileMetaData> >]’
/usr/include/c++/11/bits/vector.tcc:115:30:   required from ‘void std::vector<_Tp, _Alloc>::emplace_back(_Args&& ...) [with _Args = {int&, const rocksdb::FileMetaData&}; _Tp = std::pair<int, rocksdb::FileMetaData>; _Alloc = std::allocator<std::pair<int, rocksdb::FileMetaData> >]’
./db/version_edit.h:258:28:   required from here
./db/version_edit.h:86:8: warning: implicitly-declared ‘constexpr rocksdb::FileDescriptor::FileDescriptor(const rocksdb::FileDescriptor&)’ is deprecated [-Wdeprecated-copy]
   86 | struct FileMetaData {
      |        ^~~~~~~~~~~~
./db/version_edit.h:55:19: note: because ‘rocksdb::FileDescriptor’ has user-provided ‘rocksdb::FileDescriptor& rocksdb::FileDescriptor::operator=(const rocksdb::FileDescriptor&)’
   55 |   FileDescriptor& operator=(const FileDescriptor& fd) {
      |                   ^~~~~~~~
In file included from /usr/include/c++/11/bits/stl_algobase.h:64,
                 from /usr/include/c++/11/bits/char_traits.h:39,
                 from /usr/include/c++/11/string:40,
                 from ./db/db_iter.h:12,
                 from db/db_iter.cc:10:
/usr/include/c++/11/bits/stl_pair.h:323:41: note: synthesized method ‘rocksdb::FileMetaData::FileMetaData(const rocksdb::FileMetaData&)’ first required here
  323 |        : first(std::forward<_U1>(__x)), second(__y) { }
      |                                         ^~~~~~~~~~~
In file included from ./db/memtable.h:21,
                 from ./db/memtable_list.h:17,
                 from ./db/column_family.h:17,
                 from ./db/db_impl/db_impl.h:22,
                 from db/error_handler.cc:7:
./db/version_edit.h: In constructor ‘rocksdb::FdWithKeyRange::FdWithKeyRange(rocksdb::FileDescriptor, rocksdb::Slice, rocksdb::Slice, rocksdb::FileMetaData*)’:
./db/version_edit.h:175:9: warning: implicitly-declared ‘constexpr rocksdb::FileDescriptor::FileDescriptor(const rocksdb::FileDescriptor&)’ is deprecated [-Wdeprecated-copy]
  175 |       : fd(_fd),
      |         ^~~~~~~
./db/version_edit.h:55:19: note: because ‘rocksdb::FileDescriptor’ has user-provided ‘rocksdb::FileDescriptor& rocksdb::FileDescriptor::operator=(const rocksdb::FileDescriptor&)’
   55 |   FileDescriptor& operator=(const FileDescriptor& fd) {
      |                   ^~~~~~~~
In file included from ./db/memtable.h:21,
                 from ./db/memtable_list.h:17,
                 from ./db/column_family.h:17,
                 from ./db/event_helpers.h:11,
                 from db/event_helpers.cc:6:
./db/version_edit.h: In constructor ‘rocksdb::FdWithKeyRange::FdWithKeyRange(rocksdb::FileDescriptor, rocksdb::Slice, rocksdb::Slice, rocksdb::FileMetaData*)’:
./db/version_edit.h:175:9: warning: implicitly-declared ‘constexpr rocksdb::FileDescriptor::FileDescriptor(const rocksdb::FileDescriptor&)’ is deprecated [-Wdeprecated-copy]
  175 |       : fd(_fd),
      |         ^~~~~~~
./db/version_edit.h:55:19: note: because ‘rocksdb::FileDescriptor’ has user-provided ‘rocksdb::FileDescriptor& rocksdb::FileDescriptor::operator=(const rocksdb::FileDescriptor&)’
   55 |   FileDescriptor& operator=(const FileDescriptor& fd) {
      |                   ^~~~~~~~
  CC       db/external_sst_file_ingestion_job.o
In file included from ./db/memtable.h:21,
                 from ./db/memtable_list.h:17,
                 from ./db/column_family.h:17,
                 from ./db/db_impl/db_impl.h:22,
                 from db/experimental.cc:8:
./db/version_edit.h: In constructor ‘rocksdb::FdWithKeyRange::FdWithKeyRange(rocksdb::FileDescriptor, rocksdb::Slice, rocksdb::Slice, rocksdb::FileMetaData*)’:
./db/version_edit.h:175:9: warning: implicitly-declared ‘constexpr rocksdb::FileDescriptor::FileDescriptor(const rocksdb::FileDescriptor&)’ is deprecated [-Wdeprecated-copy]
  175 |       : fd(_fd),
      |         ^~~~~~~
./db/version_edit.h:55:19: note: because ‘rocksdb::FileDescriptor’ has user-provided ‘rocksdb::FileDescriptor& rocksdb::FileDescriptor::operator=(const rocksdb::FileDescriptor&)’
   55 |   FileDescriptor& operator=(const FileDescriptor& fd) {
      |                   ^~~~~~~~
./db/version_edit.h: In instantiation of ‘constexpr std::pair<_T1, _T2>::pair(_U1&&, _U2&&) [with _U1 = int&; _U2 = rocksdb::FileMetaData; typename std::enable_if<(std::_PCC<true, _T1, _T2>::_MoveConstructiblePair<_U1, _U2>() && std::_PCC<true, _T1, _T2>::_ImplicitlyMoveConvertiblePair<_U1, _U2>()), bool>::type <anonymous> = true; _T1 = int; _T2 = rocksdb::FileMetaData]’:
/usr/include/c++/11/ext/new_allocator.h:162:4:   required from ‘void __gnu_cxx::new_allocator<_Tp>::construct(_Up*, _Args&& ...) [with _Up = std::pair<int, rocksdb::FileMetaData>; _Args = {int&, rocksdb::FileMetaData}; _Tp = std::pair<int, rocksdb::FileMetaData>]’
/usr/include/c++/11/bits/alloc_traits.h:516:17:   required from ‘static void std::allocator_traits<std::allocator<_Tp1> >::construct(std::allocator_traits<std::allocator<_Tp1> >::allocator_type&, _Up*, _Args&& ...) [with _Up = std::pair<int, rocksdb::FileMetaData>; _Args = {int&, rocksdb::FileMetaData}; _Tp = std::pair<int, rocksdb::FileMetaData>; std::allocator_traits<std::allocator<_Tp1> >::allocator_type = std::allocator<std::pair<int, rocksdb::FileMetaData> >]’
/usr/include/c++/11/bits/vector.tcc:115:30:   required from ‘void std::vector<_Tp, _Alloc>::emplace_back(_Args&& ...) [with _Args = {int&, rocksdb::FileMetaData}; _Tp = std::pair<int, rocksdb::FileMetaData>; _Alloc = std::allocator<std::pair<int, rocksdb::FileMetaData> >]’
./db/version_edit.h:253:28:   required from here
./db/version_edit.h:86:8: warning: implicitly-declared ‘constexpr rocksdb::FileDescriptor::FileDescriptor(const rocksdb::FileDescriptor&)’ is deprecated [-Wdeprecated-copy]
   86 | struct FileMetaData {
      |        ^~~~~~~~~~~~
./db/version_edit.h:55:19: note: because ‘rocksdb::FileDescriptor’ has user-provided ‘rocksdb::FileDescriptor& rocksdb::FileDescriptor::operator=(const rocksdb::FileDescriptor&)’
   55 |   FileDescriptor& operator=(const FileDescriptor& fd) {
      |                   ^~~~~~~~
In file included from /usr/include/c++/11/bits/stl_algobase.h:64,
                 from /usr/include/c++/11/memory:63,
                 from ./db/event_helpers.h:7,
                 from db/event_helpers.cc:6:
/usr/include/c++/11/bits/stl_pair.h:353:42: note: synthesized method ‘rocksdb::FileMetaData::FileMetaData(rocksdb::FileMetaData&&)’ first required here
  353 |         : first(std::forward<_U1>(__x)), second(std::forward<_U2>(__y)) { }
      |                                          ^~~~~~~~~~~~~~~~~~~~~~~~~~~~~~
In file included from ./db/memtable.h:21,
                 from ./db/memtable_list.h:17,
                 from ./db/column_family.h:17,
                 from ./db/event_helpers.h:11,
                 from db/event_helpers.cc:6:
./db/version_edit.h: In instantiation of ‘constexpr std::pair<_T1, _T2>::pair(_U1&&, const _T2&) [with _U1 = int&; typename std::enable_if<std::_PCC<true, _T1, _T2>::_MoveCopyPair<true, _U1, _T2>(), bool>::type <anonymous> = true; _T1 = int; _T2 = rocksdb::FileMetaData]’:
/usr/include/c++/11/ext/new_allocator.h:162:4:   required from ‘void __gnu_cxx::new_allocator<_Tp>::construct(_Up*, _Args&& ...) [with _Up = std::pair<int, rocksdb::FileMetaData>; _Args = {int&, const rocksdb::FileMetaData&}; _Tp = std::pair<int, rocksdb::FileMetaData>]’
/usr/include/c++/11/bits/alloc_traits.h:516:17:   required from ‘static void std::allocator_traits<std::allocator<_Tp1> >::construct(std::allocator_traits<std::allocator<_Tp1> >::allocator_type&, _Up*, _Args&& ...) [with _Up = std::pair<int, rocksdb::FileMetaData>; _Args = {int&, const rocksdb::FileMetaData&}; _Tp = std::pair<int, rocksdb::FileMetaData>; std::allocator_traits<std::allocator<_Tp1> >::allocator_type = std::allocator<std::pair<int, rocksdb::FileMetaData> >]’
/usr/include/c++/11/bits/vector.tcc:115:30:   required from ‘void std::vector<_Tp, _Alloc>::emplace_back(_Args&& ...) [with _Args = {int&, const rocksdb::FileMetaData&}; _Tp = std::pair<int, rocksdb::FileMetaData>; _Alloc = std::allocator<std::pair<int, rocksdb::FileMetaData> >]’
./db/version_edit.h:258:28:   required from here
./db/version_edit.h:86:8: warning: implicitly-declared ‘constexpr rocksdb::FileDescriptor::FileDescriptor(const rocksdb::FileDescriptor&)’ is deprecated [-Wdeprecated-copy]
   86 | struct FileMetaData {
      |        ^~~~~~~~~~~~
./db/version_edit.h:55:19: note: because ‘rocksdb::FileDescriptor’ has user-provided ‘rocksdb::FileDescriptor& rocksdb::FileDescriptor::operator=(const rocksdb::FileDescriptor&)’
   55 |   FileDescriptor& operator=(const FileDescriptor& fd) {
      |                   ^~~~~~~~
In file included from /usr/include/c++/11/bits/stl_algobase.h:64,
                 from /usr/include/c++/11/memory:63,
                 from ./db/event_helpers.h:7,
                 from db/event_helpers.cc:6:
/usr/include/c++/11/bits/stl_pair.h:323:41: note: synthesized method ‘rocksdb::FileMetaData::FileMetaData(const rocksdb::FileMetaData&)’ first required here
  323 |        : first(std::forward<_U1>(__x)), second(__y) { }
      |                                         ^~~~~~~~~~~
  CC       db/file_indexer.o
In file included from ./db/memtable.h:21,
                 from ./db/memtable_list.h:17,
                 from ./db/column_family.h:17,
                 from ./db/external_sst_file_ingestion_job.h:11,
                 from db/external_sst_file_ingestion_job.cc:8:
./db/version_edit.h: In constructor ‘rocksdb::FdWithKeyRange::FdWithKeyRange(rocksdb::FileDescriptor, rocksdb::Slice, rocksdb::Slice, rocksdb::FileMetaData*)’:
./db/version_edit.h:175:9: warning: implicitly-declared ‘constexpr rocksdb::FileDescriptor::FileDescriptor(const rocksdb::FileDescriptor&)’ is deprecated [-Wdeprecated-copy]
  175 |       : fd(_fd),
      |         ^~~~~~~
./db/version_edit.h:55:19: note: because ‘rocksdb::FileDescriptor’ has user-provided ‘rocksdb::FileDescriptor& rocksdb::FileDescriptor::operator=(const rocksdb::FileDescriptor&)’
   55 |   FileDescriptor& operator=(const FileDescriptor& fd) {
      |                   ^~~~~~~~
./db/version_edit.h: In instantiation of ‘constexpr std::pair<_T1, _T2>::pair(_U1&&, _U2&&) [with _U1 = int&; _U2 = rocksdb::FileMetaData; typename std::enable_if<(std::_PCC<true, _T1, _T2>::_MoveConstructiblePair<_U1, _U2>() && std::_PCC<true, _T1, _T2>::_ImplicitlyMoveConvertiblePair<_U1, _U2>()), bool>::type <anonymous> = true; _T1 = int; _T2 = rocksdb::FileMetaData]’:
/usr/include/c++/11/ext/new_allocator.h:162:4:   required from ‘void __gnu_cxx::new_allocator<_Tp>::construct(_Up*, _Args&& ...) [with _Up = std::pair<int, rocksdb::FileMetaData>; _Args = {int&, rocksdb::FileMetaData}; _Tp = std::pair<int, rocksdb::FileMetaData>]’
/usr/include/c++/11/bits/alloc_traits.h:516:17:   required from ‘static void std::allocator_traits<std::allocator<_Tp1> >::construct(std::allocator_traits<std::allocator<_Tp1> >::allocator_type&, _Up*, _Args&& ...) [with _Up = std::pair<int, rocksdb::FileMetaData>; _Args = {int&, rocksdb::FileMetaData}; _Tp = std::pair<int, rocksdb::FileMetaData>; std::allocator_traits<std::allocator<_Tp1> >::allocator_type = std::allocator<std::pair<int, rocksdb::FileMetaData> >]’
/usr/include/c++/11/bits/vector.tcc:115:30:   required from ‘void std::vector<_Tp, _Alloc>::emplace_back(_Args&& ...) [with _Args = {int&, rocksdb::FileMetaData}; _Tp = std::pair<int, rocksdb::FileMetaData>; _Alloc = std::allocator<std::pair<int, rocksdb::FileMetaData> >]’
./db/version_edit.h:253:28:   required from here
./db/version_edit.h:86:8: warning: implicitly-declared ‘constexpr rocksdb::FileDescriptor::FileDescriptor(const rocksdb::FileDescriptor&)’ is deprecated [-Wdeprecated-copy]
   86 | struct FileMetaData {
      |        ^~~~~~~~~~~~
./db/version_edit.h:55:19: note: because ‘rocksdb::FileDescriptor’ has user-provided ‘rocksdb::FileDescriptor& rocksdb::FileDescriptor::operator=(const rocksdb::FileDescriptor&)’
   55 |   FileDescriptor& operator=(const FileDescriptor& fd) {
      |                   ^~~~~~~~
In file included from /usr/include/c++/11/bits/stl_algobase.h:64,
                 from /usr/include/c++/11/bits/stl_tree.h:63,
                 from /usr/include/c++/11/map:60,
                 from ./include/rocksdb/statistics.h:11,
                 from ./monitoring/statistics.h:7,
                 from ./monitoring/instrumented_mutex.h:8,
                 from ./db/error_handler.h:7,
                 from db/error_handler.cc:6:
/usr/include/c++/11/bits/stl_pair.h:353:42: note: synthesized method ‘rocksdb::FileMetaData::FileMetaData(rocksdb::FileMetaData&&)’ first required here
  353 |         : first(std::forward<_U1>(__x)), second(std::forward<_U2>(__y)) { }
      |                                          ^~~~~~~~~~~~~~~~~~~~~~~~~~~~~~
In file included from ./db/memtable.h:21,
                 from ./db/memtable_list.h:17,
                 from ./db/column_family.h:17,
                 from ./db/db_impl/db_impl.h:22,
                 from db/error_handler.cc:7:
./db/version_edit.h: In instantiation of ‘constexpr std::pair<_T1, _T2>::pair(_U1&&, const _T2&) [with _U1 = int&; typename std::enable_if<std::_PCC<true, _T1, _T2>::_MoveCopyPair<true, _U1, _T2>(), bool>::type <anonymous> = true; _T1 = int; _T2 = rocksdb::FileMetaData]’:
/usr/include/c++/11/ext/new_allocator.h:162:4:   required from ‘void __gnu_cxx::new_allocator<_Tp>::construct(_Up*, _Args&& ...) [with _Up = std::pair<int, rocksdb::FileMetaData>; _Args = {int&, const rocksdb::FileMetaData&}; _Tp = std::pair<int, rocksdb::FileMetaData>]’
/usr/include/c++/11/bits/alloc_traits.h:516:17:   required from ‘static void std::allocator_traits<std::allocator<_Tp1> >::construct(std::allocator_traits<std::allocator<_Tp1> >::allocator_type&, _Up*, _Args&& ...) [with _Up = std::pair<int, rocksdb::FileMetaData>; _Args = {int&, const rocksdb::FileMetaData&}; _Tp = std::pair<int, rocksdb::FileMetaData>; std::allocator_traits<std::allocator<_Tp1> >::allocator_type = std::allocator<std::pair<int, rocksdb::FileMetaData> >]’
/usr/include/c++/11/bits/vector.tcc:115:30:   required from ‘void std::vector<_Tp, _Alloc>::emplace_back(_Args&& ...) [with _Args = {int&, const rocksdb::FileMetaData&}; _Tp = std::pair<int, rocksdb::FileMetaData>; _Alloc = std::allocator<std::pair<int, rocksdb::FileMetaData> >]’
./db/version_edit.h:258:28:   required from here
./db/version_edit.h:86:8: warning: implicitly-declared ‘constexpr rocksdb::FileDescriptor::FileDescriptor(const rocksdb::FileDescriptor&)’ is deprecated [-Wdeprecated-copy]
   86 | struct FileMetaData {
      |        ^~~~~~~~~~~~
./db/version_edit.h:55:19: note: because ‘rocksdb::FileDescriptor’ has user-provided ‘rocksdb::FileDescriptor& rocksdb::FileDescriptor::operator=(const rocksdb::FileDescriptor&)’
   55 |   FileDescriptor& operator=(const FileDescriptor& fd) {
      |                   ^~~~~~~~
In file included from /usr/include/c++/11/bits/stl_algobase.h:64,
                 from /usr/include/c++/11/bits/stl_tree.h:63,
                 from /usr/include/c++/11/map:60,
                 from ./include/rocksdb/statistics.h:11,
                 from ./monitoring/statistics.h:7,
                 from ./monitoring/instrumented_mutex.h:8,
                 from ./db/error_handler.h:7,
                 from db/error_handler.cc:6:
/usr/include/c++/11/bits/stl_pair.h:323:41: note: synthesized method ‘rocksdb::FileMetaData::FileMetaData(const rocksdb::FileMetaData&)’ first required here
  323 |        : first(std::forward<_U1>(__x)), second(__y) { }
      |                                         ^~~~~~~~~~~
In file included from db/file_indexer.cc:13:
./db/version_edit.h: In constructor ‘rocksdb::FdWithKeyRange::FdWithKeyRange(rocksdb::FileDescriptor, rocksdb::Slice, rocksdb::Slice, rocksdb::FileMetaData*)’:
./db/version_edit.h:175:9: warning: implicitly-declared ‘constexpr rocksdb::FileDescriptor::FileDescriptor(const rocksdb::FileDescriptor&)’ is deprecated [-Wdeprecated-copy]
  175 |       : fd(_fd),
      |         ^~~~~~~
./db/version_edit.h:55:19: note: because ‘rocksdb::FileDescriptor’ has user-provided ‘rocksdb::FileDescriptor& rocksdb::FileDescriptor::operator=(const rocksdb::FileDescriptor&)’
   55 |   FileDescriptor& operator=(const FileDescriptor& fd) {
      |                   ^~~~~~~~
./db/version_edit.h: In instantiation of ‘constexpr std::pair<_T1, _T2>::pair(_U1&&, _U2&&) [with _U1 = int&; _U2 = rocksdb::FileMetaData; typename std::enable_if<(std::_PCC<true, _T1, _T2>::_MoveConstructiblePair<_U1, _U2>() && std::_PCC<true, _T1, _T2>::_ImplicitlyMoveConvertiblePair<_U1, _U2>()), bool>::type <anonymous> = true; _T1 = int; _T2 = rocksdb::FileMetaData]’:
/usr/include/c++/11/ext/new_allocator.h:162:4:   required from ‘void __gnu_cxx::new_allocator<_Tp>::construct(_Up*, _Args&& ...) [with _Up = std::pair<int, rocksdb::FileMetaData>; _Args = {int&, rocksdb::FileMetaData}; _Tp = std::pair<int, rocksdb::FileMetaData>]’
/usr/include/c++/11/bits/alloc_traits.h:516:17:   required from ‘static void std::allocator_traits<std::allocator<_Tp1> >::construct(std::allocator_traits<std::allocator<_Tp1> >::allocator_type&, _Up*, _Args&& ...) [with _Up = std::pair<int, rocksdb::FileMetaData>; _Args = {int&, rocksdb::FileMetaData}; _Tp = std::pair<int, rocksdb::FileMetaData>; std::allocator_traits<std::allocator<_Tp1> >::allocator_type = std::allocator<std::pair<int, rocksdb::FileMetaData> >]’
/usr/include/c++/11/bits/vector.tcc:115:30:   required from ‘void std::vector<_Tp, _Alloc>::emplace_back(_Args&& ...) [with _Args = {int&, rocksdb::FileMetaData}; _Tp = std::pair<int, rocksdb::FileMetaData>; _Alloc = std::allocator<std::pair<int, rocksdb::FileMetaData> >]’
./db/version_edit.h:253:28:   required from here
./db/version_edit.h:86:8: warning: implicitly-declared ‘constexpr rocksdb::FileDescriptor::FileDescriptor(const rocksdb::FileDescriptor&)’ is deprecated [-Wdeprecated-copy]
   86 | struct FileMetaData {
      |        ^~~~~~~~~~~~
./db/version_edit.h:55:19: note: because ‘rocksdb::FileDescriptor’ has user-provided ‘rocksdb::FileDescriptor& rocksdb::FileDescriptor::operator=(const rocksdb::FileDescriptor&)’
   55 |   FileDescriptor& operator=(const FileDescriptor& fd) {
      |                   ^~~~~~~~
In file included from /usr/include/c++/11/bits/stl_algobase.h:64,
                 from /usr/include/c++/11/bits/stl_tree.h:63,
                 from /usr/include/c++/11/map:60,
                 from ./include/rocksdb/db.h:13,
                 from ./include/rocksdb/experimental.h:8,
                 from db/experimental.cc:6:
/usr/include/c++/11/bits/stl_pair.h:353:42: note: synthesized method ‘rocksdb::FileMetaData::FileMetaData(rocksdb::FileMetaData&&)’ first required here
  353 |         : first(std::forward<_U1>(__x)), second(std::forward<_U2>(__y)) { }
      |                                          ^~~~~~~~~~~~~~~~~~~~~~~~~~~~~~
In file included from ./db/memtable.h:21,
                 from ./db/memtable_list.h:17,
                 from ./db/column_family.h:17,
                 from ./db/db_impl/db_impl.h:22,
                 from db/experimental.cc:8:
./db/version_edit.h: In instantiation of ‘constexpr std::pair<_T1, _T2>::pair(_U1&&, const _T2&) [with _U1 = int&; typename std::enable_if<std::_PCC<true, _T1, _T2>::_MoveCopyPair<true, _U1, _T2>(), bool>::type <anonymous> = true; _T1 = int; _T2 = rocksdb::FileMetaData]’:
/usr/include/c++/11/ext/new_allocator.h:162:4:   required from ‘void __gnu_cxx::new_allocator<_Tp>::construct(_Up*, _Args&& ...) [with _Up = std::pair<int, rocksdb::FileMetaData>; _Args = {int&, const rocksdb::FileMetaData&}; _Tp = std::pair<int, rocksdb::FileMetaData>]’
/usr/include/c++/11/bits/alloc_traits.h:516:17:   required from ‘static void std::allocator_traits<std::allocator<_Tp1> >::construct(std::allocator_traits<std::allocator<_Tp1> >::allocator_type&, _Up*, _Args&& ...) [with _Up = std::pair<int, rocksdb::FileMetaData>; _Args = {int&, const rocksdb::FileMetaData&}; _Tp = std::pair<int, rocksdb::FileMetaData>; std::allocator_traits<std::allocator<_Tp1> >::allocator_type = std::allocator<std::pair<int, rocksdb::FileMetaData> >]’
/usr/include/c++/11/bits/vector.tcc:115:30:   required from ‘void std::vector<_Tp, _Alloc>::emplace_back(_Args&& ...) [with _Args = {int&, const rocksdb::FileMetaData&}; _Tp = std::pair<int, rocksdb::FileMetaData>; _Alloc = std::allocator<std::pair<int, rocksdb::FileMetaData> >]’
./db/version_edit.h:258:28:   required from here
./db/version_edit.h:86:8: warning: implicitly-declared ‘constexpr rocksdb::FileDescriptor::FileDescriptor(const rocksdb::FileDescriptor&)’ is deprecated [-Wdeprecated-copy]
   86 | struct FileMetaData {
      |        ^~~~~~~~~~~~
./db/version_edit.h:55:19: note: because ‘rocksdb::FileDescriptor’ has user-provided ‘rocksdb::FileDescriptor& rocksdb::FileDescriptor::operator=(const rocksdb::FileDescriptor&)’
   55 |   FileDescriptor& operator=(const FileDescriptor& fd) {
      |                   ^~~~~~~~
In file included from /usr/include/c++/11/bits/stl_algobase.h:64,
                 from /usr/include/c++/11/bits/stl_tree.h:63,
                 from /usr/include/c++/11/map:60,
                 from ./include/rocksdb/db.h:13,
                 from ./include/rocksdb/experimental.h:8,
                 from db/experimental.cc:6:
/usr/include/c++/11/bits/stl_pair.h:323:41: note: synthesized method ‘rocksdb::FileMetaData::FileMetaData(const rocksdb::FileMetaData&)’ first required here
  323 |        : first(std::forward<_U1>(__x)), second(__y) { }
      |                                         ^~~~~~~~~~~
  CC       db/flush_job.o
./db/version_edit.h: In instantiation of ‘constexpr std::pair<_T1, _T2>::pair(_U1&&, _U2&&) [with _U1 = int&; _U2 = rocksdb::FileMetaData; typename std::enable_if<(std::_PCC<true, _T1, _T2>::_MoveConstructiblePair<_U1, _U2>() && std::_PCC<true, _T1, _T2>::_ImplicitlyMoveConvertiblePair<_U1, _U2>()), bool>::type <anonymous> = true; _T1 = int; _T2 = rocksdb::FileMetaData]’:
/usr/include/c++/11/ext/new_allocator.h:162:4:   required from ‘void __gnu_cxx::new_allocator<_Tp>::construct(_Up*, _Args&& ...) [with _Up = std::pair<int, rocksdb::FileMetaData>; _Args = {int&, rocksdb::FileMetaData}; _Tp = std::pair<int, rocksdb::FileMetaData>]’
/usr/include/c++/11/bits/alloc_traits.h:516:17:   required from ‘static void std::allocator_traits<std::allocator<_Tp1> >::construct(std::allocator_traits<std::allocator<_Tp1> >::allocator_type&, _Up*, _Args&& ...) [with _Up = std::pair<int, rocksdb::FileMetaData>; _Args = {int&, rocksdb::FileMetaData}; _Tp = std::pair<int, rocksdb::FileMetaData>; std::allocator_traits<std::allocator<_Tp1> >::allocator_type = std::allocator<std::pair<int, rocksdb::FileMetaData> >]’
/usr/include/c++/11/bits/vector.tcc:115:30:   required from ‘void std::vector<_Tp, _Alloc>::emplace_back(_Args&& ...) [with _Args = {int&, rocksdb::FileMetaData}; _Tp = std::pair<int, rocksdb::FileMetaData>; _Alloc = std::allocator<std::pair<int, rocksdb::FileMetaData> >]’
./db/version_edit.h:253:28:   required from here
./db/version_edit.h:86:8: warning: implicitly-declared ‘constexpr rocksdb::FileDescriptor::FileDescriptor(const rocksdb::FileDescriptor&)’ is deprecated [-Wdeprecated-copy]
   86 | struct FileMetaData {
      |        ^~~~~~~~~~~~
./db/version_edit.h:55:19: note: because ‘rocksdb::FileDescriptor’ has user-provided ‘rocksdb::FileDescriptor& rocksdb::FileDescriptor::operator=(const rocksdb::FileDescriptor&)’
   55 |   FileDescriptor& operator=(const FileDescriptor& fd) {
      |                   ^~~~~~~~
In file included from /usr/include/c++/11/utility:70,
                 from /usr/include/c++/11/tuple:38,
                 from /usr/include/c++/11/functional:54,
                 from ./db/file_indexer.h:12,
                 from db/file_indexer.cc:10:
/usr/include/c++/11/bits/stl_pair.h:353:42: note: synthesized method ‘rocksdb::FileMetaData::FileMetaData(rocksdb::FileMetaData&&)’ first required here
  353 |         : first(std::forward<_U1>(__x)), second(std::forward<_U2>(__y)) { }
      |                                          ^~~~~~~~~~~~~~~~~~~~~~~~~~~~~~
In file included from db/file_indexer.cc:13:
./db/version_edit.h: In instantiation of ‘constexpr std::pair<_T1, _T2>::pair(_U1&&, const _T2&) [with _U1 = int&; typename std::enable_if<std::_PCC<true, _T1, _T2>::_MoveCopyPair<true, _U1, _T2>(), bool>::type <anonymous> = true; _T1 = int; _T2 = rocksdb::FileMetaData]’:
/usr/include/c++/11/ext/new_allocator.h:162:4:   required from ‘void __gnu_cxx::new_allocator<_Tp>::construct(_Up*, _Args&& ...) [with _Up = std::pair<int, rocksdb::FileMetaData>; _Args = {int&, const rocksdb::FileMetaData&}; _Tp = std::pair<int, rocksdb::FileMetaData>]’
/usr/include/c++/11/bits/alloc_traits.h:516:17:   required from ‘static void std::allocator_traits<std::allocator<_Tp1> >::construct(std::allocator_traits<std::allocator<_Tp1> >::allocator_type&, _Up*, _Args&& ...) [with _Up = std::pair<int, rocksdb::FileMetaData>; _Args = {int&, const rocksdb::FileMetaData&}; _Tp = std::pair<int, rocksdb::FileMetaData>; std::allocator_traits<std::allocator<_Tp1> >::allocator_type = std::allocator<std::pair<int, rocksdb::FileMetaData> >]’
/usr/include/c++/11/bits/vector.tcc:115:30:   required from ‘void std::vector<_Tp, _Alloc>::emplace_back(_Args&& ...) [with _Args = {int&, const rocksdb::FileMetaData&}; _Tp = std::pair<int, rocksdb::FileMetaData>; _Alloc = std::allocator<std::pair<int, rocksdb::FileMetaData> >]’
./db/version_edit.h:258:28:   required from here
./db/version_edit.h:86:8: warning: implicitly-declared ‘constexpr rocksdb::FileDescriptor::FileDescriptor(const rocksdb::FileDescriptor&)’ is deprecated [-Wdeprecated-copy]
   86 | struct FileMetaData {
      |        ^~~~~~~~~~~~
./db/version_edit.h:55:19: note: because ‘rocksdb::FileDescriptor’ has user-provided ‘rocksdb::FileDescriptor& rocksdb::FileDescriptor::operator=(const rocksdb::FileDescriptor&)’
   55 |   FileDescriptor& operator=(const FileDescriptor& fd) {
      |                   ^~~~~~~~
In file included from /usr/include/c++/11/utility:70,
                 from /usr/include/c++/11/tuple:38,
                 from /usr/include/c++/11/functional:54,
                 from ./db/file_indexer.h:12,
                 from db/file_indexer.cc:10:
/usr/include/c++/11/bits/stl_pair.h:323:41: note: synthesized method ‘rocksdb::FileMetaData::FileMetaData(const rocksdb::FileMetaData&)’ first required here
  323 |        : first(std::forward<_U1>(__x)), second(__y) { }
      |                                         ^~~~~~~~~~~
  CC       db/flush_scheduler.o
./db/version_edit.h: In instantiation of ‘constexpr std::pair<_T1, _T2>::pair(_U1&&, _U2&&) [with _U1 = int&; _U2 = rocksdb::FileMetaData; typename std::enable_if<(std::_PCC<true, _T1, _T2>::_MoveConstructiblePair<_U1, _U2>() && std::_PCC<true, _T1, _T2>::_ImplicitlyMoveConvertiblePair<_U1, _U2>()), bool>::type <anonymous> = true; _T1 = int; _T2 = rocksdb::FileMetaData]’:
/usr/include/c++/11/ext/new_allocator.h:162:4:   required from ‘void __gnu_cxx::new_allocator<_Tp>::construct(_Up*, _Args&& ...) [with _Up = std::pair<int, rocksdb::FileMetaData>; _Args = {int&, rocksdb::FileMetaData}; _Tp = std::pair<int, rocksdb::FileMetaData>]’
/usr/include/c++/11/bits/alloc_traits.h:516:17:   required from ‘static void std::allocator_traits<std::allocator<_CharT> >::construct(std::allocator_traits<std::allocator<_CharT> >::allocator_type&, _Up*, _Args&& ...) [with _Up = std::pair<int, rocksdb::FileMetaData>; _Args = {int&, rocksdb::FileMetaData}; _Tp = std::pair<int, rocksdb::FileMetaData>; std::allocator_traits<std::allocator<_CharT> >::allocator_type = std::allocator<std::pair<int, rocksdb::FileMetaData> >]’
/usr/include/c++/11/bits/vector.tcc:115:30:   required from ‘void std::vector<_Tp, _Alloc>::emplace_back(_Args&& ...) [with _Args = {int&, rocksdb::FileMetaData}; _Tp = std::pair<int, rocksdb::FileMetaData>; _Alloc = std::allocator<std::pair<int, rocksdb::FileMetaData> >]’
./db/version_edit.h:253:28:   required from here
./db/version_edit.h:86:8: warning: implicitly-declared ‘constexpr rocksdb::FileDescriptor::FileDescriptor(const rocksdb::FileDescriptor&)’ is deprecated [-Wdeprecated-copy]
   86 | struct FileMetaData {
      |        ^~~~~~~~~~~~
./db/version_edit.h:55:19: note: because ‘rocksdb::FileDescriptor’ has user-provided ‘rocksdb::FileDescriptor& rocksdb::FileDescriptor::operator=(const rocksdb::FileDescriptor&)’
   55 |   FileDescriptor& operator=(const FileDescriptor& fd) {
      |                   ^~~~~~~~
In file included from /usr/include/c++/11/bits/stl_algobase.h:64,
                 from /usr/include/c++/11/bits/char_traits.h:39,
                 from /usr/include/c++/11/string:40,
                 from ./db/external_sst_file_ingestion_job.h:7,
                 from db/external_sst_file_ingestion_job.cc:8:
/usr/include/c++/11/bits/stl_pair.h:353:42: note: synthesized method ‘rocksdb::FileMetaData::FileMetaData(rocksdb::FileMetaData&&)’ first required here
  353 |         : first(std::forward<_U1>(__x)), second(std::forward<_U2>(__y)) { }
      |                                          ^~~~~~~~~~~~~~~~~~~~~~~~~~~~~~
In file included from ./db/memtable.h:21,
                 from ./db/memtable_list.h:17,
                 from ./db/column_family.h:17,
                 from ./db/external_sst_file_ingestion_job.h:11,
                 from db/external_sst_file_ingestion_job.cc:8:
./db/version_edit.h: In instantiation of ‘constexpr std::pair<_T1, _T2>::pair(_U1&&, const _T2&) [with _U1 = int&; typename std::enable_if<std::_PCC<true, _T1, _T2>::_MoveCopyPair<true, _U1, _T2>(), bool>::type <anonymous> = true; _T1 = int; _T2 = rocksdb::FileMetaData]’:
/usr/include/c++/11/ext/new_allocator.h:162:4:   required from ‘void __gnu_cxx::new_allocator<_Tp>::construct(_Up*, _Args&& ...) [with _Up = std::pair<int, rocksdb::FileMetaData>; _Args = {int&, const rocksdb::FileMetaData&}; _Tp = std::pair<int, rocksdb::FileMetaData>]’
/usr/include/c++/11/bits/alloc_traits.h:516:17:   required from ‘static void std::allocator_traits<std::allocator<_CharT> >::construct(std::allocator_traits<std::allocator<_CharT> >::allocator_type&, _Up*, _Args&& ...) [with _Up = std::pair<int, rocksdb::FileMetaData>; _Args = {int&, const rocksdb::FileMetaData&}; _Tp = std::pair<int, rocksdb::FileMetaData>; std::allocator_traits<std::allocator<_CharT> >::allocator_type = std::allocator<std::pair<int, rocksdb::FileMetaData> >]’
/usr/include/c++/11/bits/vector.tcc:115:30:   required from ‘void std::vector<_Tp, _Alloc>::emplace_back(_Args&& ...) [with _Args = {int&, const rocksdb::FileMetaData&}; _Tp = std::pair<int, rocksdb::FileMetaData>; _Alloc = std::allocator<std::pair<int, rocksdb::FileMetaData> >]’
./db/version_edit.h:258:28:   required from here
./db/version_edit.h:86:8: warning: implicitly-declared ‘constexpr rocksdb::FileDescriptor::FileDescriptor(const rocksdb::FileDescriptor&)’ is deprecated [-Wdeprecated-copy]
   86 | struct FileMetaData {
      |        ^~~~~~~~~~~~
./db/version_edit.h:55:19: note: because ‘rocksdb::FileDescriptor’ has user-provided ‘rocksdb::FileDescriptor& rocksdb::FileDescriptor::operator=(const rocksdb::FileDescriptor&)’
   55 |   FileDescriptor& operator=(const FileDescriptor& fd) {
      |                   ^~~~~~~~
In file included from /usr/include/c++/11/bits/stl_algobase.h:64,
                 from /usr/include/c++/11/bits/char_traits.h:39,
                 from /usr/include/c++/11/string:40,
                 from ./db/external_sst_file_ingestion_job.h:7,
                 from db/external_sst_file_ingestion_job.cc:8:
/usr/include/c++/11/bits/stl_pair.h:323:41: note: synthesized method ‘rocksdb::FileMetaData::FileMetaData(const rocksdb::FileMetaData&)’ first required here
  323 |        : first(std::forward<_U1>(__x)), second(__y) { }
      |                                         ^~~~~~~~~~~
In file included from db/external_sst_file_ingestion_job.cc:8:
./db/external_sst_file_ingestion_job.h: In instantiation of ‘void __gnu_cxx::new_allocator<_Tp>::construct(_Up*, _Args&& ...) [with _Up = rocksdb::IngestedFileInfo; _Args = {const rocksdb::IngestedFileInfo&}; _Tp = rocksdb::IngestedFileInfo]’:
/usr/include/c++/11/bits/alloc_traits.h:516:17:   required from ‘static void std::allocator_traits<std::allocator<_CharT> >::construct(std::allocator_traits<std::allocator<_CharT> >::allocator_type&, _Up*, _Args&& ...) [with _Up = rocksdb::IngestedFileInfo; _Args = {const rocksdb::IngestedFileInfo&}; _Tp = rocksdb::IngestedFileInfo; std::allocator_traits<std::allocator<_CharT> >::allocator_type = std::allocator<rocksdb::IngestedFileInfo>]’
/usr/include/c++/11/bits/stl_vector.h:1192:30:   required from ‘void std::vector<_Tp, _Alloc>::push_back(const value_type&) [with _Tp = rocksdb::IngestedFileInfo; _Alloc = std::allocator<rocksdb::IngestedFileInfo>; std::vector<_Tp, _Alloc>::value_type = rocksdb::IngestedFileInfo]’
./util/autovector.h:285:22:   required from ‘void rocksdb::autovector<T, kSize>::push_back(const T&) [with T = rocksdb::IngestedFileInfo; long unsigned int kSize = 8]’
db/external_sst_file_ingestion_job.cc:39:31:   required from here
./db/external_sst_file_ingestion_job.h:23:8: warning: implicitly-declared ‘constexpr rocksdb::FileDescriptor::FileDescriptor(const rocksdb::FileDescriptor&)’ is deprecated [-Wdeprecated-copy]
   23 | struct IngestedFileInfo {
      |        ^~~~~~~~~~~~~~~~
In file included from ./db/memtable.h:21,
                 from ./db/memtable_list.h:17,
                 from ./db/column_family.h:17,
                 from ./db/external_sst_file_ingestion_job.h:11,
                 from db/external_sst_file_ingestion_job.cc:8:
./db/version_edit.h:55:19: note: because ‘rocksdb::FileDescriptor’ has user-provided ‘rocksdb::FileDescriptor& rocksdb::FileDescriptor::operator=(const rocksdb::FileDescriptor&)’
   55 |   FileDescriptor& operator=(const FileDescriptor& fd) {
      |                   ^~~~~~~~
In file included from /usr/include/x86_64-linux-gnu/c++/11/bits/c++allocator.h:33,
                 from /usr/include/c++/11/bits/allocator.h:46,
                 from /usr/include/c++/11/string:41,
                 from ./db/external_sst_file_ingestion_job.h:7,
                 from db/external_sst_file_ingestion_job.cc:8:
/usr/include/c++/11/ext/new_allocator.h:162:11: note: synthesized method ‘rocksdb::IngestedFileInfo::IngestedFileInfo(const rocksdb::IngestedFileInfo&)’ first required here
  162 |         { ::new((void *)__p) _Up(std::forward<_Args>(__args)...); }
      |           ^~~~~~~~~~~~~~~~~~~~~~~~~~~~~~~~~~~~~~~~~~~~~~~~~~~~~~
In file included from db/external_sst_file_ingestion_job.cc:8:
./db/external_sst_file_ingestion_job.h: In instantiation of ‘void std::_Construct(_Tp*, _Args&& ...) [with _Tp = rocksdb::IngestedFileInfo; _Args = {rocksdb::IngestedFileInfo}]’:
/usr/include/c++/11/bits/stl_uninitialized.h:92:18:   required from ‘static _ForwardIterator std::__uninitialized_copy<_TrivialValueTypes>::__uninit_copy(_InputIterator, _InputIterator, _ForwardIterator) [with _InputIterator = std::move_iterator<rocksdb::IngestedFileInfo*>; _ForwardIterator = rocksdb::IngestedFileInfo*; bool _TrivialValueTypes = false]’
/usr/include/c++/11/bits/stl_uninitialized.h:151:15:   required from ‘_ForwardIterator std::uninitialized_copy(_InputIterator, _InputIterator, _ForwardIterator) [with _InputIterator = std::move_iterator<rocksdb::IngestedFileInfo*>; _ForwardIterator = rocksdb::IngestedFileInfo*]’
/usr/include/c++/11/bits/stl_uninitialized.h:333:37:   required from ‘_ForwardIterator std::__uninitialized_copy_a(_InputIterator, _InputIterator, _ForwardIterator, std::allocator<_Tp>&) [with _InputIterator = std::move_iterator<rocksdb::IngestedFileInfo*>; _ForwardIterator = rocksdb::IngestedFileInfo*; _Tp = rocksdb::IngestedFileInfo]’
/usr/include/c++/11/bits/stl_uninitialized.h:355:2:   required from ‘_ForwardIterator std::__uninitialized_move_if_noexcept_a(_InputIterator, _InputIterator, _ForwardIterator, _Allocator&) [with _InputIterator = rocksdb::IngestedFileInfo*; _ForwardIterator = rocksdb::IngestedFileInfo*; _Allocator = std::allocator<rocksdb::IngestedFileInfo>]’
/usr/include/c++/11/bits/vector.tcc:474:3:   required from ‘void std::vector<_Tp, _Alloc>::_M_realloc_insert(std::vector<_Tp, _Alloc>::iterator, _Args&& ...) [with _Args = {const rocksdb::IngestedFileInfo&}; _Tp = rocksdb::IngestedFileInfo; _Alloc = std::allocator<rocksdb::IngestedFileInfo>; std::vector<_Tp, _Alloc>::iterator = std::vector<rocksdb::IngestedFileInfo, std::allocator<rocksdb::IngestedFileInfo> >::iterator]’
/usr/include/c++/11/bits/stl_vector.h:1198:21:   required from ‘void std::vector<_Tp, _Alloc>::push_back(const value_type&) [with _Tp = rocksdb::IngestedFileInfo; _Alloc = std::allocator<rocksdb::IngestedFileInfo>; std::vector<_Tp, _Alloc>::value_type = rocksdb::IngestedFileInfo]’
./util/autovector.h:285:22:   required from ‘void rocksdb::autovector<T, kSize>::push_back(const T&) [with T = rocksdb::IngestedFileInfo; long unsigned int kSize = 8]’
db/external_sst_file_ingestion_job.cc:39:31:   required from here
./db/external_sst_file_ingestion_job.h:23:8: warning: implicitly-declared ‘constexpr rocksdb::FileDescriptor::FileDescriptor(const rocksdb::FileDescriptor&)’ is deprecated [-Wdeprecated-copy]
   23 | struct IngestedFileInfo {
      |        ^~~~~~~~~~~~~~~~
In file included from ./db/memtable.h:21,
                 from ./db/memtable_list.h:17,
                 from ./db/column_family.h:17,
                 from ./db/external_sst_file_ingestion_job.h:11,
                 from db/external_sst_file_ingestion_job.cc:8:
./db/version_edit.h:55:19: note: because ‘rocksdb::FileDescriptor’ has user-provided ‘rocksdb::FileDescriptor& rocksdb::FileDescriptor::operator=(const rocksdb::FileDescriptor&)’
   55 |   FileDescriptor& operator=(const FileDescriptor& fd) {
      |                   ^~~~~~~~
In file included from /usr/include/c++/11/bits/alloc_traits.h:33,
                 from /usr/include/c++/11/ext/alloc_traits.h:34,
                 from /usr/include/c++/11/bits/basic_string.h:40,
                 from /usr/include/c++/11/string:55,
                 from ./db/external_sst_file_ingestion_job.h:7,
                 from db/external_sst_file_ingestion_job.cc:8:
/usr/include/c++/11/bits/stl_construct.h:119:7: note: synthesized method ‘rocksdb::IngestedFileInfo::IngestedFileInfo(rocksdb::IngestedFileInfo&&)’ first required here
  119 |       ::new((void*)__p) _Tp(std::forward<_Args>(__args)...);
      |       ^~~~~~~~~~~~~~~~~~~~~~~~~~~~~~~~~~~~~~~~~~~~~~~~~~~~~
  CC       db/forward_iterator.o
  CC       db/internal_stats.o
  CC       db/logs_with_prep_tracker.o
  CC       db/log_reader.o
In file included from ./db/memtable.h:21,
                 from ./db/memtable_list.h:17,
                 from ./db/column_family.h:17,
                 from ./db/flush_job.h:19,
                 from db/flush_job.cc:10:
./db/version_edit.h: In constructor ‘rocksdb::FdWithKeyRange::FdWithKeyRange(rocksdb::FileDescriptor, rocksdb::Slice, rocksdb::Slice, rocksdb::FileMetaData*)’:
./db/version_edit.h:175:9: warning: implicitly-declared ‘constexpr rocksdb::FileDescriptor::FileDescriptor(const rocksdb::FileDescriptor&)’ is deprecated [-Wdeprecated-copy]
  175 |       : fd(_fd),
      |         ^~~~~~~
./db/version_edit.h:55:19: note: because ‘rocksdb::FileDescriptor’ has user-provided ‘rocksdb::FileDescriptor& rocksdb::FileDescriptor::operator=(const rocksdb::FileDescriptor&)’
   55 |   FileDescriptor& operator=(const FileDescriptor& fd) {
      |                   ^~~~~~~~
  CC       db/log_writer.o
In file included from ./db/memtable.h:21,
                 from ./db/memtable_list.h:17,
                 from ./db/column_family.h:17,
                 from db/flush_scheduler.cc:10:
./db/version_edit.h: In constructor ‘rocksdb::FdWithKeyRange::FdWithKeyRange(rocksdb::FileDescriptor, rocksdb::Slice, rocksdb::Slice, rocksdb::FileMetaData*)’:
./db/version_edit.h:175:9: warning: implicitly-declared ‘constexpr rocksdb::FileDescriptor::FileDescriptor(const rocksdb::FileDescriptor&)’ is deprecated [-Wdeprecated-copy]
  175 |       : fd(_fd),
      |         ^~~~~~~
./db/version_edit.h:55:19: note: because ‘rocksdb::FileDescriptor’ has user-provided ‘rocksdb::FileDescriptor& rocksdb::FileDescriptor::operator=(const rocksdb::FileDescriptor&)’
   55 |   FileDescriptor& operator=(const FileDescriptor& fd) {
      |                   ^~~~~~~~
In file included from ./db/memtable.h:21,
                 from ./db/memtable_list.h:17,
                 from ./db/column_family.h:17,
                 from db/forward_iterator.cc:13:
./db/version_edit.h: In constructor ‘rocksdb::FdWithKeyRange::FdWithKeyRange(rocksdb::FileDescriptor, rocksdb::Slice, rocksdb::Slice, rocksdb::FileMetaData*)’:
./db/version_edit.h:175:9: warning: implicitly-declared ‘constexpr rocksdb::FileDescriptor::FileDescriptor(const rocksdb::FileDescriptor&)’ is deprecated [-Wdeprecated-copy]
  175 |       : fd(_fd),
      |         ^~~~~~~
./db/version_edit.h:55:19: note: because ‘rocksdb::FileDescriptor’ has user-provided ‘rocksdb::FileDescriptor& rocksdb::FileDescriptor::operator=(const rocksdb::FileDescriptor&)’
   55 |   FileDescriptor& operator=(const FileDescriptor& fd) {
      |                   ^~~~~~~~
In file included from ./db/memtable.h:21,
                 from ./db/memtable_list.h:17,
                 from ./db/column_family.h:17,
                 from ./db/version_set.h:31,
                 from ./db/internal_stats.h:16,
                 from db/internal_stats.cc:11:
./db/version_edit.h: In constructor ‘rocksdb::FdWithKeyRange::FdWithKeyRange(rocksdb::FileDescriptor, rocksdb::Slice, rocksdb::Slice, rocksdb::FileMetaData*)’:
./db/version_edit.h:175:9: warning: implicitly-declared ‘constexpr rocksdb::FileDescriptor::FileDescriptor(const rocksdb::FileDescriptor&)’ is deprecated [-Wdeprecated-copy]
  175 |       : fd(_fd),
      |         ^~~~~~~
./db/version_edit.h:55:19: note: because ‘rocksdb::FileDescriptor’ has user-provided ‘rocksdb::FileDescriptor& rocksdb::FileDescriptor::operator=(const rocksdb::FileDescriptor&)’
   55 |   FileDescriptor& operator=(const FileDescriptor& fd) {
      |                   ^~~~~~~~
  CC       db/malloc_stats.o
./db/version_edit.h: In instantiation of ‘constexpr std::pair<_T1, _T2>::pair(_U1&&, _U2&&) [with _U1 = int&; _U2 = rocksdb::FileMetaData; typename std::enable_if<(std::_PCC<true, _T1, _T2>::_MoveConstructiblePair<_U1, _U2>() && std::_PCC<true, _T1, _T2>::_ImplicitlyMoveConvertiblePair<_U1, _U2>()), bool>::type <anonymous> = true; _T1 = int; _T2 = rocksdb::FileMetaData]’:
/usr/include/c++/11/ext/new_allocator.h:162:4:   required from ‘void __gnu_cxx::new_allocator<_Tp>::construct(_Up*, _Args&& ...) [with _Up = std::pair<int, rocksdb::FileMetaData>; _Args = {int&, rocksdb::FileMetaData}; _Tp = std::pair<int, rocksdb::FileMetaData>]’
/usr/include/c++/11/bits/alloc_traits.h:516:17:   required from ‘static void std::allocator_traits<std::allocator<_CharT> >::construct(std::allocator_traits<std::allocator<_CharT> >::allocator_type&, _Up*, _Args&& ...) [with _Up = std::pair<int, rocksdb::FileMetaData>; _Args = {int&, rocksdb::FileMetaData}; _Tp = std::pair<int, rocksdb::FileMetaData>; std::allocator_traits<std::allocator<_CharT> >::allocator_type = std::allocator<std::pair<int, rocksdb::FileMetaData> >]’
/usr/include/c++/11/bits/vector.tcc:115:30:   required from ‘void std::vector<_Tp, _Alloc>::emplace_back(_Args&& ...) [with _Args = {int&, rocksdb::FileMetaData}; _Tp = std::pair<int, rocksdb::FileMetaData>; _Alloc = std::allocator<std::pair<int, rocksdb::FileMetaData> >]’
./db/version_edit.h:253:28:   required from here
./db/version_edit.h:86:8: warning: implicitly-declared ‘constexpr rocksdb::FileDescriptor::FileDescriptor(const rocksdb::FileDescriptor&)’ is deprecated [-Wdeprecated-copy]
   86 | struct FileMetaData {
      |        ^~~~~~~~~~~~
./db/version_edit.h:55:19: note: because ‘rocksdb::FileDescriptor’ has user-provided ‘rocksdb::FileDescriptor& rocksdb::FileDescriptor::operator=(const rocksdb::FileDescriptor&)’
   55 |   FileDescriptor& operator=(const FileDescriptor& fd) {
      |                   ^~~~~~~~
In file included from /usr/include/c++/11/utility:70,
                 from /usr/include/c++/11/tuple:38,
                 from /usr/include/c++/11/mutex:38,
                 from ./db/flush_scheduler.h:10,
                 from db/flush_scheduler.cc:6:
/usr/include/c++/11/bits/stl_pair.h:353:42: note: synthesized method ‘rocksdb::FileMetaData::FileMetaData(rocksdb::FileMetaData&&)’ first required here
  353 |         : first(std::forward<_U1>(__x)), second(std::forward<_U2>(__y)) { }
      |                                          ^~~~~~~~~~~~~~~~~~~~~~~~~~~~~~
In file included from ./db/memtable.h:21,
                 from ./db/memtable_list.h:17,
                 from ./db/column_family.h:17,
                 from db/flush_scheduler.cc:10:
./db/version_edit.h: In instantiation of ‘constexpr std::pair<_T1, _T2>::pair(_U1&&, const _T2&) [with _U1 = int&; typename std::enable_if<std::_PCC<true, _T1, _T2>::_MoveCopyPair<true, _U1, _T2>(), bool>::type <anonymous> = true; _T1 = int; _T2 = rocksdb::FileMetaData]’:
/usr/include/c++/11/ext/new_allocator.h:162:4:   required from ‘void __gnu_cxx::new_allocator<_Tp>::construct(_Up*, _Args&& ...) [with _Up = std::pair<int, rocksdb::FileMetaData>; _Args = {int&, const rocksdb::FileMetaData&}; _Tp = std::pair<int, rocksdb::FileMetaData>]’
/usr/include/c++/11/bits/alloc_traits.h:516:17:   required from ‘static void std::allocator_traits<std::allocator<_CharT> >::construct(std::allocator_traits<std::allocator<_CharT> >::allocator_type&, _Up*, _Args&& ...) [with _Up = std::pair<int, rocksdb::FileMetaData>; _Args = {int&, const rocksdb::FileMetaData&}; _Tp = std::pair<int, rocksdb::FileMetaData>; std::allocator_traits<std::allocator<_CharT> >::allocator_type = std::allocator<std::pair<int, rocksdb::FileMetaData> >]’
/usr/include/c++/11/bits/vector.tcc:115:30:   required from ‘void std::vector<_Tp, _Alloc>::emplace_back(_Args&& ...) [with _Args = {int&, const rocksdb::FileMetaData&}; _Tp = std::pair<int, rocksdb::FileMetaData>; _Alloc = std::allocator<std::pair<int, rocksdb::FileMetaData> >]’
./db/version_edit.h:258:28:   required from here
./db/version_edit.h:86:8: warning: implicitly-declared ‘constexpr rocksdb::FileDescriptor::FileDescriptor(const rocksdb::FileDescriptor&)’ is deprecated [-Wdeprecated-copy]
   86 | struct FileMetaData {
      |        ^~~~~~~~~~~~
./db/version_edit.h:55:19: note: because ‘rocksdb::FileDescriptor’ has user-provided ‘rocksdb::FileDescriptor& rocksdb::FileDescriptor::operator=(const rocksdb::FileDescriptor&)’
   55 |   FileDescriptor& operator=(const FileDescriptor& fd) {
      |                   ^~~~~~~~
In file included from /usr/include/c++/11/utility:70,
                 from /usr/include/c++/11/tuple:38,
                 from /usr/include/c++/11/mutex:38,
                 from ./db/flush_scheduler.h:10,
                 from db/flush_scheduler.cc:6:
/usr/include/c++/11/bits/stl_pair.h:323:41: note: synthesized method ‘rocksdb::FileMetaData::FileMetaData(const rocksdb::FileMetaData&)’ first required here
  323 |        : first(std::forward<_U1>(__x)), second(__y) { }
      |                                         ^~~~~~~~~~~
  CC       db/memtable.o
  CC       db/memtable_list.o
  CC       db/merge_helper.o
  CC       db/merge_operator.o
db/internal_stats.cc: In member function ‘void rocksdb::InternalStats::DumpCFStatsNoFileHistogram(std::string*)’:
db/internal_stats.cc:1380:35: warning: implicitly-declared ‘rocksdb::InternalStats::CompactionStats& rocksdb::InternalStats::CompactionStats::operator=(const rocksdb::InternalStats::CompactionStats&)’ is deprecated [-Wdeprecated-copy]
 1380 |   cf_stats_snapshot_.comp_stats = compaction_stats_sum;
      |                                   ^~~~~~~~~~~~~~~~~~~~
In file included from db/internal_stats.cc:11:
./db/internal_stats.h:220:14: note: because ‘rocksdb::InternalStats::CompactionStats’ has user-provided ‘rocksdb::InternalStats::CompactionStats::CompactionStats(const rocksdb::InternalStats::CompactionStats&)’
  220 |     explicit CompactionStats(const CompactionStats& c)
      |              ^~~~~~~~~~~~~~~
./db/version_edit.h: In instantiation of ‘constexpr std::pair<_T1, _T2>::pair(_U1&&, _U2&&) [with _U1 = int&; _U2 = rocksdb::FileMetaData; typename std::enable_if<(std::_PCC<true, _T1, _T2>::_MoveConstructiblePair<_U1, _U2>() && std::_PCC<true, _T1, _T2>::_ImplicitlyMoveConvertiblePair<_U1, _U2>()), bool>::type <anonymous> = true; _T1 = int; _T2 = rocksdb::FileMetaData]’:
/usr/include/c++/11/ext/new_allocator.h:162:4:   required from ‘void __gnu_cxx::new_allocator<_Tp>::construct(_Up*, _Args&& ...) [with _Up = std::pair<int, rocksdb::FileMetaData>; _Args = {int&, rocksdb::FileMetaData}; _Tp = std::pair<int, rocksdb::FileMetaData>]’
/usr/include/c++/11/bits/alloc_traits.h:516:17:   required from ‘static void std::allocator_traits<std::allocator<_Tp1> >::construct(std::allocator_traits<std::allocator<_Tp1> >::allocator_type&, _Up*, _Args&& ...) [with _Up = std::pair<int, rocksdb::FileMetaData>; _Args = {int&, rocksdb::FileMetaData}; _Tp = std::pair<int, rocksdb::FileMetaData>; std::allocator_traits<std::allocator<_Tp1> >::allocator_type = std::allocator<std::pair<int, rocksdb::FileMetaData> >]’
/usr/include/c++/11/bits/vector.tcc:115:30:   required from ‘void std::vector<_Tp, _Alloc>::emplace_back(_Args&& ...) [with _Args = {int&, rocksdb::FileMetaData}; _Tp = std::pair<int, rocksdb::FileMetaData>; _Alloc = std::allocator<std::pair<int, rocksdb::FileMetaData> >]’
./db/version_edit.h:253:28:   required from here
./db/version_edit.h:86:8: warning: implicitly-declared ‘constexpr rocksdb::FileDescriptor::FileDescriptor(const rocksdb::FileDescriptor&)’ is deprecated [-Wdeprecated-copy]
   86 | struct FileMetaData {
      |        ^~~~~~~~~~~~
./db/version_edit.h:55:19: note: because ‘rocksdb::FileDescriptor’ has user-provided ‘rocksdb::FileDescriptor& rocksdb::FileDescriptor::operator=(const rocksdb::FileDescriptor&)’
   55 |   FileDescriptor& operator=(const FileDescriptor& fd) {
      |                   ^~~~~~~~
In file included from /usr/include/c++/11/bits/stl_algobase.h:64,
                 from /usr/include/c++/11/deque:60,
                 from ./db/flush_job.h:12,
                 from db/flush_job.cc:10:
/usr/include/c++/11/bits/stl_pair.h:353:42: note: synthesized method ‘rocksdb::FileMetaData::FileMetaData(rocksdb::FileMetaData&&)’ first required here
  353 |         : first(std::forward<_U1>(__x)), second(std::forward<_U2>(__y)) { }
      |                                          ^~~~~~~~~~~~~~~~~~~~~~~~~~~~~~
In file included from ./db/memtable.h:21,
                 from ./db/memtable_list.h:17,
                 from ./db/column_family.h:17,
                 from ./db/flush_job.h:19,
                 from db/flush_job.cc:10:
./db/version_edit.h: In instantiation of ‘constexpr std::pair<_T1, _T2>::pair(_U1&&, const _T2&) [with _U1 = int&; typename std::enable_if<std::_PCC<true, _T1, _T2>::_MoveCopyPair<true, _U1, _T2>(), bool>::type <anonymous> = true; _T1 = int; _T2 = rocksdb::FileMetaData]’:
/usr/include/c++/11/ext/new_allocator.h:162:4:   required from ‘void __gnu_cxx::new_allocator<_Tp>::construct(_Up*, _Args&& ...) [with _Up = std::pair<int, rocksdb::FileMetaData>; _Args = {int&, const rocksdb::FileMetaData&}; _Tp = std::pair<int, rocksdb::FileMetaData>]’
/usr/include/c++/11/bits/alloc_traits.h:516:17:   required from ‘static void std::allocator_traits<std::allocator<_Tp1> >::construct(std::allocator_traits<std::allocator<_Tp1> >::allocator_type&, _Up*, _Args&& ...) [with _Up = std::pair<int, rocksdb::FileMetaData>; _Args = {int&, const rocksdb::FileMetaData&}; _Tp = std::pair<int, rocksdb::FileMetaData>; std::allocator_traits<std::allocator<_Tp1> >::allocator_type = std::allocator<std::pair<int, rocksdb::FileMetaData> >]’
/usr/include/c++/11/bits/vector.tcc:115:30:   required from ‘void std::vector<_Tp, _Alloc>::emplace_back(_Args&& ...) [with _Args = {int&, const rocksdb::FileMetaData&}; _Tp = std::pair<int, rocksdb::FileMetaData>; _Alloc = std::allocator<std::pair<int, rocksdb::FileMetaData> >]’
./db/version_edit.h:258:28:   required from here
./db/version_edit.h:86:8: warning: implicitly-declared ‘constexpr rocksdb::FileDescriptor::FileDescriptor(const rocksdb::FileDescriptor&)’ is deprecated [-Wdeprecated-copy]
   86 | struct FileMetaData {
      |        ^~~~~~~~~~~~
./db/version_edit.h:55:19: note: because ‘rocksdb::FileDescriptor’ has user-provided ‘rocksdb::FileDescriptor& rocksdb::FileDescriptor::operator=(const rocksdb::FileDescriptor&)’
   55 |   FileDescriptor& operator=(const FileDescriptor& fd) {
      |                   ^~~~~~~~
In file included from /usr/include/c++/11/bits/stl_algobase.h:64,
                 from /usr/include/c++/11/deque:60,
                 from ./db/flush_job.h:12,
                 from db/flush_job.cc:10:
/usr/include/c++/11/bits/stl_pair.h:323:41: note: synthesized method ‘rocksdb::FileMetaData::FileMetaData(const rocksdb::FileMetaData&)’ first required here
  323 |        : first(std::forward<_U1>(__x)), second(__y) { }
      |                                         ^~~~~~~~~~~
In file included from ./db/memtable.h:21,
                 from db/memtable.cc:10:
./db/version_edit.h: In constructor ‘rocksdb::FdWithKeyRange::FdWithKeyRange(rocksdb::FileDescriptor, rocksdb::Slice, rocksdb::Slice, rocksdb::FileMetaData*)’:
./db/version_edit.h:175:9: warning: implicitly-declared ‘constexpr rocksdb::FileDescriptor::FileDescriptor(const rocksdb::FileDescriptor&)’ is deprecated [-Wdeprecated-copy]
  175 |       : fd(_fd),
      |         ^~~~~~~
./db/version_edit.h:55:19: note: because ‘rocksdb::FileDescriptor’ has user-provided ‘rocksdb::FileDescriptor& rocksdb::FileDescriptor::operator=(const rocksdb::FileDescriptor&)’
   55 |   FileDescriptor& operator=(const FileDescriptor& fd) {
      |                   ^~~~~~~~
./db/version_edit.h: In instantiation of ‘constexpr std::pair<_T1, _T2>::pair(_U1&&, _U2&&) [with _U1 = int&; _U2 = rocksdb::FileMetaData; typename std::enable_if<(std::_PCC<true, _T1, _T2>::_MoveConstructiblePair<_U1, _U2>() && std::_PCC<true, _T1, _T2>::_ImplicitlyMoveConvertiblePair<_U1, _U2>()), bool>::type <anonymous> = true; _T1 = int; _T2 = rocksdb::FileMetaData]’:
/usr/include/c++/11/ext/new_allocator.h:162:4:   required from ‘void __gnu_cxx::new_allocator<_Tp>::construct(_Up*, _Args&& ...) [with _Up = std::pair<int, rocksdb::FileMetaData>; _Args = {int&, rocksdb::FileMetaData}; _Tp = std::pair<int, rocksdb::FileMetaData>]’
/usr/include/c++/11/bits/alloc_traits.h:516:17:   required from ‘static void std::allocator_traits<std::allocator<_CharT> >::construct(std::allocator_traits<std::allocator<_CharT> >::allocator_type&, _Up*, _Args&& ...) [with _Up = std::pair<int, rocksdb::FileMetaData>; _Args = {int&, rocksdb::FileMetaData}; _Tp = std::pair<int, rocksdb::FileMetaData>; std::allocator_traits<std::allocator<_CharT> >::allocator_type = std::allocator<std::pair<int, rocksdb::FileMetaData> >]’
/usr/include/c++/11/bits/vector.tcc:115:30:   required from ‘void std::vector<_Tp, _Alloc>::emplace_back(_Args&& ...) [with _Args = {int&, rocksdb::FileMetaData}; _Tp = std::pair<int, rocksdb::FileMetaData>; _Alloc = std::allocator<std::pair<int, rocksdb::FileMetaData> >]’
./db/version_edit.h:253:28:   required from here
./db/version_edit.h:86:8: warning: implicitly-declared ‘constexpr rocksdb::FileDescriptor::FileDescriptor(const rocksdb::FileDescriptor&)’ is deprecated [-Wdeprecated-copy]
   86 | struct FileMetaData {
      |        ^~~~~~~~~~~~
./db/version_edit.h:55:19: note: because ‘rocksdb::FileDescriptor’ has user-provided ‘rocksdb::FileDescriptor& rocksdb::FileDescriptor::operator=(const rocksdb::FileDescriptor&)’
   55 |   FileDescriptor& operator=(const FileDescriptor& fd) {
      |                   ^~~~~~~~
In file included from /usr/include/c++/11/bits/stl_algobase.h:64,
                 from /usr/include/c++/11/bits/char_traits.h:39,
                 from /usr/include/c++/11/string:40,
                 from ./db/forward_iterator.h:9,
                 from db/forward_iterator.cc:7:
/usr/include/c++/11/bits/stl_pair.h:353:42: note: synthesized method ‘rocksdb::FileMetaData::FileMetaData(rocksdb::FileMetaData&&)’ first required here
  353 |         : first(std::forward<_U1>(__x)), second(std::forward<_U2>(__y)) { }
      |                                          ^~~~~~~~~~~~~~~~~~~~~~~~~~~~~~
In file included from ./db/memtable.h:21,
                 from ./db/memtable_list.h:17,
                 from ./db/column_family.h:17,
                 from db/forward_iterator.cc:13:
./db/version_edit.h: In instantiation of ‘constexpr std::pair<_T1, _T2>::pair(_U1&&, const _T2&) [with _U1 = int&; typename std::enable_if<std::_PCC<true, _T1, _T2>::_MoveCopyPair<true, _U1, _T2>(), bool>::type <anonymous> = true; _T1 = int; _T2 = rocksdb::FileMetaData]’:
/usr/include/c++/11/ext/new_allocator.h:162:4:   required from ‘void __gnu_cxx::new_allocator<_Tp>::construct(_Up*, _Args&& ...) [with _Up = std::pair<int, rocksdb::FileMetaData>; _Args = {int&, const rocksdb::FileMetaData&}; _Tp = std::pair<int, rocksdb::FileMetaData>]’
/usr/include/c++/11/bits/alloc_traits.h:516:17:   required from ‘static void std::allocator_traits<std::allocator<_CharT> >::construct(std::allocator_traits<std::allocator<_CharT> >::allocator_type&, _Up*, _Args&& ...) [with _Up = std::pair<int, rocksdb::FileMetaData>; _Args = {int&, const rocksdb::FileMetaData&}; _Tp = std::pair<int, rocksdb::FileMetaData>; std::allocator_traits<std::allocator<_CharT> >::allocator_type = std::allocator<std::pair<int, rocksdb::FileMetaData> >]’
/usr/include/c++/11/bits/vector.tcc:115:30:   required from ‘void std::vector<_Tp, _Alloc>::emplace_back(_Args&& ...) [with _Args = {int&, const rocksdb::FileMetaData&}; _Tp = std::pair<int, rocksdb::FileMetaData>; _Alloc = std::allocator<std::pair<int, rocksdb::FileMetaData> >]’
./db/version_edit.h:258:28:   required from here
./db/version_edit.h:86:8: warning: implicitly-declared ‘constexpr rocksdb::FileDescriptor::FileDescriptor(const rocksdb::FileDescriptor&)’ is deprecated [-Wdeprecated-copy]
   86 | struct FileMetaData {
      |        ^~~~~~~~~~~~
./db/version_edit.h:55:19: note: because ‘rocksdb::FileDescriptor’ has user-provided ‘rocksdb::FileDescriptor& rocksdb::FileDescriptor::operator=(const rocksdb::FileDescriptor&)’
   55 |   FileDescriptor& operator=(const FileDescriptor& fd) {
      |                   ^~~~~~~~
In file included from /usr/include/c++/11/bits/stl_algobase.h:64,
                 from /usr/include/c++/11/bits/char_traits.h:39,
                 from /usr/include/c++/11/string:40,
                 from ./db/forward_iterator.h:9,
                 from db/forward_iterator.cc:7:
/usr/include/c++/11/bits/stl_pair.h:323:41: note: synthesized method ‘rocksdb::FileMetaData::FileMetaData(const rocksdb::FileMetaData&)’ first required here
  323 |        : first(std::forward<_U1>(__x)), second(__y) { }
      |                                         ^~~~~~~~~~~
  CC       db/range_del_aggregator.o
In file included from ./db/memtable.h:21,
                 from ./db/memtable_list.h:17,
                 from db/memtable_list.cc:6:
./db/version_edit.h: In constructor ‘rocksdb::FdWithKeyRange::FdWithKeyRange(rocksdb::FileDescriptor, rocksdb::Slice, rocksdb::Slice, rocksdb::FileMetaData*)’:
./db/version_edit.h:175:9: warning: implicitly-declared ‘constexpr rocksdb::FileDescriptor::FileDescriptor(const rocksdb::FileDescriptor&)’ is deprecated [-Wdeprecated-copy]
  175 |       : fd(_fd),
      |         ^~~~~~~
./db/version_edit.h:55:19: note: because ‘rocksdb::FileDescriptor’ has user-provided ‘rocksdb::FileDescriptor& rocksdb::FileDescriptor::operator=(const rocksdb::FileDescriptor&)’
   55 |   FileDescriptor& operator=(const FileDescriptor& fd) {
      |                   ^~~~~~~~
In file included from ./db/memtable.h:21,
                 from ./db/memtable_list.h:17,
                 from ./db/column_family.h:17,
                 from ./db/version_set.h:31,
                 from ./db/internal_stats.h:16,
                 from db/internal_stats.cc:11:
./db/version_edit.h: In instantiation of ‘constexpr std::pair<_T1, _T2>::pair(_U1&&, _U2&&) [with _U1 = int&; _U2 = rocksdb::FileMetaData; typename std::enable_if<(std::_PCC<true, _T1, _T2>::_MoveConstructiblePair<_U1, _U2>() && std::_PCC<true, _T1, _T2>::_ImplicitlyMoveConvertiblePair<_U1, _U2>()), bool>::type <anonymous> = true; _T1 = int; _T2 = rocksdb::FileMetaData]’:
/usr/include/c++/11/ext/new_allocator.h:162:4:   required from ‘void __gnu_cxx::new_allocator<_Tp>::construct(_Up*, _Args&& ...) [with _Up = std::pair<int, rocksdb::FileMetaData>; _Args = {int&, rocksdb::FileMetaData}; _Tp = std::pair<int, rocksdb::FileMetaData>]’
/usr/include/c++/11/bits/alloc_traits.h:516:17:   required from ‘static void std::allocator_traits<std::allocator<_Tp1> >::construct(std::allocator_traits<std::allocator<_Tp1> >::allocator_type&, _Up*, _Args&& ...) [with _Up = std::pair<int, rocksdb::FileMetaData>; _Args = {int&, rocksdb::FileMetaData}; _Tp = std::pair<int, rocksdb::FileMetaData>; std::allocator_traits<std::allocator<_Tp1> >::allocator_type = std::allocator<std::pair<int, rocksdb::FileMetaData> >]’
/usr/include/c++/11/bits/vector.tcc:115:30:   required from ‘void std::vector<_Tp, _Alloc>::emplace_back(_Args&& ...) [with _Args = {int&, rocksdb::FileMetaData}; _Tp = std::pair<int, rocksdb::FileMetaData>; _Alloc = std::allocator<std::pair<int, rocksdb::FileMetaData> >]’
./db/version_edit.h:253:28:   required from here
./db/version_edit.h:86:8: warning: implicitly-declared ‘constexpr rocksdb::FileDescriptor::FileDescriptor(const rocksdb::FileDescriptor&)’ is deprecated [-Wdeprecated-copy]
   86 | struct FileMetaData {
      |        ^~~~~~~~~~~~
./db/version_edit.h:55:19: note: because ‘rocksdb::FileDescriptor’ has user-provided ‘rocksdb::FileDescriptor& rocksdb::FileDescriptor::operator=(const rocksdb::FileDescriptor&)’
   55 |   FileDescriptor& operator=(const FileDescriptor& fd) {
      |                   ^~~~~~~~
In file included from /usr/include/c++/11/bits/stl_algobase.h:64,
                 from /usr/include/c++/11/bits/stl_tree.h:63,
                 from /usr/include/c++/11/map:60,
                 from ./db/internal_stats.h:12,
                 from db/internal_stats.cc:11:
/usr/include/c++/11/bits/stl_pair.h:353:42: note: synthesized method ‘rocksdb::FileMetaData::FileMetaData(rocksdb::FileMetaData&&)’ first required here
  353 |         : first(std::forward<_U1>(__x)), second(std::forward<_U2>(__y)) { }
      |                                          ^~~~~~~~~~~~~~~~~~~~~~~~~~~~~~
In file included from ./db/memtable.h:21,
                 from ./db/memtable_list.h:17,
                 from ./db/column_family.h:17,
                 from ./db/version_set.h:31,
                 from ./db/internal_stats.h:16,
                 from db/internal_stats.cc:11:
./db/version_edit.h: In instantiation of ‘constexpr std::pair<_T1, _T2>::pair(_U1&&, const _T2&) [with _U1 = int&; typename std::enable_if<std::_PCC<true, _T1, _T2>::_MoveCopyPair<true, _U1, _T2>(), bool>::type <anonymous> = true; _T1 = int; _T2 = rocksdb::FileMetaData]’:
/usr/include/c++/11/ext/new_allocator.h:162:4:   required from ‘void __gnu_cxx::new_allocator<_Tp>::construct(_Up*, _Args&& ...) [with _Up = std::pair<int, rocksdb::FileMetaData>; _Args = {int&, const rocksdb::FileMetaData&}; _Tp = std::pair<int, rocksdb::FileMetaData>]’
/usr/include/c++/11/bits/alloc_traits.h:516:17:   required from ‘static void std::allocator_traits<std::allocator<_Tp1> >::construct(std::allocator_traits<std::allocator<_Tp1> >::allocator_type&, _Up*, _Args&& ...) [with _Up = std::pair<int, rocksdb::FileMetaData>; _Args = {int&, const rocksdb::FileMetaData&}; _Tp = std::pair<int, rocksdb::FileMetaData>; std::allocator_traits<std::allocator<_Tp1> >::allocator_type = std::allocator<std::pair<int, rocksdb::FileMetaData> >]’
/usr/include/c++/11/bits/vector.tcc:115:30:   required from ‘void std::vector<_Tp, _Alloc>::emplace_back(_Args&& ...) [with _Args = {int&, const rocksdb::FileMetaData&}; _Tp = std::pair<int, rocksdb::FileMetaData>; _Alloc = std::allocator<std::pair<int, rocksdb::FileMetaData> >]’
./db/version_edit.h:258:28:   required from here
./db/version_edit.h:86:8: warning: implicitly-declared ‘constexpr rocksdb::FileDescriptor::FileDescriptor(const rocksdb::FileDescriptor&)’ is deprecated [-Wdeprecated-copy]
   86 | struct FileMetaData {
      |        ^~~~~~~~~~~~
./db/version_edit.h:55:19: note: because ‘rocksdb::FileDescriptor’ has user-provided ‘rocksdb::FileDescriptor& rocksdb::FileDescriptor::operator=(const rocksdb::FileDescriptor&)’
   55 |   FileDescriptor& operator=(const FileDescriptor& fd) {
      |                   ^~~~~~~~
In file included from /usr/include/c++/11/bits/stl_algobase.h:64,
                 from /usr/include/c++/11/bits/stl_tree.h:63,
                 from /usr/include/c++/11/map:60,
                 from ./db/internal_stats.h:12,
                 from db/internal_stats.cc:11:
/usr/include/c++/11/bits/stl_pair.h:323:41: note: synthesized method ‘rocksdb::FileMetaData::FileMetaData(const rocksdb::FileMetaData&)’ first required here
  323 |        : first(std::forward<_U1>(__x)), second(__y) { }
      |                                         ^~~~~~~~~~~
In file included from ./db/range_del_aggregator.h:21,
                 from ./db/merge_helper.h:14,
                 from db/merge_helper.cc:6:
./db/version_edit.h: In constructor ‘rocksdb::FdWithKeyRange::FdWithKeyRange(rocksdb::FileDescriptor, rocksdb::Slice, rocksdb::Slice, rocksdb::FileMetaData*)’:
./db/version_edit.h:175:9: warning: implicitly-declared ‘constexpr rocksdb::FileDescriptor::FileDescriptor(const rocksdb::FileDescriptor&)’ is deprecated [-Wdeprecated-copy]
  175 |       : fd(_fd),
      |         ^~~~~~~
./db/version_edit.h:55:19: note: because ‘rocksdb::FileDescriptor’ has user-provided ‘rocksdb::FileDescriptor& rocksdb::FileDescriptor::operator=(const rocksdb::FileDescriptor&)’
   55 |   FileDescriptor& operator=(const FileDescriptor& fd) {
      |                   ^~~~~~~~
./db/version_edit.h: In instantiation of ‘constexpr std::pair<_T1, _T2>::pair(_U1&&, _U2&&) [with _U1 = int&; _U2 = rocksdb::FileMetaData; typename std::enable_if<(std::_PCC<true, _T1, _T2>::_MoveConstructiblePair<_U1, _U2>() && std::_PCC<true, _T1, _T2>::_ImplicitlyMoveConvertiblePair<_U1, _U2>()), bool>::type <anonymous> = true; _T1 = int; _T2 = rocksdb::FileMetaData]’:
/usr/include/c++/11/ext/new_allocator.h:162:4:   required from ‘void __gnu_cxx::new_allocator<_Tp>::construct(_Up*, _Args&& ...) [with _Up = std::pair<int, rocksdb::FileMetaData>; _Args = {int&, rocksdb::FileMetaData}; _Tp = std::pair<int, rocksdb::FileMetaData>]’
/usr/include/c++/11/bits/alloc_traits.h:516:17:   required from ‘static void std::allocator_traits<std::allocator<_Tp1> >::construct(std::allocator_traits<std::allocator<_Tp1> >::allocator_type&, _Up*, _Args&& ...) [with _Up = std::pair<int, rocksdb::FileMetaData>; _Args = {int&, rocksdb::FileMetaData}; _Tp = std::pair<int, rocksdb::FileMetaData>; std::allocator_traits<std::allocator<_Tp1> >::allocator_type = std::allocator<std::pair<int, rocksdb::FileMetaData> >]’
/usr/include/c++/11/bits/vector.tcc:115:30:   required from ‘void std::vector<_Tp, _Alloc>::emplace_back(_Args&& ...) [with _Args = {int&, rocksdb::FileMetaData}; _Tp = std::pair<int, rocksdb::FileMetaData>; _Alloc = std::allocator<std::pair<int, rocksdb::FileMetaData> >]’
./db/version_edit.h:253:28:   required from here
./db/version_edit.h:86:8: warning: implicitly-declared ‘constexpr rocksdb::FileDescriptor::FileDescriptor(const rocksdb::FileDescriptor&)’ is deprecated [-Wdeprecated-copy]
   86 | struct FileMetaData {
      |        ^~~~~~~~~~~~
./db/version_edit.h:55:19: note: because ‘rocksdb::FileDescriptor’ has user-provided ‘rocksdb::FileDescriptor& rocksdb::FileDescriptor::operator=(const rocksdb::FileDescriptor&)’
   55 |   FileDescriptor& operator=(const FileDescriptor& fd) {
      |                   ^~~~~~~~
In file included from /usr/include/c++/11/bits/stl_algobase.h:64,
                 from /usr/include/c++/11/deque:60,
                 from ./db/memtable.h:12,
                 from db/memtable.cc:10:
/usr/include/c++/11/bits/stl_pair.h:353:42: note: synthesized method ‘rocksdb::FileMetaData::FileMetaData(rocksdb::FileMetaData&&)’ first required here
  353 |         : first(std::forward<_U1>(__x)), second(std::forward<_U2>(__y)) { }
      |                                          ^~~~~~~~~~~~~~~~~~~~~~~~~~~~~~
In file included from ./db/memtable.h:21,
                 from db/memtable.cc:10:
./db/version_edit.h: In instantiation of ‘constexpr std::pair<_T1, _T2>::pair(_U1&&, const _T2&) [with _U1 = int&; typename std::enable_if<std::_PCC<true, _T1, _T2>::_MoveCopyPair<true, _U1, _T2>(), bool>::type <anonymous> = true; _T1 = int; _T2 = rocksdb::FileMetaData]’:
/usr/include/c++/11/ext/new_allocator.h:162:4:   required from ‘void __gnu_cxx::new_allocator<_Tp>::construct(_Up*, _Args&& ...) [with _Up = std::pair<int, rocksdb::FileMetaData>; _Args = {int&, const rocksdb::FileMetaData&}; _Tp = std::pair<int, rocksdb::FileMetaData>]’
/usr/include/c++/11/bits/alloc_traits.h:516:17:   required from ‘static void std::allocator_traits<std::allocator<_Tp1> >::construct(std::allocator_traits<std::allocator<_Tp1> >::allocator_type&, _Up*, _Args&& ...) [with _Up = std::pair<int, rocksdb::FileMetaData>; _Args = {int&, const rocksdb::FileMetaData&}; _Tp = std::pair<int, rocksdb::FileMetaData>; std::allocator_traits<std::allocator<_Tp1> >::allocator_type = std::allocator<std::pair<int, rocksdb::FileMetaData> >]’
/usr/include/c++/11/bits/vector.tcc:115:30:   required from ‘void std::vector<_Tp, _Alloc>::emplace_back(_Args&& ...) [with _Args = {int&, const rocksdb::FileMetaData&}; _Tp = std::pair<int, rocksdb::FileMetaData>; _Alloc = std::allocator<std::pair<int, rocksdb::FileMetaData> >]’
./db/version_edit.h:258:28:   required from here
./db/version_edit.h:86:8: warning: implicitly-declared ‘constexpr rocksdb::FileDescriptor::FileDescriptor(const rocksdb::FileDescriptor&)’ is deprecated [-Wdeprecated-copy]
   86 | struct FileMetaData {
      |        ^~~~~~~~~~~~
./db/version_edit.h:55:19: note: because ‘rocksdb::FileDescriptor’ has user-provided ‘rocksdb::FileDescriptor& rocksdb::FileDescriptor::operator=(const rocksdb::FileDescriptor&)’
   55 |   FileDescriptor& operator=(const FileDescriptor& fd) {
      |                   ^~~~~~~~
In file included from /usr/include/c++/11/bits/stl_algobase.h:64,
                 from /usr/include/c++/11/deque:60,
                 from ./db/memtable.h:12,
                 from db/memtable.cc:10:
/usr/include/c++/11/bits/stl_pair.h:323:41: note: synthesized method ‘rocksdb::FileMetaData::FileMetaData(const rocksdb::FileMetaData&)’ first required here
  323 |        : first(std::forward<_U1>(__x)), second(__y) { }
      |                                         ^~~~~~~~~~~
./db/version_edit.h: In instantiation of ‘constexpr std::pair<_T1, _T2>::pair(_U1&&, _U2&&) [with _U1 = int&; _U2 = rocksdb::FileMetaData; typename std::enable_if<(std::_PCC<true, _T1, _T2>::_MoveConstructiblePair<_U1, _U2>() && std::_PCC<true, _T1, _T2>::_ImplicitlyMoveConvertiblePair<_U1, _U2>()), bool>::type <anonymous> = true; _T1 = int; _T2 = rocksdb::FileMetaData]’:
/usr/include/c++/11/ext/new_allocator.h:162:4:   required from ‘void __gnu_cxx::new_allocator<_Tp>::construct(_Up*, _Args&& ...) [with _Up = std::pair<int, rocksdb::FileMetaData>; _Args = {int&, rocksdb::FileMetaData}; _Tp = std::pair<int, rocksdb::FileMetaData>]’
/usr/include/c++/11/bits/alloc_traits.h:516:17:   required from ‘static void std::allocator_traits<std::allocator<_Tp1> >::construct(std::allocator_traits<std::allocator<_Tp1> >::allocator_type&, _Up*, _Args&& ...) [with _Up = std::pair<int, rocksdb::FileMetaData>; _Args = {int&, rocksdb::FileMetaData}; _Tp = std::pair<int, rocksdb::FileMetaData>; std::allocator_traits<std::allocator<_Tp1> >::allocator_type = std::allocator<std::pair<int, rocksdb::FileMetaData> >]’
/usr/include/c++/11/bits/vector.tcc:115:30:   required from ‘void std::vector<_Tp, _Alloc>::emplace_back(_Args&& ...) [with _Args = {int&, rocksdb::FileMetaData}; _Tp = std::pair<int, rocksdb::FileMetaData>; _Alloc = std::allocator<std::pair<int, rocksdb::FileMetaData> >]’
./db/version_edit.h:253:28:   required from here
./db/version_edit.h:86:8: warning: implicitly-declared ‘constexpr rocksdb::FileDescriptor::FileDescriptor(const rocksdb::FileDescriptor&)’ is deprecated [-Wdeprecated-copy]
   86 | struct FileMetaData {
      |        ^~~~~~~~~~~~
./db/version_edit.h:55:19: note: because ‘rocksdb::FileDescriptor’ has user-provided ‘rocksdb::FileDescriptor& rocksdb::FileDescriptor::operator=(const rocksdb::FileDescriptor&)’
   55 |   FileDescriptor& operator=(const FileDescriptor& fd) {
      |                   ^~~~~~~~
In file included from /usr/include/c++/11/bits/stl_algobase.h:64,
                 from /usr/include/c++/11/deque:60,
                 from ./db/merge_helper.h:8,
                 from db/merge_helper.cc:6:
/usr/include/c++/11/bits/stl_pair.h:353:42: note: synthesized method ‘rocksdb::FileMetaData::FileMetaData(rocksdb::FileMetaData&&)’ first required here
  353 |         : first(std::forward<_U1>(__x)), second(std::forward<_U2>(__y)) { }
      |                                          ^~~~~~~~~~~~~~~~~~~~~~~~~~~~~~
In file included from ./db/range_del_aggregator.h:21,
                 from ./db/merge_helper.h:14,
                 from db/merge_helper.cc:6:
./db/version_edit.h: In instantiation of ‘constexpr std::pair<_T1, _T2>::pair(_U1&&, const _T2&) [with _U1 = int&; typename std::enable_if<std::_PCC<true, _T1, _T2>::_MoveCopyPair<true, _U1, _T2>(), bool>::type <anonymous> = true; _T1 = int; _T2 = rocksdb::FileMetaData]’:
/usr/include/c++/11/ext/new_allocator.h:162:4:   required from ‘void __gnu_cxx::new_allocator<_Tp>::construct(_Up*, _Args&& ...) [with _Up = std::pair<int, rocksdb::FileMetaData>; _Args = {int&, const rocksdb::FileMetaData&}; _Tp = std::pair<int, rocksdb::FileMetaData>]’
/usr/include/c++/11/bits/alloc_traits.h:516:17:   required from ‘static void std::allocator_traits<std::allocator<_Tp1> >::construct(std::allocator_traits<std::allocator<_Tp1> >::allocator_type&, _Up*, _Args&& ...) [with _Up = std::pair<int, rocksdb::FileMetaData>; _Args = {int&, const rocksdb::FileMetaData&}; _Tp = std::pair<int, rocksdb::FileMetaData>; std::allocator_traits<std::allocator<_Tp1> >::allocator_type = std::allocator<std::pair<int, rocksdb::FileMetaData> >]’
/usr/include/c++/11/bits/vector.tcc:115:30:   required from ‘void std::vector<_Tp, _Alloc>::emplace_back(_Args&& ...) [with _Args = {int&, const rocksdb::FileMetaData&}; _Tp = std::pair<int, rocksdb::FileMetaData>; _Alloc = std::allocator<std::pair<int, rocksdb::FileMetaData> >]’
./db/version_edit.h:258:28:   required from here
./db/version_edit.h:86:8: warning: implicitly-declared ‘constexpr rocksdb::FileDescriptor::FileDescriptor(const rocksdb::FileDescriptor&)’ is deprecated [-Wdeprecated-copy]
   86 | struct FileMetaData {
      |        ^~~~~~~~~~~~
./db/version_edit.h:55:19: note: because ‘rocksdb::FileDescriptor’ has user-provided ‘rocksdb::FileDescriptor& rocksdb::FileDescriptor::operator=(const rocksdb::FileDescriptor&)’
   55 |   FileDescriptor& operator=(const FileDescriptor& fd) {
      |                   ^~~~~~~~
In file included from /usr/include/c++/11/bits/stl_algobase.h:64,
                 from /usr/include/c++/11/deque:60,
                 from ./db/merge_helper.h:8,
                 from db/merge_helper.cc:6:
/usr/include/c++/11/bits/stl_pair.h:323:41: note: synthesized method ‘rocksdb::FileMetaData::FileMetaData(const rocksdb::FileMetaData&)’ first required here
  323 |        : first(std::forward<_U1>(__x)), second(__y) { }
      |                                         ^~~~~~~~~~~
In file included from ./db/range_del_aggregator.h:21,
                 from db/range_del_aggregator.cc:6:
./db/version_edit.h: In constructor ‘rocksdb::FdWithKeyRange::FdWithKeyRange(rocksdb::FileDescriptor, rocksdb::Slice, rocksdb::Slice, rocksdb::FileMetaData*)’:
./db/version_edit.h:175:9: warning: implicitly-declared ‘constexpr rocksdb::FileDescriptor::FileDescriptor(const rocksdb::FileDescriptor&)’ is deprecated [-Wdeprecated-copy]
  175 |       : fd(_fd),
      |         ^~~~~~~
./db/version_edit.h:55:19: note: because ‘rocksdb::FileDescriptor’ has user-provided ‘rocksdb::FileDescriptor& rocksdb::FileDescriptor::operator=(const rocksdb::FileDescriptor&)’
   55 |   FileDescriptor& operator=(const FileDescriptor& fd) {
      |                   ^~~~~~~~
./db/version_edit.h: In instantiation of ‘constexpr std::pair<_T1, _T2>::pair(_U1&&, _U2&&) [with _U1 = int&; _U2 = rocksdb::FileMetaData; typename std::enable_if<(std::_PCC<true, _T1, _T2>::_MoveConstructiblePair<_U1, _U2>() && std::_PCC<true, _T1, _T2>::_ImplicitlyMoveConvertiblePair<_U1, _U2>()), bool>::type <anonymous> = true; _T1 = int; _T2 = rocksdb::FileMetaData]’:
/usr/include/c++/11/ext/new_allocator.h:162:4:   required from ‘void __gnu_cxx::new_allocator<_Tp>::construct(_Up*, _Args&& ...) [with _Up = std::pair<int, rocksdb::FileMetaData>; _Args = {int&, rocksdb::FileMetaData}; _Tp = std::pair<int, rocksdb::FileMetaData>]’
/usr/include/c++/11/bits/alloc_traits.h:516:17:   required from ‘static void std::allocator_traits<std::allocator<_CharT> >::construct(std::allocator_traits<std::allocator<_CharT> >::allocator_type&, _Up*, _Args&& ...) [with _Up = std::pair<int, rocksdb::FileMetaData>; _Args = {int&, rocksdb::FileMetaData}; _Tp = std::pair<int, rocksdb::FileMetaData>; std::allocator_traits<std::allocator<_CharT> >::allocator_type = std::allocator<std::pair<int, rocksdb::FileMetaData> >]’
/usr/include/c++/11/bits/vector.tcc:115:30:   required from ‘void std::vector<_Tp, _Alloc>::emplace_back(_Args&& ...) [with _Args = {int&, rocksdb::FileMetaData}; _Tp = std::pair<int, rocksdb::FileMetaData>; _Alloc = std::allocator<std::pair<int, rocksdb::FileMetaData> >]’
./db/version_edit.h:253:28:   required from here
./db/version_edit.h:86:8: warning: implicitly-declared ‘constexpr rocksdb::FileDescriptor::FileDescriptor(const rocksdb::FileDescriptor&)’ is deprecated [-Wdeprecated-copy]
   86 | struct FileMetaData {
      |        ^~~~~~~~~~~~
./db/version_edit.h:55:19: note: because ‘rocksdb::FileDescriptor’ has user-provided ‘rocksdb::FileDescriptor& rocksdb::FileDescriptor::operator=(const rocksdb::FileDescriptor&)’
   55 |   FileDescriptor& operator=(const FileDescriptor& fd) {
      |                   ^~~~~~~~
In file included from /usr/include/c++/11/utility:70,
                 from /usr/include/c++/11/algorithm:60,
                 from ./db/range_del_aggregator.h:8,
                 from db/range_del_aggregator.cc:6:
/usr/include/c++/11/bits/stl_pair.h:353:42: note: synthesized method ‘rocksdb::FileMetaData::FileMetaData(rocksdb::FileMetaData&&)’ first required here
  353 |         : first(std::forward<_U1>(__x)), second(std::forward<_U2>(__y)) { }
      |                                          ^~~~~~~~~~~~~~~~~~~~~~~~~~~~~~
In file included from ./db/range_del_aggregator.h:21,
                 from db/range_del_aggregator.cc:6:
./db/version_edit.h: In instantiation of ‘constexpr std::pair<_T1, _T2>::pair(_U1&&, const _T2&) [with _U1 = int&; typename std::enable_if<std::_PCC<true, _T1, _T2>::_MoveCopyPair<true, _U1, _T2>(), bool>::type <anonymous> = true; _T1 = int; _T2 = rocksdb::FileMetaData]’:
/usr/include/c++/11/ext/new_allocator.h:162:4:   required from ‘void __gnu_cxx::new_allocator<_Tp>::construct(_Up*, _Args&& ...) [with _Up = std::pair<int, rocksdb::FileMetaData>; _Args = {int&, const rocksdb::FileMetaData&}; _Tp = std::pair<int, rocksdb::FileMetaData>]’
/usr/include/c++/11/bits/alloc_traits.h:516:17:   required from ‘static void std::allocator_traits<std::allocator<_CharT> >::construct(std::allocator_traits<std::allocator<_CharT> >::allocator_type&, _Up*, _Args&& ...) [with _Up = std::pair<int, rocksdb::FileMetaData>; _Args = {int&, const rocksdb::FileMetaData&}; _Tp = std::pair<int, rocksdb::FileMetaData>; std::allocator_traits<std::allocator<_CharT> >::allocator_type = std::allocator<std::pair<int, rocksdb::FileMetaData> >]’
/usr/include/c++/11/bits/vector.tcc:115:30:   required from ‘void std::vector<_Tp, _Alloc>::emplace_back(_Args&& ...) [with _Args = {int&, const rocksdb::FileMetaData&}; _Tp = std::pair<int, rocksdb::FileMetaData>; _Alloc = std::allocator<std::pair<int, rocksdb::FileMetaData> >]’
./db/version_edit.h:258:28:   required from here
./db/version_edit.h:86:8: warning: implicitly-declared ‘constexpr rocksdb::FileDescriptor::FileDescriptor(const rocksdb::FileDescriptor&)’ is deprecated [-Wdeprecated-copy]
   86 | struct FileMetaData {
      |        ^~~~~~~~~~~~
./db/version_edit.h:55:19: note: because ‘rocksdb::FileDescriptor’ has user-provided ‘rocksdb::FileDescriptor& rocksdb::FileDescriptor::operator=(const rocksdb::FileDescriptor&)’
   55 |   FileDescriptor& operator=(const FileDescriptor& fd) {
      |                   ^~~~~~~~
In file included from /usr/include/c++/11/utility:70,
                 from /usr/include/c++/11/algorithm:60,
                 from ./db/range_del_aggregator.h:8,
                 from db/range_del_aggregator.cc:6:
/usr/include/c++/11/bits/stl_pair.h:323:41: note: synthesized method ‘rocksdb::FileMetaData::FileMetaData(const rocksdb::FileMetaData&)’ first required here
  323 |        : first(std::forward<_U1>(__x)), second(__y) { }
      |                                         ^~~~~~~~~~~
  CC       db/range_tombstone_fragmenter.o
./db/version_edit.h: In instantiation of ‘constexpr std::pair<_T1, _T2>::pair(_U1&&, _U2&&) [with _U1 = int&; _U2 = rocksdb::FileMetaData; typename std::enable_if<(std::_PCC<true, _T1, _T2>::_MoveConstructiblePair<_U1, _U2>() && std::_PCC<true, _T1, _T2>::_ImplicitlyMoveConvertiblePair<_U1, _U2>()), bool>::type <anonymous> = true; _T1 = int; _T2 = rocksdb::FileMetaData]’:
/usr/include/c++/11/ext/new_allocator.h:162:4:   required from ‘void __gnu_cxx::new_allocator<_Tp>::construct(_Up*, _Args&& ...) [with _Up = std::pair<int, rocksdb::FileMetaData>; _Args = {int&, rocksdb::FileMetaData}; _Tp = std::pair<int, rocksdb::FileMetaData>]’
/usr/include/c++/11/bits/alloc_traits.h:516:17:   required from ‘static void std::allocator_traits<std::allocator<_Tp1> >::construct(std::allocator_traits<std::allocator<_Tp1> >::allocator_type&, _Up*, _Args&& ...) [with _Up = std::pair<int, rocksdb::FileMetaData>; _Args = {int&, rocksdb::FileMetaData}; _Tp = std::pair<int, rocksdb::FileMetaData>; std::allocator_traits<std::allocator<_Tp1> >::allocator_type = std::allocator<std::pair<int, rocksdb::FileMetaData> >]’
/usr/include/c++/11/bits/vector.tcc:115:30:   required from ‘void std::vector<_Tp, _Alloc>::emplace_back(_Args&& ...) [with _Args = {int&, rocksdb::FileMetaData}; _Tp = std::pair<int, rocksdb::FileMetaData>; _Alloc = std::allocator<std::pair<int, rocksdb::FileMetaData> >]’
./db/version_edit.h:253:28:   required from here
./db/version_edit.h:86:8: warning: implicitly-declared ‘constexpr rocksdb::FileDescriptor::FileDescriptor(const rocksdb::FileDescriptor&)’ is deprecated [-Wdeprecated-copy]
   86 | struct FileMetaData {
      |        ^~~~~~~~~~~~
./db/version_edit.h:55:19: note: because ‘rocksdb::FileDescriptor’ has user-provided ‘rocksdb::FileDescriptor& rocksdb::FileDescriptor::operator=(const rocksdb::FileDescriptor&)’
   55 |   FileDescriptor& operator=(const FileDescriptor& fd) {
      |                   ^~~~~~~~
In file included from /usr/include/c++/11/bits/stl_algobase.h:64,
                 from /usr/include/c++/11/deque:60,
                 from ./db/memtable_list.h:8,
                 from db/memtable_list.cc:6:
/usr/include/c++/11/bits/stl_pair.h:353:42: note: synthesized method ‘rocksdb::FileMetaData::FileMetaData(rocksdb::FileMetaData&&)’ first required here
  353 |         : first(std::forward<_U1>(__x)), second(std::forward<_U2>(__y)) { }
      |                                          ^~~~~~~~~~~~~~~~~~~~~~~~~~~~~~
In file included from ./db/memtable.h:21,
                 from ./db/memtable_list.h:17,
                 from db/memtable_list.cc:6:
./db/version_edit.h: In instantiation of ‘constexpr std::pair<_T1, _T2>::pair(_U1&&, const _T2&) [with _U1 = int&; typename std::enable_if<std::_PCC<true, _T1, _T2>::_MoveCopyPair<true, _U1, _T2>(), bool>::type <anonymous> = true; _T1 = int; _T2 = rocksdb::FileMetaData]’:
/usr/include/c++/11/ext/new_allocator.h:162:4:   required from ‘void __gnu_cxx::new_allocator<_Tp>::construct(_Up*, _Args&& ...) [with _Up = std::pair<int, rocksdb::FileMetaData>; _Args = {int&, const rocksdb::FileMetaData&}; _Tp = std::pair<int, rocksdb::FileMetaData>]’
/usr/include/c++/11/bits/alloc_traits.h:516:17:   required from ‘static void std::allocator_traits<std::allocator<_Tp1> >::construct(std::allocator_traits<std::allocator<_Tp1> >::allocator_type&, _Up*, _Args&& ...) [with _Up = std::pair<int, rocksdb::FileMetaData>; _Args = {int&, const rocksdb::FileMetaData&}; _Tp = std::pair<int, rocksdb::FileMetaData>; std::allocator_traits<std::allocator<_Tp1> >::allocator_type = std::allocator<std::pair<int, rocksdb::FileMetaData> >]’
/usr/include/c++/11/bits/vector.tcc:115:30:   required from ‘void std::vector<_Tp, _Alloc>::emplace_back(_Args&& ...) [with _Args = {int&, const rocksdb::FileMetaData&}; _Tp = std::pair<int, rocksdb::FileMetaData>; _Alloc = std::allocator<std::pair<int, rocksdb::FileMetaData> >]’
./db/version_edit.h:258:28:   required from here
./db/version_edit.h:86:8: warning: implicitly-declared ‘constexpr rocksdb::FileDescriptor::FileDescriptor(const rocksdb::FileDescriptor&)’ is deprecated [-Wdeprecated-copy]
   86 | struct FileMetaData {
      |        ^~~~~~~~~~~~
./db/version_edit.h:55:19: note: because ‘rocksdb::FileDescriptor’ has user-provided ‘rocksdb::FileDescriptor& rocksdb::FileDescriptor::operator=(const rocksdb::FileDescriptor&)’
   55 |   FileDescriptor& operator=(const FileDescriptor& fd) {
      |                   ^~~~~~~~
In file included from /usr/include/c++/11/bits/stl_algobase.h:64,
                 from /usr/include/c++/11/deque:60,
                 from ./db/memtable_list.h:8,
                 from db/memtable_list.cc:6:
/usr/include/c++/11/bits/stl_pair.h:323:41: note: synthesized method ‘rocksdb::FileMetaData::FileMetaData(const rocksdb::FileMetaData&)’ first required here
  323 |        : first(std::forward<_U1>(__x)), second(__y) { }
      |                                         ^~~~~~~~~~~
  CC       db/repair.o
  CC       db/snapshot_impl.o
  CC       db/table_cache.o
  CC       db/table_properties_collector.o
In file included from ./db/memtable.h:21,
                 from ./db/memtable_list.h:17,
                 from ./db/column_family.h:17,
                 from ./db/db_impl/db_impl.h:22,
                 from db/repair.cc:65:
./db/version_edit.h: In constructor ‘rocksdb::FdWithKeyRange::FdWithKeyRange(rocksdb::FileDescriptor, rocksdb::Slice, rocksdb::Slice, rocksdb::FileMetaData*)’:
./db/version_edit.h:175:9: warning: implicitly-declared ‘constexpr rocksdb::FileDescriptor::FileDescriptor(const rocksdb::FileDescriptor&)’ is deprecated [-Wdeprecated-copy]
  175 |       : fd(_fd),
      |         ^~~~~~~
./db/version_edit.h:55:19: note: because ‘rocksdb::FileDescriptor’ has user-provided ‘rocksdb::FileDescriptor& rocksdb::FileDescriptor::operator=(const rocksdb::FileDescriptor&)’
   55 |   FileDescriptor& operator=(const FileDescriptor& fd) {
      |                   ^~~~~~~~
  CC       db/transaction_log_impl.o
  CC       db/version_builder.o
In file included from ./db/range_del_aggregator.h:21,
                 from ./db/table_cache.h:18,
                 from db/table_cache.cc:10:
./db/version_edit.h: In constructor ‘rocksdb::FdWithKeyRange::FdWithKeyRange(rocksdb::FileDescriptor, rocksdb::Slice, rocksdb::Slice, rocksdb::FileMetaData*)’:
./db/version_edit.h:175:9: warning: implicitly-declared ‘constexpr rocksdb::FileDescriptor::FileDescriptor(const rocksdb::FileDescriptor&)’ is deprecated [-Wdeprecated-copy]
  175 |       : fd(_fd),
      |         ^~~~~~~
./db/version_edit.h:55:19: note: because ‘rocksdb::FileDescriptor’ has user-provided ‘rocksdb::FileDescriptor& rocksdb::FileDescriptor::operator=(const rocksdb::FileDescriptor&)’
   55 |   FileDescriptor& operator=(const FileDescriptor& fd) {
      |                   ^~~~~~~~
  CC       db/version_edit.o
  CC       db/version_set.o
./db/version_edit.h: In instantiation of ‘constexpr std::pair<_T1, _T2>::pair(_U1&&, _U2&&) [with _U1 = int&; _U2 = rocksdb::FileMetaData; typename std::enable_if<(std::_PCC<true, _T1, _T2>::_MoveConstructiblePair<_U1, _U2>() && std::_PCC<true, _T1, _T2>::_ImplicitlyMoveConvertiblePair<_U1, _U2>()), bool>::type <anonymous> = true; _T1 = int; _T2 = rocksdb::FileMetaData]’:
/usr/include/c++/11/ext/new_allocator.h:162:4:   required from ‘void __gnu_cxx::new_allocator<_Tp>::construct(_Up*, _Args&& ...) [with _Up = std::pair<int, rocksdb::FileMetaData>; _Args = {int&, rocksdb::FileMetaData}; _Tp = std::pair<int, rocksdb::FileMetaData>]’
/usr/include/c++/11/bits/alloc_traits.h:516:17:   required from ‘static void std::allocator_traits<std::allocator<_CharT> >::construct(std::allocator_traits<std::allocator<_CharT> >::allocator_type&, _Up*, _Args&& ...) [with _Up = std::pair<int, rocksdb::FileMetaData>; _Args = {int&, rocksdb::FileMetaData}; _Tp = std::pair<int, rocksdb::FileMetaData>; std::allocator_traits<std::allocator<_CharT> >::allocator_type = std::allocator<std::pair<int, rocksdb::FileMetaData> >]’
/usr/include/c++/11/bits/vector.tcc:115:30:   required from ‘void std::vector<_Tp, _Alloc>::emplace_back(_Args&& ...) [with _Args = {int&, rocksdb::FileMetaData}; _Tp = std::pair<int, rocksdb::FileMetaData>; _Alloc = std::allocator<std::pair<int, rocksdb::FileMetaData> >]’
./db/version_edit.h:253:28:   required from here
./db/version_edit.h:86:8: warning: implicitly-declared ‘constexpr rocksdb::FileDescriptor::FileDescriptor(const rocksdb::FileDescriptor&)’ is deprecated [-Wdeprecated-copy]
   86 | struct FileMetaData {
      |        ^~~~~~~~~~~~
./db/version_edit.h:55:19: note: because ‘rocksdb::FileDescriptor’ has user-provided ‘rocksdb::FileDescriptor& rocksdb::FileDescriptor::operator=(const rocksdb::FileDescriptor&)’
   55 |   FileDescriptor& operator=(const FileDescriptor& fd) {
      |                   ^~~~~~~~
In file included from /usr/include/c++/11/bits/stl_algobase.h:64,
                 from /usr/include/c++/11/bits/char_traits.h:39,
                 from /usr/include/c++/11/string:40,
                 from ./db/table_cache.h:13,
                 from db/table_cache.cc:10:
/usr/include/c++/11/bits/stl_pair.h:353:42: note: synthesized method ‘rocksdb::FileMetaData::FileMetaData(rocksdb::FileMetaData&&)’ first required here
  353 |         : first(std::forward<_U1>(__x)), second(std::forward<_U2>(__y)) { }
      |                                          ^~~~~~~~~~~~~~~~~~~~~~~~~~~~~~
In file included from ./db/range_del_aggregator.h:21,
                 from ./db/table_cache.h:18,
                 from db/table_cache.cc:10:
./db/version_edit.h: In instantiation of ‘constexpr std::pair<_T1, _T2>::pair(_U1&&, const _T2&) [with _U1 = int&; typename std::enable_if<std::_PCC<true, _T1, _T2>::_MoveCopyPair<true, _U1, _T2>(), bool>::type <anonymous> = true; _T1 = int; _T2 = rocksdb::FileMetaData]’:
/usr/include/c++/11/ext/new_allocator.h:162:4:   required from ‘void __gnu_cxx::new_allocator<_Tp>::construct(_Up*, _Args&& ...) [with _Up = std::pair<int, rocksdb::FileMetaData>; _Args = {int&, const rocksdb::FileMetaData&}; _Tp = std::pair<int, rocksdb::FileMetaData>]’
/usr/include/c++/11/bits/alloc_traits.h:516:17:   required from ‘static void std::allocator_traits<std::allocator<_CharT> >::construct(std::allocator_traits<std::allocator<_CharT> >::allocator_type&, _Up*, _Args&& ...) [with _Up = std::pair<int, rocksdb::FileMetaData>; _Args = {int&, const rocksdb::FileMetaData&}; _Tp = std::pair<int, rocksdb::FileMetaData>; std::allocator_traits<std::allocator<_CharT> >::allocator_type = std::allocator<std::pair<int, rocksdb::FileMetaData> >]’
/usr/include/c++/11/bits/vector.tcc:115:30:   required from ‘void std::vector<_Tp, _Alloc>::emplace_back(_Args&& ...) [with _Args = {int&, const rocksdb::FileMetaData&}; _Tp = std::pair<int, rocksdb::FileMetaData>; _Alloc = std::allocator<std::pair<int, rocksdb::FileMetaData> >]’
./db/version_edit.h:258:28:   required from here
./db/version_edit.h:86:8: warning: implicitly-declared ‘constexpr rocksdb::FileDescriptor::FileDescriptor(const rocksdb::FileDescriptor&)’ is deprecated [-Wdeprecated-copy]
   86 | struct FileMetaData {
      |        ^~~~~~~~~~~~
./db/version_edit.h:55:19: note: because ‘rocksdb::FileDescriptor’ has user-provided ‘rocksdb::FileDescriptor& rocksdb::FileDescriptor::operator=(const rocksdb::FileDescriptor&)’
   55 |   FileDescriptor& operator=(const FileDescriptor& fd) {
      |                   ^~~~~~~~
In file included from /usr/include/c++/11/bits/stl_algobase.h:64,
                 from /usr/include/c++/11/bits/char_traits.h:39,
                 from /usr/include/c++/11/string:40,
                 from ./db/table_cache.h:13,
                 from db/table_cache.cc:10:
/usr/include/c++/11/bits/stl_pair.h:323:41: note: synthesized method ‘rocksdb::FileMetaData::FileMetaData(const rocksdb::FileMetaData&)’ first required here
  323 |        : first(std::forward<_U1>(__x)), second(__y) { }
      |                                         ^~~~~~~~~~~
  CC       db/wal_manager.o
In file included from ./db/memtable.h:21,
                 from ./db/memtable_list.h:17,
                 from ./db/column_family.h:17,
                 from ./db/version_set.h:31,
                 from ./db/transaction_log_impl.h:11,
                 from db/transaction_log_impl.cc:8:
./db/version_edit.h: In constructor ‘rocksdb::FdWithKeyRange::FdWithKeyRange(rocksdb::FileDescriptor, rocksdb::Slice, rocksdb::Slice, rocksdb::FileMetaData*)’:
./db/version_edit.h:175:9: warning: implicitly-declared ‘constexpr rocksdb::FileDescriptor::FileDescriptor(const rocksdb::FileDescriptor&)’ is deprecated [-Wdeprecated-copy]
  175 |       : fd(_fd),
      |         ^~~~~~~
./db/version_edit.h:55:19: note: because ‘rocksdb::FileDescriptor’ has user-provided ‘rocksdb::FileDescriptor& rocksdb::FileDescriptor::operator=(const rocksdb::FileDescriptor&)’
   55 |   FileDescriptor& operator=(const FileDescriptor& fd) {
      |                   ^~~~~~~~
In file included from ./db/memtable.h:21,
                 from ./db/memtable_list.h:17,
                 from ./db/column_family.h:17,
                 from ./db/version_set.h:31,
                 from ./db/internal_stats.h:16,
                 from db/version_builder.cc:25:
./db/version_edit.h: In constructor ‘rocksdb::FdWithKeyRange::FdWithKeyRange(rocksdb::FileDescriptor, rocksdb::Slice, rocksdb::Slice, rocksdb::FileMetaData*)’:
./db/version_edit.h:175:9: warning: implicitly-declared ‘constexpr rocksdb::FileDescriptor::FileDescriptor(const rocksdb::FileDescriptor&)’ is deprecated [-Wdeprecated-copy]
  175 |       : fd(_fd),
      |         ^~~~~~~
./db/version_edit.h:55:19: note: because ‘rocksdb::FileDescriptor’ has user-provided ‘rocksdb::FileDescriptor& rocksdb::FileDescriptor::operator=(const rocksdb::FileDescriptor&)’
   55 |   FileDescriptor& operator=(const FileDescriptor& fd) {
      |                   ^~~~~~~~
./db/version_edit.h: In instantiation of ‘void __gnu_cxx::new_allocator<_Tp>::construct(_Up*, _Args&& ...) [with _Up = rocksdb::{anonymous}::Repairer::TableInfo; _Args = {const rocksdb::{anonymous}::Repairer::TableInfo&}; _Tp = rocksdb::{anonymous}::Repairer::TableInfo]’:
/usr/include/c++/11/bits/alloc_traits.h:516:17:   required from ‘static void std::allocator_traits<std::allocator<_CharT> >::construct(std::allocator_traits<std::allocator<_CharT> >::allocator_type&, _Up*, _Args&& ...) [with _Up = rocksdb::{anonymous}::Repairer::TableInfo; _Args = {const rocksdb::{anonymous}::Repairer::TableInfo&}; _Tp = rocksdb::{anonymous}::Repairer::TableInfo; std::allocator_traits<std::allocator<_CharT> >::allocator_type = std::allocator<rocksdb::{anonymous}::Repairer::TableInfo>]’
/usr/include/c++/11/bits/stl_vector.h:1192:30:   required from ‘void std::vector<_Tp, _Alloc>::push_back(const value_type&) [with _Tp = rocksdb::{anonymous}::Repairer::TableInfo; _Alloc = std::allocator<rocksdb::{anonymous}::Repairer::TableInfo>; std::vector<_Tp, _Alloc>::value_type = rocksdb::{anonymous}::Repairer::TableInfo]’
db/repair.cc:466:26:   required from here
./db/version_edit.h:86:8: warning: implicitly-declared ‘constexpr rocksdb::FileDescriptor::FileDescriptor(const rocksdb::FileDescriptor&)’ is deprecated [-Wdeprecated-copy]
   86 | struct FileMetaData {
      |        ^~~~~~~~~~~~
./db/version_edit.h:55:19: note: because ‘rocksdb::FileDescriptor’ has user-provided ‘rocksdb::FileDescriptor& rocksdb::FileDescriptor::operator=(const rocksdb::FileDescriptor&)’
   55 |   FileDescriptor& operator=(const FileDescriptor& fd) {
      |                   ^~~~~~~~
db/repair.cc:223:10: note: synthesized method ‘rocksdb::FileMetaData::FileMetaData(const rocksdb::FileMetaData&)’ first required here
  223 |   struct TableInfo {
      |          ^~~~~~~~~
In file included from /usr/include/x86_64-linux-gnu/c++/11/bits/c++allocator.h:33,
                 from /usr/include/c++/11/bits/allocator.h:46,
                 from /usr/include/c++/11/string:41,
                 from ./db/builder.h:9,
                 from db/repair.cc:64:
/usr/include/c++/11/ext/new_allocator.h:162:11: note: synthesized method ‘rocksdb::{anonymous}::Repairer::TableInfo::TableInfo(const rocksdb::{anonymous}::Repairer::TableInfo&)’ first required here
  162 |         { ::new((void *)__p) _Up(std::forward<_Args>(__args)...); }
      |           ^~~~~~~~~~~~~~~~~~~~~~~~~~~~~~~~~~~~~~~~~~~~~~~~~~~~~~
In file included from ./db/memtable.h:21,
                 from ./db/memtable_list.h:17,
                 from ./db/column_family.h:17,
                 from ./db/db_impl/db_impl.h:22,
                 from db/repair.cc:65:
./db/version_edit.h: In instantiation of ‘constexpr std::pair<_T1, _T2>::pair(_U1&&, _U2&&) [with _U1 = int&; _U2 = rocksdb::FileMetaData; typename std::enable_if<(std::_PCC<true, _T1, _T2>::_MoveConstructiblePair<_U1, _U2>() && std::_PCC<true, _T1, _T2>::_ImplicitlyMoveConvertiblePair<_U1, _U2>()), bool>::type <anonymous> = true; _T1 = int; _T2 = rocksdb::FileMetaData]’:
/usr/include/c++/11/ext/new_allocator.h:162:4:   required from ‘void __gnu_cxx::new_allocator<_Tp>::construct(_Up*, _Args&& ...) [with _Up = std::pair<int, rocksdb::FileMetaData>; _Args = {int&, rocksdb::FileMetaData}; _Tp = std::pair<int, rocksdb::FileMetaData>]’
/usr/include/c++/11/bits/alloc_traits.h:516:17:   required from ‘static void std::allocator_traits<std::allocator<_CharT> >::construct(std::allocator_traits<std::allocator<_CharT> >::allocator_type&, _Up*, _Args&& ...) [with _Up = std::pair<int, rocksdb::FileMetaData>; _Args = {int&, rocksdb::FileMetaData}; _Tp = std::pair<int, rocksdb::FileMetaData>; std::allocator_traits<std::allocator<_CharT> >::allocator_type = std::allocator<std::pair<int, rocksdb::FileMetaData> >]’
/usr/include/c++/11/bits/vector.tcc:115:30:   required from ‘void std::vector<_Tp, _Alloc>::emplace_back(_Args&& ...) [with _Args = {int&, rocksdb::FileMetaData}; _Tp = std::pair<int, rocksdb::FileMetaData>; _Alloc = std::allocator<std::pair<int, rocksdb::FileMetaData> >]’
./db/version_edit.h:253:28:   required from here
./db/version_edit.h:86:8: warning: implicitly-declared ‘constexpr rocksdb::FileDescriptor::FileDescriptor(const rocksdb::FileDescriptor&)’ is deprecated [-Wdeprecated-copy]
   86 | struct FileMetaData {
      |        ^~~~~~~~~~~~
./db/version_edit.h:55:19: note: because ‘rocksdb::FileDescriptor’ has user-provided ‘rocksdb::FileDescriptor& rocksdb::FileDescriptor::operator=(const rocksdb::FileDescriptor&)’
   55 |   FileDescriptor& operator=(const FileDescriptor& fd) {
      |                   ^~~~~~~~
In file included from /usr/include/c++/11/bits/stl_algobase.h:64,
                 from /usr/include/c++/11/bits/char_traits.h:39,
                 from /usr/include/c++/11/string:40,
                 from ./db/builder.h:9,
                 from db/repair.cc:64:
/usr/include/c++/11/bits/stl_pair.h:353:42: note: synthesized method ‘rocksdb::FileMetaData::FileMetaData(rocksdb::FileMetaData&&)’ first required here
  353 |         : first(std::forward<_U1>(__x)), second(std::forward<_U2>(__y)) { }
      |                                          ^~~~~~~~~~~~~~~~~~~~~~~~~~~~~~
In file included from db/version_edit.cc:10:
./db/version_edit.h: In constructor ‘rocksdb::FdWithKeyRange::FdWithKeyRange(rocksdb::FileDescriptor, rocksdb::Slice, rocksdb::Slice, rocksdb::FileMetaData*)’:
./db/version_edit.h:175:9: warning: implicitly-declared ‘constexpr rocksdb::FileDescriptor::FileDescriptor(const rocksdb::FileDescriptor&)’ is deprecated [-Wdeprecated-copy]
  175 |       : fd(_fd),
      |         ^~~~~~~
./db/version_edit.h:55:19: note: because ‘rocksdb::FileDescriptor’ has user-provided ‘rocksdb::FileDescriptor& rocksdb::FileDescriptor::operator=(const rocksdb::FileDescriptor&)’
   55 |   FileDescriptor& operator=(const FileDescriptor& fd) {
      |                   ^~~~~~~~
In file included from ./db/memtable.h:21,
                 from ./db/memtable_list.h:17,
                 from ./db/column_family.h:17,
                 from ./db/version_set.h:31,
                 from db/version_set.cc:10:
./db/version_edit.h: In constructor ‘rocksdb::FdWithKeyRange::FdWithKeyRange(rocksdb::FileDescriptor, rocksdb::Slice, rocksdb::Slice, rocksdb::FileMetaData*)’:
./db/version_edit.h:175:9: warning: implicitly-declared ‘constexpr rocksdb::FileDescriptor::FileDescriptor(const rocksdb::FileDescriptor&)’ is deprecated [-Wdeprecated-copy]
  175 |       : fd(_fd),
      |         ^~~~~~~
./db/version_edit.h:55:19: note: because ‘rocksdb::FileDescriptor’ has user-provided ‘rocksdb::FileDescriptor& rocksdb::FileDescriptor::operator=(const rocksdb::FileDescriptor&)’
   55 |   FileDescriptor& operator=(const FileDescriptor& fd) {
      |                   ^~~~~~~~
  CC       db/write_batch.o
  CC       db/write_batch_base.o
./db/version_edit.h: In copy constructor ‘rocksdb::FileMetaData::FileMetaData(const rocksdb::FileMetaData&)’:
./db/version_edit.h:86:8: warning: implicitly-declared ‘constexpr rocksdb::FileDescriptor::FileDescriptor(const rocksdb::FileDescriptor&)’ is deprecated [-Wdeprecated-copy]
   86 | struct FileMetaData {
      |        ^~~~~~~~~~~~
./db/version_edit.h:55:19: note: because ‘rocksdb::FileDescriptor’ has user-provided ‘rocksdb::FileDescriptor& rocksdb::FileDescriptor::operator=(const rocksdb::FileDescriptor&)’
   55 |   FileDescriptor& operator=(const FileDescriptor& fd) {
      |                   ^~~~~~~~
db/version_builder.cc: In member function ‘void rocksdb::VersionBuilder::Rep::Apply(rocksdb::VersionEdit*)’:
db/version_builder.cc:294:59: note: synthesized method ‘rocksdb::FileMetaData::FileMetaData(const rocksdb::FileMetaData&)’ first required here
  294 |         FileMetaData* f = new FileMetaData(new_file.second);
      |                                                           ^
./db/version_edit.h: In instantiation of ‘constexpr std::pair<_T1, _T2>::pair(_U1&&, _U2&&) [with _U1 = int&; _U2 = rocksdb::FileMetaData; typename std::enable_if<(std::_PCC<true, _T1, _T2>::_MoveConstructiblePair<_U1, _U2>() && std::_PCC<true, _T1, _T2>::_ImplicitlyMoveConvertiblePair<_U1, _U2>()), bool>::type <anonymous> = true; _T1 = int; _T2 = rocksdb::FileMetaData]’:
/usr/include/c++/11/ext/new_allocator.h:162:4:   required from ‘void __gnu_cxx::new_allocator<_Tp>::construct(_Up*, _Args&& ...) [with _Up = std::pair<int, rocksdb::FileMetaData>; _Args = {int&, rocksdb::FileMetaData}; _Tp = std::pair<int, rocksdb::FileMetaData>]’
/usr/include/c++/11/bits/alloc_traits.h:516:17:   required from ‘static void std::allocator_traits<std::allocator<_Tp1> >::construct(std::allocator_traits<std::allocator<_Tp1> >::allocator_type&, _Up*, _Args&& ...) [with _Up = std::pair<int, rocksdb::FileMetaData>; _Args = {int&, rocksdb::FileMetaData}; _Tp = std::pair<int, rocksdb::FileMetaData>; std::allocator_traits<std::allocator<_Tp1> >::allocator_type = std::allocator<std::pair<int, rocksdb::FileMetaData> >]’
/usr/include/c++/11/bits/vector.tcc:115:30:   required from ‘void std::vector<_Tp, _Alloc>::emplace_back(_Args&& ...) [with _Args = {int&, rocksdb::FileMetaData}; _Tp = std::pair<int, rocksdb::FileMetaData>; _Alloc = std::allocator<std::pair<int, rocksdb::FileMetaData> >]’
./db/version_edit.h:253:28:   required from here
./db/version_edit.h:86:8: warning: implicitly-declared ‘constexpr rocksdb::FileDescriptor::FileDescriptor(const rocksdb::FileDescriptor&)’ is deprecated [-Wdeprecated-copy]
   86 | struct FileMetaData {
      |        ^~~~~~~~~~~~
./db/version_edit.h:55:19: note: because ‘rocksdb::FileDescriptor’ has user-provided ‘rocksdb::FileDescriptor& rocksdb::FileDescriptor::operator=(const rocksdb::FileDescriptor&)’
   55 |   FileDescriptor& operator=(const FileDescriptor& fd) {
      |                   ^~~~~~~~
In file included from /usr/include/c++/11/bits/stl_algobase.h:64,
                 from /usr/include/c++/11/vector:60,
                 from ./db/transaction_log_impl.h:8,
                 from db/transaction_log_impl.cc:8:
/usr/include/c++/11/bits/stl_pair.h:353:42: note: synthesized method ‘rocksdb::FileMetaData::FileMetaData(rocksdb::FileMetaData&&)’ first required here
  353 |         : first(std::forward<_U1>(__x)), second(std::forward<_U2>(__y)) { }
      |                                          ^~~~~~~~~~~~~~~~~~~~~~~~~~~~~~
In file included from ./db/memtable.h:21,
                 from ./db/memtable_list.h:17,
                 from ./db/column_family.h:17,
                 from ./db/version_set.h:31,
                 from ./db/transaction_log_impl.h:11,
                 from db/transaction_log_impl.cc:8:
./db/version_edit.h: In instantiation of ‘constexpr std::pair<_T1, _T2>::pair(_U1&&, const _T2&) [with _U1 = int&; typename std::enable_if<std::_PCC<true, _T1, _T2>::_MoveCopyPair<true, _U1, _T2>(), bool>::type <anonymous> = true; _T1 = int; _T2 = rocksdb::FileMetaData]’:
/usr/include/c++/11/ext/new_allocator.h:162:4:   required from ‘void __gnu_cxx::new_allocator<_Tp>::construct(_Up*, _Args&& ...) [with _Up = std::pair<int, rocksdb::FileMetaData>; _Args = {int&, const rocksdb::FileMetaData&}; _Tp = std::pair<int, rocksdb::FileMetaData>]’
/usr/include/c++/11/bits/alloc_traits.h:516:17:   required from ‘static void std::allocator_traits<std::allocator<_Tp1> >::construct(std::allocator_traits<std::allocator<_Tp1> >::allocator_type&, _Up*, _Args&& ...) [with _Up = std::pair<int, rocksdb::FileMetaData>; _Args = {int&, const rocksdb::FileMetaData&}; _Tp = std::pair<int, rocksdb::FileMetaData>; std::allocator_traits<std::allocator<_Tp1> >::allocator_type = std::allocator<std::pair<int, rocksdb::FileMetaData> >]’
/usr/include/c++/11/bits/vector.tcc:115:30:   required from ‘void std::vector<_Tp, _Alloc>::emplace_back(_Args&& ...) [with _Args = {int&, const rocksdb::FileMetaData&}; _Tp = std::pair<int, rocksdb::FileMetaData>; _Alloc = std::allocator<std::pair<int, rocksdb::FileMetaData> >]’
./db/version_edit.h:258:28:   required from here
./db/version_edit.h:86:8: warning: implicitly-declared ‘constexpr rocksdb::FileDescriptor::FileDescriptor(const rocksdb::FileDescriptor&)’ is deprecated [-Wdeprecated-copy]
   86 | struct FileMetaData {
      |        ^~~~~~~~~~~~
./db/version_edit.h:55:19: note: because ‘rocksdb::FileDescriptor’ has user-provided ‘rocksdb::FileDescriptor& rocksdb::FileDescriptor::operator=(const rocksdb::FileDescriptor&)’
   55 |   FileDescriptor& operator=(const FileDescriptor& fd) {
      |                   ^~~~~~~~
In file included from /usr/include/c++/11/bits/stl_algobase.h:64,
                 from /usr/include/c++/11/vector:60,
                 from ./db/transaction_log_impl.h:8,
                 from db/transaction_log_impl.cc:8:
/usr/include/c++/11/bits/stl_pair.h:323:41: note: synthesized method ‘rocksdb::FileMetaData::FileMetaData(const rocksdb::FileMetaData&)’ first required here
  323 |        : first(std::forward<_U1>(__x)), second(__y) { }
      |                                         ^~~~~~~~~~~
In file included from ./db/memtable.h:21,
                 from ./db/memtable_list.h:17,
                 from ./db/column_family.h:17,
                 from ./db/version_set.h:31,
                 from ./db/wal_manager.h:20,
                 from db/wal_manager.cc:10:
./db/version_edit.h: In constructor ‘rocksdb::FdWithKeyRange::FdWithKeyRange(rocksdb::FileDescriptor, rocksdb::Slice, rocksdb::Slice, rocksdb::FileMetaData*)’:
./db/version_edit.h:175:9: warning: implicitly-declared ‘constexpr rocksdb::FileDescriptor::FileDescriptor(const rocksdb::FileDescriptor&)’ is deprecated [-Wdeprecated-copy]
  175 |       : fd(_fd),
      |         ^~~~~~~
./db/version_edit.h:55:19: note: because ‘rocksdb::FileDescriptor’ has user-provided ‘rocksdb::FileDescriptor& rocksdb::FileDescriptor::operator=(const rocksdb::FileDescriptor&)’
   55 |   FileDescriptor& operator=(const FileDescriptor& fd) {
      |                   ^~~~~~~~
  CC       db/write_controller.o
In file included from ./db/memtable.h:21,
                 from ./db/memtable_list.h:17,
                 from ./db/column_family.h:17,
                 from ./db/version_set.h:31,
                 from ./db/internal_stats.h:16,
                 from db/version_builder.cc:25:
./db/version_edit.h: In instantiation of ‘constexpr std::pair<_T1, _T2>::pair(_U1&&, _U2&&) [with _U1 = int&; _U2 = rocksdb::FileMetaData; typename std::enable_if<(std::_PCC<true, _T1, _T2>::_MoveConstructiblePair<_U1, _U2>() && std::_PCC<true, _T1, _T2>::_ImplicitlyMoveConvertiblePair<_U1, _U2>()), bool>::type <anonymous> = true; _T1 = int; _T2 = rocksdb::FileMetaData]’:
/usr/include/c++/11/ext/new_allocator.h:162:4:   required from ‘void __gnu_cxx::new_allocator<_Tp>::construct(_Up*, _Args&& ...) [with _Up = std::pair<int, rocksdb::FileMetaData>; _Args = {int&, rocksdb::FileMetaData}; _Tp = std::pair<int, rocksdb::FileMetaData>]’
/usr/include/c++/11/bits/alloc_traits.h:516:17:   required from ‘static void std::allocator_traits<std::allocator<_Tp1> >::construct(std::allocator_traits<std::allocator<_Tp1> >::allocator_type&, _Up*, _Args&& ...) [with _Up = std::pair<int, rocksdb::FileMetaData>; _Args = {int&, rocksdb::FileMetaData}; _Tp = std::pair<int, rocksdb::FileMetaData>; std::allocator_traits<std::allocator<_Tp1> >::allocator_type = std::allocator<std::pair<int, rocksdb::FileMetaData> >]’
/usr/include/c++/11/bits/vector.tcc:115:30:   required from ‘void std::vector<_Tp, _Alloc>::emplace_back(_Args&& ...) [with _Args = {int&, rocksdb::FileMetaData}; _Tp = std::pair<int, rocksdb::FileMetaData>; _Alloc = std::allocator<std::pair<int, rocksdb::FileMetaData> >]’
./db/version_edit.h:253:28:   required from here
./db/version_edit.h:86:8: warning: implicitly-declared ‘constexpr rocksdb::FileDescriptor::FileDescriptor(const rocksdb::FileDescriptor&)’ is deprecated [-Wdeprecated-copy]
   86 | struct FileMetaData {
      |        ^~~~~~~~~~~~
./db/version_edit.h:55:19: note: because ‘rocksdb::FileDescriptor’ has user-provided ‘rocksdb::FileDescriptor& rocksdb::FileDescriptor::operator=(const rocksdb::FileDescriptor&)’
   55 |   FileDescriptor& operator=(const FileDescriptor& fd) {
      |                   ^~~~~~~~
In file included from /usr/include/c++/11/utility:70,
                 from /usr/include/c++/11/tuple:38,
                 from /usr/include/c++/11/functional:54,
                 from ./include/rocksdb/env.h:21,
                 from ./db/version_builder.h:11,
                 from db/version_builder.cc:10:
/usr/include/c++/11/bits/stl_pair.h:353:42: note: synthesized method ‘rocksdb::FileMetaData::FileMetaData(rocksdb::FileMetaData&&)’ first required here
  353 |         : first(std::forward<_U1>(__x)), second(std::forward<_U2>(__y)) { }
      |                                          ^~~~~~~~~~~~~~~~~~~~~~~~~~~~~~
  CC       db/write_thread.o
./db/version_edit.h: In instantiation of ‘constexpr std::pair<_T1, _T2>::pair(_U1&&, _U2&&) [with _U1 = int&; _U2 = rocksdb::FileMetaData&; typename std::enable_if<(std::_PCC<true, _T1, _T2>::_MoveConstructiblePair<_U1, _U2>() && std::_PCC<true, _T1, _T2>::_ImplicitlyMoveConvertiblePair<_U1, _U2>()), bool>::type <anonymous> = true; _T1 = int; _T2 = rocksdb::FileMetaData]’:
/usr/include/c++/11/bits/stl_pair.h:572:14:   required from ‘constexpr std::pair<typename std::__strip_reference_wrapper<typename std::decay<_Tp>::type>::__type, typename std::__strip_reference_wrapper<typename std::decay<_Tp2>::type>::__type> std::make_pair(_T1&&, _T2&&) [with _T1 = int&; _T2 = rocksdb::FileMetaData&; typename std::__strip_reference_wrapper<typename std::decay<_Tp2>::type>::__type = rocksdb::FileMetaData; typename std::decay<_Tp2>::type = std::decay<rocksdb::FileMetaData&>::type; typename std::__strip_reference_wrapper<typename std::decay<_Tp>::type>::__type = int; typename std::decay<_Tp>::type = int]’
db/version_edit.cc:308:38:   required from here
./db/version_edit.h:86:8: warning: implicitly-declared ‘constexpr rocksdb::FileDescriptor::FileDescriptor(const rocksdb::FileDescriptor&)’ is deprecated [-Wdeprecated-copy]
   86 | struct FileMetaData {
      |        ^~~~~~~~~~~~
./db/version_edit.h:55:19: note: because ‘rocksdb::FileDescriptor’ has user-provided ‘rocksdb::FileDescriptor& rocksdb::FileDescriptor::operator=(const rocksdb::FileDescriptor&)’
   55 |   FileDescriptor& operator=(const FileDescriptor& fd) {
      |                   ^~~~~~~~
In file included from /usr/include/c++/11/utility:70,
                 from /usr/include/c++/11/algorithm:60,
                 from ./db/version_edit.h:11,
                 from db/version_edit.cc:10:
/usr/include/c++/11/bits/stl_pair.h:353:42: note: synthesized method ‘rocksdb::FileMetaData::FileMetaData(const rocksdb::FileMetaData&)’ first required here
  353 |         : first(std::forward<_U1>(__x)), second(std::forward<_U2>(__y)) { }
      |                                          ^~~~~~~~~~~~~~~~~~~~~~~~~~~~~~
In file included from ./db/memtable.h:21,
                 from ./db/memtable_list.h:17,
                 from ./db/column_family.h:17,
                 from db/write_batch.cc:44:
./db/version_edit.h: In constructor ‘rocksdb::FdWithKeyRange::FdWithKeyRange(rocksdb::FileDescriptor, rocksdb::Slice, rocksdb::Slice, rocksdb::FileMetaData*)’:
./db/version_edit.h:175:9: warning: implicitly-declared ‘constexpr rocksdb::FileDescriptor::FileDescriptor(const rocksdb::FileDescriptor&)’ is deprecated [-Wdeprecated-copy]
  175 |       : fd(_fd),
      |         ^~~~~~~
./db/version_edit.h:55:19: note: because ‘rocksdb::FileDescriptor’ has user-provided ‘rocksdb::FileDescriptor& rocksdb::FileDescriptor::operator=(const rocksdb::FileDescriptor&)’
   55 |   FileDescriptor& operator=(const FileDescriptor& fd) {
      |                   ^~~~~~~~
  CC       env/env.o
./db/version_edit.h: In instantiation of ‘constexpr std::pair<_T1, _T2>::pair(_U1&&, _U2&&) [with _U1 = int&; _U2 = rocksdb::FileMetaData; typename std::enable_if<(std::_PCC<true, _T1, _T2>::_MoveConstructiblePair<_U1, _U2>() && std::_PCC<true, _T1, _T2>::_ImplicitlyMoveConvertiblePair<_U1, _U2>()), bool>::type <anonymous> = true; _T1 = int; _T2 = rocksdb::FileMetaData]’:
/usr/include/c++/11/ext/new_allocator.h:162:4:   required from ‘void __gnu_cxx::new_allocator<_Tp>::construct(_Up*, _Args&& ...) [with _Up = std::pair<int, rocksdb::FileMetaData>; _Args = {int&, rocksdb::FileMetaData}; _Tp = std::pair<int, rocksdb::FileMetaData>]’
/usr/include/c++/11/bits/alloc_traits.h:516:17:   required from ‘static void std::allocator_traits<std::allocator<_Tp1> >::construct(std::allocator_traits<std::allocator<_Tp1> >::allocator_type&, _Up*, _Args&& ...) [with _Up = std::pair<int, rocksdb::FileMetaData>; _Args = {int&, rocksdb::FileMetaData}; _Tp = std::pair<int, rocksdb::FileMetaData>; std::allocator_traits<std::allocator<_Tp1> >::allocator_type = std::allocator<std::pair<int, rocksdb::FileMetaData> >]’
/usr/include/c++/11/bits/vector.tcc:115:30:   required from ‘void std::vector<_Tp, _Alloc>::emplace_back(_Args&& ...) [with _Args = {int&, rocksdb::FileMetaData}; _Tp = std::pair<int, rocksdb::FileMetaData>; _Alloc = std::allocator<std::pair<int, rocksdb::FileMetaData> >]’
./db/version_edit.h:253:28:   required from here
./db/version_edit.h:86:8: warning: implicitly-declared ‘constexpr rocksdb::FileDescriptor::FileDescriptor(const rocksdb::FileDescriptor&)’ is deprecated [-Wdeprecated-copy]
   86 | struct FileMetaData {
      |        ^~~~~~~~~~~~
./db/version_edit.h:55:19: note: because ‘rocksdb::FileDescriptor’ has user-provided ‘rocksdb::FileDescriptor& rocksdb::FileDescriptor::operator=(const rocksdb::FileDescriptor&)’
   55 |   FileDescriptor& operator=(const FileDescriptor& fd) {
      |                   ^~~~~~~~
In file included from /usr/include/c++/11/bits/stl_algobase.h:64,
                 from /usr/include/c++/11/deque:60,
                 from ./db/wal_manager.h:12,
                 from db/wal_manager.cc:10:
/usr/include/c++/11/bits/stl_pair.h:353:42: note: synthesized method ‘rocksdb::FileMetaData::FileMetaData(rocksdb::FileMetaData&&)’ first required here
  353 |         : first(std::forward<_U1>(__x)), second(std::forward<_U2>(__y)) { }
      |                                          ^~~~~~~~~~~~~~~~~~~~~~~~~~~~~~
In file included from ./db/memtable.h:21,
                 from ./db/memtable_list.h:17,
                 from ./db/column_family.h:17,
                 from ./db/version_set.h:31,
                 from ./db/wal_manager.h:20,
                 from db/wal_manager.cc:10:
./db/version_edit.h: In instantiation of ‘constexpr std::pair<_T1, _T2>::pair(_U1&&, const _T2&) [with _U1 = int&; typename std::enable_if<std::_PCC<true, _T1, _T2>::_MoveCopyPair<true, _U1, _T2>(), bool>::type <anonymous> = true; _T1 = int; _T2 = rocksdb::FileMetaData]’:
/usr/include/c++/11/ext/new_allocator.h:162:4:   required from ‘void __gnu_cxx::new_allocator<_Tp>::construct(_Up*, _Args&& ...) [with _Up = std::pair<int, rocksdb::FileMetaData>; _Args = {int&, const rocksdb::FileMetaData&}; _Tp = std::pair<int, rocksdb::FileMetaData>]’
/usr/include/c++/11/bits/alloc_traits.h:516:17:   required from ‘static void std::allocator_traits<std::allocator<_Tp1> >::construct(std::allocator_traits<std::allocator<_Tp1> >::allocator_type&, _Up*, _Args&& ...) [with _Up = std::pair<int, rocksdb::FileMetaData>; _Args = {int&, const rocksdb::FileMetaData&}; _Tp = std::pair<int, rocksdb::FileMetaData>; std::allocator_traits<std::allocator<_Tp1> >::allocator_type = std::allocator<std::pair<int, rocksdb::FileMetaData> >]’
/usr/include/c++/11/bits/vector.tcc:115:30:   required from ‘void std::vector<_Tp, _Alloc>::emplace_back(_Args&& ...) [with _Args = {int&, const rocksdb::FileMetaData&}; _Tp = std::pair<int, rocksdb::FileMetaData>; _Alloc = std::allocator<std::pair<int, rocksdb::FileMetaData> >]’
./db/version_edit.h:258:28:   required from here
./db/version_edit.h:86:8: warning: implicitly-declared ‘constexpr rocksdb::FileDescriptor::FileDescriptor(const rocksdb::FileDescriptor&)’ is deprecated [-Wdeprecated-copy]
   86 | struct FileMetaData {
      |        ^~~~~~~~~~~~
./db/version_edit.h:55:19: note: because ‘rocksdb::FileDescriptor’ has user-provided ‘rocksdb::FileDescriptor& rocksdb::FileDescriptor::operator=(const rocksdb::FileDescriptor&)’
   55 |   FileDescriptor& operator=(const FileDescriptor& fd) {
      |                   ^~~~~~~~
In file included from /usr/include/c++/11/bits/stl_algobase.h:64,
                 from /usr/include/c++/11/deque:60,
                 from ./db/wal_manager.h:12,
                 from db/wal_manager.cc:10:
/usr/include/c++/11/bits/stl_pair.h:323:41: note: synthesized method ‘rocksdb::FileMetaData::FileMetaData(const rocksdb::FileMetaData&)’ first required here
  323 |        : first(std::forward<_U1>(__x)), second(__y) { }
      |                                         ^~~~~~~~~~~
In file included from ./db/memtable.h:21,
                 from ./db/memtable_list.h:17,
                 from ./db/column_family.h:17,
                 from db/write_thread.cc:9:
./db/version_edit.h: In constructor ‘rocksdb::FdWithKeyRange::FdWithKeyRange(rocksdb::FileDescriptor, rocksdb::Slice, rocksdb::Slice, rocksdb::FileMetaData*)’:
./db/version_edit.h:175:9: warning: implicitly-declared ‘constexpr rocksdb::FileDescriptor::FileDescriptor(const rocksdb::FileDescriptor&)’ is deprecated [-Wdeprecated-copy]
  175 |       : fd(_fd),
      |         ^~~~~~~
./db/version_edit.h:55:19: note: because ‘rocksdb::FileDescriptor’ has user-provided ‘rocksdb::FileDescriptor& rocksdb::FileDescriptor::operator=(const rocksdb::FileDescriptor&)’
   55 |   FileDescriptor& operator=(const FileDescriptor& fd) {
      |                   ^~~~~~~~
./db/version_edit.h: In instantiation of ‘constexpr std::pair<_T1, _T2>::pair(_U1&&, _U2&&) [with _U1 = int&; _U2 = rocksdb::FileMetaData; typename std::enable_if<(std::_PCC<true, _T1, _T2>::_MoveConstructiblePair<_U1, _U2>() && std::_PCC<true, _T1, _T2>::_ImplicitlyMoveConvertiblePair<_U1, _U2>()), bool>::type <anonymous> = true; _T1 = int; _T2 = rocksdb::FileMetaData]’:
/usr/include/c++/11/ext/new_allocator.h:162:4:   required from ‘void __gnu_cxx::new_allocator<_Tp>::construct(_Up*, _Args&& ...) [with _Up = std::pair<int, rocksdb::FileMetaData>; _Args = {int&, rocksdb::FileMetaData}; _Tp = std::pair<int, rocksdb::FileMetaData>]’
/usr/include/c++/11/bits/alloc_traits.h:516:17:   required from ‘static void std::allocator_traits<std::allocator<_Tp1> >::construct(std::allocator_traits<std::allocator<_Tp1> >::allocator_type&, _Up*, _Args&& ...) [with _Up = std::pair<int, rocksdb::FileMetaData>; _Args = {int&, rocksdb::FileMetaData}; _Tp = std::pair<int, rocksdb::FileMetaData>; std::allocator_traits<std::allocator<_Tp1> >::allocator_type = std::allocator<std::pair<int, rocksdb::FileMetaData> >]’
/usr/include/c++/11/bits/vector.tcc:115:30:   required from ‘void std::vector<_Tp, _Alloc>::emplace_back(_Args&& ...) [with _Args = {int&, rocksdb::FileMetaData}; _Tp = std::pair<int, rocksdb::FileMetaData>; _Alloc = std::allocator<std::pair<int, rocksdb::FileMetaData> >]’
./db/version_edit.h:253:28:   required from here
./db/version_edit.h:86:8: warning: implicitly-declared ‘constexpr rocksdb::FileDescriptor::FileDescriptor(const rocksdb::FileDescriptor&)’ is deprecated [-Wdeprecated-copy]
   86 | struct FileMetaData {
      |        ^~~~~~~~~~~~
./db/version_edit.h:55:19: note: because ‘rocksdb::FileDescriptor’ has user-provided ‘rocksdb::FileDescriptor& rocksdb::FileDescriptor::operator=(const rocksdb::FileDescriptor&)’
   55 |   FileDescriptor& operator=(const FileDescriptor& fd) {
      |                   ^~~~~~~~
In file included from /usr/include/c++/11/bits/stl_algobase.h:64,
                 from /usr/include/c++/11/deque:60,
                 from ./db/version_set.h:22,
                 from db/version_set.cc:10:
/usr/include/c++/11/bits/stl_pair.h:353:42: note: synthesized method ‘rocksdb::FileMetaData::FileMetaData(rocksdb::FileMetaData&&)’ first required here
  353 |         : first(std::forward<_U1>(__x)), second(std::forward<_U2>(__y)) { }
      |                                          ^~~~~~~~~~~~~~~~~~~~~~~~~~~~~~
In file included from ./db/memtable.h:21,
                 from ./db/memtable_list.h:17,
                 from ./db/column_family.h:17,
                 from ./db/version_set.h:31,
                 from db/version_set.cc:10:
./db/version_edit.h: In instantiation of ‘constexpr std::pair<_T1, _T2>::pair(_U1&&, const _T2&) [with _U1 = int&; typename std::enable_if<std::_PCC<true, _T1, _T2>::_MoveCopyPair<true, _U1, _T2>(), bool>::type <anonymous> = true; _T1 = int; _T2 = rocksdb::FileMetaData]’:
/usr/include/c++/11/ext/new_allocator.h:162:4:   required from ‘void __gnu_cxx::new_allocator<_Tp>::construct(_Up*, _Args&& ...) [with _Up = std::pair<int, rocksdb::FileMetaData>; _Args = {int&, const rocksdb::FileMetaData&}; _Tp = std::pair<int, rocksdb::FileMetaData>]’
/usr/include/c++/11/bits/alloc_traits.h:516:17:   required from ‘static void std::allocator_traits<std::allocator<_Tp1> >::construct(std::allocator_traits<std::allocator<_Tp1> >::allocator_type&, _Up*, _Args&& ...) [with _Up = std::pair<int, rocksdb::FileMetaData>; _Args = {int&, const rocksdb::FileMetaData&}; _Tp = std::pair<int, rocksdb::FileMetaData>; std::allocator_traits<std::allocator<_Tp1> >::allocator_type = std::allocator<std::pair<int, rocksdb::FileMetaData> >]’
/usr/include/c++/11/bits/vector.tcc:115:30:   required from ‘void std::vector<_Tp, _Alloc>::emplace_back(_Args&& ...) [with _Args = {int&, const rocksdb::FileMetaData&}; _Tp = std::pair<int, rocksdb::FileMetaData>; _Alloc = std::allocator<std::pair<int, rocksdb::FileMetaData> >]’
./db/version_edit.h:258:28:   required from here
./db/version_edit.h:86:8: warning: implicitly-declared ‘constexpr rocksdb::FileDescriptor::FileDescriptor(const rocksdb::FileDescriptor&)’ is deprecated [-Wdeprecated-copy]
   86 | struct FileMetaData {
      |        ^~~~~~~~~~~~
./db/version_edit.h:55:19: note: because ‘rocksdb::FileDescriptor’ has user-provided ‘rocksdb::FileDescriptor& rocksdb::FileDescriptor::operator=(const rocksdb::FileDescriptor&)’
   55 |   FileDescriptor& operator=(const FileDescriptor& fd) {
      |                   ^~~~~~~~
In file included from /usr/include/c++/11/bits/stl_algobase.h:64,
                 from /usr/include/c++/11/deque:60,
                 from ./db/version_set.h:22,
                 from db/version_set.cc:10:
/usr/include/c++/11/bits/stl_pair.h:323:41: note: synthesized method ‘rocksdb::FileMetaData::FileMetaData(const rocksdb::FileMetaData&)’ first required here
  323 |        : first(std::forward<_U1>(__x)), second(__y) { }
      |                                         ^~~~~~~~~~~
  CC       env/env_chroot.o
  CC       env/env_encryption.o
./db/version_edit.h: In instantiation of ‘constexpr std::pair<_T1, _T2>::pair(_U1&&, _U2&&) [with _U1 = int&; _U2 = rocksdb::FileMetaData; typename std::enable_if<(std::_PCC<true, _T1, _T2>::_MoveConstructiblePair<_U1, _U2>() && std::_PCC<true, _T1, _T2>::_ImplicitlyMoveConvertiblePair<_U1, _U2>()), bool>::type <anonymous> = true; _T1 = int; _T2 = rocksdb::FileMetaData]’:
/usr/include/c++/11/ext/new_allocator.h:162:4:   required from ‘void __gnu_cxx::new_allocator<_Tp>::construct(_Up*, _Args&& ...) [with _Up = std::pair<int, rocksdb::FileMetaData>; _Args = {int&, rocksdb::FileMetaData}; _Tp = std::pair<int, rocksdb::FileMetaData>]’
/usr/include/c++/11/bits/alloc_traits.h:516:17:   required from ‘static void std::allocator_traits<std::allocator<_CharT> >::construct(std::allocator_traits<std::allocator<_CharT> >::allocator_type&, _Up*, _Args&& ...) [with _Up = std::pair<int, rocksdb::FileMetaData>; _Args = {int&, rocksdb::FileMetaData}; _Tp = std::pair<int, rocksdb::FileMetaData>; std::allocator_traits<std::allocator<_CharT> >::allocator_type = std::allocator<std::pair<int, rocksdb::FileMetaData> >]’
/usr/include/c++/11/bits/vector.tcc:115:30:   required from ‘void std::vector<_Tp, _Alloc>::emplace_back(_Args&& ...) [with _Args = {int&, rocksdb::FileMetaData}; _Tp = std::pair<int, rocksdb::FileMetaData>; _Alloc = std::allocator<std::pair<int, rocksdb::FileMetaData> >]’
./db/version_edit.h:253:28:   required from here
./db/version_edit.h:86:8: warning: implicitly-declared ‘constexpr rocksdb::FileDescriptor::FileDescriptor(const rocksdb::FileDescriptor&)’ is deprecated [-Wdeprecated-copy]
   86 | struct FileMetaData {
      |        ^~~~~~~~~~~~
./db/version_edit.h:55:19: note: because ‘rocksdb::FileDescriptor’ has user-provided ‘rocksdb::FileDescriptor& rocksdb::FileDescriptor::operator=(const rocksdb::FileDescriptor&)’
   55 |   FileDescriptor& operator=(const FileDescriptor& fd) {
      |                   ^~~~~~~~
In file included from /usr/include/c++/11/bits/stl_algobase.h:64,
                 from /usr/include/c++/11/bits/char_traits.h:39,
                 from /usr/include/c++/11/string:40,
                 from /usr/include/c++/11/stdexcept:39,
                 from /usr/include/c++/11/system_error:41,
                 from /usr/include/c++/11/bits/std_mutex.h:39,
                 from /usr/include/c++/11/condition_variable:40,
                 from ./db/write_thread.h:12,
                 from db/write_thread.cc:6:
/usr/include/c++/11/bits/stl_pair.h:353:42: note: synthesized method ‘rocksdb::FileMetaData::FileMetaData(rocksdb::FileMetaData&&)’ first required here
  353 |         : first(std::forward<_U1>(__x)), second(std::forward<_U2>(__y)) { }
      |                                          ^~~~~~~~~~~~~~~~~~~~~~~~~~~~~~
In file included from ./db/memtable.h:21,
                 from ./db/memtable_list.h:17,
                 from ./db/column_family.h:17,
                 from db/write_thread.cc:9:
./db/version_edit.h: In instantiation of ‘constexpr std::pair<_T1, _T2>::pair(_U1&&, const _T2&) [with _U1 = int&; typename std::enable_if<std::_PCC<true, _T1, _T2>::_MoveCopyPair<true, _U1, _T2>(), bool>::type <anonymous> = true; _T1 = int; _T2 = rocksdb::FileMetaData]’:
/usr/include/c++/11/ext/new_allocator.h:162:4:   required from ‘void __gnu_cxx::new_allocator<_Tp>::construct(_Up*, _Args&& ...) [with _Up = std::pair<int, rocksdb::FileMetaData>; _Args = {int&, const rocksdb::FileMetaData&}; _Tp = std::pair<int, rocksdb::FileMetaData>]’
/usr/include/c++/11/bits/alloc_traits.h:516:17:   required from ‘static void std::allocator_traits<std::allocator<_CharT> >::construct(std::allocator_traits<std::allocator<_CharT> >::allocator_type&, _Up*, _Args&& ...) [with _Up = std::pair<int, rocksdb::FileMetaData>; _Args = {int&, const rocksdb::FileMetaData&}; _Tp = std::pair<int, rocksdb::FileMetaData>; std::allocator_traits<std::allocator<_CharT> >::allocator_type = std::allocator<std::pair<int, rocksdb::FileMetaData> >]’
/usr/include/c++/11/bits/vector.tcc:115:30:   required from ‘void std::vector<_Tp, _Alloc>::emplace_back(_Args&& ...) [with _Args = {int&, const rocksdb::FileMetaData&}; _Tp = std::pair<int, rocksdb::FileMetaData>; _Alloc = std::allocator<std::pair<int, rocksdb::FileMetaData> >]’
./db/version_edit.h:258:28:   required from here
./db/version_edit.h:86:8: warning: implicitly-declared ‘constexpr rocksdb::FileDescriptor::FileDescriptor(const rocksdb::FileDescriptor&)’ is deprecated [-Wdeprecated-copy]
   86 | struct FileMetaData {
      |        ^~~~~~~~~~~~
./db/version_edit.h:55:19: note: because ‘rocksdb::FileDescriptor’ has user-provided ‘rocksdb::FileDescriptor& rocksdb::FileDescriptor::operator=(const rocksdb::FileDescriptor&)’
   55 |   FileDescriptor& operator=(const FileDescriptor& fd) {
      |                   ^~~~~~~~
In file included from /usr/include/c++/11/bits/stl_algobase.h:64,
                 from /usr/include/c++/11/bits/char_traits.h:39,
                 from /usr/include/c++/11/string:40,
                 from /usr/include/c++/11/stdexcept:39,
                 from /usr/include/c++/11/system_error:41,
                 from /usr/include/c++/11/bits/std_mutex.h:39,
                 from /usr/include/c++/11/condition_variable:40,
                 from ./db/write_thread.h:12,
                 from db/write_thread.cc:6:
/usr/include/c++/11/bits/stl_pair.h:323:41: note: synthesized method ‘rocksdb::FileMetaData::FileMetaData(const rocksdb::FileMetaData&)’ first required here
  323 |        : first(std::forward<_U1>(__x)), second(__y) { }
      |                                         ^~~~~~~~~~~
./db/version_edit.h: In instantiation of ‘constexpr std::pair<_T1, _T2>::pair(_U1&&, _U2&&) [with _U1 = int&; _U2 = rocksdb::FileMetaData; typename std::enable_if<(std::_PCC<true, _T1, _T2>::_MoveConstructiblePair<_U1, _U2>() && std::_PCC<true, _T1, _T2>::_ImplicitlyMoveConvertiblePair<_U1, _U2>()), bool>::type <anonymous> = true; _T1 = int; _T2 = rocksdb::FileMetaData]’:
/usr/include/c++/11/ext/new_allocator.h:162:4:   required from ‘void __gnu_cxx::new_allocator<_Tp>::construct(_Up*, _Args&& ...) [with _Up = std::pair<int, rocksdb::FileMetaData>; _Args = {int&, rocksdb::FileMetaData}; _Tp = std::pair<int, rocksdb::FileMetaData>]’
/usr/include/c++/11/bits/alloc_traits.h:516:17:   required from ‘static void std::allocator_traits<std::allocator<_Tp1> >::construct(std::allocator_traits<std::allocator<_Tp1> >::allocator_type&, _Up*, _Args&& ...) [with _Up = std::pair<int, rocksdb::FileMetaData>; _Args = {int&, rocksdb::FileMetaData}; _Tp = std::pair<int, rocksdb::FileMetaData>; std::allocator_traits<std::allocator<_Tp1> >::allocator_type = std::allocator<std::pair<int, rocksdb::FileMetaData> >]’
/usr/include/c++/11/bits/vector.tcc:115:30:   required from ‘void std::vector<_Tp, _Alloc>::emplace_back(_Args&& ...) [with _Args = {int&, rocksdb::FileMetaData}; _Tp = std::pair<int, rocksdb::FileMetaData>; _Alloc = std::allocator<std::pair<int, rocksdb::FileMetaData> >]’
./db/version_edit.h:253:28:   required from here
./db/version_edit.h:86:8: warning: implicitly-declared ‘constexpr rocksdb::FileDescriptor::FileDescriptor(const rocksdb::FileDescriptor&)’ is deprecated [-Wdeprecated-copy]
   86 | struct FileMetaData {
      |        ^~~~~~~~~~~~
./db/version_edit.h:55:19: note: because ‘rocksdb::FileDescriptor’ has user-provided ‘rocksdb::FileDescriptor& rocksdb::FileDescriptor::operator=(const rocksdb::FileDescriptor&)’
   55 |   FileDescriptor& operator=(const FileDescriptor& fd) {
      |                   ^~~~~~~~
In file included from /usr/include/c++/11/bits/stl_algobase.h:64,
                 from /usr/include/c++/11/memory:63,
                 from ./include/rocksdb/write_batch.h:29,
                 from db/write_batch.cc:36:
/usr/include/c++/11/bits/stl_pair.h:353:42: note: synthesized method ‘rocksdb::FileMetaData::FileMetaData(rocksdb::FileMetaData&&)’ first required here
  353 |         : first(std::forward<_U1>(__x)), second(std::forward<_U2>(__y)) { }
      |                                          ^~~~~~~~~~~~~~~~~~~~~~~~~~~~~~
In file included from ./db/memtable.h:21,
                 from ./db/memtable_list.h:17,
                 from ./db/column_family.h:17,
                 from db/write_batch.cc:44:
./db/version_edit.h: In instantiation of ‘constexpr std::pair<_T1, _T2>::pair(_U1&&, const _T2&) [with _U1 = int&; typename std::enable_if<std::_PCC<true, _T1, _T2>::_MoveCopyPair<true, _U1, _T2>(), bool>::type <anonymous> = true; _T1 = int; _T2 = rocksdb::FileMetaData]’:
/usr/include/c++/11/ext/new_allocator.h:162:4:   required from ‘void __gnu_cxx::new_allocator<_Tp>::construct(_Up*, _Args&& ...) [with _Up = std::pair<int, rocksdb::FileMetaData>; _Args = {int&, const rocksdb::FileMetaData&}; _Tp = std::pair<int, rocksdb::FileMetaData>]’
/usr/include/c++/11/bits/alloc_traits.h:516:17:   required from ‘static void std::allocator_traits<std::allocator<_Tp1> >::construct(std::allocator_traits<std::allocator<_Tp1> >::allocator_type&, _Up*, _Args&& ...) [with _Up = std::pair<int, rocksdb::FileMetaData>; _Args = {int&, const rocksdb::FileMetaData&}; _Tp = std::pair<int, rocksdb::FileMetaData>; std::allocator_traits<std::allocator<_Tp1> >::allocator_type = std::allocator<std::pair<int, rocksdb::FileMetaData> >]’
/usr/include/c++/11/bits/vector.tcc:115:30:   required from ‘void std::vector<_Tp, _Alloc>::emplace_back(_Args&& ...) [with _Args = {int&, const rocksdb::FileMetaData&}; _Tp = std::pair<int, rocksdb::FileMetaData>; _Alloc = std::allocator<std::pair<int, rocksdb::FileMetaData> >]’
./db/version_edit.h:258:28:   required from here
./db/version_edit.h:86:8: warning: implicitly-declared ‘constexpr rocksdb::FileDescriptor::FileDescriptor(const rocksdb::FileDescriptor&)’ is deprecated [-Wdeprecated-copy]
   86 | struct FileMetaData {
      |        ^~~~~~~~~~~~
./db/version_edit.h:55:19: note: because ‘rocksdb::FileDescriptor’ has user-provided ‘rocksdb::FileDescriptor& rocksdb::FileDescriptor::operator=(const rocksdb::FileDescriptor&)’
   55 |   FileDescriptor& operator=(const FileDescriptor& fd) {
      |                   ^~~~~~~~
In file included from /usr/include/c++/11/bits/stl_algobase.h:64,
                 from /usr/include/c++/11/memory:63,
                 from ./include/rocksdb/write_batch.h:29,
                 from db/write_batch.cc:36:
/usr/include/c++/11/bits/stl_pair.h:323:41: note: synthesized method ‘rocksdb::FileMetaData::FileMetaData(const rocksdb::FileMetaData&)’ first required here
  323 |        : first(std::forward<_U1>(__x)), second(__y) { }
      |                                         ^~~~~~~~~~~
  CC       env/env_hdfs.o
  CC       env/env_posix.o
  CC       env/io_posix.o
  CC       env/mock_env.o
  CC       file/delete_scheduler.o
  CC       file/file_util.o
  CC       file/filename.o
In file included from ./db/memtable.h:21,
                 from ./db/memtable_list.h:17,
                 from ./db/column_family.h:17,
                 from ./db/version_set.h:31,
                 from ./db/compaction/compaction.h:11,
                 from ./file/sst_file_manager_impl.h:14,
                 from file/delete_scheduler.cc:13:
./db/version_edit.h: In constructor ‘rocksdb::FdWithKeyRange::FdWithKeyRange(rocksdb::FileDescriptor, rocksdb::Slice, rocksdb::Slice, rocksdb::FileMetaData*)’:
./db/version_edit.h:175:9: warning: implicitly-declared ‘constexpr rocksdb::FileDescriptor::FileDescriptor(const rocksdb::FileDescriptor&)’ is deprecated [-Wdeprecated-copy]
  175 |       : fd(_fd),
      |         ^~~~~~~
./db/version_edit.h:55:19: note: because ‘rocksdb::FileDescriptor’ has user-provided ‘rocksdb::FileDescriptor& rocksdb::FileDescriptor::operator=(const rocksdb::FileDescriptor&)’
   55 |   FileDescriptor& operator=(const FileDescriptor& fd) {
      |                   ^~~~~~~~
In file included from ./db/memtable.h:21,
                 from ./db/memtable_list.h:17,
                 from ./db/column_family.h:17,
                 from ./db/version_set.h:31,
                 from ./db/compaction/compaction.h:11,
                 from ./file/sst_file_manager_impl.h:14,
                 from file/file_util.cc:11:
./db/version_edit.h: In constructor ‘rocksdb::FdWithKeyRange::FdWithKeyRange(rocksdb::FileDescriptor, rocksdb::Slice, rocksdb::Slice, rocksdb::FileMetaData*)’:
./db/version_edit.h:175:9: warning: implicitly-declared ‘constexpr rocksdb::FileDescriptor::FileDescriptor(const rocksdb::FileDescriptor&)’ is deprecated [-Wdeprecated-copy]
  175 |       : fd(_fd),
      |         ^~~~~~~
./db/version_edit.h:55:19: note: because ‘rocksdb::FileDescriptor’ has user-provided ‘rocksdb::FileDescriptor& rocksdb::FileDescriptor::operator=(const rocksdb::FileDescriptor&)’
   55 |   FileDescriptor& operator=(const FileDescriptor& fd) {
      |                   ^~~~~~~~
  CC       file/sst_file_manager_impl.o
  CC       logging/auto_roll_logger.o
  CC       logging/event_logger.o
./db/version_edit.h: In instantiation of ‘constexpr std::pair<_T1, _T2>::pair(_U1&&, _U2&&) [with _U1 = int&; _U2 = rocksdb::FileMetaData; typename std::enable_if<(std::_PCC<true, _T1, _T2>::_MoveConstructiblePair<_U1, _U2>() && std::_PCC<true, _T1, _T2>::_ImplicitlyMoveConvertiblePair<_U1, _U2>()), bool>::type <anonymous> = true; _T1 = int; _T2 = rocksdb::FileMetaData]’:
/usr/include/c++/11/ext/new_allocator.h:162:4:   required from ‘void __gnu_cxx::new_allocator<_Tp>::construct(_Up*, _Args&& ...) [with _Up = std::pair<int, rocksdb::FileMetaData>; _Args = {int&, rocksdb::FileMetaData}; _Tp = std::pair<int, rocksdb::FileMetaData>]’
/usr/include/c++/11/bits/alloc_traits.h:516:17:   required from ‘static void std::allocator_traits<std::allocator<_Tp1> >::construct(std::allocator_traits<std::allocator<_Tp1> >::allocator_type&, _Up*, _Args&& ...) [with _Up = std::pair<int, rocksdb::FileMetaData>; _Args = {int&, rocksdb::FileMetaData}; _Tp = std::pair<int, rocksdb::FileMetaData>; std::allocator_traits<std::allocator<_Tp1> >::allocator_type = std::allocator<std::pair<int, rocksdb::FileMetaData> >]’
/usr/include/c++/11/bits/vector.tcc:115:30:   required from ‘void std::vector<_Tp, _Alloc>::emplace_back(_Args&& ...) [with _Args = {int&, rocksdb::FileMetaData}; _Tp = std::pair<int, rocksdb::FileMetaData>; _Alloc = std::allocator<std::pair<int, rocksdb::FileMetaData> >]’
./db/version_edit.h:253:28:   required from here
./db/version_edit.h:86:8: warning: implicitly-declared ‘constexpr rocksdb::FileDescriptor::FileDescriptor(const rocksdb::FileDescriptor&)’ is deprecated [-Wdeprecated-copy]
   86 | struct FileMetaData {
      |        ^~~~~~~~~~~~
./db/version_edit.h:55:19: note: because ‘rocksdb::FileDescriptor’ has user-provided ‘rocksdb::FileDescriptor& rocksdb::FileDescriptor::operator=(const rocksdb::FileDescriptor&)’
   55 |   FileDescriptor& operator=(const FileDescriptor& fd) {
      |                   ^~~~~~~~
In file included from /usr/include/c++/11/bits/stl_algobase.h:64,
                 from /usr/include/c++/11/bits/stl_tree.h:63,
                 from /usr/include/c++/11/map:60,
                 from ./file/delete_scheduler.h:10,
                 from file/delete_scheduler.cc:8:
/usr/include/c++/11/bits/stl_pair.h:353:42: note: synthesized method ‘rocksdb::FileMetaData::FileMetaData(rocksdb::FileMetaData&&)’ first required here
  353 |         : first(std::forward<_U1>(__x)), second(std::forward<_U2>(__y)) { }
      |                                          ^~~~~~~~~~~~~~~~~~~~~~~~~~~~~~
In file included from ./db/memtable.h:21,
                 from ./db/memtable_list.h:17,
                 from ./db/column_family.h:17,
                 from ./db/version_set.h:31,
                 from ./db/compaction/compaction.h:11,
                 from ./file/sst_file_manager_impl.h:14,
                 from file/delete_scheduler.cc:13:
./db/version_edit.h: In instantiation of ‘constexpr std::pair<_T1, _T2>::pair(_U1&&, const _T2&) [with _U1 = int&; typename std::enable_if<std::_PCC<true, _T1, _T2>::_MoveCopyPair<true, _U1, _T2>(), bool>::type <anonymous> = true; _T1 = int; _T2 = rocksdb::FileMetaData]’:
/usr/include/c++/11/ext/new_allocator.h:162:4:   required from ‘void __gnu_cxx::new_allocator<_Tp>::construct(_Up*, _Args&& ...) [with _Up = std::pair<int, rocksdb::FileMetaData>; _Args = {int&, const rocksdb::FileMetaData&}; _Tp = std::pair<int, rocksdb::FileMetaData>]’
/usr/include/c++/11/bits/alloc_traits.h:516:17:   required from ‘static void std::allocator_traits<std::allocator<_Tp1> >::construct(std::allocator_traits<std::allocator<_Tp1> >::allocator_type&, _Up*, _Args&& ...) [with _Up = std::pair<int, rocksdb::FileMetaData>; _Args = {int&, const rocksdb::FileMetaData&}; _Tp = std::pair<int, rocksdb::FileMetaData>; std::allocator_traits<std::allocator<_Tp1> >::allocator_type = std::allocator<std::pair<int, rocksdb::FileMetaData> >]’
/usr/include/c++/11/bits/vector.tcc:115:30:   required from ‘void std::vector<_Tp, _Alloc>::emplace_back(_Args&& ...) [with _Args = {int&, const rocksdb::FileMetaData&}; _Tp = std::pair<int, rocksdb::FileMetaData>; _Alloc = std::allocator<std::pair<int, rocksdb::FileMetaData> >]’
./db/version_edit.h:258:28:   required from here
./db/version_edit.h:86:8: warning: implicitly-declared ‘constexpr rocksdb::FileDescriptor::FileDescriptor(const rocksdb::FileDescriptor&)’ is deprecated [-Wdeprecated-copy]
   86 | struct FileMetaData {
      |        ^~~~~~~~~~~~
./db/version_edit.h:55:19: note: because ‘rocksdb::FileDescriptor’ has user-provided ‘rocksdb::FileDescriptor& rocksdb::FileDescriptor::operator=(const rocksdb::FileDescriptor&)’
   55 |   FileDescriptor& operator=(const FileDescriptor& fd) {
      |                   ^~~~~~~~
In file included from /usr/include/c++/11/bits/stl_algobase.h:64,
                 from /usr/include/c++/11/bits/stl_tree.h:63,
                 from /usr/include/c++/11/map:60,
                 from ./file/delete_scheduler.h:10,
                 from file/delete_scheduler.cc:8:
/usr/include/c++/11/bits/stl_pair.h:323:41: note: synthesized method ‘rocksdb::FileMetaData::FileMetaData(const rocksdb::FileMetaData&)’ first required here
  323 |        : first(std::forward<_U1>(__x)), second(__y) { }
      |                                         ^~~~~~~~~~~
  CC       logging/log_buffer.o
  CC       memory/arena.o
./db/version_edit.h: In instantiation of ‘constexpr std::pair<_T1, _T2>::pair(_U1&&, _U2&&) [with _U1 = int&; _U2 = rocksdb::FileMetaData; typename std::enable_if<(std::_PCC<true, _T1, _T2>::_MoveConstructiblePair<_U1, _U2>() && std::_PCC<true, _T1, _T2>::_ImplicitlyMoveConvertiblePair<_U1, _U2>()), bool>::type <anonymous> = true; _T1 = int; _T2 = rocksdb::FileMetaData]’:
/usr/include/c++/11/ext/new_allocator.h:162:4:   required from ‘void __gnu_cxx::new_allocator<_Tp>::construct(_Up*, _Args&& ...) [with _Up = std::pair<int, rocksdb::FileMetaData>; _Args = {int&, rocksdb::FileMetaData}; _Tp = std::pair<int, rocksdb::FileMetaData>]’
/usr/include/c++/11/bits/alloc_traits.h:516:17:   required from ‘static void std::allocator_traits<std::allocator<_CharT> >::construct(std::allocator_traits<std::allocator<_CharT> >::allocator_type&, _Up*, _Args&& ...) [with _Up = std::pair<int, rocksdb::FileMetaData>; _Args = {int&, rocksdb::FileMetaData}; _Tp = std::pair<int, rocksdb::FileMetaData>; std::allocator_traits<std::allocator<_CharT> >::allocator_type = std::allocator<std::pair<int, rocksdb::FileMetaData> >]’
/usr/include/c++/11/bits/vector.tcc:115:30:   required from ‘void std::vector<_Tp, _Alloc>::emplace_back(_Args&& ...) [with _Args = {int&, rocksdb::FileMetaData}; _Tp = std::pair<int, rocksdb::FileMetaData>; _Alloc = std::allocator<std::pair<int, rocksdb::FileMetaData> >]’
./db/version_edit.h:253:28:   required from here
./db/version_edit.h:86:8: warning: implicitly-declared ‘constexpr rocksdb::FileDescriptor::FileDescriptor(const rocksdb::FileDescriptor&)’ is deprecated [-Wdeprecated-copy]
   86 | struct FileMetaData {
      |        ^~~~~~~~~~~~
./db/version_edit.h:55:19: note: because ‘rocksdb::FileDescriptor’ has user-provided ‘rocksdb::FileDescriptor& rocksdb::FileDescriptor::operator=(const rocksdb::FileDescriptor&)’
   55 |   FileDescriptor& operator=(const FileDescriptor& fd) {
      |                   ^~~~~~~~
In file included from /usr/include/c++/11/bits/stl_algobase.h:64,
                 from /usr/include/c++/11/bits/char_traits.h:39,
                 from /usr/include/c++/11/string:40,
                 from ./file/file_util.h:7,
                 from file/file_util.cc:6:
/usr/include/c++/11/bits/stl_pair.h:353:42: note: synthesized method ‘rocksdb::FileMetaData::FileMetaData(rocksdb::FileMetaData&&)’ first required here
  353 |         : first(std::forward<_U1>(__x)), second(std::forward<_U2>(__y)) { }
      |                                          ^~~~~~~~~~~~~~~~~~~~~~~~~~~~~~
In file included from ./db/memtable.h:21,
                 from ./db/memtable_list.h:17,
                 from ./db/column_family.h:17,
                 from ./db/version_set.h:31,
                 from ./db/compaction/compaction.h:11,
                 from ./file/sst_file_manager_impl.h:14,
                 from file/file_util.cc:11:
./db/version_edit.h: In instantiation of ‘constexpr std::pair<_T1, _T2>::pair(_U1&&, const _T2&) [with _U1 = int&; typename std::enable_if<std::_PCC<true, _T1, _T2>::_MoveCopyPair<true, _U1, _T2>(), bool>::type <anonymous> = true; _T1 = int; _T2 = rocksdb::FileMetaData]’:
/usr/include/c++/11/ext/new_allocator.h:162:4:   required from ‘void __gnu_cxx::new_allocator<_Tp>::construct(_Up*, _Args&& ...) [with _Up = std::pair<int, rocksdb::FileMetaData>; _Args = {int&, const rocksdb::FileMetaData&}; _Tp = std::pair<int, rocksdb::FileMetaData>]’
/usr/include/c++/11/bits/alloc_traits.h:516:17:   required from ‘static void std::allocator_traits<std::allocator<_CharT> >::construct(std::allocator_traits<std::allocator<_CharT> >::allocator_type&, _Up*, _Args&& ...) [with _Up = std::pair<int, rocksdb::FileMetaData>; _Args = {int&, const rocksdb::FileMetaData&}; _Tp = std::pair<int, rocksdb::FileMetaData>; std::allocator_traits<std::allocator<_CharT> >::allocator_type = std::allocator<std::pair<int, rocksdb::FileMetaData> >]’
/usr/include/c++/11/bits/vector.tcc:115:30:   required from ‘void std::vector<_Tp, _Alloc>::emplace_back(_Args&& ...) [with _Args = {int&, const rocksdb::FileMetaData&}; _Tp = std::pair<int, rocksdb::FileMetaData>; _Alloc = std::allocator<std::pair<int, rocksdb::FileMetaData> >]’
./db/version_edit.h:258:28:   required from here
./db/version_edit.h:86:8: warning: implicitly-declared ‘constexpr rocksdb::FileDescriptor::FileDescriptor(const rocksdb::FileDescriptor&)’ is deprecated [-Wdeprecated-copy]
   86 | struct FileMetaData {
      |        ^~~~~~~~~~~~
./db/version_edit.h:55:19: note: because ‘rocksdb::FileDescriptor’ has user-provided ‘rocksdb::FileDescriptor& rocksdb::FileDescriptor::operator=(const rocksdb::FileDescriptor&)’
   55 |   FileDescriptor& operator=(const FileDescriptor& fd) {
      |                   ^~~~~~~~
In file included from /usr/include/c++/11/bits/stl_algobase.h:64,
                 from /usr/include/c++/11/bits/char_traits.h:39,
                 from /usr/include/c++/11/string:40,
                 from ./file/file_util.h:7,
                 from file/file_util.cc:6:
/usr/include/c++/11/bits/stl_pair.h:323:41: note: synthesized method ‘rocksdb::FileMetaData::FileMetaData(const rocksdb::FileMetaData&)’ first required here
  323 |        : first(std::forward<_U1>(__x)), second(__y) { }
      |                                         ^~~~~~~~~~~
  CC       memory/concurrent_arena.o
In file included from ./db/memtable.h:21,
                 from ./db/memtable_list.h:17,
                 from ./db/column_family.h:17,
                 from ./db/version_set.h:31,
                 from ./db/compaction/compaction.h:11,
                 from ./file/sst_file_manager_impl.h:14,
                 from file/sst_file_manager_impl.cc:6:
./db/version_edit.h: In constructor ‘rocksdb::FdWithKeyRange::FdWithKeyRange(rocksdb::FileDescriptor, rocksdb::Slice, rocksdb::Slice, rocksdb::FileMetaData*)’:
./db/version_edit.h:175:9: warning: implicitly-declared ‘constexpr rocksdb::FileDescriptor::FileDescriptor(const rocksdb::FileDescriptor&)’ is deprecated [-Wdeprecated-copy]
  175 |       : fd(_fd),
      |         ^~~~~~~
./db/version_edit.h:55:19: note: because ‘rocksdb::FileDescriptor’ has user-provided ‘rocksdb::FileDescriptor& rocksdb::FileDescriptor::operator=(const rocksdb::FileDescriptor&)’
   55 |   FileDescriptor& operator=(const FileDescriptor& fd) {
      |                   ^~~~~~~~
  CC       memory/jemalloc_nodump_allocator.o
  CC       memtable/alloc_tracker.o
  CC       memtable/hash_linklist_rep.o
  CC       memtable/hash_skiplist_rep.o
  CC       memtable/skiplistrep.o
  CC       memtable/vectorrep.o
  CC       memtable/write_buffer_manager.o
  CC       monitoring/histogram.o
In file included from ./db/memtable.h:21,
                 from memtable/hash_linklist_rep.cc:12:
./db/version_edit.h: In constructor ‘rocksdb::FdWithKeyRange::FdWithKeyRange(rocksdb::FileDescriptor, rocksdb::Slice, rocksdb::Slice, rocksdb::FileMetaData*)’:
./db/version_edit.h:175:9: warning: implicitly-declared ‘constexpr rocksdb::FileDescriptor::FileDescriptor(const rocksdb::FileDescriptor&)’ is deprecated [-Wdeprecated-copy]
  175 |       : fd(_fd),
      |         ^~~~~~~
./db/version_edit.h:55:19: note: because ‘rocksdb::FileDescriptor’ has user-provided ‘rocksdb::FileDescriptor& rocksdb::FileDescriptor::operator=(const rocksdb::FileDescriptor&)’
   55 |   FileDescriptor& operator=(const FileDescriptor& fd) {
      |                   ^~~~~~~~
  CC       monitoring/histogram_windowing.o
In file included from ./db/memtable.h:21,
                 from memtable/hash_skiplist_rep.cc:12:
./db/version_edit.h: In constructor ‘rocksdb::FdWithKeyRange::FdWithKeyRange(rocksdb::FileDescriptor, rocksdb::Slice, rocksdb::Slice, rocksdb::FileMetaData*)’:
./db/version_edit.h:175:9: warning: implicitly-declared ‘constexpr rocksdb::FileDescriptor::FileDescriptor(const rocksdb::FileDescriptor&)’ is deprecated [-Wdeprecated-copy]
  175 |       : fd(_fd),
      |         ^~~~~~~
./db/version_edit.h:55:19: note: because ‘rocksdb::FileDescriptor’ has user-provided ‘rocksdb::FileDescriptor& rocksdb::FileDescriptor::operator=(const rocksdb::FileDescriptor&)’
   55 |   FileDescriptor& operator=(const FileDescriptor& fd) {
      |                   ^~~~~~~~
./db/version_edit.h: In instantiation of ‘constexpr std::pair<_T1, _T2>::pair(_U1&&, _U2&&) [with _U1 = int&; _U2 = rocksdb::FileMetaData; typename std::enable_if<(std::_PCC<true, _T1, _T2>::_MoveConstructiblePair<_U1, _U2>() && std::_PCC<true, _T1, _T2>::_ImplicitlyMoveConvertiblePair<_U1, _U2>()), bool>::type <anonymous> = true; _T1 = int; _T2 = rocksdb::FileMetaData]’:
/usr/include/c++/11/ext/new_allocator.h:162:4:   required from ‘void __gnu_cxx::new_allocator<_Tp>::construct(_Up*, _Args&& ...) [with _Up = std::pair<int, rocksdb::FileMetaData>; _Args = {int&, rocksdb::FileMetaData}; _Tp = std::pair<int, rocksdb::FileMetaData>]’
/usr/include/c++/11/bits/alloc_traits.h:516:17:   required from ‘static void std::allocator_traits<std::allocator<_CharT> >::construct(std::allocator_traits<std::allocator<_CharT> >::allocator_type&, _Up*, _Args&& ...) [with _Up = std::pair<int, rocksdb::FileMetaData>; _Args = {int&, rocksdb::FileMetaData}; _Tp = std::pair<int, rocksdb::FileMetaData>; std::allocator_traits<std::allocator<_CharT> >::allocator_type = std::allocator<std::pair<int, rocksdb::FileMetaData> >]’
/usr/include/c++/11/bits/vector.tcc:115:30:   required from ‘void std::vector<_Tp, _Alloc>::emplace_back(_Args&& ...) [with _Args = {int&, rocksdb::FileMetaData}; _Tp = std::pair<int, rocksdb::FileMetaData>; _Alloc = std::allocator<std::pair<int, rocksdb::FileMetaData> >]’
./db/version_edit.h:253:28:   required from here
./db/version_edit.h:86:8: warning: implicitly-declared ‘constexpr rocksdb::FileDescriptor::FileDescriptor(const rocksdb::FileDescriptor&)’ is deprecated [-Wdeprecated-copy]
   86 | struct FileMetaData {
      |        ^~~~~~~~~~~~
./db/version_edit.h:55:19: note: because ‘rocksdb::FileDescriptor’ has user-provided ‘rocksdb::FileDescriptor& rocksdb::FileDescriptor::operator=(const rocksdb::FileDescriptor&)’
   55 |   FileDescriptor& operator=(const FileDescriptor& fd) {
      |                   ^~~~~~~~
In file included from /usr/include/c++/11/bits/stl_algobase.h:64,
                 from /usr/include/c++/11/bits/char_traits.h:39,
                 from /usr/include/c++/11/string:40,
                 from ./include/rocksdb/slice_transform.h:17,
                 from ./memtable/hash_linklist_rep.h:11,
                 from memtable/hash_linklist_rep.cc:8:
/usr/include/c++/11/bits/stl_pair.h:353:42: note: synthesized method ‘rocksdb::FileMetaData::FileMetaData(rocksdb::FileMetaData&&)’ first required here
  353 |         : first(std::forward<_U1>(__x)), second(std::forward<_U2>(__y)) { }
      |                                          ^~~~~~~~~~~~~~~~~~~~~~~~~~~~~~
In file included from ./db/memtable.h:21,
                 from memtable/hash_linklist_rep.cc:12:
./db/version_edit.h: In instantiation of ‘constexpr std::pair<_T1, _T2>::pair(_U1&&, const _T2&) [with _U1 = int&; typename std::enable_if<std::_PCC<true, _T1, _T2>::_MoveCopyPair<true, _U1, _T2>(), bool>::type <anonymous> = true; _T1 = int; _T2 = rocksdb::FileMetaData]’:
/usr/include/c++/11/ext/new_allocator.h:162:4:   required from ‘void __gnu_cxx::new_allocator<_Tp>::construct(_Up*, _Args&& ...) [with _Up = std::pair<int, rocksdb::FileMetaData>; _Args = {int&, const rocksdb::FileMetaData&}; _Tp = std::pair<int, rocksdb::FileMetaData>]’
/usr/include/c++/11/bits/alloc_traits.h:516:17:   required from ‘static void std::allocator_traits<std::allocator<_CharT> >::construct(std::allocator_traits<std::allocator<_CharT> >::allocator_type&, _Up*, _Args&& ...) [with _Up = std::pair<int, rocksdb::FileMetaData>; _Args = {int&, const rocksdb::FileMetaData&}; _Tp = std::pair<int, rocksdb::FileMetaData>; std::allocator_traits<std::allocator<_CharT> >::allocator_type = std::allocator<std::pair<int, rocksdb::FileMetaData> >]’
/usr/include/c++/11/bits/vector.tcc:115:30:   required from ‘void std::vector<_Tp, _Alloc>::emplace_back(_Args&& ...) [with _Args = {int&, const rocksdb::FileMetaData&}; _Tp = std::pair<int, rocksdb::FileMetaData>; _Alloc = std::allocator<std::pair<int, rocksdb::FileMetaData> >]’
./db/version_edit.h:258:28:   required from here
./db/version_edit.h:86:8: warning: implicitly-declared ‘constexpr rocksdb::FileDescriptor::FileDescriptor(const rocksdb::FileDescriptor&)’ is deprecated [-Wdeprecated-copy]
   86 | struct FileMetaData {
      |        ^~~~~~~~~~~~
./db/version_edit.h:55:19: note: because ‘rocksdb::FileDescriptor’ has user-provided ‘rocksdb::FileDescriptor& rocksdb::FileDescriptor::operator=(const rocksdb::FileDescriptor&)’
   55 |   FileDescriptor& operator=(const FileDescriptor& fd) {
      |                   ^~~~~~~~
In file included from /usr/include/c++/11/bits/stl_algobase.h:64,
                 from /usr/include/c++/11/bits/char_traits.h:39,
                 from /usr/include/c++/11/string:40,
                 from ./include/rocksdb/slice_transform.h:17,
                 from ./memtable/hash_linklist_rep.h:11,
                 from memtable/hash_linklist_rep.cc:8:
/usr/include/c++/11/bits/stl_pair.h:323:41: note: synthesized method ‘rocksdb::FileMetaData::FileMetaData(const rocksdb::FileMetaData&)’ first required here
  323 |        : first(std::forward<_U1>(__x)), second(__y) { }
      |                                         ^~~~~~~~~~~
In file included from ./db/memtable.h:21,
                 from memtable/skiplistrep.cc:6:
./db/version_edit.h: In constructor ‘rocksdb::FdWithKeyRange::FdWithKeyRange(rocksdb::FileDescriptor, rocksdb::Slice, rocksdb::Slice, rocksdb::FileMetaData*)’:
./db/version_edit.h:175:9: warning: implicitly-declared ‘constexpr rocksdb::FileDescriptor::FileDescriptor(const rocksdb::FileDescriptor&)’ is deprecated [-Wdeprecated-copy]
  175 |       : fd(_fd),
      |         ^~~~~~~
./db/version_edit.h:55:19: note: because ‘rocksdb::FileDescriptor’ has user-provided ‘rocksdb::FileDescriptor& rocksdb::FileDescriptor::operator=(const rocksdb::FileDescriptor&)’
   55 |   FileDescriptor& operator=(const FileDescriptor& fd) {
      |                   ^~~~~~~~
./db/version_edit.h: In instantiation of ‘constexpr std::pair<_T1, _T2>::pair(_U1&&, _U2&&) [with _U1 = int&; _U2 = rocksdb::FileMetaData; typename std::enable_if<(std::_PCC<true, _T1, _T2>::_MoveConstructiblePair<_U1, _U2>() && std::_PCC<true, _T1, _T2>::_ImplicitlyMoveConvertiblePair<_U1, _U2>()), bool>::type <anonymous> = true; _T1 = int; _T2 = rocksdb::FileMetaData]’:
/usr/include/c++/11/ext/new_allocator.h:162:4:   required from ‘void __gnu_cxx::new_allocator<_Tp>::construct(_Up*, _Args&& ...) [with _Up = std::pair<int, rocksdb::FileMetaData>; _Args = {int&, rocksdb::FileMetaData}; _Tp = std::pair<int, rocksdb::FileMetaData>]’
/usr/include/c++/11/bits/alloc_traits.h:516:17:   required from ‘static void std::allocator_traits<std::allocator<_CharT> >::construct(std::allocator_traits<std::allocator<_CharT> >::allocator_type&, _Up*, _Args&& ...) [with _Up = std::pair<int, rocksdb::FileMetaData>; _Args = {int&, rocksdb::FileMetaData}; _Tp = std::pair<int, rocksdb::FileMetaData>; std::allocator_traits<std::allocator<_CharT> >::allocator_type = std::allocator<std::pair<int, rocksdb::FileMetaData> >]’
/usr/include/c++/11/bits/vector.tcc:115:30:   required from ‘void std::vector<_Tp, _Alloc>::emplace_back(_Args&& ...) [with _Args = {int&, rocksdb::FileMetaData}; _Tp = std::pair<int, rocksdb::FileMetaData>; _Alloc = std::allocator<std::pair<int, rocksdb::FileMetaData> >]’
./db/version_edit.h:253:28:   required from here
./db/version_edit.h:86:8: warning: implicitly-declared ‘constexpr rocksdb::FileDescriptor::FileDescriptor(const rocksdb::FileDescriptor&)’ is deprecated [-Wdeprecated-copy]
   86 | struct FileMetaData {
      |        ^~~~~~~~~~~~
./db/version_edit.h:55:19: note: because ‘rocksdb::FileDescriptor’ has user-provided ‘rocksdb::FileDescriptor& rocksdb::FileDescriptor::operator=(const rocksdb::FileDescriptor&)’
   55 |   FileDescriptor& operator=(const FileDescriptor& fd) {
      |                   ^~~~~~~~
In file included from /usr/include/c++/11/bits/stl_algobase.h:64,
                 from /usr/include/c++/11/bits/char_traits.h:39,
                 from /usr/include/c++/11/string:40,
                 from ./file/sst_file_manager_impl.h:10,
                 from file/sst_file_manager_impl.cc:6:
/usr/include/c++/11/bits/stl_pair.h:353:42: note: synthesized method ‘rocksdb::FileMetaData::FileMetaData(rocksdb::FileMetaData&&)’ first required here
  353 |         : first(std::forward<_U1>(__x)), second(std::forward<_U2>(__y)) { }
      |                                          ^~~~~~~~~~~~~~~~~~~~~~~~~~~~~~
In file included from ./db/memtable.h:21,
                 from ./db/memtable_list.h:17,
                 from ./db/column_family.h:17,
                 from ./db/version_set.h:31,
                 from ./db/compaction/compaction.h:11,
                 from ./file/sst_file_manager_impl.h:14,
                 from file/sst_file_manager_impl.cc:6:
./db/version_edit.h: In instantiation of ‘constexpr std::pair<_T1, _T2>::pair(_U1&&, const _T2&) [with _U1 = int&; typename std::enable_if<std::_PCC<true, _T1, _T2>::_MoveCopyPair<true, _U1, _T2>(), bool>::type <anonymous> = true; _T1 = int; _T2 = rocksdb::FileMetaData]’:
/usr/include/c++/11/ext/new_allocator.h:162:4:   required from ‘void __gnu_cxx::new_allocator<_Tp>::construct(_Up*, _Args&& ...) [with _Up = std::pair<int, rocksdb::FileMetaData>; _Args = {int&, const rocksdb::FileMetaData&}; _Tp = std::pair<int, rocksdb::FileMetaData>]’
/usr/include/c++/11/bits/alloc_traits.h:516:17:   required from ‘static void std::allocator_traits<std::allocator<_CharT> >::construct(std::allocator_traits<std::allocator<_CharT> >::allocator_type&, _Up*, _Args&& ...) [with _Up = std::pair<int, rocksdb::FileMetaData>; _Args = {int&, const rocksdb::FileMetaData&}; _Tp = std::pair<int, rocksdb::FileMetaData>; std::allocator_traits<std::allocator<_CharT> >::allocator_type = std::allocator<std::pair<int, rocksdb::FileMetaData> >]’
/usr/include/c++/11/bits/vector.tcc:115:30:   required from ‘void std::vector<_Tp, _Alloc>::emplace_back(_Args&& ...) [with _Args = {int&, const rocksdb::FileMetaData&}; _Tp = std::pair<int, rocksdb::FileMetaData>; _Alloc = std::allocator<std::pair<int, rocksdb::FileMetaData> >]’
./db/version_edit.h:258:28:   required from here
./db/version_edit.h:86:8: warning: implicitly-declared ‘constexpr rocksdb::FileDescriptor::FileDescriptor(const rocksdb::FileDescriptor&)’ is deprecated [-Wdeprecated-copy]
   86 | struct FileMetaData {
      |        ^~~~~~~~~~~~
./db/version_edit.h:55:19: note: because ‘rocksdb::FileDescriptor’ has user-provided ‘rocksdb::FileDescriptor& rocksdb::FileDescriptor::operator=(const rocksdb::FileDescriptor&)’
   55 |   FileDescriptor& operator=(const FileDescriptor& fd) {
      |                   ^~~~~~~~
In file included from /usr/include/c++/11/bits/stl_algobase.h:64,
                 from /usr/include/c++/11/bits/char_traits.h:39,
                 from /usr/include/c++/11/string:40,
                 from ./file/sst_file_manager_impl.h:10,
                 from file/sst_file_manager_impl.cc:6:
/usr/include/c++/11/bits/stl_pair.h:323:41: note: synthesized method ‘rocksdb::FileMetaData::FileMetaData(const rocksdb::FileMetaData&)’ first required here
  323 |        : first(std::forward<_U1>(__x)), second(__y) { }
      |                                         ^~~~~~~~~~~
In file included from ./db/memtable.h:21,
                 from memtable/vectorrep.cc:15:
./db/version_edit.h: In constructor ‘rocksdb::FdWithKeyRange::FdWithKeyRange(rocksdb::FileDescriptor, rocksdb::Slice, rocksdb::Slice, rocksdb::FileMetaData*)’:
./db/version_edit.h:175:9: warning: implicitly-declared ‘constexpr rocksdb::FileDescriptor::FileDescriptor(const rocksdb::FileDescriptor&)’ is deprecated [-Wdeprecated-copy]
  175 |       : fd(_fd),
      |         ^~~~~~~
./db/version_edit.h:55:19: note: because ‘rocksdb::FileDescriptor’ has user-provided ‘rocksdb::FileDescriptor& rocksdb::FileDescriptor::operator=(const rocksdb::FileDescriptor&)’
   55 |   FileDescriptor& operator=(const FileDescriptor& fd) {
      |                   ^~~~~~~~
  CC       monitoring/in_memory_stats_history.o
./db/version_edit.h: In instantiation of ‘constexpr std::pair<_T1, _T2>::pair(_U1&&, _U2&&) [with _U1 = int&; _U2 = rocksdb::FileMetaData; typename std::enable_if<(std::_PCC<true, _T1, _T2>::_MoveConstructiblePair<_U1, _U2>() && std::_PCC<true, _T1, _T2>::_ImplicitlyMoveConvertiblePair<_U1, _U2>()), bool>::type <anonymous> = true; _T1 = int; _T2 = rocksdb::FileMetaData]’:
/usr/include/c++/11/ext/new_allocator.h:162:4:   required from ‘void __gnu_cxx::new_allocator<_Tp>::construct(_Up*, _Args&& ...) [with _Up = std::pair<int, rocksdb::FileMetaData>; _Args = {int&, rocksdb::FileMetaData}; _Tp = std::pair<int, rocksdb::FileMetaData>]’
/usr/include/c++/11/bits/alloc_traits.h:516:17:   required from ‘static void std::allocator_traits<std::allocator<_CharT> >::construct(std::allocator_traits<std::allocator<_CharT> >::allocator_type&, _Up*, _Args&& ...) [with _Up = std::pair<int, rocksdb::FileMetaData>; _Args = {int&, rocksdb::FileMetaData}; _Tp = std::pair<int, rocksdb::FileMetaData>; std::allocator_traits<std::allocator<_CharT> >::allocator_type = std::allocator<std::pair<int, rocksdb::FileMetaData> >]’
/usr/include/c++/11/bits/vector.tcc:115:30:   required from ‘void std::vector<_Tp, _Alloc>::emplace_back(_Args&& ...) [with _Args = {int&, rocksdb::FileMetaData}; _Tp = std::pair<int, rocksdb::FileMetaData>; _Alloc = std::allocator<std::pair<int, rocksdb::FileMetaData> >]’
./db/version_edit.h:253:28:   required from here
./db/version_edit.h:86:8: warning: implicitly-declared ‘constexpr rocksdb::FileDescriptor::FileDescriptor(const rocksdb::FileDescriptor&)’ is deprecated [-Wdeprecated-copy]
   86 | struct FileMetaData {
      |        ^~~~~~~~~~~~
./db/version_edit.h:55:19: note: because ‘rocksdb::FileDescriptor’ has user-provided ‘rocksdb::FileDescriptor& rocksdb::FileDescriptor::operator=(const rocksdb::FileDescriptor&)’
   55 |   FileDescriptor& operator=(const FileDescriptor& fd) {
      |                   ^~~~~~~~
In file included from /usr/include/c++/11/bits/stl_algobase.h:64,
                 from /usr/include/c++/11/bits/char_traits.h:39,
                 from /usr/include/c++/11/string:40,
                 from ./include/rocksdb/slice_transform.h:17,
                 from ./memtable/hash_skiplist_rep.h:11,
                 from memtable/hash_skiplist_rep.cc:8:
/usr/include/c++/11/bits/stl_pair.h:353:42: note: synthesized method ‘rocksdb::FileMetaData::FileMetaData(rocksdb::FileMetaData&&)’ first required here
  353 |         : first(std::forward<_U1>(__x)), second(std::forward<_U2>(__y)) { }
      |                                          ^~~~~~~~~~~~~~~~~~~~~~~~~~~~~~
In file included from ./db/memtable.h:21,
                 from memtable/hash_skiplist_rep.cc:12:
./db/version_edit.h: In instantiation of ‘constexpr std::pair<_T1, _T2>::pair(_U1&&, const _T2&) [with _U1 = int&; typename std::enable_if<std::_PCC<true, _T1, _T2>::_MoveCopyPair<true, _U1, _T2>(), bool>::type <anonymous> = true; _T1 = int; _T2 = rocksdb::FileMetaData]’:
/usr/include/c++/11/ext/new_allocator.h:162:4:   required from ‘void __gnu_cxx::new_allocator<_Tp>::construct(_Up*, _Args&& ...) [with _Up = std::pair<int, rocksdb::FileMetaData>; _Args = {int&, const rocksdb::FileMetaData&}; _Tp = std::pair<int, rocksdb::FileMetaData>]’
/usr/include/c++/11/bits/alloc_traits.h:516:17:   required from ‘static void std::allocator_traits<std::allocator<_CharT> >::construct(std::allocator_traits<std::allocator<_CharT> >::allocator_type&, _Up*, _Args&& ...) [with _Up = std::pair<int, rocksdb::FileMetaData>; _Args = {int&, const rocksdb::FileMetaData&}; _Tp = std::pair<int, rocksdb::FileMetaData>; std::allocator_traits<std::allocator<_CharT> >::allocator_type = std::allocator<std::pair<int, rocksdb::FileMetaData> >]’
/usr/include/c++/11/bits/vector.tcc:115:30:   required from ‘void std::vector<_Tp, _Alloc>::emplace_back(_Args&& ...) [with _Args = {int&, const rocksdb::FileMetaData&}; _Tp = std::pair<int, rocksdb::FileMetaData>; _Alloc = std::allocator<std::pair<int, rocksdb::FileMetaData> >]’
./db/version_edit.h:258:28:   required from here
./db/version_edit.h:86:8: warning: implicitly-declared ‘constexpr rocksdb::FileDescriptor::FileDescriptor(const rocksdb::FileDescriptor&)’ is deprecated [-Wdeprecated-copy]
   86 | struct FileMetaData {
      |        ^~~~~~~~~~~~
./db/version_edit.h:55:19: note: because ‘rocksdb::FileDescriptor’ has user-provided ‘rocksdb::FileDescriptor& rocksdb::FileDescriptor::operator=(const rocksdb::FileDescriptor&)’
   55 |   FileDescriptor& operator=(const FileDescriptor& fd) {
      |                   ^~~~~~~~
In file included from /usr/include/c++/11/bits/stl_algobase.h:64,
                 from /usr/include/c++/11/bits/char_traits.h:39,
                 from /usr/include/c++/11/string:40,
                 from ./include/rocksdb/slice_transform.h:17,
                 from ./memtable/hash_skiplist_rep.h:11,
                 from memtable/hash_skiplist_rep.cc:8:
/usr/include/c++/11/bits/stl_pair.h:323:41: note: synthesized method ‘rocksdb::FileMetaData::FileMetaData(const rocksdb::FileMetaData&)’ first required here
  323 |        : first(std::forward<_U1>(__x)), second(__y) { }
      |                                         ^~~~~~~~~~~
  CC       monitoring/instrumented_mutex.o
./db/version_edit.h: In instantiation of ‘constexpr std::pair<_T1, _T2>::pair(_U1&&, _U2&&) [with _U1 = int&; _U2 = rocksdb::FileMetaData; typename std::enable_if<(std::_PCC<true, _T1, _T2>::_MoveConstructiblePair<_U1, _U2>() && std::_PCC<true, _T1, _T2>::_ImplicitlyMoveConvertiblePair<_U1, _U2>()), bool>::type <anonymous> = true; _T1 = int; _T2 = rocksdb::FileMetaData]’:
/usr/include/c++/11/ext/new_allocator.h:162:4:   required from ‘void __gnu_cxx::new_allocator<_Tp>::construct(_Up*, _Args&& ...) [with _Up = std::pair<int, rocksdb::FileMetaData>; _Args = {int&, rocksdb::FileMetaData}; _Tp = std::pair<int, rocksdb::FileMetaData>]’
/usr/include/c++/11/bits/alloc_traits.h:516:17:   required from ‘static void std::allocator_traits<std::allocator<_Tp1> >::construct(std::allocator_traits<std::allocator<_Tp1> >::allocator_type&, _Up*, _Args&& ...) [with _Up = std::pair<int, rocksdb::FileMetaData>; _Args = {int&, rocksdb::FileMetaData}; _Tp = std::pair<int, rocksdb::FileMetaData>; std::allocator_traits<std::allocator<_Tp1> >::allocator_type = std::allocator<std::pair<int, rocksdb::FileMetaData> >]’
/usr/include/c++/11/bits/vector.tcc:115:30:   required from ‘void std::vector<_Tp, _Alloc>::emplace_back(_Args&& ...) [with _Args = {int&, rocksdb::FileMetaData}; _Tp = std::pair<int, rocksdb::FileMetaData>; _Alloc = std::allocator<std::pair<int, rocksdb::FileMetaData> >]’
./db/version_edit.h:253:28:   required from here
./db/version_edit.h:86:8: warning: implicitly-declared ‘constexpr rocksdb::FileDescriptor::FileDescriptor(const rocksdb::FileDescriptor&)’ is deprecated [-Wdeprecated-copy]
   86 | struct FileMetaData {
      |        ^~~~~~~~~~~~
./db/version_edit.h:55:19: note: because ‘rocksdb::FileDescriptor’ has user-provided ‘rocksdb::FileDescriptor& rocksdb::FileDescriptor::operator=(const rocksdb::FileDescriptor&)’
   55 |   FileDescriptor& operator=(const FileDescriptor& fd) {
      |                   ^~~~~~~~
In file included from /usr/include/c++/11/bits/stl_algobase.h:64,
                 from /usr/include/c++/11/deque:60,
                 from ./db/memtable.h:12,
                 from memtable/skiplistrep.cc:6:
/usr/include/c++/11/bits/stl_pair.h:353:42: note: synthesized method ‘rocksdb::FileMetaData::FileMetaData(rocksdb::FileMetaData&&)’ first required here
  353 |         : first(std::forward<_U1>(__x)), second(std::forward<_U2>(__y)) { }
      |                                          ^~~~~~~~~~~~~~~~~~~~~~~~~~~~~~
In file included from ./db/memtable.h:21,
                 from memtable/skiplistrep.cc:6:
./db/version_edit.h: In instantiation of ‘constexpr std::pair<_T1, _T2>::pair(_U1&&, const _T2&) [with _U1 = int&; typename std::enable_if<std::_PCC<true, _T1, _T2>::_MoveCopyPair<true, _U1, _T2>(), bool>::type <anonymous> = true; _T1 = int; _T2 = rocksdb::FileMetaData]’:
/usr/include/c++/11/ext/new_allocator.h:162:4:   required from ‘void __gnu_cxx::new_allocator<_Tp>::construct(_Up*, _Args&& ...) [with _Up = std::pair<int, rocksdb::FileMetaData>; _Args = {int&, const rocksdb::FileMetaData&}; _Tp = std::pair<int, rocksdb::FileMetaData>]’
/usr/include/c++/11/bits/alloc_traits.h:516:17:   required from ‘static void std::allocator_traits<std::allocator<_Tp1> >::construct(std::allocator_traits<std::allocator<_Tp1> >::allocator_type&, _Up*, _Args&& ...) [with _Up = std::pair<int, rocksdb::FileMetaData>; _Args = {int&, const rocksdb::FileMetaData&}; _Tp = std::pair<int, rocksdb::FileMetaData>; std::allocator_traits<std::allocator<_Tp1> >::allocator_type = std::allocator<std::pair<int, rocksdb::FileMetaData> >]’
/usr/include/c++/11/bits/vector.tcc:115:30:   required from ‘void std::vector<_Tp, _Alloc>::emplace_back(_Args&& ...) [with _Args = {int&, const rocksdb::FileMetaData&}; _Tp = std::pair<int, rocksdb::FileMetaData>; _Alloc = std::allocator<std::pair<int, rocksdb::FileMetaData> >]’
./db/version_edit.h:258:28:   required from here
./db/version_edit.h:86:8: warning: implicitly-declared ‘constexpr rocksdb::FileDescriptor::FileDescriptor(const rocksdb::FileDescriptor&)’ is deprecated [-Wdeprecated-copy]
   86 | struct FileMetaData {
      |        ^~~~~~~~~~~~
./db/version_edit.h:55:19: note: because ‘rocksdb::FileDescriptor’ has user-provided ‘rocksdb::FileDescriptor& rocksdb::FileDescriptor::operator=(const rocksdb::FileDescriptor&)’
   55 |   FileDescriptor& operator=(const FileDescriptor& fd) {
      |                   ^~~~~~~~
In file included from /usr/include/c++/11/bits/stl_algobase.h:64,
                 from /usr/include/c++/11/deque:60,
                 from ./db/memtable.h:12,
                 from memtable/skiplistrep.cc:6:
/usr/include/c++/11/bits/stl_pair.h:323:41: note: synthesized method ‘rocksdb::FileMetaData::FileMetaData(const rocksdb::FileMetaData&)’ first required here
  323 |        : first(std::forward<_U1>(__x)), second(__y) { }
      |                                         ^~~~~~~~~~~
./db/version_edit.h: In instantiation of ‘constexpr std::pair<_T1, _T2>::pair(_U1&&, _U2&&) [with _U1 = int&; _U2 = rocksdb::FileMetaData; typename std::enable_if<(std::_PCC<true, _T1, _T2>::_MoveConstructiblePair<_U1, _U2>() && std::_PCC<true, _T1, _T2>::_ImplicitlyMoveConvertiblePair<_U1, _U2>()), bool>::type <anonymous> = true; _T1 = int; _T2 = rocksdb::FileMetaData]’:
/usr/include/c++/11/ext/new_allocator.h:162:4:   required from ‘void __gnu_cxx::new_allocator<_Tp>::construct(_Up*, _Args&& ...) [with _Up = std::pair<int, rocksdb::FileMetaData>; _Args = {int&, rocksdb::FileMetaData}; _Tp = std::pair<int, rocksdb::FileMetaData>]’
/usr/include/c++/11/bits/alloc_traits.h:516:17:   required from ‘static void std::allocator_traits<std::allocator<_CharT> >::construct(std::allocator_traits<std::allocator<_CharT> >::allocator_type&, _Up*, _Args&& ...) [with _Up = std::pair<int, rocksdb::FileMetaData>; _Args = {int&, rocksdb::FileMetaData}; _Tp = std::pair<int, rocksdb::FileMetaData>; std::allocator_traits<std::allocator<_CharT> >::allocator_type = std::allocator<std::pair<int, rocksdb::FileMetaData> >]’
/usr/include/c++/11/bits/vector.tcc:115:30:   required from ‘void std::vector<_Tp, _Alloc>::emplace_back(_Args&& ...) [with _Args = {int&, rocksdb::FileMetaData}; _Tp = std::pair<int, rocksdb::FileMetaData>; _Alloc = std::allocator<std::pair<int, rocksdb::FileMetaData> >]’
./db/version_edit.h:253:28:   required from here
./db/version_edit.h:86:8: warning: implicitly-declared ‘constexpr rocksdb::FileDescriptor::FileDescriptor(const rocksdb::FileDescriptor&)’ is deprecated [-Wdeprecated-copy]
   86 | struct FileMetaData {
      |        ^~~~~~~~~~~~
./db/version_edit.h:55:19: note: because ‘rocksdb::FileDescriptor’ has user-provided ‘rocksdb::FileDescriptor& rocksdb::FileDescriptor::operator=(const rocksdb::FileDescriptor&)’
   55 |   FileDescriptor& operator=(const FileDescriptor& fd) {
      |                   ^~~~~~~~
In file included from /usr/include/c++/11/bits/stl_algobase.h:64,
                 from /usr/include/c++/11/bits/char_traits.h:39,
                 from /usr/include/c++/11/string:40,
                 from ./include/rocksdb/slice.h:25,
                 from ./include/rocksdb/memtablerep.h:38,
                 from memtable/vectorrep.cc:7:
/usr/include/c++/11/bits/stl_pair.h:353:42: note: synthesized method ‘rocksdb::FileMetaData::FileMetaData(rocksdb::FileMetaData&&)’ first required here
  353 |         : first(std::forward<_U1>(__x)), second(std::forward<_U2>(__y)) { }
      |                                          ^~~~~~~~~~~~~~~~~~~~~~~~~~~~~~
In file included from ./db/memtable.h:21,
                 from memtable/vectorrep.cc:15:
./db/version_edit.h: In instantiation of ‘constexpr std::pair<_T1, _T2>::pair(_U1&&, const _T2&) [with _U1 = int&; typename std::enable_if<std::_PCC<true, _T1, _T2>::_MoveCopyPair<true, _U1, _T2>(), bool>::type <anonymous> = true; _T1 = int; _T2 = rocksdb::FileMetaData]’:
/usr/include/c++/11/ext/new_allocator.h:162:4:   required from ‘void __gnu_cxx::new_allocator<_Tp>::construct(_Up*, _Args&& ...) [with _Up = std::pair<int, rocksdb::FileMetaData>; _Args = {int&, const rocksdb::FileMetaData&}; _Tp = std::pair<int, rocksdb::FileMetaData>]’
/usr/include/c++/11/bits/alloc_traits.h:516:17:   required from ‘static void std::allocator_traits<std::allocator<_CharT> >::construct(std::allocator_traits<std::allocator<_CharT> >::allocator_type&, _Up*, _Args&& ...) [with _Up = std::pair<int, rocksdb::FileMetaData>; _Args = {int&, const rocksdb::FileMetaData&}; _Tp = std::pair<int, rocksdb::FileMetaData>; std::allocator_traits<std::allocator<_CharT> >::allocator_type = std::allocator<std::pair<int, rocksdb::FileMetaData> >]’
/usr/include/c++/11/bits/vector.tcc:115:30:   required from ‘void std::vector<_Tp, _Alloc>::emplace_back(_Args&& ...) [with _Args = {int&, const rocksdb::FileMetaData&}; _Tp = std::pair<int, rocksdb::FileMetaData>; _Alloc = std::allocator<std::pair<int, rocksdb::FileMetaData> >]’
./db/version_edit.h:258:28:   required from here
./db/version_edit.h:86:8: warning: implicitly-declared ‘constexpr rocksdb::FileDescriptor::FileDescriptor(const rocksdb::FileDescriptor&)’ is deprecated [-Wdeprecated-copy]
   86 | struct FileMetaData {
      |        ^~~~~~~~~~~~
./db/version_edit.h:55:19: note: because ‘rocksdb::FileDescriptor’ has user-provided ‘rocksdb::FileDescriptor& rocksdb::FileDescriptor::operator=(const rocksdb::FileDescriptor&)’
   55 |   FileDescriptor& operator=(const FileDescriptor& fd) {
      |                   ^~~~~~~~
In file included from /usr/include/c++/11/bits/stl_algobase.h:64,
                 from /usr/include/c++/11/bits/char_traits.h:39,
                 from /usr/include/c++/11/string:40,
                 from ./include/rocksdb/slice.h:25,
                 from ./include/rocksdb/memtablerep.h:38,
                 from memtable/vectorrep.cc:7:
/usr/include/c++/11/bits/stl_pair.h:323:41: note: synthesized method ‘rocksdb::FileMetaData::FileMetaData(const rocksdb::FileMetaData&)’ first required here
  323 |        : first(std::forward<_U1>(__x)), second(__y) { }
      |                                         ^~~~~~~~~~~
  CC       monitoring/iostats_context.o
  CC       monitoring/perf_context.o
  CC       monitoring/perf_level.o
  CC       monitoring/persistent_stats_history.o
  CC       monitoring/statistics.o
In file included from ./db/memtable.h:21,
                 from ./db/memtable_list.h:17,
                 from ./db/column_family.h:17,
                 from ./db/db_impl/db_impl.h:22,
                 from monitoring/in_memory_stats_history.cc:10:
./db/version_edit.h: In constructor ‘rocksdb::FdWithKeyRange::FdWithKeyRange(rocksdb::FileDescriptor, rocksdb::Slice, rocksdb::Slice, rocksdb::FileMetaData*)’:
./db/version_edit.h:175:9: warning: implicitly-declared ‘constexpr rocksdb::FileDescriptor::FileDescriptor(const rocksdb::FileDescriptor&)’ is deprecated [-Wdeprecated-copy]
  175 |       : fd(_fd),
      |         ^~~~~~~
./db/version_edit.h:55:19: note: because ‘rocksdb::FileDescriptor’ has user-provided ‘rocksdb::FileDescriptor& rocksdb::FileDescriptor::operator=(const rocksdb::FileDescriptor&)’
   55 |   FileDescriptor& operator=(const FileDescriptor& fd) {
      |                   ^~~~~~~~
  CC       monitoring/thread_status_impl.o
  CC       monitoring/thread_status_updater.o
  CC       monitoring/thread_status_updater_debug.o
  CC       monitoring/thread_status_util.o
  CC       monitoring/thread_status_util_debug.o
In file included from ./db/memtable.h:21,
                 from ./db/memtable_list.h:17,
                 from ./db/column_family.h:17,
                 from ./db/db_impl/db_impl.h:22,
                 from ./monitoring/persistent_stats_history.h:11,
                 from monitoring/persistent_stats_history.cc:9:
./db/version_edit.h: In constructor ‘rocksdb::FdWithKeyRange::FdWithKeyRange(rocksdb::FileDescriptor, rocksdb::Slice, rocksdb::Slice, rocksdb::FileMetaData*)’:
./db/version_edit.h:175:9: warning: implicitly-declared ‘constexpr rocksdb::FileDescriptor::FileDescriptor(const rocksdb::FileDescriptor&)’ is deprecated [-Wdeprecated-copy]
  175 |       : fd(_fd),
      |         ^~~~~~~
./db/version_edit.h:55:19: note: because ‘rocksdb::FileDescriptor’ has user-provided ‘rocksdb::FileDescriptor& rocksdb::FileDescriptor::operator=(const rocksdb::FileDescriptor&)’
   55 |   FileDescriptor& operator=(const FileDescriptor& fd) {
      |                   ^~~~~~~~
In file included from ./db/memtable.h:21,
                 from ./db/memtable_list.h:17,
                 from ./db/column_family.h:17,
                 from monitoring/thread_status_updater_debug.cc:8:
./db/version_edit.h: In constructor ‘rocksdb::FdWithKeyRange::FdWithKeyRange(rocksdb::FileDescriptor, rocksdb::Slice, rocksdb::Slice, rocksdb::FileMetaData*)’:
./db/version_edit.h:175:9: warning: implicitly-declared ‘constexpr rocksdb::FileDescriptor::FileDescriptor(const rocksdb::FileDescriptor&)’ is deprecated [-Wdeprecated-copy]
  175 |       : fd(_fd),
      |         ^~~~~~~
./db/version_edit.h:55:19: note: because ‘rocksdb::FileDescriptor’ has user-provided ‘rocksdb::FileDescriptor& rocksdb::FileDescriptor::operator=(const rocksdb::FileDescriptor&)’
   55 |   FileDescriptor& operator=(const FileDescriptor& fd) {
      |                   ^~~~~~~~
./db/version_edit.h: In instantiation of ‘constexpr std::pair<_T1, _T2>::pair(_U1&&, _U2&&) [with _U1 = int&; _U2 = rocksdb::FileMetaData; typename std::enable_if<(std::_PCC<true, _T1, _T2>::_MoveConstructiblePair<_U1, _U2>() && std::_PCC<true, _T1, _T2>::_ImplicitlyMoveConvertiblePair<_U1, _U2>()), bool>::type <anonymous> = true; _T1 = int; _T2 = rocksdb::FileMetaData]’:
/usr/include/c++/11/ext/new_allocator.h:162:4:   required from ‘void __gnu_cxx::new_allocator<_Tp>::construct(_Up*, _Args&& ...) [with _Up = std::pair<int, rocksdb::FileMetaData>; _Args = {int&, rocksdb::FileMetaData}; _Tp = std::pair<int, rocksdb::FileMetaData>]’
/usr/include/c++/11/bits/alloc_traits.h:516:17:   required from ‘static void std::allocator_traits<std::allocator<_Tp1> >::construct(std::allocator_traits<std::allocator<_Tp1> >::allocator_type&, _Up*, _Args&& ...) [with _Up = std::pair<int, rocksdb::FileMetaData>; _Args = {int&, rocksdb::FileMetaData}; _Tp = std::pair<int, rocksdb::FileMetaData>; std::allocator_traits<std::allocator<_Tp1> >::allocator_type = std::allocator<std::pair<int, rocksdb::FileMetaData> >]’
/usr/include/c++/11/bits/vector.tcc:115:30:   required from ‘void std::vector<_Tp, _Alloc>::emplace_back(_Args&& ...) [with _Args = {int&, rocksdb::FileMetaData}; _Tp = std::pair<int, rocksdb::FileMetaData>; _Alloc = std::allocator<std::pair<int, rocksdb::FileMetaData> >]’
./db/version_edit.h:253:28:   required from here
./db/version_edit.h:86:8: warning: implicitly-declared ‘constexpr rocksdb::FileDescriptor::FileDescriptor(const rocksdb::FileDescriptor&)’ is deprecated [-Wdeprecated-copy]
   86 | struct FileMetaData {
      |        ^~~~~~~~~~~~
./db/version_edit.h:55:19: note: because ‘rocksdb::FileDescriptor’ has user-provided ‘rocksdb::FileDescriptor& rocksdb::FileDescriptor::operator=(const rocksdb::FileDescriptor&)’
   55 |   FileDescriptor& operator=(const FileDescriptor& fd) {
      |                   ^~~~~~~~
In file included from /usr/include/c++/11/bits/stl_algobase.h:64,
                 from /usr/include/c++/11/bits/stl_tree.h:63,
                 from /usr/include/c++/11/map:60,
                 from ./include/rocksdb/stats_history.h:11,
                 from ./monitoring/in_memory_stats_history.h:11,
                 from monitoring/in_memory_stats_history.cc:9:
/usr/include/c++/11/bits/stl_pair.h:353:42: note: synthesized method ‘rocksdb::FileMetaData::FileMetaData(rocksdb::FileMetaData&&)’ first required here
  353 |         : first(std::forward<_U1>(__x)), second(std::forward<_U2>(__y)) { }
      |                                          ^~~~~~~~~~~~~~~~~~~~~~~~~~~~~~
In file included from ./db/memtable.h:21,
                 from ./db/memtable_list.h:17,
                 from ./db/column_family.h:17,
                 from ./db/db_impl/db_impl.h:22,
                 from monitoring/in_memory_stats_history.cc:10:
./db/version_edit.h: In instantiation of ‘constexpr std::pair<_T1, _T2>::pair(_U1&&, const _T2&) [with _U1 = int&; typename std::enable_if<std::_PCC<true, _T1, _T2>::_MoveCopyPair<true, _U1, _T2>(), bool>::type <anonymous> = true; _T1 = int; _T2 = rocksdb::FileMetaData]’:
/usr/include/c++/11/ext/new_allocator.h:162:4:   required from ‘void __gnu_cxx::new_allocator<_Tp>::construct(_Up*, _Args&& ...) [with _Up = std::pair<int, rocksdb::FileMetaData>; _Args = {int&, const rocksdb::FileMetaData&}; _Tp = std::pair<int, rocksdb::FileMetaData>]’
/usr/include/c++/11/bits/alloc_traits.h:516:17:   required from ‘static void std::allocator_traits<std::allocator<_Tp1> >::construct(std::allocator_traits<std::allocator<_Tp1> >::allocator_type&, _Up*, _Args&& ...) [with _Up = std::pair<int, rocksdb::FileMetaData>; _Args = {int&, const rocksdb::FileMetaData&}; _Tp = std::pair<int, rocksdb::FileMetaData>; std::allocator_traits<std::allocator<_Tp1> >::allocator_type = std::allocator<std::pair<int, rocksdb::FileMetaData> >]’
/usr/include/c++/11/bits/vector.tcc:115:30:   required from ‘void std::vector<_Tp, _Alloc>::emplace_back(_Args&& ...) [with _Args = {int&, const rocksdb::FileMetaData&}; _Tp = std::pair<int, rocksdb::FileMetaData>; _Alloc = std::allocator<std::pair<int, rocksdb::FileMetaData> >]’
./db/version_edit.h:258:28:   required from here
./db/version_edit.h:86:8: warning: implicitly-declared ‘constexpr rocksdb::FileDescriptor::FileDescriptor(const rocksdb::FileDescriptor&)’ is deprecated [-Wdeprecated-copy]
   86 | struct FileMetaData {
      |        ^~~~~~~~~~~~
./db/version_edit.h:55:19: note: because ‘rocksdb::FileDescriptor’ has user-provided ‘rocksdb::FileDescriptor& rocksdb::FileDescriptor::operator=(const rocksdb::FileDescriptor&)’
   55 |   FileDescriptor& operator=(const FileDescriptor& fd) {
      |                   ^~~~~~~~
In file included from /usr/include/c++/11/bits/stl_algobase.h:64,
                 from /usr/include/c++/11/bits/stl_tree.h:63,
                 from /usr/include/c++/11/map:60,
                 from ./include/rocksdb/stats_history.h:11,
                 from ./monitoring/in_memory_stats_history.h:11,
                 from monitoring/in_memory_stats_history.cc:9:
/usr/include/c++/11/bits/stl_pair.h:323:41: note: synthesized method ‘rocksdb::FileMetaData::FileMetaData(const rocksdb::FileMetaData&)’ first required here
  323 |        : first(std::forward<_U1>(__x)), second(__y) { }
      |                                         ^~~~~~~~~~~
  CC       options/cf_options.o
  CC       options/db_options.o
  CC       options/options.o
  CC       options/options_helper.o
./db/version_edit.h: In instantiation of ‘constexpr std::pair<_T1, _T2>::pair(_U1&&, _U2&&) [with _U1 = int&; _U2 = rocksdb::FileMetaData; typename std::enable_if<(std::_PCC<true, _T1, _T2>::_MoveConstructiblePair<_U1, _U2>() && std::_PCC<true, _T1, _T2>::_ImplicitlyMoveConvertiblePair<_U1, _U2>()), bool>::type <anonymous> = true; _T1 = int; _T2 = rocksdb::FileMetaData]’:
/usr/include/c++/11/ext/new_allocator.h:162:4:   required from ‘void __gnu_cxx::new_allocator<_Tp>::construct(_Up*, _Args&& ...) [with _Up = std::pair<int, rocksdb::FileMetaData>; _Args = {int&, rocksdb::FileMetaData}; _Tp = std::pair<int, rocksdb::FileMetaData>]’
/usr/include/c++/11/bits/alloc_traits.h:516:17:   required from ‘static void std::allocator_traits<std::allocator<_CharT> >::construct(std::allocator_traits<std::allocator<_CharT> >::allocator_type&, _Up*, _Args&& ...) [with _Up = std::pair<int, rocksdb::FileMetaData>; _Args = {int&, rocksdb::FileMetaData}; _Tp = std::pair<int, rocksdb::FileMetaData>; std::allocator_traits<std::allocator<_CharT> >::allocator_type = std::allocator<std::pair<int, rocksdb::FileMetaData> >]’
/usr/include/c++/11/bits/vector.tcc:115:30:   required from ‘void std::vector<_Tp, _Alloc>::emplace_back(_Args&& ...) [with _Args = {int&, rocksdb::FileMetaData}; _Tp = std::pair<int, rocksdb::FileMetaData>; _Alloc = std::allocator<std::pair<int, rocksdb::FileMetaData> >]’
./db/version_edit.h:253:28:   required from here
./db/version_edit.h:86:8: warning: implicitly-declared ‘constexpr rocksdb::FileDescriptor::FileDescriptor(const rocksdb::FileDescriptor&)’ is deprecated [-Wdeprecated-copy]
   86 | struct FileMetaData {
      |        ^~~~~~~~~~~~
./db/version_edit.h:55:19: note: because ‘rocksdb::FileDescriptor’ has user-provided ‘rocksdb::FileDescriptor& rocksdb::FileDescriptor::operator=(const rocksdb::FileDescriptor&)’
   55 |   FileDescriptor& operator=(const FileDescriptor& fd) {
      |                   ^~~~~~~~
In file included from /usr/include/c++/11/utility:70,
                 from /usr/include/c++/11/tuple:38,
                 from /usr/include/c++/11/mutex:38,
                 from monitoring/thread_status_updater_debug.cc:6:
/usr/include/c++/11/bits/stl_pair.h:353:42: note: synthesized method ‘rocksdb::FileMetaData::FileMetaData(rocksdb::FileMetaData&&)’ first required here
  353 |         : first(std::forward<_U1>(__x)), second(std::forward<_U2>(__y)) { }
      |                                          ^~~~~~~~~~~~~~~~~~~~~~~~~~~~~~
In file included from ./db/memtable.h:21,
                 from ./db/memtable_list.h:17,
                 from ./db/column_family.h:17,
                 from monitoring/thread_status_updater_debug.cc:8:
./db/version_edit.h: In instantiation of ‘constexpr std::pair<_T1, _T2>::pair(_U1&&, const _T2&) [with _U1 = int&; typename std::enable_if<std::_PCC<true, _T1, _T2>::_MoveCopyPair<true, _U1, _T2>(), bool>::type <anonymous> = true; _T1 = int; _T2 = rocksdb::FileMetaData]’:
/usr/include/c++/11/ext/new_allocator.h:162:4:   required from ‘void __gnu_cxx::new_allocator<_Tp>::construct(_Up*, _Args&& ...) [with _Up = std::pair<int, rocksdb::FileMetaData>; _Args = {int&, const rocksdb::FileMetaData&}; _Tp = std::pair<int, rocksdb::FileMetaData>]’
/usr/include/c++/11/bits/alloc_traits.h:516:17:   required from ‘static void std::allocator_traits<std::allocator<_CharT> >::construct(std::allocator_traits<std::allocator<_CharT> >::allocator_type&, _Up*, _Args&& ...) [with _Up = std::pair<int, rocksdb::FileMetaData>; _Args = {int&, const rocksdb::FileMetaData&}; _Tp = std::pair<int, rocksdb::FileMetaData>; std::allocator_traits<std::allocator<_CharT> >::allocator_type = std::allocator<std::pair<int, rocksdb::FileMetaData> >]’
/usr/include/c++/11/bits/vector.tcc:115:30:   required from ‘void std::vector<_Tp, _Alloc>::emplace_back(_Args&& ...) [with _Args = {int&, const rocksdb::FileMetaData&}; _Tp = std::pair<int, rocksdb::FileMetaData>; _Alloc = std::allocator<std::pair<int, rocksdb::FileMetaData> >]’
./db/version_edit.h:258:28:   required from here
./db/version_edit.h:86:8: warning: implicitly-declared ‘constexpr rocksdb::FileDescriptor::FileDescriptor(const rocksdb::FileDescriptor&)’ is deprecated [-Wdeprecated-copy]
   86 | struct FileMetaData {
      |        ^~~~~~~~~~~~
./db/version_edit.h:55:19: note: because ‘rocksdb::FileDescriptor’ has user-provided ‘rocksdb::FileDescriptor& rocksdb::FileDescriptor::operator=(const rocksdb::FileDescriptor&)’
   55 |   FileDescriptor& operator=(const FileDescriptor& fd) {
      |                   ^~~~~~~~
In file included from /usr/include/c++/11/utility:70,
                 from /usr/include/c++/11/tuple:38,
                 from /usr/include/c++/11/mutex:38,
                 from monitoring/thread_status_updater_debug.cc:6:
/usr/include/c++/11/bits/stl_pair.h:323:41: note: synthesized method ‘rocksdb::FileMetaData::FileMetaData(const rocksdb::FileMetaData&)’ first required here
  323 |        : first(std::forward<_U1>(__x)), second(__y) { }
      |                                         ^~~~~~~~~~~
  CC       options/options_parser.o
./db/version_edit.h: In instantiation of ‘constexpr std::pair<_T1, _T2>::pair(_U1&&, _U2&&) [with _U1 = int&; _U2 = rocksdb::FileMetaData; typename std::enable_if<(std::_PCC<true, _T1, _T2>::_MoveConstructiblePair<_U1, _U2>() && std::_PCC<true, _T1, _T2>::_ImplicitlyMoveConvertiblePair<_U1, _U2>()), bool>::type <anonymous> = true; _T1 = int; _T2 = rocksdb::FileMetaData]’:
/usr/include/c++/11/ext/new_allocator.h:162:4:   required from ‘void __gnu_cxx::new_allocator<_Tp>::construct(_Up*, _Args&& ...) [with _Up = std::pair<int, rocksdb::FileMetaData>; _Args = {int&, rocksdb::FileMetaData}; _Tp = std::pair<int, rocksdb::FileMetaData>]’
/usr/include/c++/11/bits/alloc_traits.h:516:17:   required from ‘static void std::allocator_traits<std::allocator<_Tp1> >::construct(std::allocator_traits<std::allocator<_Tp1> >::allocator_type&, _Up*, _Args&& ...) [with _Up = std::pair<int, rocksdb::FileMetaData>; _Args = {int&, rocksdb::FileMetaData}; _Tp = std::pair<int, rocksdb::FileMetaData>; std::allocator_traits<std::allocator<_Tp1> >::allocator_type = std::allocator<std::pair<int, rocksdb::FileMetaData> >]’
/usr/include/c++/11/bits/vector.tcc:115:30:   required from ‘void std::vector<_Tp, _Alloc>::emplace_back(_Args&& ...) [with _Args = {int&, rocksdb::FileMetaData}; _Tp = std::pair<int, rocksdb::FileMetaData>; _Alloc = std::allocator<std::pair<int, rocksdb::FileMetaData> >]’
./db/version_edit.h:253:28:   required from here
./db/version_edit.h:86:8: warning: implicitly-declared ‘constexpr rocksdb::FileDescriptor::FileDescriptor(const rocksdb::FileDescriptor&)’ is deprecated [-Wdeprecated-copy]
   86 | struct FileMetaData {
      |        ^~~~~~~~~~~~
./db/version_edit.h:55:19: note: because ‘rocksdb::FileDescriptor’ has user-provided ‘rocksdb::FileDescriptor& rocksdb::FileDescriptor::operator=(const rocksdb::FileDescriptor&)’
   55 |   FileDescriptor& operator=(const FileDescriptor& fd) {
      |                   ^~~~~~~~
In file included from /usr/include/c++/11/bits/stl_algobase.h:64,
                 from /usr/include/c++/11/deque:60,
                 from ./db/db_impl/db_impl.h:12,
                 from ./monitoring/persistent_stats_history.h:11,
                 from monitoring/persistent_stats_history.cc:9:
/usr/include/c++/11/bits/stl_pair.h:353:42: note: synthesized method ‘rocksdb::FileMetaData::FileMetaData(rocksdb::FileMetaData&&)’ first required here
  353 |         : first(std::forward<_U1>(__x)), second(std::forward<_U2>(__y)) { }
      |                                          ^~~~~~~~~~~~~~~~~~~~~~~~~~~~~~
In file included from ./db/memtable.h:21,
                 from ./db/memtable_list.h:17,
                 from ./db/column_family.h:17,
                 from ./db/db_impl/db_impl.h:22,
                 from ./monitoring/persistent_stats_history.h:11,
                 from monitoring/persistent_stats_history.cc:9:
./db/version_edit.h: In instantiation of ‘constexpr std::pair<_T1, _T2>::pair(_U1&&, const _T2&) [with _U1 = int&; typename std::enable_if<std::_PCC<true, _T1, _T2>::_MoveCopyPair<true, _U1, _T2>(), bool>::type <anonymous> = true; _T1 = int; _T2 = rocksdb::FileMetaData]’:
/usr/include/c++/11/ext/new_allocator.h:162:4:   required from ‘void __gnu_cxx::new_allocator<_Tp>::construct(_Up*, _Args&& ...) [with _Up = std::pair<int, rocksdb::FileMetaData>; _Args = {int&, const rocksdb::FileMetaData&}; _Tp = std::pair<int, rocksdb::FileMetaData>]’
/usr/include/c++/11/bits/alloc_traits.h:516:17:   required from ‘static void std::allocator_traits<std::allocator<_Tp1> >::construct(std::allocator_traits<std::allocator<_Tp1> >::allocator_type&, _Up*, _Args&& ...) [with _Up = std::pair<int, rocksdb::FileMetaData>; _Args = {int&, const rocksdb::FileMetaData&}; _Tp = std::pair<int, rocksdb::FileMetaData>; std::allocator_traits<std::allocator<_Tp1> >::allocator_type = std::allocator<std::pair<int, rocksdb::FileMetaData> >]’
/usr/include/c++/11/bits/vector.tcc:115:30:   required from ‘void std::vector<_Tp, _Alloc>::emplace_back(_Args&& ...) [with _Args = {int&, const rocksdb::FileMetaData&}; _Tp = std::pair<int, rocksdb::FileMetaData>; _Alloc = std::allocator<std::pair<int, rocksdb::FileMetaData> >]’
./db/version_edit.h:258:28:   required from here
./db/version_edit.h:86:8: warning: implicitly-declared ‘constexpr rocksdb::FileDescriptor::FileDescriptor(const rocksdb::FileDescriptor&)’ is deprecated [-Wdeprecated-copy]
   86 | struct FileMetaData {
      |        ^~~~~~~~~~~~
./db/version_edit.h:55:19: note: because ‘rocksdb::FileDescriptor’ has user-provided ‘rocksdb::FileDescriptor& rocksdb::FileDescriptor::operator=(const rocksdb::FileDescriptor&)’
   55 |   FileDescriptor& operator=(const FileDescriptor& fd) {
      |                   ^~~~~~~~
In file included from /usr/include/c++/11/bits/stl_algobase.h:64,
                 from /usr/include/c++/11/deque:60,
                 from ./db/db_impl/db_impl.h:12,
                 from ./monitoring/persistent_stats_history.h:11,
                 from monitoring/persistent_stats_history.cc:9:
/usr/include/c++/11/bits/stl_pair.h:323:41: note: synthesized method ‘rocksdb::FileMetaData::FileMetaData(const rocksdb::FileMetaData&)’ first required here
  323 |        : first(std::forward<_U1>(__x)), second(__y) { }
      |                                         ^~~~~~~~~~~
  CC       options/options_sanity_check.o
  CC       port/port_posix.o
  CC       port/stack_trace.o
  CC       table/adaptive/adaptive_table_factory.o
  CC       table/block_based/block.o
  CC       table/block_based/block_based_filter_block.o
  CC       table/block_based/block_based_table_builder.o
  CC       table/block_based/block_based_table_factory.o
  CC       table/block_based/block_based_table_reader.o
  CC       table/block_based/block_builder.o
  CC       table/block_based/block_prefix_index.o
  CC       table/block_based/data_block_hash_index.o
  CC       table/block_based/data_block_footer.o
  CC       table/block_based/flush_block_policy.o
  CC       table/block_based/full_filter_block.o
  CC       table/block_based/index_builder.o
  CC       table/block_based/partitioned_filter_block.o
  CC       table/block_fetcher.o
  CC       table/bloom_block.o
  CC       table/cuckoo/cuckoo_table_builder.o
  CC       table/cuckoo/cuckoo_table_factory.o
  CC       table/cuckoo/cuckoo_table_reader.o
  CC       table/format.o
  CC       table/get_context.o
  CC       table/iterator.o
  CC       table/merging_iterator.o
  CC       table/meta_blocks.o
In file included from ./db/range_del_aggregator.h:21,
                 from ./db/merge_helper.h:14,
                 from table/get_context.cc:7:
./db/version_edit.h: In constructor ‘rocksdb::FdWithKeyRange::FdWithKeyRange(rocksdb::FileDescriptor, rocksdb::Slice, rocksdb::Slice, rocksdb::FileMetaData*)’:
./db/version_edit.h:175:9: warning: implicitly-declared ‘constexpr rocksdb::FileDescriptor::FileDescriptor(const rocksdb::FileDescriptor&)’ is deprecated [-Wdeprecated-copy]
  175 |       : fd(_fd),
      |         ^~~~~~~
./db/version_edit.h:55:19: note: because ‘rocksdb::FileDescriptor’ has user-provided ‘rocksdb::FileDescriptor& rocksdb::FileDescriptor::operator=(const rocksdb::FileDescriptor&)’
   55 |   FileDescriptor& operator=(const FileDescriptor& fd) {
      |                   ^~~~~~~~
  CC       table/persistent_cache_helper.o
./db/version_edit.h: In instantiation of ‘constexpr std::pair<_T1, _T2>::pair(_U1&&, _U2&&) [with _U1 = int&; _U2 = rocksdb::FileMetaData; typename std::enable_if<(std::_PCC<true, _T1, _T2>::_MoveConstructiblePair<_U1, _U2>() && std::_PCC<true, _T1, _T2>::_ImplicitlyMoveConvertiblePair<_U1, _U2>()), bool>::type <anonymous> = true; _T1 = int; _T2 = rocksdb::FileMetaData]’:
/usr/include/c++/11/ext/new_allocator.h:162:4:   required from ‘void __gnu_cxx::new_allocator<_Tp>::construct(_Up*, _Args&& ...) [with _Up = std::pair<int, rocksdb::FileMetaData>; _Args = {int&, rocksdb::FileMetaData}; _Tp = std::pair<int, rocksdb::FileMetaData>]’
/usr/include/c++/11/bits/alloc_traits.h:516:17:   required from ‘static void std::allocator_traits<std::allocator<_Tp1> >::construct(std::allocator_traits<std::allocator<_Tp1> >::allocator_type&, _Up*, _Args&& ...) [with _Up = std::pair<int, rocksdb::FileMetaData>; _Args = {int&, rocksdb::FileMetaData}; _Tp = std::pair<int, rocksdb::FileMetaData>; std::allocator_traits<std::allocator<_Tp1> >::allocator_type = std::allocator<std::pair<int, rocksdb::FileMetaData> >]’
/usr/include/c++/11/bits/vector.tcc:115:30:   required from ‘void std::vector<_Tp, _Alloc>::emplace_back(_Args&& ...) [with _Args = {int&, rocksdb::FileMetaData}; _Tp = std::pair<int, rocksdb::FileMetaData>; _Alloc = std::allocator<std::pair<int, rocksdb::FileMetaData> >]’
./db/version_edit.h:253:28:   required from here
./db/version_edit.h:86:8: warning: implicitly-declared ‘constexpr rocksdb::FileDescriptor::FileDescriptor(const rocksdb::FileDescriptor&)’ is deprecated [-Wdeprecated-copy]
   86 | struct FileMetaData {
      |        ^~~~~~~~~~~~
./db/version_edit.h:55:19: note: because ‘rocksdb::FileDescriptor’ has user-provided ‘rocksdb::FileDescriptor& rocksdb::FileDescriptor::operator=(const rocksdb::FileDescriptor&)’
   55 |   FileDescriptor& operator=(const FileDescriptor& fd) {
      |                   ^~~~~~~~
In file included from /usr/include/c++/11/bits/stl_algobase.h:64,
                 from /usr/include/c++/11/memory:63,
                 from ./db/dbformat.h:12,
                 from ./table/get_context.h:7,
                 from table/get_context.cc:6:
/usr/include/c++/11/bits/stl_pair.h:353:42: note: synthesized method ‘rocksdb::FileMetaData::FileMetaData(rocksdb::FileMetaData&&)’ first required here
  353 |         : first(std::forward<_U1>(__x)), second(std::forward<_U2>(__y)) { }
      |                                          ^~~~~~~~~~~~~~~~~~~~~~~~~~~~~~
In file included from ./db/range_del_aggregator.h:21,
                 from ./db/merge_helper.h:14,
                 from table/get_context.cc:7:
./db/version_edit.h: In instantiation of ‘constexpr std::pair<_T1, _T2>::pair(_U1&&, const _T2&) [with _U1 = int&; typename std::enable_if<std::_PCC<true, _T1, _T2>::_MoveCopyPair<true, _U1, _T2>(), bool>::type <anonymous> = true; _T1 = int; _T2 = rocksdb::FileMetaData]’:
/usr/include/c++/11/ext/new_allocator.h:162:4:   required from ‘void __gnu_cxx::new_allocator<_Tp>::construct(_Up*, _Args&& ...) [with _Up = std::pair<int, rocksdb::FileMetaData>; _Args = {int&, const rocksdb::FileMetaData&}; _Tp = std::pair<int, rocksdb::FileMetaData>]’
/usr/include/c++/11/bits/alloc_traits.h:516:17:   required from ‘static void std::allocator_traits<std::allocator<_Tp1> >::construct(std::allocator_traits<std::allocator<_Tp1> >::allocator_type&, _Up*, _Args&& ...) [with _Up = std::pair<int, rocksdb::FileMetaData>; _Args = {int&, const rocksdb::FileMetaData&}; _Tp = std::pair<int, rocksdb::FileMetaData>; std::allocator_traits<std::allocator<_Tp1> >::allocator_type = std::allocator<std::pair<int, rocksdb::FileMetaData> >]’
/usr/include/c++/11/bits/vector.tcc:115:30:   required from ‘void std::vector<_Tp, _Alloc>::emplace_back(_Args&& ...) [with _Args = {int&, const rocksdb::FileMetaData&}; _Tp = std::pair<int, rocksdb::FileMetaData>; _Alloc = std::allocator<std::pair<int, rocksdb::FileMetaData> >]’
./db/version_edit.h:258:28:   required from here
./db/version_edit.h:86:8: warning: implicitly-declared ‘constexpr rocksdb::FileDescriptor::FileDescriptor(const rocksdb::FileDescriptor&)’ is deprecated [-Wdeprecated-copy]
   86 | struct FileMetaData {
      |        ^~~~~~~~~~~~
./db/version_edit.h:55:19: note: because ‘rocksdb::FileDescriptor’ has user-provided ‘rocksdb::FileDescriptor& rocksdb::FileDescriptor::operator=(const rocksdb::FileDescriptor&)’
   55 |   FileDescriptor& operator=(const FileDescriptor& fd) {
      |                   ^~~~~~~~
In file included from /usr/include/c++/11/bits/stl_algobase.h:64,
                 from /usr/include/c++/11/memory:63,
                 from ./db/dbformat.h:12,
                 from ./table/get_context.h:7,
                 from table/get_context.cc:6:
/usr/include/c++/11/bits/stl_pair.h:323:41: note: synthesized method ‘rocksdb::FileMetaData::FileMetaData(const rocksdb::FileMetaData&)’ first required here
  323 |        : first(std::forward<_U1>(__x)), second(__y) { }
      |                                         ^~~~~~~~~~~
  CC       table/plain/plain_table_builder.o
  CC       table/plain/plain_table_factory.o
  CC       table/plain/plain_table_index.o
  CC       table/plain/plain_table_key_coding.o
  CC       table/plain/plain_table_reader.o
  CC       table/sst_file_reader.o
  CC       table/sst_file_writer.o
  CC       table/table_properties.o
  CC       table/two_level_iterator.o
  CC       test_util/sync_point.o
  CC       test_util/sync_point_impl.o
In file included from ./db/memtable.h:21,
                 from ./db/memtable_list.h:17,
                 from ./db/column_family.h:17,
                 from ./db/db_impl/db_impl.h:22,
                 from ./db/db_iter.h:13,
                 from table/sst_file_reader.cc:10:
./db/version_edit.h: In constructor ‘rocksdb::FdWithKeyRange::FdWithKeyRange(rocksdb::FileDescriptor, rocksdb::Slice, rocksdb::Slice, rocksdb::FileMetaData*)’:
./db/version_edit.h:175:9: warning: implicitly-declared ‘constexpr rocksdb::FileDescriptor::FileDescriptor(const rocksdb::FileDescriptor&)’ is deprecated [-Wdeprecated-copy]
  175 |       : fd(_fd),
      |         ^~~~~~~
./db/version_edit.h:55:19: note: because ‘rocksdb::FileDescriptor’ has user-provided ‘rocksdb::FileDescriptor& rocksdb::FileDescriptor::operator=(const rocksdb::FileDescriptor&)’
   55 |   FileDescriptor& operator=(const FileDescriptor& fd) {
      |                   ^~~~~~~~
  CC       test_util/transaction_test_util.o
  CC       tools/dump/db_dump_tool.o
  CC       trace_replay/trace_replay.o
  CC       trace_replay/block_cache_tracer.o
  CC       util/bloom.o
  CC       util/build_version.o
  CC       util/coding.o
./db/version_edit.h: In instantiation of ‘constexpr std::pair<_T1, _T2>::pair(_U1&&, _U2&&) [with _U1 = int&; _U2 = rocksdb::FileMetaData; typename std::enable_if<(std::_PCC<true, _T1, _T2>::_MoveConstructiblePair<_U1, _U2>() && std::_PCC<true, _T1, _T2>::_ImplicitlyMoveConvertiblePair<_U1, _U2>()), bool>::type <anonymous> = true; _T1 = int; _T2 = rocksdb::FileMetaData]’:
/usr/include/c++/11/ext/new_allocator.h:162:4:   required from ‘void __gnu_cxx::new_allocator<_Tp>::construct(_Up*, _Args&& ...) [with _Up = std::pair<int, rocksdb::FileMetaData>; _Args = {int&, rocksdb::FileMetaData}; _Tp = std::pair<int, rocksdb::FileMetaData>]’
/usr/include/c++/11/bits/alloc_traits.h:516:17:   required from ‘static void std::allocator_traits<std::allocator<_CharT> >::construct(std::allocator_traits<std::allocator<_CharT> >::allocator_type&, _Up*, _Args&& ...) [with _Up = std::pair<int, rocksdb::FileMetaData>; _Args = {int&, rocksdb::FileMetaData}; _Tp = std::pair<int, rocksdb::FileMetaData>; std::allocator_traits<std::allocator<_CharT> >::allocator_type = std::allocator<std::pair<int, rocksdb::FileMetaData> >]’
/usr/include/c++/11/bits/vector.tcc:115:30:   required from ‘void std::vector<_Tp, _Alloc>::emplace_back(_Args&& ...) [with _Args = {int&, rocksdb::FileMetaData}; _Tp = std::pair<int, rocksdb::FileMetaData>; _Alloc = std::allocator<std::pair<int, rocksdb::FileMetaData> >]’
./db/version_edit.h:253:28:   required from here
./db/version_edit.h:86:8: warning: implicitly-declared ‘constexpr rocksdb::FileDescriptor::FileDescriptor(const rocksdb::FileDescriptor&)’ is deprecated [-Wdeprecated-copy]
   86 | struct FileMetaData {
      |        ^~~~~~~~~~~~
./db/version_edit.h:55:19: note: because ‘rocksdb::FileDescriptor’ has user-provided ‘rocksdb::FileDescriptor& rocksdb::FileDescriptor::operator=(const rocksdb::FileDescriptor&)’
   55 |   FileDescriptor& operator=(const FileDescriptor& fd) {
      |                   ^~~~~~~~
In file included from /usr/include/c++/11/bits/stl_algobase.h:64,
                 from /usr/include/c++/11/bits/char_traits.h:39,
                 from /usr/include/c++/11/string:40,
                 from ./include/rocksdb/iterator.h:21,
                 from ./include/rocksdb/sst_file_reader.h:10,
                 from table/sst_file_reader.cc:8:
/usr/include/c++/11/bits/stl_pair.h:353:42: note: synthesized method ‘rocksdb::FileMetaData::FileMetaData(rocksdb::FileMetaData&&)’ first required here
  353 |         : first(std::forward<_U1>(__x)), second(std::forward<_U2>(__y)) { }
      |                                          ^~~~~~~~~~~~~~~~~~~~~~~~~~~~~~
In file included from ./db/memtable.h:21,
                 from ./db/memtable_list.h:17,
                 from ./db/column_family.h:17,
                 from ./db/db_impl/db_impl.h:22,
                 from ./db/db_iter.h:13,
                 from table/sst_file_reader.cc:10:
./db/version_edit.h: In instantiation of ‘constexpr std::pair<_T1, _T2>::pair(_U1&&, const _T2&) [with _U1 = int&; typename std::enable_if<std::_PCC<true, _T1, _T2>::_MoveCopyPair<true, _U1, _T2>(), bool>::type <anonymous> = true; _T1 = int; _T2 = rocksdb::FileMetaData]’:
/usr/include/c++/11/ext/new_allocator.h:162:4:   required from ‘void __gnu_cxx::new_allocator<_Tp>::construct(_Up*, _Args&& ...) [with _Up = std::pair<int, rocksdb::FileMetaData>; _Args = {int&, const rocksdb::FileMetaData&}; _Tp = std::pair<int, rocksdb::FileMetaData>]’
/usr/include/c++/11/bits/alloc_traits.h:516:17:   required from ‘static void std::allocator_traits<std::allocator<_CharT> >::construct(std::allocator_traits<std::allocator<_CharT> >::allocator_type&, _Up*, _Args&& ...) [with _Up = std::pair<int, rocksdb::FileMetaData>; _Args = {int&, const rocksdb::FileMetaData&}; _Tp = std::pair<int, rocksdb::FileMetaData>; std::allocator_traits<std::allocator<_CharT> >::allocator_type = std::allocator<std::pair<int, rocksdb::FileMetaData> >]’
/usr/include/c++/11/bits/vector.tcc:115:30:   required from ‘void std::vector<_Tp, _Alloc>::emplace_back(_Args&& ...) [with _Args = {int&, const rocksdb::FileMetaData&}; _Tp = std::pair<int, rocksdb::FileMetaData>; _Alloc = std::allocator<std::pair<int, rocksdb::FileMetaData> >]’
./db/version_edit.h:258:28:   required from here
./db/version_edit.h:86:8: warning: implicitly-declared ‘constexpr rocksdb::FileDescriptor::FileDescriptor(const rocksdb::FileDescriptor&)’ is deprecated [-Wdeprecated-copy]
   86 | struct FileMetaData {
      |        ^~~~~~~~~~~~
./db/version_edit.h:55:19: note: because ‘rocksdb::FileDescriptor’ has user-provided ‘rocksdb::FileDescriptor& rocksdb::FileDescriptor::operator=(const rocksdb::FileDescriptor&)’
   55 |   FileDescriptor& operator=(const FileDescriptor& fd) {
      |                   ^~~~~~~~
In file included from /usr/include/c++/11/bits/stl_algobase.h:64,
                 from /usr/include/c++/11/bits/char_traits.h:39,
                 from /usr/include/c++/11/string:40,
                 from ./include/rocksdb/iterator.h:21,
                 from ./include/rocksdb/sst_file_reader.h:10,
                 from table/sst_file_reader.cc:8:
/usr/include/c++/11/bits/stl_pair.h:323:41: note: synthesized method ‘rocksdb::FileMetaData::FileMetaData(const rocksdb::FileMetaData&)’ first required here
  323 |        : first(std::forward<_U1>(__x)), second(__y) { }
      |                                         ^~~~~~~~~~~
In file included from ./db/memtable.h:21,
                 from ./db/memtable_list.h:17,
                 from ./db/column_family.h:17,
                 from ./db/db_impl/db_impl.h:22,
                 from trace_replay/trace_replay.cc:11:
./db/version_edit.h: In constructor ‘rocksdb::FdWithKeyRange::FdWithKeyRange(rocksdb::FileDescriptor, rocksdb::Slice, rocksdb::Slice, rocksdb::FileMetaData*)’:
./db/version_edit.h:175:9: warning: implicitly-declared ‘constexpr rocksdb::FileDescriptor::FileDescriptor(const rocksdb::FileDescriptor&)’ is deprecated [-Wdeprecated-copy]
  175 |       : fd(_fd),
      |         ^~~~~~~
./db/version_edit.h:55:19: note: because ‘rocksdb::FileDescriptor’ has user-provided ‘rocksdb::FileDescriptor& rocksdb::FileDescriptor::operator=(const rocksdb::FileDescriptor&)’
   55 |   FileDescriptor& operator=(const FileDescriptor& fd) {
      |                   ^~~~~~~~
  CC       util/compaction_job_stats_impl.o
  CC       util/comparator.o
  CC       util/compression_context_cache.o
  CC       util/concurrent_task_limiter_impl.o
In file included from ./db/memtable.h:21,
                 from ./db/memtable_list.h:17,
                 from ./db/column_family.h:17,
                 from ./db/db_impl/db_impl.h:22,
                 from trace_replay/block_cache_tracer.cc:8:
./db/version_edit.h: In constructor ‘rocksdb::FdWithKeyRange::FdWithKeyRange(rocksdb::FileDescriptor, rocksdb::Slice, rocksdb::Slice, rocksdb::FileMetaData*)’:
./db/version_edit.h:175:9: warning: implicitly-declared ‘constexpr rocksdb::FileDescriptor::FileDescriptor(const rocksdb::FileDescriptor&)’ is deprecated [-Wdeprecated-copy]
  175 |       : fd(_fd),
      |         ^~~~~~~
./db/version_edit.h:55:19: note: because ‘rocksdb::FileDescriptor’ has user-provided ‘rocksdb::FileDescriptor& rocksdb::FileDescriptor::operator=(const rocksdb::FileDescriptor&)’
   55 |   FileDescriptor& operator=(const FileDescriptor& fd) {
      |                   ^~~~~~~~
  CC       util/crc32c.o
  CC       util/dynamic_bloom.o
  CC       util/file_reader_writer.o
  CC       util/filter_policy.o
  CC       util/hash.o
  CC       util/murmurhash.o
  CC       util/random.o
  CC       util/rate_limiter.o
  CC       util/slice.o
  CC       util/status.o
  CC       util/string_util.o
./db/version_edit.h: In instantiation of ‘constexpr std::pair<_T1, _T2>::pair(_U1&&, _U2&&) [with _U1 = int&; _U2 = rocksdb::FileMetaData; typename std::enable_if<(std::_PCC<true, _T1, _T2>::_MoveConstructiblePair<_U1, _U2>() && std::_PCC<true, _T1, _T2>::_ImplicitlyMoveConvertiblePair<_U1, _U2>()), bool>::type <anonymous> = true; _T1 = int; _T2 = rocksdb::FileMetaData]’:
/usr/include/c++/11/ext/new_allocator.h:162:4:   required from ‘void __gnu_cxx::new_allocator<_Tp>::construct(_Up*, _Args&& ...) [with _Up = std::pair<int, rocksdb::FileMetaData>; _Args = {int&, rocksdb::FileMetaData}; _Tp = std::pair<int, rocksdb::FileMetaData>]’
/usr/include/c++/11/bits/alloc_traits.h:516:17:   required from ‘static void std::allocator_traits<std::allocator<_Tp1> >::construct(std::allocator_traits<std::allocator<_Tp1> >::allocator_type&, _Up*, _Args&& ...) [with _Up = std::pair<int, rocksdb::FileMetaData>; _Args = {int&, rocksdb::FileMetaData}; _Tp = std::pair<int, rocksdb::FileMetaData>; std::allocator_traits<std::allocator<_Tp1> >::allocator_type = std::allocator<std::pair<int, rocksdb::FileMetaData> >]’
/usr/include/c++/11/bits/vector.tcc:115:30:   required from ‘void std::vector<_Tp, _Alloc>::emplace_back(_Args&& ...) [with _Args = {int&, rocksdb::FileMetaData}; _Tp = std::pair<int, rocksdb::FileMetaData>; _Alloc = std::allocator<std::pair<int, rocksdb::FileMetaData> >]’
./db/version_edit.h:253:28:   required from here
./db/version_edit.h:86:8: warning: implicitly-declared ‘constexpr rocksdb::FileDescriptor::FileDescriptor(const rocksdb::FileDescriptor&)’ is deprecated [-Wdeprecated-copy]
   86 | struct FileMetaData {
      |        ^~~~~~~~~~~~
./db/version_edit.h:55:19: note: because ‘rocksdb::FileDescriptor’ has user-provided ‘rocksdb::FileDescriptor& rocksdb::FileDescriptor::operator=(const rocksdb::FileDescriptor&)’
   55 |   FileDescriptor& operator=(const FileDescriptor& fd) {
      |                   ^~~~~~~~
In file included from /usr/include/c++/11/bits/stl_algobase.h:64,
                 from /usr/include/c++/11/memory:63,
                 from ./trace_replay/trace_replay.h:8,
                 from trace_replay/trace_replay.cc:6:
/usr/include/c++/11/bits/stl_pair.h:353:42: note: synthesized method ‘rocksdb::FileMetaData::FileMetaData(rocksdb::FileMetaData&&)’ first required here
  353 |         : first(std::forward<_U1>(__x)), second(std::forward<_U2>(__y)) { }
      |                                          ^~~~~~~~~~~~~~~~~~~~~~~~~~~~~~
In file included from ./db/memtable.h:21,
                 from ./db/memtable_list.h:17,
                 from ./db/column_family.h:17,
                 from ./db/db_impl/db_impl.h:22,
                 from trace_replay/trace_replay.cc:11:
./db/version_edit.h: In instantiation of ‘constexpr std::pair<_T1, _T2>::pair(_U1&&, const _T2&) [with _U1 = int&; typename std::enable_if<std::_PCC<true, _T1, _T2>::_MoveCopyPair<true, _U1, _T2>(), bool>::type <anonymous> = true; _T1 = int; _T2 = rocksdb::FileMetaData]’:
/usr/include/c++/11/ext/new_allocator.h:162:4:   required from ‘void __gnu_cxx::new_allocator<_Tp>::construct(_Up*, _Args&& ...) [with _Up = std::pair<int, rocksdb::FileMetaData>; _Args = {int&, const rocksdb::FileMetaData&}; _Tp = std::pair<int, rocksdb::FileMetaData>]’
/usr/include/c++/11/bits/alloc_traits.h:516:17:   required from ‘static void std::allocator_traits<std::allocator<_Tp1> >::construct(std::allocator_traits<std::allocator<_Tp1> >::allocator_type&, _Up*, _Args&& ...) [with _Up = std::pair<int, rocksdb::FileMetaData>; _Args = {int&, const rocksdb::FileMetaData&}; _Tp = std::pair<int, rocksdb::FileMetaData>; std::allocator_traits<std::allocator<_Tp1> >::allocator_type = std::allocator<std::pair<int, rocksdb::FileMetaData> >]’
/usr/include/c++/11/bits/vector.tcc:115:30:   required from ‘void std::vector<_Tp, _Alloc>::emplace_back(_Args&& ...) [with _Args = {int&, const rocksdb::FileMetaData&}; _Tp = std::pair<int, rocksdb::FileMetaData>; _Alloc = std::allocator<std::pair<int, rocksdb::FileMetaData> >]’
./db/version_edit.h:258:28:   required from here
./db/version_edit.h:86:8: warning: implicitly-declared ‘constexpr rocksdb::FileDescriptor::FileDescriptor(const rocksdb::FileDescriptor&)’ is deprecated [-Wdeprecated-copy]
   86 | struct FileMetaData {
      |        ^~~~~~~~~~~~
./db/version_edit.h:55:19: note: because ‘rocksdb::FileDescriptor’ has user-provided ‘rocksdb::FileDescriptor& rocksdb::FileDescriptor::operator=(const rocksdb::FileDescriptor&)’
   55 |   FileDescriptor& operator=(const FileDescriptor& fd) {
      |                   ^~~~~~~~
In file included from /usr/include/c++/11/bits/stl_algobase.h:64,
                 from /usr/include/c++/11/memory:63,
                 from ./trace_replay/trace_replay.h:8,
                 from trace_replay/trace_replay.cc:6:
/usr/include/c++/11/bits/stl_pair.h:323:41: note: synthesized method ‘rocksdb::FileMetaData::FileMetaData(const rocksdb::FileMetaData&)’ first required here
  323 |        : first(std::forward<_U1>(__x)), second(__y) { }
      |                                         ^~~~~~~~~~~
  CC       util/thread_local.o
./db/version_edit.h: In instantiation of ‘constexpr std::pair<_T1, _T2>::pair(_U1&&, _U2&&) [with _U1 = int&; _U2 = rocksdb::FileMetaData; typename std::enable_if<(std::_PCC<true, _T1, _T2>::_MoveConstructiblePair<_U1, _U2>() && std::_PCC<true, _T1, _T2>::_ImplicitlyMoveConvertiblePair<_U1, _U2>()), bool>::type <anonymous> = true; _T1 = int; _T2 = rocksdb::FileMetaData]’:
/usr/include/c++/11/ext/new_allocator.h:162:4:   required from ‘void __gnu_cxx::new_allocator<_Tp>::construct(_Up*, _Args&& ...) [with _Up = std::pair<int, rocksdb::FileMetaData>; _Args = {int&, rocksdb::FileMetaData}; _Tp = std::pair<int, rocksdb::FileMetaData>]’
/usr/include/c++/11/bits/alloc_traits.h:516:17:   required from ‘static void std::allocator_traits<std::allocator<_Tp1> >::construct(std::allocator_traits<std::allocator<_Tp1> >::allocator_type&, _Up*, _Args&& ...) [with _Up = std::pair<int, rocksdb::FileMetaData>; _Args = {int&, rocksdb::FileMetaData}; _Tp = std::pair<int, rocksdb::FileMetaData>; std::allocator_traits<std::allocator<_Tp1> >::allocator_type = std::allocator<std::pair<int, rocksdb::FileMetaData> >]’
/usr/include/c++/11/bits/vector.tcc:115:30:   required from ‘void std::vector<_Tp, _Alloc>::emplace_back(_Args&& ...) [with _Args = {int&, rocksdb::FileMetaData}; _Tp = std::pair<int, rocksdb::FileMetaData>; _Alloc = std::allocator<std::pair<int, rocksdb::FileMetaData> >]’
./db/version_edit.h:253:28:   required from here
./db/version_edit.h:86:8: warning: implicitly-declared ‘constexpr rocksdb::FileDescriptor::FileDescriptor(const rocksdb::FileDescriptor&)’ is deprecated [-Wdeprecated-copy]
   86 | struct FileMetaData {
      |        ^~~~~~~~~~~~
./db/version_edit.h:55:19: note: because ‘rocksdb::FileDescriptor’ has user-provided ‘rocksdb::FileDescriptor& rocksdb::FileDescriptor::operator=(const rocksdb::FileDescriptor&)’
   55 |   FileDescriptor& operator=(const FileDescriptor& fd) {
      |                   ^~~~~~~~
In file included from /usr/include/c++/11/bits/stl_algobase.h:64,
                 from /usr/include/c++/11/bits/stl_tree.h:63,
                 from /usr/include/c++/11/map:60,
                 from ./include/rocksdb/statistics.h:11,
                 from ./monitoring/statistics.h:7,
                 from ./monitoring/instrumented_mutex.h:8,
                 from ./trace_replay/block_cache_tracer.h:10,
                 from trace_replay/block_cache_tracer.cc:6:
/usr/include/c++/11/bits/stl_pair.h:353:42: note: synthesized method ‘rocksdb::FileMetaData::FileMetaData(rocksdb::FileMetaData&&)’ first required here
  353 |         : first(std::forward<_U1>(__x)), second(std::forward<_U2>(__y)) { }
      |                                          ^~~~~~~~~~~~~~~~~~~~~~~~~~~~~~
In file included from ./db/memtable.h:21,
                 from ./db/memtable_list.h:17,
                 from ./db/column_family.h:17,
                 from ./db/db_impl/db_impl.h:22,
                 from trace_replay/block_cache_tracer.cc:8:
./db/version_edit.h: In instantiation of ‘constexpr std::pair<_T1, _T2>::pair(_U1&&, const _T2&) [with _U1 = int&; typename std::enable_if<std::_PCC<true, _T1, _T2>::_MoveCopyPair<true, _U1, _T2>(), bool>::type <anonymous> = true; _T1 = int; _T2 = rocksdb::FileMetaData]’:
/usr/include/c++/11/ext/new_allocator.h:162:4:   required from ‘void __gnu_cxx::new_allocator<_Tp>::construct(_Up*, _Args&& ...) [with _Up = std::pair<int, rocksdb::FileMetaData>; _Args = {int&, const rocksdb::FileMetaData&}; _Tp = std::pair<int, rocksdb::FileMetaData>]’
/usr/include/c++/11/bits/alloc_traits.h:516:17:   required from ‘static void std::allocator_traits<std::allocator<_Tp1> >::construct(std::allocator_traits<std::allocator<_Tp1> >::allocator_type&, _Up*, _Args&& ...) [with _Up = std::pair<int, rocksdb::FileMetaData>; _Args = {int&, const rocksdb::FileMetaData&}; _Tp = std::pair<int, rocksdb::FileMetaData>; std::allocator_traits<std::allocator<_Tp1> >::allocator_type = std::allocator<std::pair<int, rocksdb::FileMetaData> >]’
/usr/include/c++/11/bits/vector.tcc:115:30:   required from ‘void std::vector<_Tp, _Alloc>::emplace_back(_Args&& ...) [with _Args = {int&, const rocksdb::FileMetaData&}; _Tp = std::pair<int, rocksdb::FileMetaData>; _Alloc = std::allocator<std::pair<int, rocksdb::FileMetaData> >]’
./db/version_edit.h:258:28:   required from here
./db/version_edit.h:86:8: warning: implicitly-declared ‘constexpr rocksdb::FileDescriptor::FileDescriptor(const rocksdb::FileDescriptor&)’ is deprecated [-Wdeprecated-copy]
   86 | struct FileMetaData {
      |        ^~~~~~~~~~~~
./db/version_edit.h:55:19: note: because ‘rocksdb::FileDescriptor’ has user-provided ‘rocksdb::FileDescriptor& rocksdb::FileDescriptor::operator=(const rocksdb::FileDescriptor&)’
   55 |   FileDescriptor& operator=(const FileDescriptor& fd) {
      |                   ^~~~~~~~
In file included from /usr/include/c++/11/bits/stl_algobase.h:64,
                 from /usr/include/c++/11/bits/stl_tree.h:63,
                 from /usr/include/c++/11/map:60,
                 from ./include/rocksdb/statistics.h:11,
                 from ./monitoring/statistics.h:7,
                 from ./monitoring/instrumented_mutex.h:8,
                 from ./trace_replay/block_cache_tracer.h:10,
                 from trace_replay/block_cache_tracer.cc:6:
/usr/include/c++/11/bits/stl_pair.h:323:41: note: synthesized method ‘rocksdb::FileMetaData::FileMetaData(const rocksdb::FileMetaData&)’ first required here
  323 |        : first(std::forward<_U1>(__x)), second(__y) { }
      |                                         ^~~~~~~~~~~
  CC       util/threadpool_imp.o
  CC       util/xxhash.o
  CC       utilities/backupable/backupable_db.o
  CC       utilities/blob_db/blob_compaction_filter.o
  CC       utilities/blob_db/blob_db.o
  CC       utilities/blob_db/blob_db_impl.o
  CC       utilities/blob_db/blob_db_impl_filesnapshot.o
  CC       utilities/blob_db/blob_file.o
  CC       utilities/blob_db/blob_log_format.o
In file included from ./db/memtable.h:21,
                 from ./db/memtable_list.h:17,
                 from ./db/column_family.h:17,
                 from ./db/db_impl/db_impl.h:22,
                 from ./db/db_iter.h:13,
                 from ./utilities/blob_db/blob_db_impl.h:22,
                 from ./utilities/blob_db/blob_compaction_filter.h:13,
                 from utilities/blob_db/blob_compaction_filter.cc:8:
./db/version_edit.h: In constructor ‘rocksdb::FdWithKeyRange::FdWithKeyRange(rocksdb::FileDescriptor, rocksdb::Slice, rocksdb::Slice, rocksdb::FileMetaData*)’:
./db/version_edit.h:175:9: warning: implicitly-declared ‘constexpr rocksdb::FileDescriptor::FileDescriptor(const rocksdb::FileDescriptor&)’ is deprecated [-Wdeprecated-copy]
  175 |       : fd(_fd),
      |         ^~~~~~~
./db/version_edit.h:55:19: note: because ‘rocksdb::FileDescriptor’ has user-provided ‘rocksdb::FileDescriptor& rocksdb::FileDescriptor::operator=(const rocksdb::FileDescriptor&)’
   55 |   FileDescriptor& operator=(const FileDescriptor& fd) {
      |                   ^~~~~~~~
  CC       utilities/blob_db/blob_log_reader.o
  CC       utilities/blob_db/blob_log_writer.o
In file included from ./db/memtable.h:21,
                 from ./db/memtable_list.h:17,
                 from ./db/column_family.h:17,
                 from ./db/db_impl/db_impl.h:22,
                 from ./db/db_iter.h:13,
                 from ./utilities/blob_db/blob_db_impl.h:22,
                 from utilities/blob_db/blob_db.cc:11:
./db/version_edit.h: In constructor ‘rocksdb::FdWithKeyRange::FdWithKeyRange(rocksdb::FileDescriptor, rocksdb::Slice, rocksdb::Slice, rocksdb::FileMetaData*)’:
./db/version_edit.h:175:9: warning: implicitly-declared ‘constexpr rocksdb::FileDescriptor::FileDescriptor(const rocksdb::FileDescriptor&)’ is deprecated [-Wdeprecated-copy]
  175 |       : fd(_fd),
      |         ^~~~~~~
./db/version_edit.h:55:19: note: because ‘rocksdb::FileDescriptor’ has user-provided ‘rocksdb::FileDescriptor& rocksdb::FileDescriptor::operator=(const rocksdb::FileDescriptor&)’
   55 |   FileDescriptor& operator=(const FileDescriptor& fd) {
      |                   ^~~~~~~~
In file included from ./db/memtable.h:21,
                 from ./db/memtable_list.h:17,
                 from ./db/column_family.h:17,
                 from ./db/db_impl/db_impl.h:22,
                 from ./db/db_iter.h:13,
                 from ./utilities/blob_db/blob_db_impl.h:22,
                 from utilities/blob_db/blob_db_impl.cc:8:
./db/version_edit.h: In constructor ‘rocksdb::FdWithKeyRange::FdWithKeyRange(rocksdb::FileDescriptor, rocksdb::Slice, rocksdb::Slice, rocksdb::FileMetaData*)’:
./db/version_edit.h:175:9: warning: implicitly-declared ‘constexpr rocksdb::FileDescriptor::FileDescriptor(const rocksdb::FileDescriptor&)’ is deprecated [-Wdeprecated-copy]
  175 |       : fd(_fd),
      |         ^~~~~~~
./db/version_edit.h:55:19: note: because ‘rocksdb::FileDescriptor’ has user-provided ‘rocksdb::FileDescriptor& rocksdb::FileDescriptor::operator=(const rocksdb::FileDescriptor&)’
   55 |   FileDescriptor& operator=(const FileDescriptor& fd) {
      |                   ^~~~~~~~
In file included from ./db/memtable.h:21,
                 from ./db/memtable_list.h:17,
                 from ./db/column_family.h:17,
                 from ./db/db_impl/db_impl.h:22,
                 from ./db/db_iter.h:13,
                 from ./utilities/blob_db/blob_db_impl.h:22,
                 from utilities/blob_db/blob_db_impl_filesnapshot.cc:8:
./db/version_edit.h: In constructor ‘rocksdb::FdWithKeyRange::FdWithKeyRange(rocksdb::FileDescriptor, rocksdb::Slice, rocksdb::Slice, rocksdb::FileMetaData*)’:
./db/version_edit.h:175:9: warning: implicitly-declared ‘constexpr rocksdb::FileDescriptor::FileDescriptor(const rocksdb::FileDescriptor&)’ is deprecated [-Wdeprecated-copy]
  175 |       : fd(_fd),
      |         ^~~~~~~
./db/version_edit.h:55:19: note: because ‘rocksdb::FileDescriptor’ has user-provided ‘rocksdb::FileDescriptor& rocksdb::FileDescriptor::operator=(const rocksdb::FileDescriptor&)’
   55 |   FileDescriptor& operator=(const FileDescriptor& fd) {
      |                   ^~~~~~~~
In file included from ./db/memtable.h:21,
                 from ./db/memtable_list.h:17,
                 from ./db/column_family.h:17,
                 from utilities/blob_db/blob_file.cc:16:
./db/version_edit.h: In constructor ‘rocksdb::FdWithKeyRange::FdWithKeyRange(rocksdb::FileDescriptor, rocksdb::Slice, rocksdb::Slice, rocksdb::FileMetaData*)’:
./db/version_edit.h:175:9: warning: implicitly-declared ‘constexpr rocksdb::FileDescriptor::FileDescriptor(const rocksdb::FileDescriptor&)’ is deprecated [-Wdeprecated-copy]
  175 |       : fd(_fd),
      |         ^~~~~~~
./db/version_edit.h:55:19: note: because ‘rocksdb::FileDescriptor’ has user-provided ‘rocksdb::FileDescriptor& rocksdb::FileDescriptor::operator=(const rocksdb::FileDescriptor&)’
   55 |   FileDescriptor& operator=(const FileDescriptor& fd) {
      |                   ^~~~~~~~
  CC       utilities/cassandra/cassandra_compaction_filter.o
  CC       utilities/cassandra/format.o
./db/version_edit.h: In instantiation of ‘constexpr std::pair<_T1, _T2>::pair(_U1&&, _U2&&) [with _U1 = int&; _U2 = rocksdb::FileMetaData; typename std::enable_if<(std::_PCC<true, _T1, _T2>::_MoveConstructiblePair<_U1, _U2>() && std::_PCC<true, _T1, _T2>::_ImplicitlyMoveConvertiblePair<_U1, _U2>()), bool>::type <anonymous> = true; _T1 = int; _T2 = rocksdb::FileMetaData]’:
/usr/include/c++/11/ext/new_allocator.h:162:4:   required from ‘void __gnu_cxx::new_allocator<_Tp>::construct(_Up*, _Args&& ...) [with _Up = std::pair<int, rocksdb::FileMetaData>; _Args = {int&, rocksdb::FileMetaData}; _Tp = std::pair<int, rocksdb::FileMetaData>]’
/usr/include/c++/11/bits/alloc_traits.h:516:17:   required from ‘static void std::allocator_traits<std::allocator<_Tp1> >::construct(std::allocator_traits<std::allocator<_Tp1> >::allocator_type&, _Up*, _Args&& ...) [with _Up = std::pair<int, rocksdb::FileMetaData>; _Args = {int&, rocksdb::FileMetaData}; _Tp = std::pair<int, rocksdb::FileMetaData>; std::allocator_traits<std::allocator<_Tp1> >::allocator_type = std::allocator<std::pair<int, rocksdb::FileMetaData> >]’
/usr/include/c++/11/bits/vector.tcc:115:30:   required from ‘void std::vector<_Tp, _Alloc>::emplace_back(_Args&& ...) [with _Args = {int&, rocksdb::FileMetaData}; _Tp = std::pair<int, rocksdb::FileMetaData>; _Alloc = std::allocator<std::pair<int, rocksdb::FileMetaData> >]’
./db/version_edit.h:253:28:   required from here
./db/version_edit.h:86:8: warning: implicitly-declared ‘constexpr rocksdb::FileDescriptor::FileDescriptor(const rocksdb::FileDescriptor&)’ is deprecated [-Wdeprecated-copy]
   86 | struct FileMetaData {
      |        ^~~~~~~~~~~~
./db/version_edit.h:55:19: note: because ‘rocksdb::FileDescriptor’ has user-provided ‘rocksdb::FileDescriptor& rocksdb::FileDescriptor::operator=(const rocksdb::FileDescriptor&)’
   55 |   FileDescriptor& operator=(const FileDescriptor& fd) {
      |                   ^~~~~~~~
In file included from /usr/include/c++/11/unordered_set:43,
                 from ./utilities/blob_db/blob_compaction_filter.h:8,
                 from utilities/blob_db/blob_compaction_filter.cc:8:
/usr/include/c++/11/bits/stl_pair.h:353:42: note: synthesized method ‘rocksdb::FileMetaData::FileMetaData(rocksdb::FileMetaData&&)’ first required here
  353 |         : first(std::forward<_U1>(__x)), second(std::forward<_U2>(__y)) { }
      |                                          ^~~~~~~~~~~~~~~~~~~~~~~~~~~~~~
In file included from ./db/memtable.h:21,
                 from ./db/memtable_list.h:17,
                 from ./db/column_family.h:17,
                 from ./db/db_impl/db_impl.h:22,
                 from ./db/db_iter.h:13,
                 from ./utilities/blob_db/blob_db_impl.h:22,
                 from ./utilities/blob_db/blob_compaction_filter.h:13,
                 from utilities/blob_db/blob_compaction_filter.cc:8:
./db/version_edit.h: In instantiation of ‘constexpr std::pair<_T1, _T2>::pair(_U1&&, const _T2&) [with _U1 = int&; typename std::enable_if<std::_PCC<true, _T1, _T2>::_MoveCopyPair<true, _U1, _T2>(), bool>::type <anonymous> = true; _T1 = int; _T2 = rocksdb::FileMetaData]’:
/usr/include/c++/11/ext/new_allocator.h:162:4:   required from ‘void __gnu_cxx::new_allocator<_Tp>::construct(_Up*, _Args&& ...) [with _Up = std::pair<int, rocksdb::FileMetaData>; _Args = {int&, const rocksdb::FileMetaData&}; _Tp = std::pair<int, rocksdb::FileMetaData>]’
/usr/include/c++/11/bits/alloc_traits.h:516:17:   required from ‘static void std::allocator_traits<std::allocator<_Tp1> >::construct(std::allocator_traits<std::allocator<_Tp1> >::allocator_type&, _Up*, _Args&& ...) [with _Up = std::pair<int, rocksdb::FileMetaData>; _Args = {int&, const rocksdb::FileMetaData&}; _Tp = std::pair<int, rocksdb::FileMetaData>; std::allocator_traits<std::allocator<_Tp1> >::allocator_type = std::allocator<std::pair<int, rocksdb::FileMetaData> >]’
/usr/include/c++/11/bits/vector.tcc:115:30:   required from ‘void std::vector<_Tp, _Alloc>::emplace_back(_Args&& ...) [with _Args = {int&, const rocksdb::FileMetaData&}; _Tp = std::pair<int, rocksdb::FileMetaData>; _Alloc = std::allocator<std::pair<int, rocksdb::FileMetaData> >]’
./db/version_edit.h:258:28:   required from here
./db/version_edit.h:86:8: warning: implicitly-declared ‘constexpr rocksdb::FileDescriptor::FileDescriptor(const rocksdb::FileDescriptor&)’ is deprecated [-Wdeprecated-copy]
   86 | struct FileMetaData {
      |        ^~~~~~~~~~~~
./db/version_edit.h:55:19: note: because ‘rocksdb::FileDescriptor’ has user-provided ‘rocksdb::FileDescriptor& rocksdb::FileDescriptor::operator=(const rocksdb::FileDescriptor&)’
   55 |   FileDescriptor& operator=(const FileDescriptor& fd) {
      |                   ^~~~~~~~
In file included from /usr/include/c++/11/unordered_set:43,
                 from ./utilities/blob_db/blob_compaction_filter.h:8,
                 from utilities/blob_db/blob_compaction_filter.cc:8:
/usr/include/c++/11/bits/stl_pair.h:323:41: note: synthesized method ‘rocksdb::FileMetaData::FileMetaData(const rocksdb::FileMetaData&)’ first required here
  323 |        : first(std::forward<_U1>(__x)), second(__y) { }
      |                                         ^~~~~~~~~~~
./db/version_edit.h: In instantiation of ‘constexpr std::pair<_T1, _T2>::pair(_U1&&, _U2&&) [with _U1 = int&; _U2 = rocksdb::FileMetaData; typename std::enable_if<(std::_PCC<true, _T1, _T2>::_MoveConstructiblePair<_U1, _U2>() && std::_PCC<true, _T1, _T2>::_ImplicitlyMoveConvertiblePair<_U1, _U2>()), bool>::type <anonymous> = true; _T1 = int; _T2 = rocksdb::FileMetaData]’:
/usr/include/c++/11/ext/new_allocator.h:162:4:   required from ‘void __gnu_cxx::new_allocator<_Tp>::construct(_Up*, _Args&& ...) [with _Up = std::pair<int, rocksdb::FileMetaData>; _Args = {int&, rocksdb::FileMetaData}; _Tp = std::pair<int, rocksdb::FileMetaData>]’
/usr/include/c++/11/bits/alloc_traits.h:516:17:   required from ‘static void std::allocator_traits<std::allocator<_CharT> >::construct(std::allocator_traits<std::allocator<_CharT> >::allocator_type&, _Up*, _Args&& ...) [with _Up = std::pair<int, rocksdb::FileMetaData>; _Args = {int&, rocksdb::FileMetaData}; _Tp = std::pair<int, rocksdb::FileMetaData>; std::allocator_traits<std::allocator<_CharT> >::allocator_type = std::allocator<std::pair<int, rocksdb::FileMetaData> >]’
/usr/include/c++/11/bits/vector.tcc:115:30:   required from ‘void std::vector<_Tp, _Alloc>::emplace_back(_Args&& ...) [with _Args = {int&, rocksdb::FileMetaData}; _Tp = std::pair<int, rocksdb::FileMetaData>; _Alloc = std::allocator<std::pair<int, rocksdb::FileMetaData> >]’
./db/version_edit.h:253:28:   required from here
./db/version_edit.h:86:8: warning: implicitly-declared ‘constexpr rocksdb::FileDescriptor::FileDescriptor(const rocksdb::FileDescriptor&)’ is deprecated [-Wdeprecated-copy]
   86 | struct FileMetaData {
      |        ^~~~~~~~~~~~
./db/version_edit.h:55:19: note: because ‘rocksdb::FileDescriptor’ has user-provided ‘rocksdb::FileDescriptor& rocksdb::FileDescriptor::operator=(const rocksdb::FileDescriptor&)’
   55 |   FileDescriptor& operator=(const FileDescriptor& fd) {
      |                   ^~~~~~~~
In file included from /usr/include/c++/11/utility:70,
                 from /usr/include/c++/11/tuple:38,
                 from /usr/include/c++/11/functional:54,
                 from ./utilities/blob_db/blob_db.h:10,
                 from utilities/blob_db/blob_db.cc:8:
/usr/include/c++/11/bits/stl_pair.h:353:42: note: synthesized method ‘rocksdb::FileMetaData::FileMetaData(rocksdb::FileMetaData&&)’ first required here
  353 |         : first(std::forward<_U1>(__x)), second(std::forward<_U2>(__y)) { }
      |                                          ^~~~~~~~~~~~~~~~~~~~~~~~~~~~~~
In file included from ./db/memtable.h:21,
                 from ./db/memtable_list.h:17,
                 from ./db/column_family.h:17,
                 from ./db/db_impl/db_impl.h:22,
                 from ./db/db_iter.h:13,
                 from ./utilities/blob_db/blob_db_impl.h:22,
                 from utilities/blob_db/blob_db.cc:11:
./db/version_edit.h: In instantiation of ‘constexpr std::pair<_T1, _T2>::pair(_U1&&, const _T2&) [with _U1 = int&; typename std::enable_if<std::_PCC<true, _T1, _T2>::_MoveCopyPair<true, _U1, _T2>(), bool>::type <anonymous> = true; _T1 = int; _T2 = rocksdb::FileMetaData]’:
/usr/include/c++/11/ext/new_allocator.h:162:4:   required from ‘void __gnu_cxx::new_allocator<_Tp>::construct(_Up*, _Args&& ...) [with _Up = std::pair<int, rocksdb::FileMetaData>; _Args = {int&, const rocksdb::FileMetaData&}; _Tp = std::pair<int, rocksdb::FileMetaData>]’
/usr/include/c++/11/bits/alloc_traits.h:516:17:   required from ‘static void std::allocator_traits<std::allocator<_CharT> >::construct(std::allocator_traits<std::allocator<_CharT> >::allocator_type&, _Up*, _Args&& ...) [with _Up = std::pair<int, rocksdb::FileMetaData>; _Args = {int&, const rocksdb::FileMetaData&}; _Tp = std::pair<int, rocksdb::FileMetaData>; std::allocator_traits<std::allocator<_CharT> >::allocator_type = std::allocator<std::pair<int, rocksdb::FileMetaData> >]’
/usr/include/c++/11/bits/vector.tcc:115:30:   required from ‘void std::vector<_Tp, _Alloc>::emplace_back(_Args&& ...) [with _Args = {int&, const rocksdb::FileMetaData&}; _Tp = std::pair<int, rocksdb::FileMetaData>; _Alloc = std::allocator<std::pair<int, rocksdb::FileMetaData> >]’
./db/version_edit.h:258:28:   required from here
./db/version_edit.h:86:8: warning: implicitly-declared ‘constexpr rocksdb::FileDescriptor::FileDescriptor(const rocksdb::FileDescriptor&)’ is deprecated [-Wdeprecated-copy]
   86 | struct FileMetaData {
      |        ^~~~~~~~~~~~
./db/version_edit.h:55:19: note: because ‘rocksdb::FileDescriptor’ has user-provided ‘rocksdb::FileDescriptor& rocksdb::FileDescriptor::operator=(const rocksdb::FileDescriptor&)’
   55 |   FileDescriptor& operator=(const FileDescriptor& fd) {
      |                   ^~~~~~~~
In file included from /usr/include/c++/11/utility:70,
                 from /usr/include/c++/11/tuple:38,
                 from /usr/include/c++/11/functional:54,
                 from ./utilities/blob_db/blob_db.h:10,
                 from utilities/blob_db/blob_db.cc:8:
/usr/include/c++/11/bits/stl_pair.h:323:41: note: synthesized method ‘rocksdb::FileMetaData::FileMetaData(const rocksdb::FileMetaData&)’ first required here
  323 |        : first(std::forward<_U1>(__x)), second(__y) { }
      |                                         ^~~~~~~~~~~
./db/version_edit.h: In instantiation of ‘constexpr std::pair<_T1, _T2>::pair(_U1&&, _U2&&) [with _U1 = int&; _U2 = rocksdb::FileMetaData; typename std::enable_if<(std::_PCC<true, _T1, _T2>::_MoveConstructiblePair<_U1, _U2>() && std::_PCC<true, _T1, _T2>::_ImplicitlyMoveConvertiblePair<_U1, _U2>()), bool>::type <anonymous> = true; _T1 = int; _T2 = rocksdb::FileMetaData]’:
/usr/include/c++/11/ext/new_allocator.h:162:4:   required from ‘void __gnu_cxx::new_allocator<_Tp>::construct(_Up*, _Args&& ...) [with _Up = std::pair<int, rocksdb::FileMetaData>; _Args = {int&, rocksdb::FileMetaData}; _Tp = std::pair<int, rocksdb::FileMetaData>]’
/usr/include/c++/11/bits/alloc_traits.h:516:17:   required from ‘static void std::allocator_traits<std::allocator<_Tp1> >::construct(std::allocator_traits<std::allocator<_Tp1> >::allocator_type&, _Up*, _Args&& ...) [with _Up = std::pair<int, rocksdb::FileMetaData>; _Args = {int&, rocksdb::FileMetaData}; _Tp = std::pair<int, rocksdb::FileMetaData>; std::allocator_traits<std::allocator<_Tp1> >::allocator_type = std::allocator<std::pair<int, rocksdb::FileMetaData> >]’
/usr/include/c++/11/bits/vector.tcc:115:30:   required from ‘void std::vector<_Tp, _Alloc>::emplace_back(_Args&& ...) [with _Args = {int&, rocksdb::FileMetaData}; _Tp = std::pair<int, rocksdb::FileMetaData>; _Alloc = std::allocator<std::pair<int, rocksdb::FileMetaData> >]’
./db/version_edit.h:253:28:   required from here
./db/version_edit.h:86:8: warning: implicitly-declared ‘constexpr rocksdb::FileDescriptor::FileDescriptor(const rocksdb::FileDescriptor&)’ is deprecated [-Wdeprecated-copy]
   86 | struct FileMetaData {
      |        ^~~~~~~~~~~~
./db/version_edit.h:55:19: note: because ‘rocksdb::FileDescriptor’ has user-provided ‘rocksdb::FileDescriptor& rocksdb::FileDescriptor::operator=(const rocksdb::FileDescriptor&)’
   55 |   FileDescriptor& operator=(const FileDescriptor& fd) {
      |                   ^~~~~~~~
In file included from /usr/include/c++/11/bits/stl_algobase.h:64,
                 from /usr/include/c++/11/memory:63,
                 from ./utilities/blob_db/blob_file.h:9,
                 from utilities/blob_db/blob_file.cc:7:
/usr/include/c++/11/bits/stl_pair.h:353:42: note: synthesized method ‘rocksdb::FileMetaData::FileMetaData(rocksdb::FileMetaData&&)’ first required here
  353 |         : first(std::forward<_U1>(__x)), second(std::forward<_U2>(__y)) { }
      |                                          ^~~~~~~~~~~~~~~~~~~~~~~~~~~~~~
In file included from ./db/memtable.h:21,
                 from ./db/memtable_list.h:17,
                 from ./db/column_family.h:17,
                 from utilities/blob_db/blob_file.cc:16:
./db/version_edit.h: In instantiation of ‘constexpr std::pair<_T1, _T2>::pair(_U1&&, const _T2&) [with _U1 = int&; typename std::enable_if<std::_PCC<true, _T1, _T2>::_MoveCopyPair<true, _U1, _T2>(), bool>::type <anonymous> = true; _T1 = int; _T2 = rocksdb::FileMetaData]’:
/usr/include/c++/11/ext/new_allocator.h:162:4:   required from ‘void __gnu_cxx::new_allocator<_Tp>::construct(_Up*, _Args&& ...) [with _Up = std::pair<int, rocksdb::FileMetaData>; _Args = {int&, const rocksdb::FileMetaData&}; _Tp = std::pair<int, rocksdb::FileMetaData>]’
/usr/include/c++/11/bits/alloc_traits.h:516:17:   required from ‘static void std::allocator_traits<std::allocator<_Tp1> >::construct(std::allocator_traits<std::allocator<_Tp1> >::allocator_type&, _Up*, _Args&& ...) [with _Up = std::pair<int, rocksdb::FileMetaData>; _Args = {int&, const rocksdb::FileMetaData&}; _Tp = std::pair<int, rocksdb::FileMetaData>; std::allocator_traits<std::allocator<_Tp1> >::allocator_type = std::allocator<std::pair<int, rocksdb::FileMetaData> >]’
/usr/include/c++/11/bits/vector.tcc:115:30:   required from ‘void std::vector<_Tp, _Alloc>::emplace_back(_Args&& ...) [with _Args = {int&, const rocksdb::FileMetaData&}; _Tp = std::pair<int, rocksdb::FileMetaData>; _Alloc = std::allocator<std::pair<int, rocksdb::FileMetaData> >]’
./db/version_edit.h:258:28:   required from here
./db/version_edit.h:86:8: warning: implicitly-declared ‘constexpr rocksdb::FileDescriptor::FileDescriptor(const rocksdb::FileDescriptor&)’ is deprecated [-Wdeprecated-copy]
   86 | struct FileMetaData {
      |        ^~~~~~~~~~~~
./db/version_edit.h:55:19: note: because ‘rocksdb::FileDescriptor’ has user-provided ‘rocksdb::FileDescriptor& rocksdb::FileDescriptor::operator=(const rocksdb::FileDescriptor&)’
   55 |   FileDescriptor& operator=(const FileDescriptor& fd) {
      |                   ^~~~~~~~
In file included from /usr/include/c++/11/bits/stl_algobase.h:64,
                 from /usr/include/c++/11/memory:63,
                 from ./utilities/blob_db/blob_file.h:9,
                 from utilities/blob_db/blob_file.cc:7:
/usr/include/c++/11/bits/stl_pair.h:323:41: note: synthesized method ‘rocksdb::FileMetaData::FileMetaData(const rocksdb::FileMetaData&)’ first required here
  323 |        : first(std::forward<_U1>(__x)), second(__y) { }
      |                                         ^~~~~~~~~~~
  CC       utilities/cassandra/merge_operator.o
./db/version_edit.h: In instantiation of ‘constexpr std::pair<_T1, _T2>::pair(_U1&&, _U2&&) [with _U1 = int&; _U2 = rocksdb::FileMetaData; typename std::enable_if<(std::_PCC<true, _T1, _T2>::_MoveConstructiblePair<_U1, _U2>() && std::_PCC<true, _T1, _T2>::_ImplicitlyMoveConvertiblePair<_U1, _U2>()), bool>::type <anonymous> = true; _T1 = int; _T2 = rocksdb::FileMetaData]’:
/usr/include/c++/11/ext/new_allocator.h:162:4:   required from ‘void __gnu_cxx::new_allocator<_Tp>::construct(_Up*, _Args&& ...) [with _Up = std::pair<int, rocksdb::FileMetaData>; _Args = {int&, rocksdb::FileMetaData}; _Tp = std::pair<int, rocksdb::FileMetaData>]’
/usr/include/c++/11/bits/alloc_traits.h:516:17:   required from ‘static void std::allocator_traits<std::allocator<_CharT> >::construct(std::allocator_traits<std::allocator<_CharT> >::allocator_type&, _Up*, _Args&& ...) [with _Up = std::pair<int, rocksdb::FileMetaData>; _Args = {int&, rocksdb::FileMetaData}; _Tp = std::pair<int, rocksdb::FileMetaData>; std::allocator_traits<std::allocator<_CharT> >::allocator_type = std::allocator<std::pair<int, rocksdb::FileMetaData> >]’
/usr/include/c++/11/bits/vector.tcc:115:30:   required from ‘void std::vector<_Tp, _Alloc>::emplace_back(_Args&& ...) [with _Args = {int&, rocksdb::FileMetaData}; _Tp = std::pair<int, rocksdb::FileMetaData>; _Alloc = std::allocator<std::pair<int, rocksdb::FileMetaData> >]’
./db/version_edit.h:253:28:   required from here
./db/version_edit.h:86:8: warning: implicitly-declared ‘constexpr rocksdb::FileDescriptor::FileDescriptor(const rocksdb::FileDescriptor&)’ is deprecated [-Wdeprecated-copy]
   86 | struct FileMetaData {
      |        ^~~~~~~~~~~~
./db/version_edit.h:55:19: note: because ‘rocksdb::FileDescriptor’ has user-provided ‘rocksdb::FileDescriptor& rocksdb::FileDescriptor::operator=(const rocksdb::FileDescriptor&)’
   55 |   FileDescriptor& operator=(const FileDescriptor& fd) {
      |                   ^~~~~~~~
In file included from /usr/include/c++/11/bits/stl_algobase.h:64,
                 from /usr/include/c++/11/bits/char_traits.h:39,
                 from /usr/include/c++/11/string:40,
                 from /usr/include/c++/11/stdexcept:39,
                 from /usr/include/c++/11/system_error:41,
                 from /usr/include/c++/11/bits/std_mutex.h:39,
                 from /usr/include/c++/11/condition_variable:40,
                 from ./utilities/blob_db/blob_db_impl.h:11,
                 from utilities/blob_db/blob_db_impl_filesnapshot.cc:8:
/usr/include/c++/11/bits/stl_pair.h:353:42: note: synthesized method ‘rocksdb::FileMetaData::FileMetaData(rocksdb::FileMetaData&&)’ first required here
  353 |         : first(std::forward<_U1>(__x)), second(std::forward<_U2>(__y)) { }
      |                                          ^~~~~~~~~~~~~~~~~~~~~~~~~~~~~~
In file included from ./db/memtable.h:21,
                 from ./db/memtable_list.h:17,
                 from ./db/column_family.h:17,
                 from ./db/db_impl/db_impl.h:22,
                 from ./db/db_iter.h:13,
                 from ./utilities/blob_db/blob_db_impl.h:22,
                 from utilities/blob_db/blob_db_impl_filesnapshot.cc:8:
./db/version_edit.h: In instantiation of ‘constexpr std::pair<_T1, _T2>::pair(_U1&&, const _T2&) [with _U1 = int&; typename std::enable_if<std::_PCC<true, _T1, _T2>::_MoveCopyPair<true, _U1, _T2>(), bool>::type <anonymous> = true; _T1 = int; _T2 = rocksdb::FileMetaData]’:
/usr/include/c++/11/ext/new_allocator.h:162:4:   required from ‘void __gnu_cxx::new_allocator<_Tp>::construct(_Up*, _Args&& ...) [with _Up = std::pair<int, rocksdb::FileMetaData>; _Args = {int&, const rocksdb::FileMetaData&}; _Tp = std::pair<int, rocksdb::FileMetaData>]’
/usr/include/c++/11/bits/alloc_traits.h:516:17:   required from ‘static void std::allocator_traits<std::allocator<_CharT> >::construct(std::allocator_traits<std::allocator<_CharT> >::allocator_type&, _Up*, _Args&& ...) [with _Up = std::pair<int, rocksdb::FileMetaData>; _Args = {int&, const rocksdb::FileMetaData&}; _Tp = std::pair<int, rocksdb::FileMetaData>; std::allocator_traits<std::allocator<_CharT> >::allocator_type = std::allocator<std::pair<int, rocksdb::FileMetaData> >]’
/usr/include/c++/11/bits/vector.tcc:115:30:   required from ‘void std::vector<_Tp, _Alloc>::emplace_back(_Args&& ...) [with _Args = {int&, const rocksdb::FileMetaData&}; _Tp = std::pair<int, rocksdb::FileMetaData>; _Alloc = std::allocator<std::pair<int, rocksdb::FileMetaData> >]’
./db/version_edit.h:258:28:   required from here
./db/version_edit.h:86:8: warning: implicitly-declared ‘constexpr rocksdb::FileDescriptor::FileDescriptor(const rocksdb::FileDescriptor&)’ is deprecated [-Wdeprecated-copy]
   86 | struct FileMetaData {
      |        ^~~~~~~~~~~~
./db/version_edit.h:55:19: note: because ‘rocksdb::FileDescriptor’ has user-provided ‘rocksdb::FileDescriptor& rocksdb::FileDescriptor::operator=(const rocksdb::FileDescriptor&)’
   55 |   FileDescriptor& operator=(const FileDescriptor& fd) {
      |                   ^~~~~~~~
In file included from /usr/include/c++/11/bits/stl_algobase.h:64,
                 from /usr/include/c++/11/bits/char_traits.h:39,
                 from /usr/include/c++/11/string:40,
                 from /usr/include/c++/11/stdexcept:39,
                 from /usr/include/c++/11/system_error:41,
                 from /usr/include/c++/11/bits/std_mutex.h:39,
                 from /usr/include/c++/11/condition_variable:40,
                 from ./utilities/blob_db/blob_db_impl.h:11,
                 from utilities/blob_db/blob_db_impl_filesnapshot.cc:8:
/usr/include/c++/11/bits/stl_pair.h:323:41: note: synthesized method ‘rocksdb::FileMetaData::FileMetaData(const rocksdb::FileMetaData&)’ first required here
  323 |        : first(std::forward<_U1>(__x)), second(__y) { }
      |                                         ^~~~~~~~~~~
./db/version_edit.h: In instantiation of ‘constexpr std::pair<_T1, _T2>::pair(_U1&&, _U2&&) [with _U1 = int&; _U2 = rocksdb::FileMetaData; typename std::enable_if<(std::_PCC<true, _T1, _T2>::_MoveConstructiblePair<_U1, _U2>() && std::_PCC<true, _T1, _T2>::_ImplicitlyMoveConvertiblePair<_U1, _U2>()), bool>::type <anonymous> = true; _T1 = int; _T2 = rocksdb::FileMetaData]’:
/usr/include/c++/11/ext/new_allocator.h:162:4:   required from ‘void __gnu_cxx::new_allocator<_Tp>::construct(_Up*, _Args&& ...) [with _Up = std::pair<int, rocksdb::FileMetaData>; _Args = {int&, rocksdb::FileMetaData}; _Tp = std::pair<int, rocksdb::FileMetaData>]’
/usr/include/c++/11/bits/alloc_traits.h:516:17:   required from ‘static void std::allocator_traits<std::allocator<_CharT> >::construct(std::allocator_traits<std::allocator<_CharT> >::allocator_type&, _Up*, _Args&& ...) [with _Up = std::pair<int, rocksdb::FileMetaData>; _Args = {int&, rocksdb::FileMetaData}; _Tp = std::pair<int, rocksdb::FileMetaData>; std::allocator_traits<std::allocator<_CharT> >::allocator_type = std::allocator<std::pair<int, rocksdb::FileMetaData> >]’
/usr/include/c++/11/bits/vector.tcc:115:30:   required from ‘void std::vector<_Tp, _Alloc>::emplace_back(_Args&& ...) [with _Args = {int&, rocksdb::FileMetaData}; _Tp = std::pair<int, rocksdb::FileMetaData>; _Alloc = std::allocator<std::pair<int, rocksdb::FileMetaData> >]’
./db/version_edit.h:253:28:   required from here
./db/version_edit.h:86:8: warning: implicitly-declared ‘constexpr rocksdb::FileDescriptor::FileDescriptor(const rocksdb::FileDescriptor&)’ is deprecated [-Wdeprecated-copy]
   86 | struct FileMetaData {
      |        ^~~~~~~~~~~~
./db/version_edit.h:55:19: note: because ‘rocksdb::FileDescriptor’ has user-provided ‘rocksdb::FileDescriptor& rocksdb::FileDescriptor::operator=(const rocksdb::FileDescriptor&)’
   55 |   FileDescriptor& operator=(const FileDescriptor& fd) {
      |                   ^~~~~~~~
In file included from /usr/include/c++/11/bits/stl_algobase.h:64,
                 from /usr/include/c++/11/bits/char_traits.h:39,
                 from /usr/include/c++/11/string:40,
                 from /usr/include/c++/11/stdexcept:39,
                 from /usr/include/c++/11/system_error:41,
                 from /usr/include/c++/11/bits/std_mutex.h:39,
                 from /usr/include/c++/11/condition_variable:40,
                 from ./utilities/blob_db/blob_db_impl.h:11,
                 from utilities/blob_db/blob_db_impl.cc:8:
/usr/include/c++/11/bits/stl_pair.h:353:42: note: synthesized method ‘rocksdb::FileMetaData::FileMetaData(rocksdb::FileMetaData&&)’ first required here
  353 |         : first(std::forward<_U1>(__x)), second(std::forward<_U2>(__y)) { }
      |                                          ^~~~~~~~~~~~~~~~~~~~~~~~~~~~~~
In file included from ./db/memtable.h:21,
                 from ./db/memtable_list.h:17,
                 from ./db/column_family.h:17,
                 from ./db/db_impl/db_impl.h:22,
                 from ./db/db_iter.h:13,
                 from ./utilities/blob_db/blob_db_impl.h:22,
                 from utilities/blob_db/blob_db_impl.cc:8:
./db/version_edit.h: In instantiation of ‘constexpr std::pair<_T1, _T2>::pair(_U1&&, const _T2&) [with _U1 = int&; typename std::enable_if<std::_PCC<true, _T1, _T2>::_MoveCopyPair<true, _U1, _T2>(), bool>::type <anonymous> = true; _T1 = int; _T2 = rocksdb::FileMetaData]’:
/usr/include/c++/11/ext/new_allocator.h:162:4:   required from ‘void __gnu_cxx::new_allocator<_Tp>::construct(_Up*, _Args&& ...) [with _Up = std::pair<int, rocksdb::FileMetaData>; _Args = {int&, const rocksdb::FileMetaData&}; _Tp = std::pair<int, rocksdb::FileMetaData>]’
/usr/include/c++/11/bits/alloc_traits.h:516:17:   required from ‘static void std::allocator_traits<std::allocator<_CharT> >::construct(std::allocator_traits<std::allocator<_CharT> >::allocator_type&, _Up*, _Args&& ...) [with _Up = std::pair<int, rocksdb::FileMetaData>; _Args = {int&, const rocksdb::FileMetaData&}; _Tp = std::pair<int, rocksdb::FileMetaData>; std::allocator_traits<std::allocator<_CharT> >::allocator_type = std::allocator<std::pair<int, rocksdb::FileMetaData> >]’
/usr/include/c++/11/bits/vector.tcc:115:30:   required from ‘void std::vector<_Tp, _Alloc>::emplace_back(_Args&& ...) [with _Args = {int&, const rocksdb::FileMetaData&}; _Tp = std::pair<int, rocksdb::FileMetaData>; _Alloc = std::allocator<std::pair<int, rocksdb::FileMetaData> >]’
./db/version_edit.h:258:28:   required from here
./db/version_edit.h:86:8: warning: implicitly-declared ‘constexpr rocksdb::FileDescriptor::FileDescriptor(const rocksdb::FileDescriptor&)’ is deprecated [-Wdeprecated-copy]
   86 | struct FileMetaData {
      |        ^~~~~~~~~~~~
./db/version_edit.h:55:19: note: because ‘rocksdb::FileDescriptor’ has user-provided ‘rocksdb::FileDescriptor& rocksdb::FileDescriptor::operator=(const rocksdb::FileDescriptor&)’
   55 |   FileDescriptor& operator=(const FileDescriptor& fd) {
      |                   ^~~~~~~~
In file included from /usr/include/c++/11/bits/stl_algobase.h:64,
                 from /usr/include/c++/11/bits/char_traits.h:39,
                 from /usr/include/c++/11/string:40,
                 from /usr/include/c++/11/stdexcept:39,
                 from /usr/include/c++/11/system_error:41,
                 from /usr/include/c++/11/bits/std_mutex.h:39,
                 from /usr/include/c++/11/condition_variable:40,
                 from ./utilities/blob_db/blob_db_impl.h:11,
                 from utilities/blob_db/blob_db_impl.cc:8:
/usr/include/c++/11/bits/stl_pair.h:323:41: note: synthesized method ‘rocksdb::FileMetaData::FileMetaData(const rocksdb::FileMetaData&)’ first required here
  323 |        : first(std::forward<_U1>(__x)), second(__y) { }
      |                                         ^~~~~~~~~~~
  CC       utilities/checkpoint/checkpoint_impl.o
  CC       utilities/compaction_filters/remove_emptyvalue_compactionfilter.o
  CC       utilities/convenience/info_log_finder.o
  CC       utilities/debug.o
  CC       utilities/env_mirror.o
  CC       utilities/env_timed.o
In file included from ./db/memtable.h:21,
                 from ./db/memtable_list.h:17,
                 from ./db/column_family.h:17,
                 from ./db/version_set.h:31,
                 from ./db/wal_manager.h:20,
                 from utilities/checkpoint/checkpoint_impl.cc:19:
./db/version_edit.h: In constructor ‘rocksdb::FdWithKeyRange::FdWithKeyRange(rocksdb::FileDescriptor, rocksdb::Slice, rocksdb::Slice, rocksdb::FileMetaData*)’:
./db/version_edit.h:175:9: warning: implicitly-declared ‘constexpr rocksdb::FileDescriptor::FileDescriptor(const rocksdb::FileDescriptor&)’ is deprecated [-Wdeprecated-copy]
  175 |       : fd(_fd),
      |         ^~~~~~~
./db/version_edit.h:55:19: note: because ‘rocksdb::FileDescriptor’ has user-provided ‘rocksdb::FileDescriptor& rocksdb::FileDescriptor::operator=(const rocksdb::FileDescriptor&)’
   55 |   FileDescriptor& operator=(const FileDescriptor& fd) {
      |                   ^~~~~~~~
  CC       utilities/leveldb_options/leveldb_options.o
In file included from ./db/memtable.h:21,
                 from ./db/memtable_list.h:17,
                 from ./db/column_family.h:17,
                 from ./db/db_impl/db_impl.h:22,
                 from utilities/debug.cc:10:
./db/version_edit.h: In constructor ‘rocksdb::FdWithKeyRange::FdWithKeyRange(rocksdb::FileDescriptor, rocksdb::Slice, rocksdb::Slice, rocksdb::FileMetaData*)’:
./db/version_edit.h:175:9: warning: implicitly-declared ‘constexpr rocksdb::FileDescriptor::FileDescriptor(const rocksdb::FileDescriptor&)’ is deprecated [-Wdeprecated-copy]
  175 |       : fd(_fd),
      |         ^~~~~~~
./db/version_edit.h:55:19: note: because ‘rocksdb::FileDescriptor’ has user-provided ‘rocksdb::FileDescriptor& rocksdb::FileDescriptor::operator=(const rocksdb::FileDescriptor&)’
   55 |   FileDescriptor& operator=(const FileDescriptor& fd) {
      |                   ^~~~~~~~
  CC       utilities/memory/memory_util.o
  CC       utilities/merge_operators/max.o
./db/version_edit.h: In instantiation of ‘constexpr std::pair<_T1, _T2>::pair(_U1&&, _U2&&) [with _U1 = int&; _U2 = rocksdb::FileMetaData; typename std::enable_if<(std::_PCC<true, _T1, _T2>::_MoveConstructiblePair<_U1, _U2>() && std::_PCC<true, _T1, _T2>::_ImplicitlyMoveConvertiblePair<_U1, _U2>()), bool>::type <anonymous> = true; _T1 = int; _T2 = rocksdb::FileMetaData]’:
/usr/include/c++/11/ext/new_allocator.h:162:4:   required from ‘void __gnu_cxx::new_allocator<_Tp>::construct(_Up*, _Args&& ...) [with _Up = std::pair<int, rocksdb::FileMetaData>; _Args = {int&, rocksdb::FileMetaData}; _Tp = std::pair<int, rocksdb::FileMetaData>]’
/usr/include/c++/11/bits/alloc_traits.h:516:17:   required from ‘static void std::allocator_traits<std::allocator<_CharT> >::construct(std::allocator_traits<std::allocator<_CharT> >::allocator_type&, _Up*, _Args&& ...) [with _Up = std::pair<int, rocksdb::FileMetaData>; _Args = {int&, rocksdb::FileMetaData}; _Tp = std::pair<int, rocksdb::FileMetaData>; std::allocator_traits<std::allocator<_CharT> >::allocator_type = std::allocator<std::pair<int, rocksdb::FileMetaData> >]’
/usr/include/c++/11/bits/vector.tcc:115:30:   required from ‘void std::vector<_Tp, _Alloc>::emplace_back(_Args&& ...) [with _Args = {int&, rocksdb::FileMetaData}; _Tp = std::pair<int, rocksdb::FileMetaData>; _Alloc = std::allocator<std::pair<int, rocksdb::FileMetaData> >]’
./db/version_edit.h:253:28:   required from here
./db/version_edit.h:86:8: warning: implicitly-declared ‘constexpr rocksdb::FileDescriptor::FileDescriptor(const rocksdb::FileDescriptor&)’ is deprecated [-Wdeprecated-copy]
   86 | struct FileMetaData {
      |        ^~~~~~~~~~~~
./db/version_edit.h:55:19: note: because ‘rocksdb::FileDescriptor’ has user-provided ‘rocksdb::FileDescriptor& rocksdb::FileDescriptor::operator=(const rocksdb::FileDescriptor&)’
   55 |   FileDescriptor& operator=(const FileDescriptor& fd) {
      |                   ^~~~~~~~
In file included from /usr/include/c++/11/bits/stl_algobase.h:64,
                 from /usr/include/c++/11/bits/char_traits.h:39,
                 from /usr/include/c++/11/string:40,
                 from ./include/rocksdb/utilities/checkpoint.h:11,
                 from ./utilities/checkpoint/checkpoint_impl.h:9,
                 from utilities/checkpoint/checkpoint_impl.cc:12:
/usr/include/c++/11/bits/stl_pair.h:353:42: note: synthesized method ‘rocksdb::FileMetaData::FileMetaData(rocksdb::FileMetaData&&)’ first required here
  353 |         : first(std::forward<_U1>(__x)), second(std::forward<_U2>(__y)) { }
      |                                          ^~~~~~~~~~~~~~~~~~~~~~~~~~~~~~
In file included from ./db/memtable.h:21,
                 from ./db/memtable_list.h:17,
                 from ./db/column_family.h:17,
                 from ./db/version_set.h:31,
                 from ./db/wal_manager.h:20,
                 from utilities/checkpoint/checkpoint_impl.cc:19:
./db/version_edit.h: In instantiation of ‘constexpr std::pair<_T1, _T2>::pair(_U1&&, const _T2&) [with _U1 = int&; typename std::enable_if<std::_PCC<true, _T1, _T2>::_MoveCopyPair<true, _U1, _T2>(), bool>::type <anonymous> = true; _T1 = int; _T2 = rocksdb::FileMetaData]’:
/usr/include/c++/11/ext/new_allocator.h:162:4:   required from ‘void __gnu_cxx::new_allocator<_Tp>::construct(_Up*, _Args&& ...) [with _Up = std::pair<int, rocksdb::FileMetaData>; _Args = {int&, const rocksdb::FileMetaData&}; _Tp = std::pair<int, rocksdb::FileMetaData>]’
/usr/include/c++/11/bits/alloc_traits.h:516:17:   required from ‘static void std::allocator_traits<std::allocator<_CharT> >::construct(std::allocator_traits<std::allocator<_CharT> >::allocator_type&, _Up*, _Args&& ...) [with _Up = std::pair<int, rocksdb::FileMetaData>; _Args = {int&, const rocksdb::FileMetaData&}; _Tp = std::pair<int, rocksdb::FileMetaData>; std::allocator_traits<std::allocator<_CharT> >::allocator_type = std::allocator<std::pair<int, rocksdb::FileMetaData> >]’
/usr/include/c++/11/bits/vector.tcc:115:30:   required from ‘void std::vector<_Tp, _Alloc>::emplace_back(_Args&& ...) [with _Args = {int&, const rocksdb::FileMetaData&}; _Tp = std::pair<int, rocksdb::FileMetaData>; _Alloc = std::allocator<std::pair<int, rocksdb::FileMetaData> >]’
./db/version_edit.h:258:28:   required from here
./db/version_edit.h:86:8: warning: implicitly-declared ‘constexpr rocksdb::FileDescriptor::FileDescriptor(const rocksdb::FileDescriptor&)’ is deprecated [-Wdeprecated-copy]
   86 | struct FileMetaData {
      |        ^~~~~~~~~~~~
./db/version_edit.h:55:19: note: because ‘rocksdb::FileDescriptor’ has user-provided ‘rocksdb::FileDescriptor& rocksdb::FileDescriptor::operator=(const rocksdb::FileDescriptor&)’
   55 |   FileDescriptor& operator=(const FileDescriptor& fd) {
      |                   ^~~~~~~~
In file included from /usr/include/c++/11/bits/stl_algobase.h:64,
                 from /usr/include/c++/11/bits/char_traits.h:39,
                 from /usr/include/c++/11/string:40,
                 from ./include/rocksdb/utilities/checkpoint.h:11,
                 from ./utilities/checkpoint/checkpoint_impl.h:9,
                 from utilities/checkpoint/checkpoint_impl.cc:12:
/usr/include/c++/11/bits/stl_pair.h:323:41: note: synthesized method ‘rocksdb::FileMetaData::FileMetaData(const rocksdb::FileMetaData&)’ first required here
  323 |        : first(std::forward<_U1>(__x)), second(__y) { }
      |                                         ^~~~~~~~~~~
  CC       utilities/merge_operators/put.o
  CC       utilities/merge_operators/string_append/stringappend.o
  CC       utilities/merge_operators/string_append/stringappend2.o
  CC       utilities/merge_operators/uint64add.o
  CC       utilities/merge_operators/bytesxor.o
In file included from ./db/memtable.h:21,
                 from ./db/memtable_list.h:17,
                 from ./db/column_family.h:17,
                 from ./db/db_impl/db_impl.h:22,
                 from utilities/memory/memory_util.cc:10:
./db/version_edit.h: In constructor ‘rocksdb::FdWithKeyRange::FdWithKeyRange(rocksdb::FileDescriptor, rocksdb::Slice, rocksdb::Slice, rocksdb::FileMetaData*)’:
./db/version_edit.h:175:9: warning: implicitly-declared ‘constexpr rocksdb::FileDescriptor::FileDescriptor(const rocksdb::FileDescriptor&)’ is deprecated [-Wdeprecated-copy]
  175 |       : fd(_fd),
      |         ^~~~~~~
./db/version_edit.h:55:19: note: because ‘rocksdb::FileDescriptor’ has user-provided ‘rocksdb::FileDescriptor& rocksdb::FileDescriptor::operator=(const rocksdb::FileDescriptor&)’
   55 |   FileDescriptor& operator=(const FileDescriptor& fd) {
      |                   ^~~~~~~~
  CC       utilities/option_change_migration/option_change_migration.o
  CC       utilities/options/options_util.o
./db/version_edit.h: In instantiation of ‘constexpr std::pair<_T1, _T2>::pair(_U1&&, _U2&&) [with _U1 = int&; _U2 = rocksdb::FileMetaData; typename std::enable_if<(std::_PCC<true, _T1, _T2>::_MoveConstructiblePair<_U1, _U2>() && std::_PCC<true, _T1, _T2>::_ImplicitlyMoveConvertiblePair<_U1, _U2>()), bool>::type <anonymous> = true; _T1 = int; _T2 = rocksdb::FileMetaData]’:
/usr/include/c++/11/ext/new_allocator.h:162:4:   required from ‘void __gnu_cxx::new_allocator<_Tp>::construct(_Up*, _Args&& ...) [with _Up = std::pair<int, rocksdb::FileMetaData>; _Args = {int&, rocksdb::FileMetaData}; _Tp = std::pair<int, rocksdb::FileMetaData>]’
/usr/include/c++/11/bits/alloc_traits.h:516:17:   required from ‘static void std::allocator_traits<std::allocator<_Tp1> >::construct(std::allocator_traits<std::allocator<_Tp1> >::allocator_type&, _Up*, _Args&& ...) [with _Up = std::pair<int, rocksdb::FileMetaData>; _Args = {int&, rocksdb::FileMetaData}; _Tp = std::pair<int, rocksdb::FileMetaData>; std::allocator_traits<std::allocator<_Tp1> >::allocator_type = std::allocator<std::pair<int, rocksdb::FileMetaData> >]’
/usr/include/c++/11/bits/vector.tcc:115:30:   required from ‘void std::vector<_Tp, _Alloc>::emplace_back(_Args&& ...) [with _Args = {int&, rocksdb::FileMetaData}; _Tp = std::pair<int, rocksdb::FileMetaData>; _Alloc = std::allocator<std::pair<int, rocksdb::FileMetaData> >]’
./db/version_edit.h:253:28:   required from here
./db/version_edit.h:86:8: warning: implicitly-declared ‘constexpr rocksdb::FileDescriptor::FileDescriptor(const rocksdb::FileDescriptor&)’ is deprecated [-Wdeprecated-copy]
   86 | struct FileMetaData {
      |        ^~~~~~~~~~~~
./db/version_edit.h:55:19: note: because ‘rocksdb::FileDescriptor’ has user-provided ‘rocksdb::FileDescriptor& rocksdb::FileDescriptor::operator=(const rocksdb::FileDescriptor&)’
   55 |   FileDescriptor& operator=(const FileDescriptor& fd) {
      |                   ^~~~~~~~
In file included from /usr/include/c++/11/bits/stl_algobase.h:64,
                 from /usr/include/c++/11/bits/stl_tree.h:63,
                 from /usr/include/c++/11/map:60,
                 from ./include/rocksdb/db.h:13,
                 from ./include/rocksdb/utilities/debug.h:10,
                 from utilities/debug.cc:8:
/usr/include/c++/11/bits/stl_pair.h:353:42: note: synthesized method ‘rocksdb::FileMetaData::FileMetaData(rocksdb::FileMetaData&&)’ first required here
  353 |         : first(std::forward<_U1>(__x)), second(std::forward<_U2>(__y)) { }
      |                                          ^~~~~~~~~~~~~~~~~~~~~~~~~~~~~~
In file included from ./db/memtable.h:21,
                 from ./db/memtable_list.h:17,
                 from ./db/column_family.h:17,
                 from ./db/db_impl/db_impl.h:22,
                 from utilities/debug.cc:10:
./db/version_edit.h: In instantiation of ‘constexpr std::pair<_T1, _T2>::pair(_U1&&, const _T2&) [with _U1 = int&; typename std::enable_if<std::_PCC<true, _T1, _T2>::_MoveCopyPair<true, _U1, _T2>(), bool>::type <anonymous> = true; _T1 = int; _T2 = rocksdb::FileMetaData]’:
/usr/include/c++/11/ext/new_allocator.h:162:4:   required from ‘void __gnu_cxx::new_allocator<_Tp>::construct(_Up*, _Args&& ...) [with _Up = std::pair<int, rocksdb::FileMetaData>; _Args = {int&, const rocksdb::FileMetaData&}; _Tp = std::pair<int, rocksdb::FileMetaData>]’
/usr/include/c++/11/bits/alloc_traits.h:516:17:   required from ‘static void std::allocator_traits<std::allocator<_Tp1> >::construct(std::allocator_traits<std::allocator<_Tp1> >::allocator_type&, _Up*, _Args&& ...) [with _Up = std::pair<int, rocksdb::FileMetaData>; _Args = {int&, const rocksdb::FileMetaData&}; _Tp = std::pair<int, rocksdb::FileMetaData>; std::allocator_traits<std::allocator<_Tp1> >::allocator_type = std::allocator<std::pair<int, rocksdb::FileMetaData> >]’
/usr/include/c++/11/bits/vector.tcc:115:30:   required from ‘void std::vector<_Tp, _Alloc>::emplace_back(_Args&& ...) [with _Args = {int&, const rocksdb::FileMetaData&}; _Tp = std::pair<int, rocksdb::FileMetaData>; _Alloc = std::allocator<std::pair<int, rocksdb::FileMetaData> >]’
./db/version_edit.h:258:28:   required from here
./db/version_edit.h:86:8: warning: implicitly-declared ‘constexpr rocksdb::FileDescriptor::FileDescriptor(const rocksdb::FileDescriptor&)’ is deprecated [-Wdeprecated-copy]
   86 | struct FileMetaData {
      |        ^~~~~~~~~~~~
./db/version_edit.h:55:19: note: because ‘rocksdb::FileDescriptor’ has user-provided ‘rocksdb::FileDescriptor& rocksdb::FileDescriptor::operator=(const rocksdb::FileDescriptor&)’
   55 |   FileDescriptor& operator=(const FileDescriptor& fd) {
      |                   ^~~~~~~~
In file included from /usr/include/c++/11/bits/stl_algobase.h:64,
                 from /usr/include/c++/11/bits/stl_tree.h:63,
                 from /usr/include/c++/11/map:60,
                 from ./include/rocksdb/db.h:13,
                 from ./include/rocksdb/utilities/debug.h:10,
                 from utilities/debug.cc:8:
/usr/include/c++/11/bits/stl_pair.h:323:41: note: synthesized method ‘rocksdb::FileMetaData::FileMetaData(const rocksdb::FileMetaData&)’ first required here
  323 |        : first(std::forward<_U1>(__x)), second(__y) { }
      |                                         ^~~~~~~~~~~
  CC       utilities/persistent_cache/block_cache_tier.o
  CC       utilities/persistent_cache/block_cache_tier_file.o
  CC       utilities/persistent_cache/block_cache_tier_metadata.o
In file included from ./utilities/persistent_cache/block_cache_tier_file.h:20,
                 from utilities/persistent_cache/block_cache_tier_file.cc:7:
./utilities/persistent_cache/persistent_cache_util.h: In instantiation of ‘T rocksdb::BoundedQueue<T>::Pop() [with T = rocksdb::ThreadedWriter::IO]’:
utilities/persistent_cache/block_cache_tier_file.cc:556:17:   required from here
./utilities/persistent_cache/persistent_cache_util.h:51:23: warning: moving a local object in a return statement prevents copy elision [-Wpessimizing-move]
   51 |     return std::move(t);
      |                       ^
./utilities/persistent_cache/persistent_cache_util.h:51:23: note: remove ‘std::move’ call
  CC       utilities/persistent_cache/persistent_cache_tier.o
  CC       utilities/persistent_cache/volatile_tier_impl.o
In file included from ./utilities/persistent_cache/block_cache_tier_file.h:20,
                 from ./utilities/persistent_cache/block_cache_tier.h:26,
                 from utilities/persistent_cache/block_cache_tier.cc:7:
./utilities/persistent_cache/persistent_cache_util.h: In instantiation of ‘T rocksdb::BoundedQueue<T>::Pop() [with T = rocksdb::BlockCacheTier::InsertOp]’:
utilities/persistent_cache/block_cache_tier.cc:192:32:   required from here
./utilities/persistent_cache/persistent_cache_util.h:51:23: warning: moving a local object in a return statement prevents copy elision [-Wpessimizing-move]
   51 |     return std::move(t);
      |                       ^
./utilities/persistent_cache/persistent_cache_util.h:51:23: note: remove ‘std::move’ call
./db/version_edit.h: In instantiation of ‘constexpr std::pair<_T1, _T2>::pair(_U1&&, _U2&&) [with _U1 = int&; _U2 = rocksdb::FileMetaData; typename std::enable_if<(std::_PCC<true, _T1, _T2>::_MoveConstructiblePair<_U1, _U2>() && std::_PCC<true, _T1, _T2>::_ImplicitlyMoveConvertiblePair<_U1, _U2>()), bool>::type <anonymous> = true; _T1 = int; _T2 = rocksdb::FileMetaData]’:
/usr/include/c++/11/ext/new_allocator.h:162:4:   required from ‘void __gnu_cxx::new_allocator<_Tp>::construct(_Up*, _Args&& ...) [with _Up = std::pair<int, rocksdb::FileMetaData>; _Args = {int&, rocksdb::FileMetaData}; _Tp = std::pair<int, rocksdb::FileMetaData>]’
/usr/include/c++/11/bits/alloc_traits.h:516:17:   required from ‘static void std::allocator_traits<std::allocator<_Tp1> >::construct(std::allocator_traits<std::allocator<_Tp1> >::allocator_type&, _Up*, _Args&& ...) [with _Up = std::pair<int, rocksdb::FileMetaData>; _Args = {int&, rocksdb::FileMetaData}; _Tp = std::pair<int, rocksdb::FileMetaData>; std::allocator_traits<std::allocator<_Tp1> >::allocator_type = std::allocator<std::pair<int, rocksdb::FileMetaData> >]’
/usr/include/c++/11/bits/vector.tcc:115:30:   required from ‘void std::vector<_Tp, _Alloc>::emplace_back(_Args&& ...) [with _Args = {int&, rocksdb::FileMetaData}; _Tp = std::pair<int, rocksdb::FileMetaData>; _Alloc = std::allocator<std::pair<int, rocksdb::FileMetaData> >]’
./db/version_edit.h:253:28:   required from here
./db/version_edit.h:86:8: warning: implicitly-declared ‘constexpr rocksdb::FileDescriptor::FileDescriptor(const rocksdb::FileDescriptor&)’ is deprecated [-Wdeprecated-copy]
   86 | struct FileMetaData {
      |        ^~~~~~~~~~~~
./db/version_edit.h:55:19: note: because ‘rocksdb::FileDescriptor’ has user-provided ‘rocksdb::FileDescriptor& rocksdb::FileDescriptor::operator=(const rocksdb::FileDescriptor&)’
   55 |   FileDescriptor& operator=(const FileDescriptor& fd) {
      |                   ^~~~~~~~
In file included from /usr/include/c++/11/bits/stl_algobase.h:64,
                 from /usr/include/c++/11/bits/stl_tree.h:63,
                 from /usr/include/c++/11/map:60,
                 from ./include/rocksdb/utilities/memory_util.h:10,
                 from utilities/memory/memory_util.cc:8:
/usr/include/c++/11/bits/stl_pair.h:353:42: note: synthesized method ‘rocksdb::FileMetaData::FileMetaData(rocksdb::FileMetaData&&)’ first required here
  353 |         : first(std::forward<_U1>(__x)), second(std::forward<_U2>(__y)) { }
      |                                          ^~~~~~~~~~~~~~~~~~~~~~~~~~~~~~
In file included from ./db/memtable.h:21,
                 from ./db/memtable_list.h:17,
                 from ./db/column_family.h:17,
                 from ./db/db_impl/db_impl.h:22,
                 from utilities/memory/memory_util.cc:10:
./db/version_edit.h: In instantiation of ‘constexpr std::pair<_T1, _T2>::pair(_U1&&, const _T2&) [with _U1 = int&; typename std::enable_if<std::_PCC<true, _T1, _T2>::_MoveCopyPair<true, _U1, _T2>(), bool>::type <anonymous> = true; _T1 = int; _T2 = rocksdb::FileMetaData]’:
/usr/include/c++/11/ext/new_allocator.h:162:4:   required from ‘void __gnu_cxx::new_allocator<_Tp>::construct(_Up*, _Args&& ...) [with _Up = std::pair<int, rocksdb::FileMetaData>; _Args = {int&, const rocksdb::FileMetaData&}; _Tp = std::pair<int, rocksdb::FileMetaData>]’
/usr/include/c++/11/bits/alloc_traits.h:516:17:   required from ‘static void std::allocator_traits<std::allocator<_Tp1> >::construct(std::allocator_traits<std::allocator<_Tp1> >::allocator_type&, _Up*, _Args&& ...) [with _Up = std::pair<int, rocksdb::FileMetaData>; _Args = {int&, const rocksdb::FileMetaData&}; _Tp = std::pair<int, rocksdb::FileMetaData>; std::allocator_traits<std::allocator<_Tp1> >::allocator_type = std::allocator<std::pair<int, rocksdb::FileMetaData> >]’
/usr/include/c++/11/bits/vector.tcc:115:30:   required from ‘void std::vector<_Tp, _Alloc>::emplace_back(_Args&& ...) [with _Args = {int&, const rocksdb::FileMetaData&}; _Tp = std::pair<int, rocksdb::FileMetaData>; _Alloc = std::allocator<std::pair<int, rocksdb::FileMetaData> >]’
./db/version_edit.h:258:28:   required from here
./db/version_edit.h:86:8: warning: implicitly-declared ‘constexpr rocksdb::FileDescriptor::FileDescriptor(const rocksdb::FileDescriptor&)’ is deprecated [-Wdeprecated-copy]
   86 | struct FileMetaData {
      |        ^~~~~~~~~~~~
./db/version_edit.h:55:19: note: because ‘rocksdb::FileDescriptor’ has user-provided ‘rocksdb::FileDescriptor& rocksdb::FileDescriptor::operator=(const rocksdb::FileDescriptor&)’
   55 |   FileDescriptor& operator=(const FileDescriptor& fd) {
      |                   ^~~~~~~~
In file included from /usr/include/c++/11/bits/stl_algobase.h:64,
                 from /usr/include/c++/11/bits/stl_tree.h:63,
                 from /usr/include/c++/11/map:60,
                 from ./include/rocksdb/utilities/memory_util.h:10,
                 from utilities/memory/memory_util.cc:8:
/usr/include/c++/11/bits/stl_pair.h:323:41: note: synthesized method ‘rocksdb::FileMetaData::FileMetaData(const rocksdb::FileMetaData&)’ first required here
  323 |        : first(std::forward<_U1>(__x)), second(__y) { }
      |                                         ^~~~~~~~~~~
  CC       utilities/simulator_cache/sim_cache.o
  CC       utilities/table_properties_collectors/compact_on_deletion_collector.o
  CC       utilities/trace/file_trace_reader_writer.o
  CC       utilities/transactions/optimistic_transaction.o
  CC       utilities/transactions/optimistic_transaction_db_impl.o
  CC       utilities/transactions/pessimistic_transaction.o
  CC       utilities/transactions/pessimistic_transaction_db.o
  CC       utilities/transactions/snapshot_checker.o
  CC       utilities/transactions/transaction_base.o
In file included from ./db/memtable.h:21,
                 from ./db/memtable_list.h:17,
                 from ./db/column_family.h:17,
                 from utilities/transactions/optimistic_transaction.cc:12:
./db/version_edit.h: In constructor ‘rocksdb::FdWithKeyRange::FdWithKeyRange(rocksdb::FileDescriptor, rocksdb::Slice, rocksdb::Slice, rocksdb::FileMetaData*)’:
./db/version_edit.h:175:9: warning: implicitly-declared ‘constexpr rocksdb::FileDescriptor::FileDescriptor(const rocksdb::FileDescriptor&)’ is deprecated [-Wdeprecated-copy]
  175 |       : fd(_fd),
      |         ^~~~~~~
./db/version_edit.h:55:19: note: because ‘rocksdb::FileDescriptor’ has user-provided ‘rocksdb::FileDescriptor& rocksdb::FileDescriptor::operator=(const rocksdb::FileDescriptor&)’
   55 |   FileDescriptor& operator=(const FileDescriptor& fd) {
      |                   ^~~~~~~~
In file included from ./db/memtable.h:21,
                 from ./db/memtable_list.h:17,
                 from ./db/column_family.h:17,
                 from ./db/db_impl/db_impl.h:22,
                 from utilities/transactions/optimistic_transaction_db_impl.cc:13:
./db/version_edit.h: In constructor ‘rocksdb::FdWithKeyRange::FdWithKeyRange(rocksdb::FileDescriptor, rocksdb::Slice, rocksdb::Slice, rocksdb::FileMetaData*)’:
./db/version_edit.h:175:9: warning: implicitly-declared ‘constexpr rocksdb::FileDescriptor::FileDescriptor(const rocksdb::FileDescriptor&)’ is deprecated [-Wdeprecated-copy]
  175 |       : fd(_fd),
      |         ^~~~~~~
./db/version_edit.h:55:19: note: because ‘rocksdb::FileDescriptor’ has user-provided ‘rocksdb::FileDescriptor& rocksdb::FileDescriptor::operator=(const rocksdb::FileDescriptor&)’
   55 |   FileDescriptor& operator=(const FileDescriptor& fd) {
      |                   ^~~~~~~~
  CC       utilities/transactions/transaction_db_mutex_impl.o
  CC       utilities/transactions/transaction_lock_mgr.o
In file included from ./db/memtable.h:21,
                 from ./db/memtable_list.h:17,
                 from ./db/column_family.h:17,
                 from utilities/transactions/pessimistic_transaction.cc:15:
./db/version_edit.h: In constructor ‘rocksdb::FdWithKeyRange::FdWithKeyRange(rocksdb::FileDescriptor, rocksdb::Slice, rocksdb::Slice, rocksdb::FileMetaData*)’:
./db/version_edit.h:175:9: warning: implicitly-declared ‘constexpr rocksdb::FileDescriptor::FileDescriptor(const rocksdb::FileDescriptor&)’ is deprecated [-Wdeprecated-copy]
  175 |       : fd(_fd),
      |         ^~~~~~~
./db/version_edit.h:55:19: note: because ‘rocksdb::FileDescriptor’ has user-provided ‘rocksdb::FileDescriptor& rocksdb::FileDescriptor::operator=(const rocksdb::FileDescriptor&)’
   55 |   FileDescriptor& operator=(const FileDescriptor& fd) {
      |                   ^~~~~~~~
In file included from ./db/memtable.h:21,
                 from ./db/memtable_list.h:17,
                 from ./db/column_family.h:17,
                 from ./db/db_impl/db_impl.h:22,
                 from ./db/db_iter.h:13,
                 from ./utilities/transactions/pessimistic_transaction_db.h:16,
                 from utilities/transactions/pessimistic_transaction_db.cc:8:
./db/version_edit.h: In constructor ‘rocksdb::FdWithKeyRange::FdWithKeyRange(rocksdb::FileDescriptor, rocksdb::Slice, rocksdb::Slice, rocksdb::FileMetaData*)’:
./db/version_edit.h:175:9: warning: implicitly-declared ‘constexpr rocksdb::FileDescriptor::FileDescriptor(const rocksdb::FileDescriptor&)’ is deprecated [-Wdeprecated-copy]
  175 |       : fd(_fd),
      |         ^~~~~~~
./db/version_edit.h:55:19: note: because ‘rocksdb::FileDescriptor’ has user-provided ‘rocksdb::FileDescriptor& rocksdb::FileDescriptor::operator=(const rocksdb::FileDescriptor&)’
   55 |   FileDescriptor& operator=(const FileDescriptor& fd) {
      |                   ^~~~~~~~
  CC       utilities/transactions/transaction_util.o
In file included from ./db/memtable.h:21,
                 from ./db/memtable_list.h:17,
                 from ./db/column_family.h:17,
                 from ./db/db_impl/db_impl.h:22,
                 from ./db/db_iter.h:13,
                 from ./utilities/transactions/write_prepared_txn_db.h:17,
                 from utilities/transactions/snapshot_checker.cc:12:
./db/version_edit.h: In constructor ‘rocksdb::FdWithKeyRange::FdWithKeyRange(rocksdb::FileDescriptor, rocksdb::Slice, rocksdb::Slice, rocksdb::FileMetaData*)’:
./db/version_edit.h:175:9: warning: implicitly-declared ‘constexpr rocksdb::FileDescriptor::FileDescriptor(const rocksdb::FileDescriptor&)’ is deprecated [-Wdeprecated-copy]
  175 |       : fd(_fd),
      |         ^~~~~~~
./db/version_edit.h:55:19: note: because ‘rocksdb::FileDescriptor’ has user-provided ‘rocksdb::FileDescriptor& rocksdb::FileDescriptor::operator=(const rocksdb::FileDescriptor&)’
   55 |   FileDescriptor& operator=(const FileDescriptor& fd) {
      |                   ^~~~~~~~
In file included from ./db/memtable.h:21,
                 from ./db/memtable_list.h:17,
                 from ./db/column_family.h:17,
                 from utilities/transactions/transaction_base.cc:12:
./db/version_edit.h: In constructor ‘rocksdb::FdWithKeyRange::FdWithKeyRange(rocksdb::FileDescriptor, rocksdb::Slice, rocksdb::Slice, rocksdb::FileMetaData*)’:
./db/version_edit.h:175:9: warning: implicitly-declared ‘constexpr rocksdb::FileDescriptor::FileDescriptor(const rocksdb::FileDescriptor&)’ is deprecated [-Wdeprecated-copy]
  175 |       : fd(_fd),
      |         ^~~~~~~
./db/version_edit.h:55:19: note: because ‘rocksdb::FileDescriptor’ has user-provided ‘rocksdb::FileDescriptor& rocksdb::FileDescriptor::operator=(const rocksdb::FileDescriptor&)’
   55 |   FileDescriptor& operator=(const FileDescriptor& fd) {
      |                   ^~~~~~~~
In file included from ./db/memtable.h:21,
                 from ./db/memtable_list.h:17,
                 from ./db/column_family.h:17,
                 from ./db/db_impl/db_impl.h:22,
                 from ./db/db_iter.h:13,
                 from ./utilities/transactions/pessimistic_transaction_db.h:16,
                 from utilities/transactions/transaction_lock_mgr.cc:26:
./db/version_edit.h: In constructor ‘rocksdb::FdWithKeyRange::FdWithKeyRange(rocksdb::FileDescriptor, rocksdb::Slice, rocksdb::Slice, rocksdb::FileMetaData*)’:
./db/version_edit.h:175:9: warning: implicitly-declared ‘constexpr rocksdb::FileDescriptor::FileDescriptor(const rocksdb::FileDescriptor&)’ is deprecated [-Wdeprecated-copy]
  175 |       : fd(_fd),
      |         ^~~~~~~
./db/version_edit.h:55:19: note: because ‘rocksdb::FileDescriptor’ has user-provided ‘rocksdb::FileDescriptor& rocksdb::FileDescriptor::operator=(const rocksdb::FileDescriptor&)’
   55 |   FileDescriptor& operator=(const FileDescriptor& fd) {
      |                   ^~~~~~~~
./db/version_edit.h: In instantiation of ‘constexpr std::pair<_T1, _T2>::pair(_U1&&, _U2&&) [with _U1 = int&; _U2 = rocksdb::FileMetaData; typename std::enable_if<(std::_PCC<true, _T1, _T2>::_MoveConstructiblePair<_U1, _U2>() && std::_PCC<true, _T1, _T2>::_ImplicitlyMoveConvertiblePair<_U1, _U2>()), bool>::type <anonymous> = true; _T1 = int; _T2 = rocksdb::FileMetaData]’:
/usr/include/c++/11/ext/new_allocator.h:162:4:   required from ‘void __gnu_cxx::new_allocator<_Tp>::construct(_Up*, _Args&& ...) [with _Up = std::pair<int, rocksdb::FileMetaData>; _Args = {int&, rocksdb::FileMetaData}; _Tp = std::pair<int, rocksdb::FileMetaData>]’
/usr/include/c++/11/bits/alloc_traits.h:516:17:   required from ‘static void std::allocator_traits<std::allocator<_Tp1> >::construct(std::allocator_traits<std::allocator<_Tp1> >::allocator_type&, _Up*, _Args&& ...) [with _Up = std::pair<int, rocksdb::FileMetaData>; _Args = {int&, rocksdb::FileMetaData}; _Tp = std::pair<int, rocksdb::FileMetaData>; std::allocator_traits<std::allocator<_Tp1> >::allocator_type = std::allocator<std::pair<int, rocksdb::FileMetaData> >]’
/usr/include/c++/11/bits/vector.tcc:115:30:   required from ‘void std::vector<_Tp, _Alloc>::emplace_back(_Args&& ...) [with _Args = {int&, rocksdb::FileMetaData}; _Tp = std::pair<int, rocksdb::FileMetaData>; _Alloc = std::allocator<std::pair<int, rocksdb::FileMetaData> >]’
./db/version_edit.h:253:28:   required from here
./db/version_edit.h:86:8: warning: implicitly-declared ‘constexpr rocksdb::FileDescriptor::FileDescriptor(const rocksdb::FileDescriptor&)’ is deprecated [-Wdeprecated-copy]
   86 | struct FileMetaData {
      |        ^~~~~~~~~~~~
./db/version_edit.h:55:19: note: because ‘rocksdb::FileDescriptor’ has user-provided ‘rocksdb::FileDescriptor& rocksdb::FileDescriptor::operator=(const rocksdb::FileDescriptor&)’
   55 |   FileDescriptor& operator=(const FileDescriptor& fd) {
      |                   ^~~~~~~~
In file included from /usr/include/c++/11/bits/stl_algobase.h:64,
                 from /usr/include/c++/11/deque:60,
                 from /usr/include/c++/11/stack:60,
                 from ./utilities/transactions/optimistic_transaction.h:10,
                 from utilities/transactions/optimistic_transaction.cc:8:
/usr/include/c++/11/bits/stl_pair.h:353:42: note: synthesized method ‘rocksdb::FileMetaData::FileMetaData(rocksdb::FileMetaData&&)’ first required here
  353 |         : first(std::forward<_U1>(__x)), second(std::forward<_U2>(__y)) { }
      |                                          ^~~~~~~~~~~~~~~~~~~~~~~~~~~~~~
In file included from ./db/memtable.h:21,
                 from ./db/memtable_list.h:17,
                 from ./db/column_family.h:17,
                 from utilities/transactions/optimistic_transaction.cc:12:
./db/version_edit.h: In instantiation of ‘constexpr std::pair<_T1, _T2>::pair(_U1&&, const _T2&) [with _U1 = int&; typename std::enable_if<std::_PCC<true, _T1, _T2>::_MoveCopyPair<true, _U1, _T2>(), bool>::type <anonymous> = true; _T1 = int; _T2 = rocksdb::FileMetaData]’:
/usr/include/c++/11/ext/new_allocator.h:162:4:   required from ‘void __gnu_cxx::new_allocator<_Tp>::construct(_Up*, _Args&& ...) [with _Up = std::pair<int, rocksdb::FileMetaData>; _Args = {int&, const rocksdb::FileMetaData&}; _Tp = std::pair<int, rocksdb::FileMetaData>]’
/usr/include/c++/11/bits/alloc_traits.h:516:17:   required from ‘static void std::allocator_traits<std::allocator<_Tp1> >::construct(std::allocator_traits<std::allocator<_Tp1> >::allocator_type&, _Up*, _Args&& ...) [with _Up = std::pair<int, rocksdb::FileMetaData>; _Args = {int&, const rocksdb::FileMetaData&}; _Tp = std::pair<int, rocksdb::FileMetaData>; std::allocator_traits<std::allocator<_Tp1> >::allocator_type = std::allocator<std::pair<int, rocksdb::FileMetaData> >]’
/usr/include/c++/11/bits/vector.tcc:115:30:   required from ‘void std::vector<_Tp, _Alloc>::emplace_back(_Args&& ...) [with _Args = {int&, const rocksdb::FileMetaData&}; _Tp = std::pair<int, rocksdb::FileMetaData>; _Alloc = std::allocator<std::pair<int, rocksdb::FileMetaData> >]’
./db/version_edit.h:258:28:   required from here
./db/version_edit.h:86:8: warning: implicitly-declared ‘constexpr rocksdb::FileDescriptor::FileDescriptor(const rocksdb::FileDescriptor&)’ is deprecated [-Wdeprecated-copy]
   86 | struct FileMetaData {
      |        ^~~~~~~~~~~~
./db/version_edit.h:55:19: note: because ‘rocksdb::FileDescriptor’ has user-provided ‘rocksdb::FileDescriptor& rocksdb::FileDescriptor::operator=(const rocksdb::FileDescriptor&)’
   55 |   FileDescriptor& operator=(const FileDescriptor& fd) {
      |                   ^~~~~~~~
In file included from /usr/include/c++/11/bits/stl_algobase.h:64,
                 from /usr/include/c++/11/deque:60,
                 from /usr/include/c++/11/stack:60,
                 from ./utilities/transactions/optimistic_transaction.h:10,
                 from utilities/transactions/optimistic_transaction.cc:8:
/usr/include/c++/11/bits/stl_pair.h:323:41: note: synthesized method ‘rocksdb::FileMetaData::FileMetaData(const rocksdb::FileMetaData&)’ first required here
  323 |        : first(std::forward<_U1>(__x)), second(__y) { }
      |                                         ^~~~~~~~~~~
./db/version_edit.h: In instantiation of ‘constexpr std::pair<_T1, _T2>::pair(_U1&&, _U2&&) [with _U1 = int&; _U2 = rocksdb::FileMetaData; typename std::enable_if<(std::_PCC<true, _T1, _T2>::_MoveConstructiblePair<_U1, _U2>() && std::_PCC<true, _T1, _T2>::_ImplicitlyMoveConvertiblePair<_U1, _U2>()), bool>::type <anonymous> = true; _T1 = int; _T2 = rocksdb::FileMetaData]’:
/usr/include/c++/11/ext/new_allocator.h:162:4:   required from ‘void __gnu_cxx::new_allocator<_Tp>::construct(_Up*, _Args&& ...) [with _Up = std::pair<int, rocksdb::FileMetaData>; _Args = {int&, rocksdb::FileMetaData}; _Tp = std::pair<int, rocksdb::FileMetaData>]’
/usr/include/c++/11/bits/alloc_traits.h:516:17:   required from ‘static void std::allocator_traits<std::allocator<_Tp1> >::construct(std::allocator_traits<std::allocator<_Tp1> >::allocator_type&, _Up*, _Args&& ...) [with _Up = std::pair<int, rocksdb::FileMetaData>; _Args = {int&, rocksdb::FileMetaData}; _Tp = std::pair<int, rocksdb::FileMetaData>; std::allocator_traits<std::allocator<_Tp1> >::allocator_type = std::allocator<std::pair<int, rocksdb::FileMetaData> >]’
/usr/include/c++/11/bits/vector.tcc:115:30:   required from ‘void std::vector<_Tp, _Alloc>::emplace_back(_Args&& ...) [with _Args = {int&, rocksdb::FileMetaData}; _Tp = std::pair<int, rocksdb::FileMetaData>; _Alloc = std::allocator<std::pair<int, rocksdb::FileMetaData> >]’
./db/version_edit.h:253:28:   required from here
./db/version_edit.h:86:8: warning: implicitly-declared ‘constexpr rocksdb::FileDescriptor::FileDescriptor(const rocksdb::FileDescriptor&)’ is deprecated [-Wdeprecated-copy]
   86 | struct FileMetaData {
      |        ^~~~~~~~~~~~
./db/version_edit.h:55:19: note: because ‘rocksdb::FileDescriptor’ has user-provided ‘rocksdb::FileDescriptor& rocksdb::FileDescriptor::operator=(const rocksdb::FileDescriptor&)’
   55 |   FileDescriptor& operator=(const FileDescriptor& fd) {
      |                   ^~~~~~~~
In file included from /usr/include/c++/11/bits/stl_algobase.h:64,
                 from /usr/include/c++/11/bits/stl_tree.h:63,
                 from /usr/include/c++/11/map:60,
                 from ./include/rocksdb/db.h:13,
                 from ./utilities/transactions/optimistic_transaction_db_impl.h:9,
                 from utilities/transactions/optimistic_transaction_db_impl.cc:8:
/usr/include/c++/11/bits/stl_pair.h:353:42: note: synthesized method ‘rocksdb::FileMetaData::FileMetaData(rocksdb::FileMetaData&&)’ first required here
  353 |         : first(std::forward<_U1>(__x)), second(std::forward<_U2>(__y)) { }
      |                                          ^~~~~~~~~~~~~~~~~~~~~~~~~~~~~~
In file included from ./db/memtable.h:21,
                 from ./db/memtable_list.h:17,
                 from ./db/column_family.h:17,
                 from ./db/db_impl/db_impl.h:22,
                 from utilities/transactions/optimistic_transaction_db_impl.cc:13:
./db/version_edit.h: In instantiation of ‘constexpr std::pair<_T1, _T2>::pair(_U1&&, const _T2&) [with _U1 = int&; typename std::enable_if<std::_PCC<true, _T1, _T2>::_MoveCopyPair<true, _U1, _T2>(), bool>::type <anonymous> = true; _T1 = int; _T2 = rocksdb::FileMetaData]’:
/usr/include/c++/11/ext/new_allocator.h:162:4:   required from ‘void __gnu_cxx::new_allocator<_Tp>::construct(_Up*, _Args&& ...) [with _Up = std::pair<int, rocksdb::FileMetaData>; _Args = {int&, const rocksdb::FileMetaData&}; _Tp = std::pair<int, rocksdb::FileMetaData>]’
/usr/include/c++/11/bits/alloc_traits.h:516:17:   required from ‘static void std::allocator_traits<std::allocator<_Tp1> >::construct(std::allocator_traits<std::allocator<_Tp1> >::allocator_type&, _Up*, _Args&& ...) [with _Up = std::pair<int, rocksdb::FileMetaData>; _Args = {int&, const rocksdb::FileMetaData&}; _Tp = std::pair<int, rocksdb::FileMetaData>; std::allocator_traits<std::allocator<_Tp1> >::allocator_type = std::allocator<std::pair<int, rocksdb::FileMetaData> >]’
/usr/include/c++/11/bits/vector.tcc:115:30:   required from ‘void std::vector<_Tp, _Alloc>::emplace_back(_Args&& ...) [with _Args = {int&, const rocksdb::FileMetaData&}; _Tp = std::pair<int, rocksdb::FileMetaData>; _Alloc = std::allocator<std::pair<int, rocksdb::FileMetaData> >]’
./db/version_edit.h:258:28:   required from here
./db/version_edit.h:86:8: warning: implicitly-declared ‘constexpr rocksdb::FileDescriptor::FileDescriptor(const rocksdb::FileDescriptor&)’ is deprecated [-Wdeprecated-copy]
   86 | struct FileMetaData {
      |        ^~~~~~~~~~~~
./db/version_edit.h:55:19: note: because ‘rocksdb::FileDescriptor’ has user-provided ‘rocksdb::FileDescriptor& rocksdb::FileDescriptor::operator=(const rocksdb::FileDescriptor&)’
   55 |   FileDescriptor& operator=(const FileDescriptor& fd) {
      |                   ^~~~~~~~
In file included from /usr/include/c++/11/bits/stl_algobase.h:64,
                 from /usr/include/c++/11/bits/stl_tree.h:63,
                 from /usr/include/c++/11/map:60,
                 from ./include/rocksdb/db.h:13,
                 from ./utilities/transactions/optimistic_transaction_db_impl.h:9,
                 from utilities/transactions/optimistic_transaction_db_impl.cc:8:
/usr/include/c++/11/bits/stl_pair.h:323:41: note: synthesized method ‘rocksdb::FileMetaData::FileMetaData(const rocksdb::FileMetaData&)’ first required here
  323 |        : first(std::forward<_U1>(__x)), second(__y) { }
      |                                         ^~~~~~~~~~~
In file included from ./db/memtable.h:21,
                 from ./db/memtable_list.h:17,
                 from ./db/column_family.h:17,
                 from ./db/db_impl/db_impl.h:22,
                 from utilities/transactions/transaction_util.cc:14:
./db/version_edit.h: In constructor ‘rocksdb::FdWithKeyRange::FdWithKeyRange(rocksdb::FileDescriptor, rocksdb::Slice, rocksdb::Slice, rocksdb::FileMetaData*)’:
./db/version_edit.h:175:9: warning: implicitly-declared ‘constexpr rocksdb::FileDescriptor::FileDescriptor(const rocksdb::FileDescriptor&)’ is deprecated [-Wdeprecated-copy]
  175 |       : fd(_fd),
      |         ^~~~~~~
./db/version_edit.h:55:19: note: because ‘rocksdb::FileDescriptor’ has user-provided ‘rocksdb::FileDescriptor& rocksdb::FileDescriptor::operator=(const rocksdb::FileDescriptor&)’
   55 |   FileDescriptor& operator=(const FileDescriptor& fd) {
      |                   ^~~~~~~~
./db/version_edit.h: In instantiation of ‘constexpr std::pair<_T1, _T2>::pair(_U1&&, _U2&&) [with _U1 = int&; _U2 = rocksdb::FileMetaData; typename std::enable_if<(std::_PCC<true, _T1, _T2>::_MoveConstructiblePair<_U1, _U2>() && std::_PCC<true, _T1, _T2>::_ImplicitlyMoveConvertiblePair<_U1, _U2>()), bool>::type <anonymous> = true; _T1 = int; _T2 = rocksdb::FileMetaData]’:
/usr/include/c++/11/ext/new_allocator.h:162:4:   required from ‘void __gnu_cxx::new_allocator<_Tp>::construct(_Up*, _Args&& ...) [with _Up = std::pair<int, rocksdb::FileMetaData>; _Args = {int&, rocksdb::FileMetaData}; _Tp = std::pair<int, rocksdb::FileMetaData>]’
/usr/include/c++/11/bits/alloc_traits.h:516:17:   required from ‘static void std::allocator_traits<std::allocator<_CharT> >::construct(std::allocator_traits<std::allocator<_CharT> >::allocator_type&, _Up*, _Args&& ...) [with _Up = std::pair<int, rocksdb::FileMetaData>; _Args = {int&, rocksdb::FileMetaData}; _Tp = std::pair<int, rocksdb::FileMetaData>; std::allocator_traits<std::allocator<_CharT> >::allocator_type = std::allocator<std::pair<int, rocksdb::FileMetaData> >]’
/usr/include/c++/11/bits/vector.tcc:115:30:   required from ‘void std::vector<_Tp, _Alloc>::emplace_back(_Args&& ...) [with _Args = {int&, rocksdb::FileMetaData}; _Tp = std::pair<int, rocksdb::FileMetaData>; _Alloc = std::allocator<std::pair<int, rocksdb::FileMetaData> >]’
./db/version_edit.h:253:28:   required from here
./db/version_edit.h:86:8: warning: implicitly-declared ‘constexpr rocksdb::FileDescriptor::FileDescriptor(const rocksdb::FileDescriptor&)’ is deprecated [-Wdeprecated-copy]
   86 | struct FileMetaData {
      |        ^~~~~~~~~~~~
./db/version_edit.h:55:19: note: because ‘rocksdb::FileDescriptor’ has user-provided ‘rocksdb::FileDescriptor& rocksdb::FileDescriptor::operator=(const rocksdb::FileDescriptor&)’
   55 |   FileDescriptor& operator=(const FileDescriptor& fd) {
      |                   ^~~~~~~~
In file included from /usr/include/c++/11/utility:70,
                 from /usr/include/c++/11/algorithm:60,
                 from ./utilities/transactions/pessimistic_transaction.h:10,
                 from utilities/transactions/pessimistic_transaction.cc:8:
/usr/include/c++/11/bits/stl_pair.h:353:42: note: synthesized method ‘rocksdb::FileMetaData::FileMetaData(rocksdb::FileMetaData&&)’ first required here
  353 |         : first(std::forward<_U1>(__x)), second(std::forward<_U2>(__y)) { }
      |                                          ^~~~~~~~~~~~~~~~~~~~~~~~~~~~~~
In file included from ./db/memtable.h:21,
                 from ./db/memtable_list.h:17,
                 from ./db/column_family.h:17,
                 from utilities/transactions/pessimistic_transaction.cc:15:
./db/version_edit.h: In instantiation of ‘constexpr std::pair<_T1, _T2>::pair(_U1&&, const _T2&) [with _U1 = int&; typename std::enable_if<std::_PCC<true, _T1, _T2>::_MoveCopyPair<true, _U1, _T2>(), bool>::type <anonymous> = true; _T1 = int; _T2 = rocksdb::FileMetaData]’:
/usr/include/c++/11/ext/new_allocator.h:162:4:   required from ‘void __gnu_cxx::new_allocator<_Tp>::construct(_Up*, _Args&& ...) [with _Up = std::pair<int, rocksdb::FileMetaData>; _Args = {int&, const rocksdb::FileMetaData&}; _Tp = std::pair<int, rocksdb::FileMetaData>]’
/usr/include/c++/11/bits/alloc_traits.h:516:17:   required from ‘static void std::allocator_traits<std::allocator<_CharT> >::construct(std::allocator_traits<std::allocator<_CharT> >::allocator_type&, _Up*, _Args&& ...) [with _Up = std::pair<int, rocksdb::FileMetaData>; _Args = {int&, const rocksdb::FileMetaData&}; _Tp = std::pair<int, rocksdb::FileMetaData>; std::allocator_traits<std::allocator<_CharT> >::allocator_type = std::allocator<std::pair<int, rocksdb::FileMetaData> >]’
/usr/include/c++/11/bits/vector.tcc:115:30:   required from ‘void std::vector<_Tp, _Alloc>::emplace_back(_Args&& ...) [with _Args = {int&, const rocksdb::FileMetaData&}; _Tp = std::pair<int, rocksdb::FileMetaData>; _Alloc = std::allocator<std::pair<int, rocksdb::FileMetaData> >]’
./db/version_edit.h:258:28:   required from here
./db/version_edit.h:86:8: warning: implicitly-declared ‘constexpr rocksdb::FileDescriptor::FileDescriptor(const rocksdb::FileDescriptor&)’ is deprecated [-Wdeprecated-copy]
   86 | struct FileMetaData {
      |        ^~~~~~~~~~~~
./db/version_edit.h:55:19: note: because ‘rocksdb::FileDescriptor’ has user-provided ‘rocksdb::FileDescriptor& rocksdb::FileDescriptor::operator=(const rocksdb::FileDescriptor&)’
   55 |   FileDescriptor& operator=(const FileDescriptor& fd) {
      |                   ^~~~~~~~
In file included from /usr/include/c++/11/utility:70,
                 from /usr/include/c++/11/algorithm:60,
                 from ./utilities/transactions/pessimistic_transaction.h:10,
                 from utilities/transactions/pessimistic_transaction.cc:8:
/usr/include/c++/11/bits/stl_pair.h:323:41: note: synthesized method ‘rocksdb::FileMetaData::FileMetaData(const rocksdb::FileMetaData&)’ first required here
  323 |        : first(std::forward<_U1>(__x)), second(__y) { }
      |                                         ^~~~~~~~~~~
./db/version_edit.h: In instantiation of ‘constexpr std::pair<_T1, _T2>::pair(_U1&&, _U2&&) [with _U1 = int&; _U2 = rocksdb::FileMetaData; typename std::enable_if<(std::_PCC<true, _T1, _T2>::_MoveConstructiblePair<_U1, _U2>() && std::_PCC<true, _T1, _T2>::_ImplicitlyMoveConvertiblePair<_U1, _U2>()), bool>::type <anonymous> = true; _T1 = int; _T2 = rocksdb::FileMetaData]’:
/usr/include/c++/11/ext/new_allocator.h:162:4:   required from ‘void __gnu_cxx::new_allocator<_Tp>::construct(_Up*, _Args&& ...) [with _Up = std::pair<int, rocksdb::FileMetaData>; _Args = {int&, rocksdb::FileMetaData}; _Tp = std::pair<int, rocksdb::FileMetaData>]’
/usr/include/c++/11/bits/alloc_traits.h:516:17:   required from ‘static void std::allocator_traits<std::allocator<_CharT> >::construct(std::allocator_traits<std::allocator<_CharT> >::allocator_type&, _Up*, _Args&& ...) [with _Up = std::pair<int, rocksdb::FileMetaData>; _Args = {int&, rocksdb::FileMetaData}; _Tp = std::pair<int, rocksdb::FileMetaData>; std::allocator_traits<std::allocator<_CharT> >::allocator_type = std::allocator<std::pair<int, rocksdb::FileMetaData> >]’
/usr/include/c++/11/bits/vector.tcc:115:30:   required from ‘void std::vector<_Tp, _Alloc>::emplace_back(_Args&& ...) [with _Args = {int&, rocksdb::FileMetaData}; _Tp = std::pair<int, rocksdb::FileMetaData>; _Alloc = std::allocator<std::pair<int, rocksdb::FileMetaData> >]’
./db/version_edit.h:253:28:   required from here
./db/version_edit.h:86:8: warning: implicitly-declared ‘constexpr rocksdb::FileDescriptor::FileDescriptor(const rocksdb::FileDescriptor&)’ is deprecated [-Wdeprecated-copy]
   86 | struct FileMetaData {
      |        ^~~~~~~~~~~~
./db/version_edit.h:55:19: note: because ‘rocksdb::FileDescriptor’ has user-provided ‘rocksdb::FileDescriptor& rocksdb::FileDescriptor::operator=(const rocksdb::FileDescriptor&)’
   55 |   FileDescriptor& operator=(const FileDescriptor& fd) {
      |                   ^~~~~~~~
In file included from /usr/include/c++/11/utility:70,
                 from /usr/include/c++/11/tuple:38,
                 from /usr/include/c++/11/mutex:38,
                 from ./utilities/transactions/pessimistic_transaction_db.h:9,
                 from utilities/transactions/pessimistic_transaction_db.cc:8:
/usr/include/c++/11/bits/stl_pair.h:353:42: note: synthesized method ‘rocksdb::FileMetaData::FileMetaData(rocksdb::FileMetaData&&)’ first required here
  353 |         : first(std::forward<_U1>(__x)), second(std::forward<_U2>(__y)) { }
      |                                          ^~~~~~~~~~~~~~~~~~~~~~~~~~~~~~
In file included from ./db/memtable.h:21,
                 from ./db/memtable_list.h:17,
                 from ./db/column_family.h:17,
                 from ./db/db_impl/db_impl.h:22,
                 from ./db/db_iter.h:13,
                 from ./utilities/transactions/pessimistic_transaction_db.h:16,
                 from utilities/transactions/pessimistic_transaction_db.cc:8:
./db/version_edit.h: In instantiation of ‘constexpr std::pair<_T1, _T2>::pair(_U1&&, const _T2&) [with _U1 = int&; typename std::enable_if<std::_PCC<true, _T1, _T2>::_MoveCopyPair<true, _U1, _T2>(), bool>::type <anonymous> = true; _T1 = int; _T2 = rocksdb::FileMetaData]’:
/usr/include/c++/11/ext/new_allocator.h:162:4:   required from ‘void __gnu_cxx::new_allocator<_Tp>::construct(_Up*, _Args&& ...) [with _Up = std::pair<int, rocksdb::FileMetaData>; _Args = {int&, const rocksdb::FileMetaData&}; _Tp = std::pair<int, rocksdb::FileMetaData>]’
/usr/include/c++/11/bits/alloc_traits.h:516:17:   required from ‘static void std::allocator_traits<std::allocator<_CharT> >::construct(std::allocator_traits<std::allocator<_CharT> >::allocator_type&, _Up*, _Args&& ...) [with _Up = std::pair<int, rocksdb::FileMetaData>; _Args = {int&, const rocksdb::FileMetaData&}; _Tp = std::pair<int, rocksdb::FileMetaData>; std::allocator_traits<std::allocator<_CharT> >::allocator_type = std::allocator<std::pair<int, rocksdb::FileMetaData> >]’
/usr/include/c++/11/bits/vector.tcc:115:30:   required from ‘void std::vector<_Tp, _Alloc>::emplace_back(_Args&& ...) [with _Args = {int&, const rocksdb::FileMetaData&}; _Tp = std::pair<int, rocksdb::FileMetaData>; _Alloc = std::allocator<std::pair<int, rocksdb::FileMetaData> >]’
./db/version_edit.h:258:28:   required from here
./db/version_edit.h:86:8: warning: implicitly-declared ‘constexpr rocksdb::FileDescriptor::FileDescriptor(const rocksdb::FileDescriptor&)’ is deprecated [-Wdeprecated-copy]
   86 | struct FileMetaData {
      |        ^~~~~~~~~~~~
./db/version_edit.h:55:19: note: because ‘rocksdb::FileDescriptor’ has user-provided ‘rocksdb::FileDescriptor& rocksdb::FileDescriptor::operator=(const rocksdb::FileDescriptor&)’
   55 |   FileDescriptor& operator=(const FileDescriptor& fd) {
      |                   ^~~~~~~~
In file included from /usr/include/c++/11/utility:70,
                 from /usr/include/c++/11/tuple:38,
                 from /usr/include/c++/11/mutex:38,
                 from ./utilities/transactions/pessimistic_transaction_db.h:9,
                 from utilities/transactions/pessimistic_transaction_db.cc:8:
/usr/include/c++/11/bits/stl_pair.h:323:41: note: synthesized method ‘rocksdb::FileMetaData::FileMetaData(const rocksdb::FileMetaData&)’ first required here
  323 |        : first(std::forward<_U1>(__x)), second(__y) { }
      |                                         ^~~~~~~~~~~
  CC       utilities/transactions/write_prepared_txn.o
./db/version_edit.h: In instantiation of ‘constexpr std::pair<_T1, _T2>::pair(_U1&&, _U2&&) [with _U1 = int&; _U2 = rocksdb::FileMetaData; typename std::enable_if<(std::_PCC<true, _T1, _T2>::_MoveConstructiblePair<_U1, _U2>() && std::_PCC<true, _T1, _T2>::_ImplicitlyMoveConvertiblePair<_U1, _U2>()), bool>::type <anonymous> = true; _T1 = int; _T2 = rocksdb::FileMetaData]’:
/usr/include/c++/11/ext/new_allocator.h:162:4:   required from ‘void __gnu_cxx::new_allocator<_Tp>::construct(_Up*, _Args&& ...) [with _Up = std::pair<int, rocksdb::FileMetaData>; _Args = {int&, rocksdb::FileMetaData}; _Tp = std::pair<int, rocksdb::FileMetaData>]’
/usr/include/c++/11/bits/alloc_traits.h:516:17:   required from ‘static void std::allocator_traits<std::allocator<_CharT> >::construct(std::allocator_traits<std::allocator<_CharT> >::allocator_type&, _Up*, _Args&& ...) [with _Up = std::pair<int, rocksdb::FileMetaData>; _Args = {int&, rocksdb::FileMetaData}; _Tp = std::pair<int, rocksdb::FileMetaData>; std::allocator_traits<std::allocator<_CharT> >::allocator_type = std::allocator<std::pair<int, rocksdb::FileMetaData> >]’
/usr/include/c++/11/bits/vector.tcc:115:30:   required from ‘void std::vector<_Tp, _Alloc>::emplace_back(_Args&& ...) [with _Args = {int&, rocksdb::FileMetaData}; _Tp = std::pair<int, rocksdb::FileMetaData>; _Alloc = std::allocator<std::pair<int, rocksdb::FileMetaData> >]’
./db/version_edit.h:253:28:   required from here
./db/version_edit.h:86:8: warning: implicitly-declared ‘constexpr rocksdb::FileDescriptor::FileDescriptor(const rocksdb::FileDescriptor&)’ is deprecated [-Wdeprecated-copy]
   86 | struct FileMetaData {
      |        ^~~~~~~~~~~~
./db/version_edit.h:55:19: note: because ‘rocksdb::FileDescriptor’ has user-provided ‘rocksdb::FileDescriptor& rocksdb::FileDescriptor::operator=(const rocksdb::FileDescriptor&)’
   55 |   FileDescriptor& operator=(const FileDescriptor& fd) {
      |                   ^~~~~~~~
In file included from /usr/include/c++/11/bits/stl_algobase.h:64,
                 from /usr/include/c++/11/bits/char_traits.h:39,
                 from /usr/include/c++/11/string:40,
                 from ./include/rocksdb/slice.h:25,
                 from ./include/rocksdb/types.h:9,
                 from ./db/snapshot_checker.h:7,
                 from utilities/transactions/snapshot_checker.cc:6:
/usr/include/c++/11/bits/stl_pair.h:353:42: note: synthesized method ‘rocksdb::FileMetaData::FileMetaData(rocksdb::FileMetaData&&)’ first required here
  353 |         : first(std::forward<_U1>(__x)), second(std::forward<_U2>(__y)) { }
      |                                          ^~~~~~~~~~~~~~~~~~~~~~~~~~~~~~
In file included from ./db/memtable.h:21,
                 from ./db/memtable_list.h:17,
                 from ./db/column_family.h:17,
                 from ./db/db_impl/db_impl.h:22,
                 from ./db/db_iter.h:13,
                 from ./utilities/transactions/write_prepared_txn_db.h:17,
                 from utilities/transactions/snapshot_checker.cc:12:
./db/version_edit.h: In instantiation of ‘constexpr std::pair<_T1, _T2>::pair(_U1&&, const _T2&) [with _U1 = int&; typename std::enable_if<std::_PCC<true, _T1, _T2>::_MoveCopyPair<true, _U1, _T2>(), bool>::type <anonymous> = true; _T1 = int; _T2 = rocksdb::FileMetaData]’:
/usr/include/c++/11/ext/new_allocator.h:162:4:   required from ‘void __gnu_cxx::new_allocator<_Tp>::construct(_Up*, _Args&& ...) [with _Up = std::pair<int, rocksdb::FileMetaData>; _Args = {int&, const rocksdb::FileMetaData&}; _Tp = std::pair<int, rocksdb::FileMetaData>]’
/usr/include/c++/11/bits/alloc_traits.h:516:17:   required from ‘static void std::allocator_traits<std::allocator<_CharT> >::construct(std::allocator_traits<std::allocator<_CharT> >::allocator_type&, _Up*, _Args&& ...) [with _Up = std::pair<int, rocksdb::FileMetaData>; _Args = {int&, const rocksdb::FileMetaData&}; _Tp = std::pair<int, rocksdb::FileMetaData>; std::allocator_traits<std::allocator<_CharT> >::allocator_type = std::allocator<std::pair<int, rocksdb::FileMetaData> >]’
/usr/include/c++/11/bits/vector.tcc:115:30:   required from ‘void std::vector<_Tp, _Alloc>::emplace_back(_Args&& ...) [with _Args = {int&, const rocksdb::FileMetaData&}; _Tp = std::pair<int, rocksdb::FileMetaData>; _Alloc = std::allocator<std::pair<int, rocksdb::FileMetaData> >]’
./db/version_edit.h:258:28:   required from here
./db/version_edit.h:86:8: warning: implicitly-declared ‘constexpr rocksdb::FileDescriptor::FileDescriptor(const rocksdb::FileDescriptor&)’ is deprecated [-Wdeprecated-copy]
   86 | struct FileMetaData {
      |        ^~~~~~~~~~~~
./db/version_edit.h:55:19: note: because ‘rocksdb::FileDescriptor’ has user-provided ‘rocksdb::FileDescriptor& rocksdb::FileDescriptor::operator=(const rocksdb::FileDescriptor&)’
   55 |   FileDescriptor& operator=(const FileDescriptor& fd) {
      |                   ^~~~~~~~
In file included from /usr/include/c++/11/bits/stl_algobase.h:64,
                 from /usr/include/c++/11/bits/char_traits.h:39,
                 from /usr/include/c++/11/string:40,
                 from ./include/rocksdb/slice.h:25,
                 from ./include/rocksdb/types.h:9,
                 from ./db/snapshot_checker.h:7,
                 from utilities/transactions/snapshot_checker.cc:6:
/usr/include/c++/11/bits/stl_pair.h:323:41: note: synthesized method ‘rocksdb::FileMetaData::FileMetaData(const rocksdb::FileMetaData&)’ first required here
  323 |        : first(std::forward<_U1>(__x)), second(__y) { }
      |                                         ^~~~~~~~~~~
./db/version_edit.h: In instantiation of ‘constexpr std::pair<_T1, _T2>::pair(_U1&&, _U2&&) [with _U1 = int&; _U2 = rocksdb::FileMetaData; typename std::enable_if<(std::_PCC<true, _T1, _T2>::_MoveConstructiblePair<_U1, _U2>() && std::_PCC<true, _T1, _T2>::_ImplicitlyMoveConvertiblePair<_U1, _U2>()), bool>::type <anonymous> = true; _T1 = int; _T2 = rocksdb::FileMetaData]’:
/usr/include/c++/11/ext/new_allocator.h:162:4:   required from ‘void __gnu_cxx::new_allocator<_Tp>::construct(_Up*, _Args&& ...) [with _Up = std::pair<int, rocksdb::FileMetaData>; _Args = {int&, rocksdb::FileMetaData}; _Tp = std::pair<int, rocksdb::FileMetaData>]’
/usr/include/c++/11/bits/alloc_traits.h:516:17:   required from ‘static void std::allocator_traits<std::allocator<_Tp1> >::construct(std::allocator_traits<std::allocator<_Tp1> >::allocator_type&, _Up*, _Args&& ...) [with _Up = std::pair<int, rocksdb::FileMetaData>; _Args = {int&, rocksdb::FileMetaData}; _Tp = std::pair<int, rocksdb::FileMetaData>; std::allocator_traits<std::allocator<_Tp1> >::allocator_type = std::allocator<std::pair<int, rocksdb::FileMetaData> >]’
/usr/include/c++/11/bits/vector.tcc:115:30:   required from ‘void std::vector<_Tp, _Alloc>::emplace_back(_Args&& ...) [with _Args = {int&, rocksdb::FileMetaData}; _Tp = std::pair<int, rocksdb::FileMetaData>; _Alloc = std::allocator<std::pair<int, rocksdb::FileMetaData> >]’
./db/version_edit.h:253:28:   required from here
./db/version_edit.h:86:8: warning: implicitly-declared ‘constexpr rocksdb::FileDescriptor::FileDescriptor(const rocksdb::FileDescriptor&)’ is deprecated [-Wdeprecated-copy]
   86 | struct FileMetaData {
      |        ^~~~~~~~~~~~
./db/version_edit.h:55:19: note: because ‘rocksdb::FileDescriptor’ has user-provided ‘rocksdb::FileDescriptor& rocksdb::FileDescriptor::operator=(const rocksdb::FileDescriptor&)’
   55 |   FileDescriptor& operator=(const FileDescriptor& fd) {
      |                   ^~~~~~~~
In file included from /usr/include/c++/11/bits/stl_algobase.h:64,
                 from /usr/include/c++/11/deque:60,
                 from /usr/include/c++/11/stack:60,
                 from ./utilities/transactions/transaction_base.h:10,
                 from utilities/transactions/transaction_base.cc:8:
/usr/include/c++/11/bits/stl_pair.h:353:42: note: synthesized method ‘rocksdb::FileMetaData::FileMetaData(rocksdb::FileMetaData&&)’ first required here
  353 |         : first(std::forward<_U1>(__x)), second(std::forward<_U2>(__y)) { }
      |                                          ^~~~~~~~~~~~~~~~~~~~~~~~~~~~~~
In file included from ./db/memtable.h:21,
                 from ./db/memtable_list.h:17,
                 from ./db/column_family.h:17,
                 from utilities/transactions/transaction_base.cc:12:
./db/version_edit.h: In instantiation of ‘constexpr std::pair<_T1, _T2>::pair(_U1&&, const _T2&) [with _U1 = int&; typename std::enable_if<std::_PCC<true, _T1, _T2>::_MoveCopyPair<true, _U1, _T2>(), bool>::type <anonymous> = true; _T1 = int; _T2 = rocksdb::FileMetaData]’:
/usr/include/c++/11/ext/new_allocator.h:162:4:   required from ‘void __gnu_cxx::new_allocator<_Tp>::construct(_Up*, _Args&& ...) [with _Up = std::pair<int, rocksdb::FileMetaData>; _Args = {int&, const rocksdb::FileMetaData&}; _Tp = std::pair<int, rocksdb::FileMetaData>]’
/usr/include/c++/11/bits/alloc_traits.h:516:17:   required from ‘static void std::allocator_traits<std::allocator<_Tp1> >::construct(std::allocator_traits<std::allocator<_Tp1> >::allocator_type&, _Up*, _Args&& ...) [with _Up = std::pair<int, rocksdb::FileMetaData>; _Args = {int&, const rocksdb::FileMetaData&}; _Tp = std::pair<int, rocksdb::FileMetaData>; std::allocator_traits<std::allocator<_Tp1> >::allocator_type = std::allocator<std::pair<int, rocksdb::FileMetaData> >]’
/usr/include/c++/11/bits/vector.tcc:115:30:   required from ‘void std::vector<_Tp, _Alloc>::emplace_back(_Args&& ...) [with _Args = {int&, const rocksdb::FileMetaData&}; _Tp = std::pair<int, rocksdb::FileMetaData>; _Alloc = std::allocator<std::pair<int, rocksdb::FileMetaData> >]’
./db/version_edit.h:258:28:   required from here
./db/version_edit.h:86:8: warning: implicitly-declared ‘constexpr rocksdb::FileDescriptor::FileDescriptor(const rocksdb::FileDescriptor&)’ is deprecated [-Wdeprecated-copy]
   86 | struct FileMetaData {
      |        ^~~~~~~~~~~~
./db/version_edit.h:55:19: note: because ‘rocksdb::FileDescriptor’ has user-provided ‘rocksdb::FileDescriptor& rocksdb::FileDescriptor::operator=(const rocksdb::FileDescriptor&)’
   55 |   FileDescriptor& operator=(const FileDescriptor& fd) {
      |                   ^~~~~~~~
In file included from /usr/include/c++/11/bits/stl_algobase.h:64,
                 from /usr/include/c++/11/deque:60,
                 from /usr/include/c++/11/stack:60,
                 from ./utilities/transactions/transaction_base.h:10,
                 from utilities/transactions/transaction_base.cc:8:
/usr/include/c++/11/bits/stl_pair.h:323:41: note: synthesized method ‘rocksdb::FileMetaData::FileMetaData(const rocksdb::FileMetaData&)’ first required here
  323 |        : first(std::forward<_U1>(__x)), second(__y) { }
      |                                         ^~~~~~~~~~~
./db/version_edit.h: In instantiation of ‘constexpr std::pair<_T1, _T2>::pair(_U1&&, _U2&&) [with _U1 = int&; _U2 = rocksdb::FileMetaData; typename std::enable_if<(std::_PCC<true, _T1, _T2>::_MoveConstructiblePair<_U1, _U2>() && std::_PCC<true, _T1, _T2>::_ImplicitlyMoveConvertiblePair<_U1, _U2>()), bool>::type <anonymous> = true; _T1 = int; _T2 = rocksdb::FileMetaData]’:
/usr/include/c++/11/ext/new_allocator.h:162:4:   required from ‘void __gnu_cxx::new_allocator<_Tp>::construct(_Up*, _Args&& ...) [with _Up = std::pair<int, rocksdb::FileMetaData>; _Args = {int&, rocksdb::FileMetaData}; _Tp = std::pair<int, rocksdb::FileMetaData>]’
/usr/include/c++/11/bits/alloc_traits.h:516:17:   required from ‘static void std::allocator_traits<std::allocator<_CharT> >::construct(std::allocator_traits<std::allocator<_CharT> >::allocator_type&, _Up*, _Args&& ...) [with _Up = std::pair<int, rocksdb::FileMetaData>; _Args = {int&, rocksdb::FileMetaData}; _Tp = std::pair<int, rocksdb::FileMetaData>; std::allocator_traits<std::allocator<_CharT> >::allocator_type = std::allocator<std::pair<int, rocksdb::FileMetaData> >]’
/usr/include/c++/11/bits/vector.tcc:115:30:   required from ‘void std::vector<_Tp, _Alloc>::emplace_back(_Args&& ...) [with _Args = {int&, rocksdb::FileMetaData}; _Tp = std::pair<int, rocksdb::FileMetaData>; _Alloc = std::allocator<std::pair<int, rocksdb::FileMetaData> >]’
./db/version_edit.h:253:28:   required from here
./db/version_edit.h:86:8: warning: implicitly-declared ‘constexpr rocksdb::FileDescriptor::FileDescriptor(const rocksdb::FileDescriptor&)’ is deprecated [-Wdeprecated-copy]
   86 | struct FileMetaData {
      |        ^~~~~~~~~~~~
./db/version_edit.h:55:19: note: because ‘rocksdb::FileDescriptor’ has user-provided ‘rocksdb::FileDescriptor& rocksdb::FileDescriptor::operator=(const rocksdb::FileDescriptor&)’
   55 |   FileDescriptor& operator=(const FileDescriptor& fd) {
      |                   ^~~~~~~~
In file included from /usr/include/c++/11/bits/stl_algobase.h:64,
                 from /usr/include/c++/11/bits/char_traits.h:39,
                 from /usr/include/c++/11/string:40,
                 from ./utilities/transactions/transaction_lock_mgr.h:10,
                 from utilities/transactions/transaction_lock_mgr.cc:8:
/usr/include/c++/11/bits/stl_pair.h:353:42: note: synthesized method ‘rocksdb::FileMetaData::FileMetaData(rocksdb::FileMetaData&&)’ first required here
  353 |         : first(std::forward<_U1>(__x)), second(std::forward<_U2>(__y)) { }
      |                                          ^~~~~~~~~~~~~~~~~~~~~~~~~~~~~~
In file included from ./db/memtable.h:21,
                 from ./db/memtable_list.h:17,
                 from ./db/column_family.h:17,
                 from ./db/db_impl/db_impl.h:22,
                 from ./db/db_iter.h:13,
                 from ./utilities/transactions/pessimistic_transaction_db.h:16,
                 from utilities/transactions/transaction_lock_mgr.cc:26:
./db/version_edit.h: In instantiation of ‘constexpr std::pair<_T1, _T2>::pair(_U1&&, const _T2&) [with _U1 = int&; typename std::enable_if<std::_PCC<true, _T1, _T2>::_MoveCopyPair<true, _U1, _T2>(), bool>::type <anonymous> = true; _T1 = int; _T2 = rocksdb::FileMetaData]’:
/usr/include/c++/11/ext/new_allocator.h:162:4:   required from ‘void __gnu_cxx::new_allocator<_Tp>::construct(_Up*, _Args&& ...) [with _Up = std::pair<int, rocksdb::FileMetaData>; _Args = {int&, const rocksdb::FileMetaData&}; _Tp = std::pair<int, rocksdb::FileMetaData>]’
/usr/include/c++/11/bits/alloc_traits.h:516:17:   required from ‘static void std::allocator_traits<std::allocator<_CharT> >::construct(std::allocator_traits<std::allocator<_CharT> >::allocator_type&, _Up*, _Args&& ...) [with _Up = std::pair<int, rocksdb::FileMetaData>; _Args = {int&, const rocksdb::FileMetaData&}; _Tp = std::pair<int, rocksdb::FileMetaData>; std::allocator_traits<std::allocator<_CharT> >::allocator_type = std::allocator<std::pair<int, rocksdb::FileMetaData> >]’
/usr/include/c++/11/bits/vector.tcc:115:30:   required from ‘void std::vector<_Tp, _Alloc>::emplace_back(_Args&& ...) [with _Args = {int&, const rocksdb::FileMetaData&}; _Tp = std::pair<int, rocksdb::FileMetaData>; _Alloc = std::allocator<std::pair<int, rocksdb::FileMetaData> >]’
./db/version_edit.h:258:28:   required from here
./db/version_edit.h:86:8: warning: implicitly-declared ‘constexpr rocksdb::FileDescriptor::FileDescriptor(const rocksdb::FileDescriptor&)’ is deprecated [-Wdeprecated-copy]
   86 | struct FileMetaData {
      |        ^~~~~~~~~~~~
./db/version_edit.h:55:19: note: because ‘rocksdb::FileDescriptor’ has user-provided ‘rocksdb::FileDescriptor& rocksdb::FileDescriptor::operator=(const rocksdb::FileDescriptor&)’
   55 |   FileDescriptor& operator=(const FileDescriptor& fd) {
      |                   ^~~~~~~~
In file included from /usr/include/c++/11/bits/stl_algobase.h:64,
                 from /usr/include/c++/11/bits/char_traits.h:39,
                 from /usr/include/c++/11/string:40,
                 from ./utilities/transactions/transaction_lock_mgr.h:10,
                 from utilities/transactions/transaction_lock_mgr.cc:8:
/usr/include/c++/11/bits/stl_pair.h:323:41: note: synthesized method ‘rocksdb::FileMetaData::FileMetaData(const rocksdb::FileMetaData&)’ first required here
  323 |        : first(std::forward<_U1>(__x)), second(__y) { }
      |                                         ^~~~~~~~~~~
./db/version_edit.h: In instantiation of ‘constexpr std::pair<_T1, _T2>::pair(_U1&&, _U2&&) [with _U1 = int&; _U2 = rocksdb::FileMetaData; typename std::enable_if<(std::_PCC<true, _T1, _T2>::_MoveConstructiblePair<_U1, _U2>() && std::_PCC<true, _T1, _T2>::_ImplicitlyMoveConvertiblePair<_U1, _U2>()), bool>::type <anonymous> = true; _T1 = int; _T2 = rocksdb::FileMetaData]’:
/usr/include/c++/11/ext/new_allocator.h:162:4:   required from ‘void __gnu_cxx::new_allocator<_Tp>::construct(_Up*, _Args&& ...) [with _Up = std::pair<int, rocksdb::FileMetaData>; _Args = {int&, rocksdb::FileMetaData}; _Tp = std::pair<int, rocksdb::FileMetaData>]’
/usr/include/c++/11/bits/alloc_traits.h:516:17:   required from ‘static void std::allocator_traits<std::allocator<_CharT> >::construct(std::allocator_traits<std::allocator<_CharT> >::allocator_type&, _Up*, _Args&& ...) [with _Up = std::pair<int, rocksdb::FileMetaData>; _Args = {int&, rocksdb::FileMetaData}; _Tp = std::pair<int, rocksdb::FileMetaData>; std::allocator_traits<std::allocator<_CharT> >::allocator_type = std::allocator<std::pair<int, rocksdb::FileMetaData> >]’
/usr/include/c++/11/bits/vector.tcc:115:30:   required from ‘void std::vector<_Tp, _Alloc>::emplace_back(_Args&& ...) [with _Args = {int&, rocksdb::FileMetaData}; _Tp = std::pair<int, rocksdb::FileMetaData>; _Alloc = std::allocator<std::pair<int, rocksdb::FileMetaData> >]’
./db/version_edit.h:253:28:   required from here
./db/version_edit.h:86:8: warning: implicitly-declared ‘constexpr rocksdb::FileDescriptor::FileDescriptor(const rocksdb::FileDescriptor&)’ is deprecated [-Wdeprecated-copy]
   86 | struct FileMetaData {
      |        ^~~~~~~~~~~~
./db/version_edit.h:55:19: note: because ‘rocksdb::FileDescriptor’ has user-provided ‘rocksdb::FileDescriptor& rocksdb::FileDescriptor::operator=(const rocksdb::FileDescriptor&)’
   55 |   FileDescriptor& operator=(const FileDescriptor& fd) {
      |                   ^~~~~~~~
In file included from /usr/include/c++/11/bits/stl_algobase.h:64,
                 from /usr/include/c++/11/bits/char_traits.h:39,
                 from /usr/include/c++/11/string:40,
                 from ./utilities/transactions/transaction_util.h:10,
                 from utilities/transactions/transaction_util.cc:8:
/usr/include/c++/11/bits/stl_pair.h:353:42: note: synthesized method ‘rocksdb::FileMetaData::FileMetaData(rocksdb::FileMetaData&&)’ first required here
  353 |         : first(std::forward<_U1>(__x)), second(std::forward<_U2>(__y)) { }
      |                                          ^~~~~~~~~~~~~~~~~~~~~~~~~~~~~~
In file included from ./db/memtable.h:21,
                 from ./db/memtable_list.h:17,
                 from ./db/column_family.h:17,
                 from ./db/db_impl/db_impl.h:22,
                 from utilities/transactions/transaction_util.cc:14:
./db/version_edit.h: In instantiation of ‘constexpr std::pair<_T1, _T2>::pair(_U1&&, const _T2&) [with _U1 = int&; typename std::enable_if<std::_PCC<true, _T1, _T2>::_MoveCopyPair<true, _U1, _T2>(), bool>::type <anonymous> = true; _T1 = int; _T2 = rocksdb::FileMetaData]’:
/usr/include/c++/11/ext/new_allocator.h:162:4:   required from ‘void __gnu_cxx::new_allocator<_Tp>::construct(_Up*, _Args&& ...) [with _Up = std::pair<int, rocksdb::FileMetaData>; _Args = {int&, const rocksdb::FileMetaData&}; _Tp = std::pair<int, rocksdb::FileMetaData>]’
/usr/include/c++/11/bits/alloc_traits.h:516:17:   required from ‘static void std::allocator_traits<std::allocator<_CharT> >::construct(std::allocator_traits<std::allocator<_CharT> >::allocator_type&, _Up*, _Args&& ...) [with _Up = std::pair<int, rocksdb::FileMetaData>; _Args = {int&, const rocksdb::FileMetaData&}; _Tp = std::pair<int, rocksdb::FileMetaData>; std::allocator_traits<std::allocator<_CharT> >::allocator_type = std::allocator<std::pair<int, rocksdb::FileMetaData> >]’
/usr/include/c++/11/bits/vector.tcc:115:30:   required from ‘void std::vector<_Tp, _Alloc>::emplace_back(_Args&& ...) [with _Args = {int&, const rocksdb::FileMetaData&}; _Tp = std::pair<int, rocksdb::FileMetaData>; _Alloc = std::allocator<std::pair<int, rocksdb::FileMetaData> >]’
./db/version_edit.h:258:28:   required from here
./db/version_edit.h:86:8: warning: implicitly-declared ‘constexpr rocksdb::FileDescriptor::FileDescriptor(const rocksdb::FileDescriptor&)’ is deprecated [-Wdeprecated-copy]
   86 | struct FileMetaData {
      |        ^~~~~~~~~~~~
./db/version_edit.h:55:19: note: because ‘rocksdb::FileDescriptor’ has user-provided ‘rocksdb::FileDescriptor& rocksdb::FileDescriptor::operator=(const rocksdb::FileDescriptor&)’
   55 |   FileDescriptor& operator=(const FileDescriptor& fd) {
      |                   ^~~~~~~~
In file included from /usr/include/c++/11/bits/stl_algobase.h:64,
                 from /usr/include/c++/11/bits/char_traits.h:39,
                 from /usr/include/c++/11/string:40,
                 from ./utilities/transactions/transaction_util.h:10,
                 from utilities/transactions/transaction_util.cc:8:
/usr/include/c++/11/bits/stl_pair.h:323:41: note: synthesized method ‘rocksdb::FileMetaData::FileMetaData(const rocksdb::FileMetaData&)’ first required here
  323 |        : first(std::forward<_U1>(__x)), second(__y) { }
      |                                         ^~~~~~~~~~~
  CC       utilities/transactions/write_prepared_txn_db.o
  CC       utilities/transactions/write_unprepared_txn.o
In file included from ./db/memtable.h:21,
                 from ./db/memtable_list.h:17,
                 from ./db/column_family.h:17,
                 from ./db/db_impl/db_impl.h:22,
                 from ./db/db_iter.h:13,
                 from ./utilities/transactions/pessimistic_transaction_db.h:16,
                 from ./utilities/transactions/write_prepared_txn.h:29,
                 from utilities/transactions/write_prepared_txn.cc:8:
./db/version_edit.h: In constructor ‘rocksdb::FdWithKeyRange::FdWithKeyRange(rocksdb::FileDescriptor, rocksdb::Slice, rocksdb::Slice, rocksdb::FileMetaData*)’:
./db/version_edit.h:175:9: warning: implicitly-declared ‘constexpr rocksdb::FileDescriptor::FileDescriptor(const rocksdb::FileDescriptor&)’ is deprecated [-Wdeprecated-copy]
  175 |       : fd(_fd),
      |         ^~~~~~~
./db/version_edit.h:55:19: note: because ‘rocksdb::FileDescriptor’ has user-provided ‘rocksdb::FileDescriptor& rocksdb::FileDescriptor::operator=(const rocksdb::FileDescriptor&)’
   55 |   FileDescriptor& operator=(const FileDescriptor& fd) {
      |                   ^~~~~~~~
  CC       utilities/transactions/write_unprepared_txn_db.o
  CC       utilities/ttl/db_ttl_impl.o
In file included from ./db/memtable.h:21,
                 from ./db/memtable_list.h:17,
                 from ./db/column_family.h:17,
                 from ./db/db_impl/db_impl.h:22,
                 from ./db/db_iter.h:13,
                 from ./utilities/transactions/write_prepared_txn_db.h:17,
                 from utilities/transactions/write_prepared_txn_db.cc:8:
./db/version_edit.h: In constructor ‘rocksdb::FdWithKeyRange::FdWithKeyRange(rocksdb::FileDescriptor, rocksdb::Slice, rocksdb::Slice, rocksdb::FileMetaData*)’:
./db/version_edit.h:175:9: warning: implicitly-declared ‘constexpr rocksdb::FileDescriptor::FileDescriptor(const rocksdb::FileDescriptor&)’ is deprecated [-Wdeprecated-copy]
  175 |       : fd(_fd),
      |         ^~~~~~~
./db/version_edit.h:55:19: note: because ‘rocksdb::FileDescriptor’ has user-provided ‘rocksdb::FileDescriptor& rocksdb::FileDescriptor::operator=(const rocksdb::FileDescriptor&)’
   55 |   FileDescriptor& operator=(const FileDescriptor& fd) {
      |                   ^~~~~~~~
In file included from ./db/memtable.h:21,
                 from ./db/memtable_list.h:17,
                 from ./db/column_family.h:17,
                 from ./db/db_impl/db_impl.h:22,
                 from ./db/db_iter.h:13,
                 from ./utilities/transactions/pessimistic_transaction_db.h:16,
                 from ./utilities/transactions/write_prepared_txn.h:29,
                 from ./utilities/transactions/write_unprepared_txn.h:12,
                 from utilities/transactions/write_unprepared_txn.cc:8:
./db/version_edit.h: In constructor ‘rocksdb::FdWithKeyRange::FdWithKeyRange(rocksdb::FileDescriptor, rocksdb::Slice, rocksdb::Slice, rocksdb::FileMetaData*)’:
./db/version_edit.h:175:9: warning: implicitly-declared ‘constexpr rocksdb::FileDescriptor::FileDescriptor(const rocksdb::FileDescriptor&)’ is deprecated [-Wdeprecated-copy]
  175 |       : fd(_fd),
      |         ^~~~~~~
./db/version_edit.h:55:19: note: because ‘rocksdb::FileDescriptor’ has user-provided ‘rocksdb::FileDescriptor& rocksdb::FileDescriptor::operator=(const rocksdb::FileDescriptor&)’
   55 |   FileDescriptor& operator=(const FileDescriptor& fd) {
      |                   ^~~~~~~~
  CC       utilities/write_batch_with_index/write_batch_with_index.o
In file included from ./db/memtable.h:21,
                 from ./db/memtable_list.h:17,
                 from ./db/column_family.h:17,
                 from ./db/db_impl/db_impl.h:22,
                 from ./db/db_iter.h:13,
                 from ./utilities/transactions/write_prepared_txn_db.h:17,
                 from ./utilities/transactions/write_unprepared_txn_db.h:9,
                 from utilities/transactions/write_unprepared_txn_db.cc:8:
./db/version_edit.h: In constructor ‘rocksdb::FdWithKeyRange::FdWithKeyRange(rocksdb::FileDescriptor, rocksdb::Slice, rocksdb::Slice, rocksdb::FileMetaData*)’:
./db/version_edit.h:175:9: warning: implicitly-declared ‘constexpr rocksdb::FileDescriptor::FileDescriptor(const rocksdb::FileDescriptor&)’ is deprecated [-Wdeprecated-copy]
  175 |       : fd(_fd),
      |         ^~~~~~~
./db/version_edit.h:55:19: note: because ‘rocksdb::FileDescriptor’ has user-provided ‘rocksdb::FileDescriptor& rocksdb::FileDescriptor::operator=(const rocksdb::FileDescriptor&)’
   55 |   FileDescriptor& operator=(const FileDescriptor& fd) {
      |                   ^~~~~~~~
In file included from ./db/memtable.h:21,
                 from ./db/memtable_list.h:17,
                 from ./db/column_family.h:17,
                 from ./db/db_impl/db_impl.h:22,
                 from ./utilities/ttl/db_ttl_impl.h:13,
                 from utilities/ttl/db_ttl_impl.cc:7:
./db/version_edit.h: In constructor ‘rocksdb::FdWithKeyRange::FdWithKeyRange(rocksdb::FileDescriptor, rocksdb::Slice, rocksdb::Slice, rocksdb::FileMetaData*)’:
./db/version_edit.h:175:9: warning: implicitly-declared ‘constexpr rocksdb::FileDescriptor::FileDescriptor(const rocksdb::FileDescriptor&)’ is deprecated [-Wdeprecated-copy]
  175 |       : fd(_fd),
      |         ^~~~~~~
./db/version_edit.h:55:19: note: because ‘rocksdb::FileDescriptor’ has user-provided ‘rocksdb::FileDescriptor& rocksdb::FileDescriptor::operator=(const rocksdb::FileDescriptor&)’
   55 |   FileDescriptor& operator=(const FileDescriptor& fd) {
      |                   ^~~~~~~~
./db/version_edit.h: In instantiation of ‘constexpr std::pair<_T1, _T2>::pair(_U1&&, _U2&&) [with _U1 = int&; _U2 = rocksdb::FileMetaData; typename std::enable_if<(std::_PCC<true, _T1, _T2>::_MoveConstructiblePair<_U1, _U2>() && std::_PCC<true, _T1, _T2>::_ImplicitlyMoveConvertiblePair<_U1, _U2>()), bool>::type <anonymous> = true; _T1 = int; _T2 = rocksdb::FileMetaData]’:
/usr/include/c++/11/ext/new_allocator.h:162:4:   required from ‘void __gnu_cxx::new_allocator<_Tp>::construct(_Up*, _Args&& ...) [with _Up = std::pair<int, rocksdb::FileMetaData>; _Args = {int&, rocksdb::FileMetaData}; _Tp = std::pair<int, rocksdb::FileMetaData>]’
/usr/include/c++/11/bits/alloc_traits.h:516:17:   required from ‘static void std::allocator_traits<std::allocator<_CharT> >::construct(std::allocator_traits<std::allocator<_CharT> >::allocator_type&, _Up*, _Args&& ...) [with _Up = std::pair<int, rocksdb::FileMetaData>; _Args = {int&, rocksdb::FileMetaData}; _Tp = std::pair<int, rocksdb::FileMetaData>; std::allocator_traits<std::allocator<_CharT> >::allocator_type = std::allocator<std::pair<int, rocksdb::FileMetaData> >]’
/usr/include/c++/11/bits/vector.tcc:115:30:   required from ‘void std::vector<_Tp, _Alloc>::emplace_back(_Args&& ...) [with _Args = {int&, rocksdb::FileMetaData}; _Tp = std::pair<int, rocksdb::FileMetaData>; _Alloc = std::allocator<std::pair<int, rocksdb::FileMetaData> >]’
./db/version_edit.h:253:28:   required from here
./db/version_edit.h:86:8: warning: implicitly-declared ‘constexpr rocksdb::FileDescriptor::FileDescriptor(const rocksdb::FileDescriptor&)’ is deprecated [-Wdeprecated-copy]
   86 | struct FileMetaData {
      |        ^~~~~~~~~~~~
./db/version_edit.h:55:19: note: because ‘rocksdb::FileDescriptor’ has user-provided ‘rocksdb::FileDescriptor& rocksdb::FileDescriptor::operator=(const rocksdb::FileDescriptor&)’
   55 |   FileDescriptor& operator=(const FileDescriptor& fd) {
      |                   ^~~~~~~~
In file included from /usr/include/c++/11/utility:70,
                 from /usr/include/c++/11/algorithm:60,
                 from ./utilities/transactions/write_prepared_txn.h:10,
                 from utilities/transactions/write_prepared_txn.cc:8:
/usr/include/c++/11/bits/stl_pair.h:353:42: note: synthesized method ‘rocksdb::FileMetaData::FileMetaData(rocksdb::FileMetaData&&)’ first required here
  353 |         : first(std::forward<_U1>(__x)), second(std::forward<_U2>(__y)) { }
      |                                          ^~~~~~~~~~~~~~~~~~~~~~~~~~~~~~
In file included from ./db/memtable.h:21,
                 from ./db/memtable_list.h:17,
                 from ./db/column_family.h:17,
                 from ./db/db_impl/db_impl.h:22,
                 from ./db/db_iter.h:13,
                 from ./utilities/transactions/pessimistic_transaction_db.h:16,
                 from ./utilities/transactions/write_prepared_txn.h:29,
                 from utilities/transactions/write_prepared_txn.cc:8:
./db/version_edit.h: In instantiation of ‘constexpr std::pair<_T1, _T2>::pair(_U1&&, const _T2&) [with _U1 = int&; typename std::enable_if<std::_PCC<true, _T1, _T2>::_MoveCopyPair<true, _U1, _T2>(), bool>::type <anonymous> = true; _T1 = int; _T2 = rocksdb::FileMetaData]’:
/usr/include/c++/11/ext/new_allocator.h:162:4:   required from ‘void __gnu_cxx::new_allocator<_Tp>::construct(_Up*, _Args&& ...) [with _Up = std::pair<int, rocksdb::FileMetaData>; _Args = {int&, const rocksdb::FileMetaData&}; _Tp = std::pair<int, rocksdb::FileMetaData>]’
/usr/include/c++/11/bits/alloc_traits.h:516:17:   required from ‘static void std::allocator_traits<std::allocator<_CharT> >::construct(std::allocator_traits<std::allocator<_CharT> >::allocator_type&, _Up*, _Args&& ...) [with _Up = std::pair<int, rocksdb::FileMetaData>; _Args = {int&, const rocksdb::FileMetaData&}; _Tp = std::pair<int, rocksdb::FileMetaData>; std::allocator_traits<std::allocator<_CharT> >::allocator_type = std::allocator<std::pair<int, rocksdb::FileMetaData> >]’
/usr/include/c++/11/bits/vector.tcc:115:30:   required from ‘void std::vector<_Tp, _Alloc>::emplace_back(_Args&& ...) [with _Args = {int&, const rocksdb::FileMetaData&}; _Tp = std::pair<int, rocksdb::FileMetaData>; _Alloc = std::allocator<std::pair<int, rocksdb::FileMetaData> >]’
./db/version_edit.h:258:28:   required from here
./db/version_edit.h:86:8: warning: implicitly-declared ‘constexpr rocksdb::FileDescriptor::FileDescriptor(const rocksdb::FileDescriptor&)’ is deprecated [-Wdeprecated-copy]
   86 | struct FileMetaData {
      |        ^~~~~~~~~~~~
./db/version_edit.h:55:19: note: because ‘rocksdb::FileDescriptor’ has user-provided ‘rocksdb::FileDescriptor& rocksdb::FileDescriptor::operator=(const rocksdb::FileDescriptor&)’
   55 |   FileDescriptor& operator=(const FileDescriptor& fd) {
      |                   ^~~~~~~~
In file included from /usr/include/c++/11/utility:70,
                 from /usr/include/c++/11/algorithm:60,
                 from ./utilities/transactions/write_prepared_txn.h:10,
                 from utilities/transactions/write_prepared_txn.cc:8:
/usr/include/c++/11/bits/stl_pair.h:323:41: note: synthesized method ‘rocksdb::FileMetaData::FileMetaData(const rocksdb::FileMetaData&)’ first required here
  323 |        : first(std::forward<_U1>(__x)), second(__y) { }
      |                                         ^~~~~~~~~~~
In file included from ./db/memtable.h:21,
                 from ./db/memtable_list.h:17,
                 from ./db/column_family.h:17,
                 from utilities/write_batch_with_index/write_batch_with_index.cc:12:
./db/version_edit.h: In constructor ‘rocksdb::FdWithKeyRange::FdWithKeyRange(rocksdb::FileDescriptor, rocksdb::Slice, rocksdb::Slice, rocksdb::FileMetaData*)’:
./db/version_edit.h:175:9: warning: implicitly-declared ‘constexpr rocksdb::FileDescriptor::FileDescriptor(const rocksdb::FileDescriptor&)’ is deprecated [-Wdeprecated-copy]
  175 |       : fd(_fd),
      |         ^~~~~~~
./db/version_edit.h:55:19: note: because ‘rocksdb::FileDescriptor’ has user-provided ‘rocksdb::FileDescriptor& rocksdb::FileDescriptor::operator=(const rocksdb::FileDescriptor&)’
   55 |   FileDescriptor& operator=(const FileDescriptor& fd) {
      |                   ^~~~~~~~
  CC       utilities/write_batch_with_index/write_batch_with_index_internal.o
./db/version_edit.h: In instantiation of ‘constexpr std::pair<_T1, _T2>::pair(_U1&&, _U2&&) [with _U1 = int&; _U2 = rocksdb::FileMetaData; typename std::enable_if<(std::_PCC<true, _T1, _T2>::_MoveConstructiblePair<_U1, _U2>() && std::_PCC<true, _T1, _T2>::_ImplicitlyMoveConvertiblePair<_U1, _U2>()), bool>::type <anonymous> = true; _T1 = int; _T2 = rocksdb::FileMetaData]’:
/usr/include/c++/11/ext/new_allocator.h:162:4:   required from ‘void __gnu_cxx::new_allocator<_Tp>::construct(_Up*, _Args&& ...) [with _Up = std::pair<int, rocksdb::FileMetaData>; _Args = {int&, rocksdb::FileMetaData}; _Tp = std::pair<int, rocksdb::FileMetaData>]’
/usr/include/c++/11/bits/alloc_traits.h:516:17:   required from ‘static void std::allocator_traits<std::allocator<_Tp1> >::construct(std::allocator_traits<std::allocator<_Tp1> >::allocator_type&, _Up*, _Args&& ...) [with _Up = std::pair<int, rocksdb::FileMetaData>; _Args = {int&, rocksdb::FileMetaData}; _Tp = std::pair<int, rocksdb::FileMetaData>; std::allocator_traits<std::allocator<_Tp1> >::allocator_type = std::allocator<std::pair<int, rocksdb::FileMetaData> >]’
/usr/include/c++/11/bits/vector.tcc:115:30:   required from ‘void std::vector<_Tp, _Alloc>::emplace_back(_Args&& ...) [with _Args = {int&, rocksdb::FileMetaData}; _Tp = std::pair<int, rocksdb::FileMetaData>; _Alloc = std::allocator<std::pair<int, rocksdb::FileMetaData> >]’
./db/version_edit.h:253:28:   required from here
./db/version_edit.h:86:8: warning: implicitly-declared ‘constexpr rocksdb::FileDescriptor::FileDescriptor(const rocksdb::FileDescriptor&)’ is deprecated [-Wdeprecated-copy]
   86 | struct FileMetaData {
      |        ^~~~~~~~~~~~
./db/version_edit.h:55:19: note: because ‘rocksdb::FileDescriptor’ has user-provided ‘rocksdb::FileDescriptor& rocksdb::FileDescriptor::operator=(const rocksdb::FileDescriptor&)’
   55 |   FileDescriptor& operator=(const FileDescriptor& fd) {
      |                   ^~~~~~~~
In file included from /usr/include/c++/11/bits/stl_algobase.h:64,
                 from /usr/include/c++/11/bits/stl_tree.h:63,
                 from /usr/include/c++/11/set:60,
                 from ./utilities/transactions/write_unprepared_txn.h:10,
                 from utilities/transactions/write_unprepared_txn.cc:8:
/usr/include/c++/11/bits/stl_pair.h:353:42: note: synthesized method ‘rocksdb::FileMetaData::FileMetaData(rocksdb::FileMetaData&&)’ first required here
  353 |         : first(std::forward<_U1>(__x)), second(std::forward<_U2>(__y)) { }
      |                                          ^~~~~~~~~~~~~~~~~~~~~~~~~~~~~~
In file included from ./db/memtable.h:21,
                 from ./db/memtable_list.h:17,
                 from ./db/column_family.h:17,
                 from ./db/db_impl/db_impl.h:22,
                 from ./db/db_iter.h:13,
                 from ./utilities/transactions/pessimistic_transaction_db.h:16,
                 from ./utilities/transactions/write_prepared_txn.h:29,
                 from ./utilities/transactions/write_unprepared_txn.h:12,
                 from utilities/transactions/write_unprepared_txn.cc:8:
./db/version_edit.h: In instantiation of ‘constexpr std::pair<_T1, _T2>::pair(_U1&&, const _T2&) [with _U1 = int&; typename std::enable_if<std::_PCC<true, _T1, _T2>::_MoveCopyPair<true, _U1, _T2>(), bool>::type <anonymous> = true; _T1 = int; _T2 = rocksdb::FileMetaData]’:
/usr/include/c++/11/ext/new_allocator.h:162:4:   required from ‘void __gnu_cxx::new_allocator<_Tp>::construct(_Up*, _Args&& ...) [with _Up = std::pair<int, rocksdb::FileMetaData>; _Args = {int&, const rocksdb::FileMetaData&}; _Tp = std::pair<int, rocksdb::FileMetaData>]’
/usr/include/c++/11/bits/alloc_traits.h:516:17:   required from ‘static void std::allocator_traits<std::allocator<_Tp1> >::construct(std::allocator_traits<std::allocator<_Tp1> >::allocator_type&, _Up*, _Args&& ...) [with _Up = std::pair<int, rocksdb::FileMetaData>; _Args = {int&, const rocksdb::FileMetaData&}; _Tp = std::pair<int, rocksdb::FileMetaData>; std::allocator_traits<std::allocator<_Tp1> >::allocator_type = std::allocator<std::pair<int, rocksdb::FileMetaData> >]’
/usr/include/c++/11/bits/vector.tcc:115:30:   required from ‘void std::vector<_Tp, _Alloc>::emplace_back(_Args&& ...) [with _Args = {int&, const rocksdb::FileMetaData&}; _Tp = std::pair<int, rocksdb::FileMetaData>; _Alloc = std::allocator<std::pair<int, rocksdb::FileMetaData> >]’
./db/version_edit.h:258:28:   required from here
./db/version_edit.h:86:8: warning: implicitly-declared ‘constexpr rocksdb::FileDescriptor::FileDescriptor(const rocksdb::FileDescriptor&)’ is deprecated [-Wdeprecated-copy]
   86 | struct FileMetaData {
      |        ^~~~~~~~~~~~
./db/version_edit.h:55:19: note: because ‘rocksdb::FileDescriptor’ has user-provided ‘rocksdb::FileDescriptor& rocksdb::FileDescriptor::operator=(const rocksdb::FileDescriptor&)’
   55 |   FileDescriptor& operator=(const FileDescriptor& fd) {
      |                   ^~~~~~~~
In file included from /usr/include/c++/11/bits/stl_algobase.h:64,
                 from /usr/include/c++/11/bits/stl_tree.h:63,
                 from /usr/include/c++/11/set:60,
                 from ./utilities/transactions/write_unprepared_txn.h:10,
                 from utilities/transactions/write_unprepared_txn.cc:8:
/usr/include/c++/11/bits/stl_pair.h:323:41: note: synthesized method ‘rocksdb::FileMetaData::FileMetaData(const rocksdb::FileMetaData&)’ first required here
  323 |        : first(std::forward<_U1>(__x)), second(__y) { }
      |                                         ^~~~~~~~~~~
./db/version_edit.h: In instantiation of ‘constexpr std::pair<_T1, _T2>::pair(_U1&&, _U2&&) [with _U1 = int&; _U2 = rocksdb::FileMetaData; typename std::enable_if<(std::_PCC<true, _T1, _T2>::_MoveConstructiblePair<_U1, _U2>() && std::_PCC<true, _T1, _T2>::_ImplicitlyMoveConvertiblePair<_U1, _U2>()), bool>::type <anonymous> = true; _T1 = int; _T2 = rocksdb::FileMetaData]’:
/usr/include/c++/11/ext/new_allocator.h:162:4:   required from ‘void __gnu_cxx::new_allocator<_Tp>::construct(_Up*, _Args&& ...) [with _Up = std::pair<int, rocksdb::FileMetaData>; _Args = {int&, rocksdb::FileMetaData}; _Tp = std::pair<int, rocksdb::FileMetaData>]’
/usr/include/c++/11/bits/alloc_traits.h:516:17:   required from ‘static void std::allocator_traits<std::allocator<_CharT> >::construct(std::allocator_traits<std::allocator<_CharT> >::allocator_type&, _Up*, _Args&& ...) [with _Up = std::pair<int, rocksdb::FileMetaData>; _Args = {int&, rocksdb::FileMetaData}; _Tp = std::pair<int, rocksdb::FileMetaData>; std::allocator_traits<std::allocator<_CharT> >::allocator_type = std::allocator<std::pair<int, rocksdb::FileMetaData> >]’
/usr/include/c++/11/bits/vector.tcc:115:30:   required from ‘void std::vector<_Tp, _Alloc>::emplace_back(_Args&& ...) [with _Args = {int&, rocksdb::FileMetaData}; _Tp = std::pair<int, rocksdb::FileMetaData>; _Alloc = std::allocator<std::pair<int, rocksdb::FileMetaData> >]’
./db/version_edit.h:253:28:   required from here
./db/version_edit.h:86:8: warning: implicitly-declared ‘constexpr rocksdb::FileDescriptor::FileDescriptor(const rocksdb::FileDescriptor&)’ is deprecated [-Wdeprecated-copy]
   86 | struct FileMetaData {
      |        ^~~~~~~~~~~~
./db/version_edit.h:55:19: note: because ‘rocksdb::FileDescriptor’ has user-provided ‘rocksdb::FileDescriptor& rocksdb::FileDescriptor::operator=(const rocksdb::FileDescriptor&)’
   55 |   FileDescriptor& operator=(const FileDescriptor& fd) {
      |                   ^~~~~~~~
In file included from /usr/include/c++/11/utility:70,
                 from /usr/include/c++/11/tuple:38,
                 from /usr/include/c++/11/mutex:38,
                 from ./utilities/transactions/write_prepared_txn_db.h:10,
                 from utilities/transactions/write_prepared_txn_db.cc:8:
/usr/include/c++/11/bits/stl_pair.h:353:42: note: synthesized method ‘rocksdb::FileMetaData::FileMetaData(rocksdb::FileMetaData&&)’ first required here
  353 |         : first(std::forward<_U1>(__x)), second(std::forward<_U2>(__y)) { }
      |                                          ^~~~~~~~~~~~~~~~~~~~~~~~~~~~~~
In file included from ./db/memtable.h:21,
                 from ./db/memtable_list.h:17,
                 from ./db/column_family.h:17,
                 from ./db/db_impl/db_impl.h:22,
                 from ./db/db_iter.h:13,
                 from ./utilities/transactions/write_prepared_txn_db.h:17,
                 from utilities/transactions/write_prepared_txn_db.cc:8:
./db/version_edit.h: In instantiation of ‘constexpr std::pair<_T1, _T2>::pair(_U1&&, const _T2&) [with _U1 = int&; typename std::enable_if<std::_PCC<true, _T1, _T2>::_MoveCopyPair<true, _U1, _T2>(), bool>::type <anonymous> = true; _T1 = int; _T2 = rocksdb::FileMetaData]’:
/usr/include/c++/11/ext/new_allocator.h:162:4:   required from ‘void __gnu_cxx::new_allocator<_Tp>::construct(_Up*, _Args&& ...) [with _Up = std::pair<int, rocksdb::FileMetaData>; _Args = {int&, const rocksdb::FileMetaData&}; _Tp = std::pair<int, rocksdb::FileMetaData>]’
/usr/include/c++/11/bits/alloc_traits.h:516:17:   required from ‘static void std::allocator_traits<std::allocator<_CharT> >::construct(std::allocator_traits<std::allocator<_CharT> >::allocator_type&, _Up*, _Args&& ...) [with _Up = std::pair<int, rocksdb::FileMetaData>; _Args = {int&, const rocksdb::FileMetaData&}; _Tp = std::pair<int, rocksdb::FileMetaData>; std::allocator_traits<std::allocator<_CharT> >::allocator_type = std::allocator<std::pair<int, rocksdb::FileMetaData> >]’
/usr/include/c++/11/bits/vector.tcc:115:30:   required from ‘void std::vector<_Tp, _Alloc>::emplace_back(_Args&& ...) [with _Args = {int&, const rocksdb::FileMetaData&}; _Tp = std::pair<int, rocksdb::FileMetaData>; _Alloc = std::allocator<std::pair<int, rocksdb::FileMetaData> >]’
./db/version_edit.h:258:28:   required from here
./db/version_edit.h:86:8: warning: implicitly-declared ‘constexpr rocksdb::FileDescriptor::FileDescriptor(const rocksdb::FileDescriptor&)’ is deprecated [-Wdeprecated-copy]
   86 | struct FileMetaData {
      |        ^~~~~~~~~~~~
./db/version_edit.h:55:19: note: because ‘rocksdb::FileDescriptor’ has user-provided ‘rocksdb::FileDescriptor& rocksdb::FileDescriptor::operator=(const rocksdb::FileDescriptor&)’
   55 |   FileDescriptor& operator=(const FileDescriptor& fd) {
      |                   ^~~~~~~~
In file included from /usr/include/c++/11/utility:70,
                 from /usr/include/c++/11/tuple:38,
                 from /usr/include/c++/11/mutex:38,
                 from ./utilities/transactions/write_prepared_txn_db.h:10,
                 from utilities/transactions/write_prepared_txn_db.cc:8:
/usr/include/c++/11/bits/stl_pair.h:323:41: note: synthesized method ‘rocksdb::FileMetaData::FileMetaData(const rocksdb::FileMetaData&)’ first required here
  323 |        : first(std::forward<_U1>(__x)), second(__y) { }
      |                                         ^~~~~~~~~~~
  CC       tools/ldb_cmd.o
./db/version_edit.h: In instantiation of ‘constexpr std::pair<_T1, _T2>::pair(_U1&&, _U2&&) [with _U1 = int&; _U2 = rocksdb::FileMetaData; typename std::enable_if<(std::_PCC<true, _T1, _T2>::_MoveConstructiblePair<_U1, _U2>() && std::_PCC<true, _T1, _T2>::_ImplicitlyMoveConvertiblePair<_U1, _U2>()), bool>::type <anonymous> = true; _T1 = int; _T2 = rocksdb::FileMetaData]’:
/usr/include/c++/11/ext/new_allocator.h:162:4:   required from ‘void __gnu_cxx::new_allocator<_Tp>::construct(_Up*, _Args&& ...) [with _Up = std::pair<int, rocksdb::FileMetaData>; _Args = {int&, rocksdb::FileMetaData}; _Tp = std::pair<int, rocksdb::FileMetaData>]’
/usr/include/c++/11/bits/alloc_traits.h:516:17:   required from ‘static void std::allocator_traits<std::allocator<_Tp1> >::construct(std::allocator_traits<std::allocator<_Tp1> >::allocator_type&, _Up*, _Args&& ...) [with _Up = std::pair<int, rocksdb::FileMetaData>; _Args = {int&, rocksdb::FileMetaData}; _Tp = std::pair<int, rocksdb::FileMetaData>; std::allocator_traits<std::allocator<_Tp1> >::allocator_type = std::allocator<std::pair<int, rocksdb::FileMetaData> >]’
/usr/include/c++/11/bits/vector.tcc:115:30:   required from ‘void std::vector<_Tp, _Alloc>::emplace_back(_Args&& ...) [with _Args = {int&, rocksdb::FileMetaData}; _Tp = std::pair<int, rocksdb::FileMetaData>; _Alloc = std::allocator<std::pair<int, rocksdb::FileMetaData> >]’
./db/version_edit.h:253:28:   required from here
./db/version_edit.h:86:8: warning: implicitly-declared ‘constexpr rocksdb::FileDescriptor::FileDescriptor(const rocksdb::FileDescriptor&)’ is deprecated [-Wdeprecated-copy]
   86 | struct FileMetaData {
      |        ^~~~~~~~~~~~
./db/version_edit.h:55:19: note: because ‘rocksdb::FileDescriptor’ has user-provided ‘rocksdb::FileDescriptor& rocksdb::FileDescriptor::operator=(const rocksdb::FileDescriptor&)’
   55 |   FileDescriptor& operator=(const FileDescriptor& fd) {
      |                   ^~~~~~~~
In file included from /usr/include/c++/11/bits/stl_algobase.h:64,
                 from /usr/include/c++/11/deque:60,
                 from ./utilities/ttl/db_ttl_impl.h:9,
                 from utilities/ttl/db_ttl_impl.cc:7:
/usr/include/c++/11/bits/stl_pair.h:353:42: note: synthesized method ‘rocksdb::FileMetaData::FileMetaData(rocksdb::FileMetaData&&)’ first required here
  353 |         : first(std::forward<_U1>(__x)), second(std::forward<_U2>(__y)) { }
      |                                          ^~~~~~~~~~~~~~~~~~~~~~~~~~~~~~
In file included from ./db/memtable.h:21,
                 from ./db/memtable_list.h:17,
                 from ./db/column_family.h:17,
                 from ./db/db_impl/db_impl.h:22,
                 from ./utilities/ttl/db_ttl_impl.h:13,
                 from utilities/ttl/db_ttl_impl.cc:7:
./db/version_edit.h: In instantiation of ‘constexpr std::pair<_T1, _T2>::pair(_U1&&, const _T2&) [with _U1 = int&; typename std::enable_if<std::_PCC<true, _T1, _T2>::_MoveCopyPair<true, _U1, _T2>(), bool>::type <anonymous> = true; _T1 = int; _T2 = rocksdb::FileMetaData]’:
/usr/include/c++/11/ext/new_allocator.h:162:4:   required from ‘void __gnu_cxx::new_allocator<_Tp>::construct(_Up*, _Args&& ...) [with _Up = std::pair<int, rocksdb::FileMetaData>; _Args = {int&, const rocksdb::FileMetaData&}; _Tp = std::pair<int, rocksdb::FileMetaData>]’
/usr/include/c++/11/bits/alloc_traits.h:516:17:   required from ‘static void std::allocator_traits<std::allocator<_Tp1> >::construct(std::allocator_traits<std::allocator<_Tp1> >::allocator_type&, _Up*, _Args&& ...) [with _Up = std::pair<int, rocksdb::FileMetaData>; _Args = {int&, const rocksdb::FileMetaData&}; _Tp = std::pair<int, rocksdb::FileMetaData>; std::allocator_traits<std::allocator<_Tp1> >::allocator_type = std::allocator<std::pair<int, rocksdb::FileMetaData> >]’
/usr/include/c++/11/bits/vector.tcc:115:30:   required from ‘void std::vector<_Tp, _Alloc>::emplace_back(_Args&& ...) [with _Args = {int&, const rocksdb::FileMetaData&}; _Tp = std::pair<int, rocksdb::FileMetaData>; _Alloc = std::allocator<std::pair<int, rocksdb::FileMetaData> >]’
./db/version_edit.h:258:28:   required from here
./db/version_edit.h:86:8: warning: implicitly-declared ‘constexpr rocksdb::FileDescriptor::FileDescriptor(const rocksdb::FileDescriptor&)’ is deprecated [-Wdeprecated-copy]
   86 | struct FileMetaData {
      |        ^~~~~~~~~~~~
./db/version_edit.h:55:19: note: because ‘rocksdb::FileDescriptor’ has user-provided ‘rocksdb::FileDescriptor& rocksdb::FileDescriptor::operator=(const rocksdb::FileDescriptor&)’
   55 |   FileDescriptor& operator=(const FileDescriptor& fd) {
      |                   ^~~~~~~~
In file included from /usr/include/c++/11/bits/stl_algobase.h:64,
                 from /usr/include/c++/11/deque:60,
                 from ./utilities/ttl/db_ttl_impl.h:9,
                 from utilities/ttl/db_ttl_impl.cc:7:
/usr/include/c++/11/bits/stl_pair.h:323:41: note: synthesized method ‘rocksdb::FileMetaData::FileMetaData(const rocksdb::FileMetaData&)’ first required here
  323 |        : first(std::forward<_U1>(__x)), second(__y) { }
      |                                         ^~~~~~~~~~~
./db/version_edit.h: In instantiation of ‘constexpr std::pair<_T1, _T2>::pair(_U1&&, _U2&&) [with _U1 = int&; _U2 = rocksdb::FileMetaData; typename std::enable_if<(std::_PCC<true, _T1, _T2>::_MoveConstructiblePair<_U1, _U2>() && std::_PCC<true, _T1, _T2>::_ImplicitlyMoveConvertiblePair<_U1, _U2>()), bool>::type <anonymous> = true; _T1 = int; _T2 = rocksdb::FileMetaData]’:
/usr/include/c++/11/ext/new_allocator.h:162:4:   required from ‘void __gnu_cxx::new_allocator<_Tp>::construct(_Up*, _Args&& ...) [with _Up = std::pair<int, rocksdb::FileMetaData>; _Args = {int&, rocksdb::FileMetaData}; _Tp = std::pair<int, rocksdb::FileMetaData>]’
/usr/include/c++/11/bits/alloc_traits.h:516:17:   required from ‘static void std::allocator_traits<std::allocator<_CharT> >::construct(std::allocator_traits<std::allocator<_CharT> >::allocator_type&, _Up*, _Args&& ...) [with _Up = std::pair<int, rocksdb::FileMetaData>; _Args = {int&, rocksdb::FileMetaData}; _Tp = std::pair<int, rocksdb::FileMetaData>; std::allocator_traits<std::allocator<_CharT> >::allocator_type = std::allocator<std::pair<int, rocksdb::FileMetaData> >]’
/usr/include/c++/11/bits/vector.tcc:115:30:   required from ‘void std::vector<_Tp, _Alloc>::emplace_back(_Args&& ...) [with _Args = {int&, rocksdb::FileMetaData}; _Tp = std::pair<int, rocksdb::FileMetaData>; _Alloc = std::allocator<std::pair<int, rocksdb::FileMetaData> >]’
./db/version_edit.h:253:28:   required from here
./db/version_edit.h:86:8: warning: implicitly-declared ‘constexpr rocksdb::FileDescriptor::FileDescriptor(const rocksdb::FileDescriptor&)’ is deprecated [-Wdeprecated-copy]
   86 | struct FileMetaData {
      |        ^~~~~~~~~~~~
./db/version_edit.h:55:19: note: because ‘rocksdb::FileDescriptor’ has user-provided ‘rocksdb::FileDescriptor& rocksdb::FileDescriptor::operator=(const rocksdb::FileDescriptor&)’
   55 |   FileDescriptor& operator=(const FileDescriptor& fd) {
      |                   ^~~~~~~~
In file included from /usr/include/c++/11/utility:70,
                 from /usr/include/c++/11/tuple:38,
                 from /usr/include/c++/11/mutex:38,
                 from ./utilities/transactions/write_prepared_txn_db.h:10,
                 from ./utilities/transactions/write_unprepared_txn_db.h:9,
                 from utilities/transactions/write_unprepared_txn_db.cc:8:
/usr/include/c++/11/bits/stl_pair.h:353:42: note: synthesized method ‘rocksdb::FileMetaData::FileMetaData(rocksdb::FileMetaData&&)’ first required here
  353 |         : first(std::forward<_U1>(__x)), second(std::forward<_U2>(__y)) { }
      |                                          ^~~~~~~~~~~~~~~~~~~~~~~~~~~~~~
In file included from ./db/memtable.h:21,
                 from ./db/memtable_list.h:17,
                 from ./db/column_family.h:17,
                 from ./db/db_impl/db_impl.h:22,
                 from ./db/db_iter.h:13,
                 from ./utilities/transactions/write_prepared_txn_db.h:17,
                 from ./utilities/transactions/write_unprepared_txn_db.h:9,
                 from utilities/transactions/write_unprepared_txn_db.cc:8:
./db/version_edit.h: In instantiation of ‘constexpr std::pair<_T1, _T2>::pair(_U1&&, const _T2&) [with _U1 = int&; typename std::enable_if<std::_PCC<true, _T1, _T2>::_MoveCopyPair<true, _U1, _T2>(), bool>::type <anonymous> = true; _T1 = int; _T2 = rocksdb::FileMetaData]’:
/usr/include/c++/11/ext/new_allocator.h:162:4:   required from ‘void __gnu_cxx::new_allocator<_Tp>::construct(_Up*, _Args&& ...) [with _Up = std::pair<int, rocksdb::FileMetaData>; _Args = {int&, const rocksdb::FileMetaData&}; _Tp = std::pair<int, rocksdb::FileMetaData>]’
/usr/include/c++/11/bits/alloc_traits.h:516:17:   required from ‘static void std::allocator_traits<std::allocator<_CharT> >::construct(std::allocator_traits<std::allocator<_CharT> >::allocator_type&, _Up*, _Args&& ...) [with _Up = std::pair<int, rocksdb::FileMetaData>; _Args = {int&, const rocksdb::FileMetaData&}; _Tp = std::pair<int, rocksdb::FileMetaData>; std::allocator_traits<std::allocator<_CharT> >::allocator_type = std::allocator<std::pair<int, rocksdb::FileMetaData> >]’
/usr/include/c++/11/bits/vector.tcc:115:30:   required from ‘void std::vector<_Tp, _Alloc>::emplace_back(_Args&& ...) [with _Args = {int&, const rocksdb::FileMetaData&}; _Tp = std::pair<int, rocksdb::FileMetaData>; _Alloc = std::allocator<std::pair<int, rocksdb::FileMetaData> >]’
./db/version_edit.h:258:28:   required from here
./db/version_edit.h:86:8: warning: implicitly-declared ‘constexpr rocksdb::FileDescriptor::FileDescriptor(const rocksdb::FileDescriptor&)’ is deprecated [-Wdeprecated-copy]
   86 | struct FileMetaData {
      |        ^~~~~~~~~~~~
./db/version_edit.h:55:19: note: because ‘rocksdb::FileDescriptor’ has user-provided ‘rocksdb::FileDescriptor& rocksdb::FileDescriptor::operator=(const rocksdb::FileDescriptor&)’
   55 |   FileDescriptor& operator=(const FileDescriptor& fd) {
      |                   ^~~~~~~~
In file included from /usr/include/c++/11/utility:70,
                 from /usr/include/c++/11/tuple:38,
                 from /usr/include/c++/11/mutex:38,
                 from ./utilities/transactions/write_prepared_txn_db.h:10,
                 from ./utilities/transactions/write_unprepared_txn_db.h:9,
                 from utilities/transactions/write_unprepared_txn_db.cc:8:
/usr/include/c++/11/bits/stl_pair.h:323:41: note: synthesized method ‘rocksdb::FileMetaData::FileMetaData(const rocksdb::FileMetaData&)’ first required here
  323 |        : first(std::forward<_U1>(__x)), second(__y) { }
      |                                         ^~~~~~~~~~~
  CC       tools/ldb_tool.o
In file included from ./db/memtable.h:21,
                 from ./db/memtable_list.h:17,
                 from ./db/column_family.h:17,
                 from utilities/write_batch_with_index/write_batch_with_index_internal.cc:10:
./db/version_edit.h: In constructor ‘rocksdb::FdWithKeyRange::FdWithKeyRange(rocksdb::FileDescriptor, rocksdb::Slice, rocksdb::Slice, rocksdb::FileMetaData*)’:
./db/version_edit.h:175:9: warning: implicitly-declared ‘constexpr rocksdb::FileDescriptor::FileDescriptor(const rocksdb::FileDescriptor&)’ is deprecated [-Wdeprecated-copy]
  175 |       : fd(_fd),
      |         ^~~~~~~
./db/version_edit.h:55:19: note: because ‘rocksdb::FileDescriptor’ has user-provided ‘rocksdb::FileDescriptor& rocksdb::FileDescriptor::operator=(const rocksdb::FileDescriptor&)’
   55 |   FileDescriptor& operator=(const FileDescriptor& fd) {
      |                   ^~~~~~~~
./db/version_edit.h: In instantiation of ‘constexpr std::pair<_T1, _T2>::pair(_U1&&, _U2&&) [with _U1 = int&; _U2 = rocksdb::FileMetaData; typename std::enable_if<(std::_PCC<true, _T1, _T2>::_MoveConstructiblePair<_U1, _U2>() && std::_PCC<true, _T1, _T2>::_ImplicitlyMoveConvertiblePair<_U1, _U2>()), bool>::type <anonymous> = true; _T1 = int; _T2 = rocksdb::FileMetaData]’:
/usr/include/c++/11/ext/new_allocator.h:162:4:   required from ‘void __gnu_cxx::new_allocator<_Tp>::construct(_Up*, _Args&& ...) [with _Up = std::pair<int, rocksdb::FileMetaData>; _Args = {int&, rocksdb::FileMetaData}; _Tp = std::pair<int, rocksdb::FileMetaData>]’
/usr/include/c++/11/bits/alloc_traits.h:516:17:   required from ‘static void std::allocator_traits<std::allocator<_Tp1> >::construct(std::allocator_traits<std::allocator<_Tp1> >::allocator_type&, _Up*, _Args&& ...) [with _Up = std::pair<int, rocksdb::FileMetaData>; _Args = {int&, rocksdb::FileMetaData}; _Tp = std::pair<int, rocksdb::FileMetaData>; std::allocator_traits<std::allocator<_Tp1> >::allocator_type = std::allocator<std::pair<int, rocksdb::FileMetaData> >]’
/usr/include/c++/11/bits/vector.tcc:115:30:   required from ‘void std::vector<_Tp, _Alloc>::emplace_back(_Args&& ...) [with _Args = {int&, rocksdb::FileMetaData}; _Tp = std::pair<int, rocksdb::FileMetaData>; _Alloc = std::allocator<std::pair<int, rocksdb::FileMetaData> >]’
./db/version_edit.h:253:28:   required from here
./db/version_edit.h:86:8: warning: implicitly-declared ‘constexpr rocksdb::FileDescriptor::FileDescriptor(const rocksdb::FileDescriptor&)’ is deprecated [-Wdeprecated-copy]
   86 | struct FileMetaData {
      |        ^~~~~~~~~~~~
./db/version_edit.h:55:19: note: because ‘rocksdb::FileDescriptor’ has user-provided ‘rocksdb::FileDescriptor& rocksdb::FileDescriptor::operator=(const rocksdb::FileDescriptor&)’
   55 |   FileDescriptor& operator=(const FileDescriptor& fd) {
      |                   ^~~~~~~~
In file included from /usr/include/c++/11/bits/stl_algobase.h:64,
                 from /usr/include/c++/11/memory:63,
                 from ./include/rocksdb/utilities/write_batch_with_index.h:15,
                 from utilities/write_batch_with_index/write_batch_with_index.cc:8:
/usr/include/c++/11/bits/stl_pair.h:353:42: note: synthesized method ‘rocksdb::FileMetaData::FileMetaData(rocksdb::FileMetaData&&)’ first required here
  353 |         : first(std::forward<_U1>(__x)), second(std::forward<_U2>(__y)) { }
      |                                          ^~~~~~~~~~~~~~~~~~~~~~~~~~~~~~
In file included from ./db/memtable.h:21,
                 from ./db/memtable_list.h:17,
                 from ./db/column_family.h:17,
                 from utilities/write_batch_with_index/write_batch_with_index.cc:12:
./db/version_edit.h: In instantiation of ‘constexpr std::pair<_T1, _T2>::pair(_U1&&, const _T2&) [with _U1 = int&; typename std::enable_if<std::_PCC<true, _T1, _T2>::_MoveCopyPair<true, _U1, _T2>(), bool>::type <anonymous> = true; _T1 = int; _T2 = rocksdb::FileMetaData]’:
/usr/include/c++/11/ext/new_allocator.h:162:4:   required from ‘void __gnu_cxx::new_allocator<_Tp>::construct(_Up*, _Args&& ...) [with _Up = std::pair<int, rocksdb::FileMetaData>; _Args = {int&, const rocksdb::FileMetaData&}; _Tp = std::pair<int, rocksdb::FileMetaData>]’
/usr/include/c++/11/bits/alloc_traits.h:516:17:   required from ‘static void std::allocator_traits<std::allocator<_Tp1> >::construct(std::allocator_traits<std::allocator<_Tp1> >::allocator_type&, _Up*, _Args&& ...) [with _Up = std::pair<int, rocksdb::FileMetaData>; _Args = {int&, const rocksdb::FileMetaData&}; _Tp = std::pair<int, rocksdb::FileMetaData>; std::allocator_traits<std::allocator<_Tp1> >::allocator_type = std::allocator<std::pair<int, rocksdb::FileMetaData> >]’
/usr/include/c++/11/bits/vector.tcc:115:30:   required from ‘void std::vector<_Tp, _Alloc>::emplace_back(_Args&& ...) [with _Args = {int&, const rocksdb::FileMetaData&}; _Tp = std::pair<int, rocksdb::FileMetaData>; _Alloc = std::allocator<std::pair<int, rocksdb::FileMetaData> >]’
./db/version_edit.h:258:28:   required from here
./db/version_edit.h:86:8: warning: implicitly-declared ‘constexpr rocksdb::FileDescriptor::FileDescriptor(const rocksdb::FileDescriptor&)’ is deprecated [-Wdeprecated-copy]
   86 | struct FileMetaData {
      |        ^~~~~~~~~~~~
./db/version_edit.h:55:19: note: because ‘rocksdb::FileDescriptor’ has user-provided ‘rocksdb::FileDescriptor& rocksdb::FileDescriptor::operator=(const rocksdb::FileDescriptor&)’
   55 |   FileDescriptor& operator=(const FileDescriptor& fd) {
      |                   ^~~~~~~~
In file included from /usr/include/c++/11/bits/stl_algobase.h:64,
                 from /usr/include/c++/11/memory:63,
                 from ./include/rocksdb/utilities/write_batch_with_index.h:15,
                 from utilities/write_batch_with_index/write_batch_with_index.cc:8:
/usr/include/c++/11/bits/stl_pair.h:323:41: note: synthesized method ‘rocksdb::FileMetaData::FileMetaData(const rocksdb::FileMetaData&)’ first required here
  323 |        : first(std::forward<_U1>(__x)), second(__y) { }
      |                                         ^~~~~~~~~~~
In file included from ./db/memtable.h:21,
                 from ./db/memtable_list.h:17,
                 from ./db/column_family.h:17,
                 from ./db/db_impl/db_impl.h:22,
                 from tools/ldb_cmd.cc:12:
./db/version_edit.h: In constructor ‘rocksdb::FdWithKeyRange::FdWithKeyRange(rocksdb::FileDescriptor, rocksdb::Slice, rocksdb::Slice, rocksdb::FileMetaData*)’:
./db/version_edit.h:175:9: warning: implicitly-declared ‘constexpr rocksdb::FileDescriptor::FileDescriptor(const rocksdb::FileDescriptor&)’ is deprecated [-Wdeprecated-copy]
  175 |       : fd(_fd),
      |         ^~~~~~~
./db/version_edit.h:55:19: note: because ‘rocksdb::FileDescriptor’ has user-provided ‘rocksdb::FileDescriptor& rocksdb::FileDescriptor::operator=(const rocksdb::FileDescriptor&)’
   55 |   FileDescriptor& operator=(const FileDescriptor& fd) {
      |                   ^~~~~~~~
./db/version_edit.h: In instantiation of ‘constexpr std::pair<_T1, _T2>::pair(_U1&&, _U2&&) [with _U1 = int&; _U2 = rocksdb::FileMetaData; typename std::enable_if<(std::_PCC<true, _T1, _T2>::_MoveConstructiblePair<_U1, _U2>() && std::_PCC<true, _T1, _T2>::_ImplicitlyMoveConvertiblePair<_U1, _U2>()), bool>::type <anonymous> = true; _T1 = int; _T2 = rocksdb::FileMetaData]’:
/usr/include/c++/11/ext/new_allocator.h:162:4:   required from ‘void __gnu_cxx::new_allocator<_Tp>::construct(_Up*, _Args&& ...) [with _Up = std::pair<int, rocksdb::FileMetaData>; _Args = {int&, rocksdb::FileMetaData}; _Tp = std::pair<int, rocksdb::FileMetaData>]’
/usr/include/c++/11/bits/alloc_traits.h:516:17:   required from ‘static void std::allocator_traits<std::allocator<_CharT> >::construct(std::allocator_traits<std::allocator<_CharT> >::allocator_type&, _Up*, _Args&& ...) [with _Up = std::pair<int, rocksdb::FileMetaData>; _Args = {int&, rocksdb::FileMetaData}; _Tp = std::pair<int, rocksdb::FileMetaData>; std::allocator_traits<std::allocator<_CharT> >::allocator_type = std::allocator<std::pair<int, rocksdb::FileMetaData> >]’
/usr/include/c++/11/bits/vector.tcc:115:30:   required from ‘void std::vector<_Tp, _Alloc>::emplace_back(_Args&& ...) [with _Args = {int&, rocksdb::FileMetaData}; _Tp = std::pair<int, rocksdb::FileMetaData>; _Alloc = std::allocator<std::pair<int, rocksdb::FileMetaData> >]’
./db/version_edit.h:253:28:   required from here
./db/version_edit.h:86:8: warning: implicitly-declared ‘constexpr rocksdb::FileDescriptor::FileDescriptor(const rocksdb::FileDescriptor&)’ is deprecated [-Wdeprecated-copy]
   86 | struct FileMetaData {
      |        ^~~~~~~~~~~~
./db/version_edit.h:55:19: note: because ‘rocksdb::FileDescriptor’ has user-provided ‘rocksdb::FileDescriptor& rocksdb::FileDescriptor::operator=(const rocksdb::FileDescriptor&)’
   55 |   FileDescriptor& operator=(const FileDescriptor& fd) {
      |                   ^~~~~~~~
In file included from /usr/include/c++/11/bits/stl_algobase.h:64,
                 from /usr/include/c++/11/bits/char_traits.h:39,
                 from /usr/include/c++/11/string:40,
                 from ./utilities/write_batch_with_index/write_batch_with_index_internal.h:10,
                 from utilities/write_batch_with_index/write_batch_with_index_internal.cc:8:
/usr/include/c++/11/bits/stl_pair.h:353:42: note: synthesized method ‘rocksdb::FileMetaData::FileMetaData(rocksdb::FileMetaData&&)’ first required here
  353 |         : first(std::forward<_U1>(__x)), second(std::forward<_U2>(__y)) { }
      |                                          ^~~~~~~~~~~~~~~~~~~~~~~~~~~~~~
In file included from ./db/memtable.h:21,
                 from ./db/memtable_list.h:17,
                 from ./db/column_family.h:17,
                 from utilities/write_batch_with_index/write_batch_with_index_internal.cc:10:
./db/version_edit.h: In instantiation of ‘constexpr std::pair<_T1, _T2>::pair(_U1&&, const _T2&) [with _U1 = int&; typename std::enable_if<std::_PCC<true, _T1, _T2>::_MoveCopyPair<true, _U1, _T2>(), bool>::type <anonymous> = true; _T1 = int; _T2 = rocksdb::FileMetaData]’:
/usr/include/c++/11/ext/new_allocator.h:162:4:   required from ‘void __gnu_cxx::new_allocator<_Tp>::construct(_Up*, _Args&& ...) [with _Up = std::pair<int, rocksdb::FileMetaData>; _Args = {int&, const rocksdb::FileMetaData&}; _Tp = std::pair<int, rocksdb::FileMetaData>]’
/usr/include/c++/11/bits/alloc_traits.h:516:17:   required from ‘static void std::allocator_traits<std::allocator<_CharT> >::construct(std::allocator_traits<std::allocator<_CharT> >::allocator_type&, _Up*, _Args&& ...) [with _Up = std::pair<int, rocksdb::FileMetaData>; _Args = {int&, const rocksdb::FileMetaData&}; _Tp = std::pair<int, rocksdb::FileMetaData>; std::allocator_traits<std::allocator<_CharT> >::allocator_type = std::allocator<std::pair<int, rocksdb::FileMetaData> >]’
/usr/include/c++/11/bits/vector.tcc:115:30:   required from ‘void std::vector<_Tp, _Alloc>::emplace_back(_Args&& ...) [with _Args = {int&, const rocksdb::FileMetaData&}; _Tp = std::pair<int, rocksdb::FileMetaData>; _Alloc = std::allocator<std::pair<int, rocksdb::FileMetaData> >]’
./db/version_edit.h:258:28:   required from here
./db/version_edit.h:86:8: warning: implicitly-declared ‘constexpr rocksdb::FileDescriptor::FileDescriptor(const rocksdb::FileDescriptor&)’ is deprecated [-Wdeprecated-copy]
   86 | struct FileMetaData {
      |        ^~~~~~~~~~~~
./db/version_edit.h:55:19: note: because ‘rocksdb::FileDescriptor’ has user-provided ‘rocksdb::FileDescriptor& rocksdb::FileDescriptor::operator=(const rocksdb::FileDescriptor&)’
   55 |   FileDescriptor& operator=(const FileDescriptor& fd) {
      |                   ^~~~~~~~
In file included from /usr/include/c++/11/bits/stl_algobase.h:64,
                 from /usr/include/c++/11/bits/char_traits.h:39,
                 from /usr/include/c++/11/string:40,
                 from ./utilities/write_batch_with_index/write_batch_with_index_internal.h:10,
                 from utilities/write_batch_with_index/write_batch_with_index_internal.cc:8:
/usr/include/c++/11/bits/stl_pair.h:323:41: note: synthesized method ‘rocksdb::FileMetaData::FileMetaData(const rocksdb::FileMetaData&)’ first required here
  323 |        : first(std::forward<_U1>(__x)), second(__y) { }
      |                                         ^~~~~~~~~~~
  CC       tools/sst_dump_tool.o
  CC       utilities/blob_db/blob_dump_tool.o
In file included from ./db/memtable.h:21,
                 from tools/sst_dump_tool.cc:18:
./db/version_edit.h: In constructor ‘rocksdb::FdWithKeyRange::FdWithKeyRange(rocksdb::FileDescriptor, rocksdb::Slice, rocksdb::Slice, rocksdb::FileMetaData*)’:
./db/version_edit.h:175:9: warning: implicitly-declared ‘constexpr rocksdb::FileDescriptor::FileDescriptor(const rocksdb::FileDescriptor&)’ is deprecated [-Wdeprecated-copy]
  175 |       : fd(_fd),
      |         ^~~~~~~
./db/version_edit.h:55:19: note: because ‘rocksdb::FileDescriptor’ has user-provided ‘rocksdb::FileDescriptor& rocksdb::FileDescriptor::operator=(const rocksdb::FileDescriptor&)’
   55 |   FileDescriptor& operator=(const FileDescriptor& fd) {
      |                   ^~~~~~~~
./db/version_edit.h: In instantiation of ‘constexpr std::pair<_T1, _T2>::pair(_U1&&, _U2&&) [with _U1 = int&; _U2 = rocksdb::FileMetaData; typename std::enable_if<(std::_PCC<true, _T1, _T2>::_MoveConstructiblePair<_U1, _U2>() && std::_PCC<true, _T1, _T2>::_ImplicitlyMoveConvertiblePair<_U1, _U2>()), bool>::type <anonymous> = true; _T1 = int; _T2 = rocksdb::FileMetaData]’:
/usr/include/c++/11/ext/new_allocator.h:162:4:   required from ‘void __gnu_cxx::new_allocator<_Tp>::construct(_Up*, _Args&& ...) [with _Up = std::pair<int, rocksdb::FileMetaData>; _Args = {int&, rocksdb::FileMetaData}; _Tp = std::pair<int, rocksdb::FileMetaData>]’
/usr/include/c++/11/bits/alloc_traits.h:516:17:   required from ‘static void std::allocator_traits<std::allocator<_Tp1> >::construct(std::allocator_traits<std::allocator<_Tp1> >::allocator_type&, _Up*, _Args&& ...) [with _Up = std::pair<int, rocksdb::FileMetaData>; _Args = {int&, rocksdb::FileMetaData}; _Tp = std::pair<int, rocksdb::FileMetaData>; std::allocator_traits<std::allocator<_Tp1> >::allocator_type = std::allocator<std::pair<int, rocksdb::FileMetaData> >]’
/usr/include/c++/11/bits/vector.tcc:115:30:   required from ‘void std::vector<_Tp, _Alloc>::emplace_back(_Args&& ...) [with _Args = {int&, rocksdb::FileMetaData}; _Tp = std::pair<int, rocksdb::FileMetaData>; _Alloc = std::allocator<std::pair<int, rocksdb::FileMetaData> >]’
./db/version_edit.h:253:28:   required from here
./db/version_edit.h:86:8: warning: implicitly-declared ‘constexpr rocksdb::FileDescriptor::FileDescriptor(const rocksdb::FileDescriptor&)’ is deprecated [-Wdeprecated-copy]
   86 | struct FileMetaData {
      |        ^~~~~~~~~~~~
./db/version_edit.h:55:19: note: because ‘rocksdb::FileDescriptor’ has user-provided ‘rocksdb::FileDescriptor& rocksdb::FileDescriptor::operator=(const rocksdb::FileDescriptor&)’
   55 |   FileDescriptor& operator=(const FileDescriptor& fd) {
      |                   ^~~~~~~~
In file included from /usr/include/c++/11/bits/stl_algobase.h:64,
                 from /usr/include/c++/11/memory:63,
                 from ./include/rocksdb/options.h:14,
                 from ./include/rocksdb/sst_dump_tool.h:8,
                 from ./tools/sst_dump_tool_imp.h:8,
                 from tools/sst_dump_tool.cc:9:
/usr/include/c++/11/bits/stl_pair.h:353:42: note: synthesized method ‘rocksdb::FileMetaData::FileMetaData(rocksdb::FileMetaData&&)’ first required here
  353 |         : first(std::forward<_U1>(__x)), second(std::forward<_U2>(__y)) { }
      |                                          ^~~~~~~~~~~~~~~~~~~~~~~~~~~~~~
In file included from ./db/memtable.h:21,
                 from tools/sst_dump_tool.cc:18:
./db/version_edit.h: In instantiation of ‘constexpr std::pair<_T1, _T2>::pair(_U1&&, const _T2&) [with _U1 = int&; typename std::enable_if<std::_PCC<true, _T1, _T2>::_MoveCopyPair<true, _U1, _T2>(), bool>::type <anonymous> = true; _T1 = int; _T2 = rocksdb::FileMetaData]’:
/usr/include/c++/11/ext/new_allocator.h:162:4:   required from ‘void __gnu_cxx::new_allocator<_Tp>::construct(_Up*, _Args&& ...) [with _Up = std::pair<int, rocksdb::FileMetaData>; _Args = {int&, const rocksdb::FileMetaData&}; _Tp = std::pair<int, rocksdb::FileMetaData>]’
/usr/include/c++/11/bits/alloc_traits.h:516:17:   required from ‘static void std::allocator_traits<std::allocator<_Tp1> >::construct(std::allocator_traits<std::allocator<_Tp1> >::allocator_type&, _Up*, _Args&& ...) [with _Up = std::pair<int, rocksdb::FileMetaData>; _Args = {int&, const rocksdb::FileMetaData&}; _Tp = std::pair<int, rocksdb::FileMetaData>; std::allocator_traits<std::allocator<_Tp1> >::allocator_type = std::allocator<std::pair<int, rocksdb::FileMetaData> >]’
/usr/include/c++/11/bits/vector.tcc:115:30:   required from ‘void std::vector<_Tp, _Alloc>::emplace_back(_Args&& ...) [with _Args = {int&, const rocksdb::FileMetaData&}; _Tp = std::pair<int, rocksdb::FileMetaData>; _Alloc = std::allocator<std::pair<int, rocksdb::FileMetaData> >]’
./db/version_edit.h:258:28:   required from here
./db/version_edit.h:86:8: warning: implicitly-declared ‘constexpr rocksdb::FileDescriptor::FileDescriptor(const rocksdb::FileDescriptor&)’ is deprecated [-Wdeprecated-copy]
   86 | struct FileMetaData {
      |        ^~~~~~~~~~~~
./db/version_edit.h:55:19: note: because ‘rocksdb::FileDescriptor’ has user-provided ‘rocksdb::FileDescriptor& rocksdb::FileDescriptor::operator=(const rocksdb::FileDescriptor&)’
   55 |   FileDescriptor& operator=(const FileDescriptor& fd) {
      |                   ^~~~~~~~
In file included from /usr/include/c++/11/bits/stl_algobase.h:64,
                 from /usr/include/c++/11/memory:63,
                 from ./include/rocksdb/options.h:14,
                 from ./include/rocksdb/sst_dump_tool.h:8,
                 from ./tools/sst_dump_tool_imp.h:8,
                 from tools/sst_dump_tool.cc:9:
/usr/include/c++/11/bits/stl_pair.h:323:41: note: synthesized method ‘rocksdb::FileMetaData::FileMetaData(const rocksdb::FileMetaData&)’ first required here
  323 |        : first(std::forward<_U1>(__x)), second(__y) { }
      |                                         ^~~~~~~~~~~
./db/version_edit.h: In instantiation of ‘constexpr std::pair<_T1, _T2>::pair(_U1&&, _U2&&) [with _U1 = int&; _U2 = rocksdb::FileMetaData; typename std::enable_if<(std::_PCC<true, _T1, _T2>::_MoveConstructiblePair<_U1, _U2>() && std::_PCC<true, _T1, _T2>::_ImplicitlyMoveConvertiblePair<_U1, _U2>()), bool>::type <anonymous> = true; _T1 = int; _T2 = rocksdb::FileMetaData]’:
/usr/include/c++/11/ext/new_allocator.h:162:4:   required from ‘void __gnu_cxx::new_allocator<_Tp>::construct(_Up*, _Args&& ...) [with _Up = std::pair<int, rocksdb::FileMetaData>; _Args = {int&, rocksdb::FileMetaData}; _Tp = std::pair<int, rocksdb::FileMetaData>]’
/usr/include/c++/11/bits/alloc_traits.h:516:17:   required from ‘static void std::allocator_traits<std::allocator<_Tp1> >::construct(std::allocator_traits<std::allocator<_Tp1> >::allocator_type&, _Up*, _Args&& ...) [with _Up = std::pair<int, rocksdb::FileMetaData>; _Args = {int&, rocksdb::FileMetaData}; _Tp = std::pair<int, rocksdb::FileMetaData>; std::allocator_traits<std::allocator<_Tp1> >::allocator_type = std::allocator<std::pair<int, rocksdb::FileMetaData> >]’
/usr/include/c++/11/bits/vector.tcc:115:30:   required from ‘void std::vector<_Tp, _Alloc>::emplace_back(_Args&& ...) [with _Args = {int&, rocksdb::FileMetaData}; _Tp = std::pair<int, rocksdb::FileMetaData>; _Alloc = std::allocator<std::pair<int, rocksdb::FileMetaData> >]’
./db/version_edit.h:253:28:   required from here
./db/version_edit.h:86:8: warning: implicitly-declared ‘constexpr rocksdb::FileDescriptor::FileDescriptor(const rocksdb::FileDescriptor&)’ is deprecated [-Wdeprecated-copy]
   86 | struct FileMetaData {
      |        ^~~~~~~~~~~~
./db/version_edit.h:55:19: note: because ‘rocksdb::FileDescriptor’ has user-provided ‘rocksdb::FileDescriptor& rocksdb::FileDescriptor::operator=(const rocksdb::FileDescriptor&)’
   55 |   FileDescriptor& operator=(const FileDescriptor& fd) {
      |                   ^~~~~~~~
In file included from /usr/include/c++/11/utility:70,
                 from /usr/include/c++/11/algorithm:60,
                 from ./include/rocksdb/utilities/ldb_cmd.h:12,
                 from tools/ldb_cmd.cc:8:
/usr/include/c++/11/bits/stl_pair.h:353:42: note: synthesized method ‘rocksdb::FileMetaData::FileMetaData(rocksdb::FileMetaData&&)’ first required here
  353 |         : first(std::forward<_U1>(__x)), second(std::forward<_U2>(__y)) { }
      |                                          ^~~~~~~~~~~~~~~~~~~~~~~~~~~~~~
In file included from ./db/memtable.h:21,
                 from ./db/memtable_list.h:17,
                 from ./db/column_family.h:17,
                 from ./db/db_impl/db_impl.h:22,
                 from tools/ldb_cmd.cc:12:
./db/version_edit.h: In instantiation of ‘constexpr std::pair<_T1, _T2>::pair(_U1&&, const _T2&) [with _U1 = int&; typename std::enable_if<std::_PCC<true, _T1, _T2>::_MoveCopyPair<true, _U1, _T2>(), bool>::type <anonymous> = true; _T1 = int; _T2 = rocksdb::FileMetaData]’:
/usr/include/c++/11/ext/new_allocator.h:162:4:   required from ‘void __gnu_cxx::new_allocator<_Tp>::construct(_Up*, _Args&& ...) [with _Up = std::pair<int, rocksdb::FileMetaData>; _Args = {int&, const rocksdb::FileMetaData&}; _Tp = std::pair<int, rocksdb::FileMetaData>]’
/usr/include/c++/11/bits/alloc_traits.h:516:17:   required from ‘static void std::allocator_traits<std::allocator<_Tp1> >::construct(std::allocator_traits<std::allocator<_Tp1> >::allocator_type&, _Up*, _Args&& ...) [with _Up = std::pair<int, rocksdb::FileMetaData>; _Args = {int&, const rocksdb::FileMetaData&}; _Tp = std::pair<int, rocksdb::FileMetaData>; std::allocator_traits<std::allocator<_Tp1> >::allocator_type = std::allocator<std::pair<int, rocksdb::FileMetaData> >]’
/usr/include/c++/11/bits/vector.tcc:115:30:   required from ‘void std::vector<_Tp, _Alloc>::emplace_back(_Args&& ...) [with _Args = {int&, const rocksdb::FileMetaData&}; _Tp = std::pair<int, rocksdb::FileMetaData>; _Alloc = std::allocator<std::pair<int, rocksdb::FileMetaData> >]’
./db/version_edit.h:258:28:   required from here
./db/version_edit.h:86:8: warning: implicitly-declared ‘constexpr rocksdb::FileDescriptor::FileDescriptor(const rocksdb::FileDescriptor&)’ is deprecated [-Wdeprecated-copy]
   86 | struct FileMetaData {
      |        ^~~~~~~~~~~~
./db/version_edit.h:55:19: note: because ‘rocksdb::FileDescriptor’ has user-provided ‘rocksdb::FileDescriptor& rocksdb::FileDescriptor::operator=(const rocksdb::FileDescriptor&)’
   55 |   FileDescriptor& operator=(const FileDescriptor& fd) {
      |                   ^~~~~~~~
In file included from /usr/include/c++/11/utility:70,
                 from /usr/include/c++/11/algorithm:60,
                 from ./include/rocksdb/utilities/ldb_cmd.h:12,
                 from tools/ldb_cmd.cc:8:
/usr/include/c++/11/bits/stl_pair.h:323:41: note: synthesized method ‘rocksdb::FileMetaData::FileMetaData(const rocksdb::FileMetaData&)’ first required here
  323 |        : first(std::forward<_U1>(__x)), second(__y) { }
      |                                         ^~~~~~~~~~~
  AR       librocksdb.a
ar: creating librocksdb.a
make[1]: Leaving directory '/home/jake/sbomit-overhead-experiment/repos/cubefs/build/out/rocksdb-6.3.6'
make[1]: Entering directory '/home/jake/sbomit-overhead-experiment/repos/cubefs/build/out/rocksdb-6.3.6'
$DEBUG_LEVEL is 0
  GEN      util/build_version.cc
install -d /home/jake/sbomit-overhead-experiment/repos/cubefs/build/lib
for header_dir in `find "include/rocksdb" -type d`; do \
	install -d /home/jake/sbomit-overhead-experiment/repos/cubefs/build/$header_dir; \
done
for header in `find "include/rocksdb" -type f -name *.h`; do \
	install -C -m 644 $header /home/jake/sbomit-overhead-experiment/repos/cubefs/build/$header; \
done
install -C -m 755 librocksdb.a /home/jake/sbomit-overhead-experiment/repos/cubefs/build/lib
make[1]: Leaving directory '/home/jake/sbomit-overhead-experiment/repos/cubefs/build/out/rocksdb-6.3.6'
~/sbomit-overhead-experiment/repos/cubefs
build cfs-server   success
build tcmalloc...
~/sbomit-overhead-experiment/repos/cubefs/build/out/gperftools-gperftools-2.9.1 ~/sbomit-overhead-experiment/repos/cubefs
./autogen.sh: 3: autoreconf: not found
build/build.sh: line 203: ./configure: No such file or directory
make[1]: *** No targets specified and no makefile found.  Stop.
make[1]: Entering directory '/home/jake/sbomit-overhead-experiment/repos/cubefs/build/out/gperftools-gperftools-2.9.1'
make[1]: Leaving directory '/home/jake/sbomit-overhead-experiment/repos/cubefs/build/out/gperftools-gperftools-2.9.1'
cp: cannot stat '.libs/libtcmalloc.a': No such file or directory
~/sbomit-overhead-experiment/repos/cubefs
build cfs-authtool success
build tcmalloc...
~/sbomit-overhead-experiment/repos/cubefs/build/out/gperftools-gperftools-2.9.1 ~/sbomit-overhead-experiment/repos/cubefs
./autogen.sh: 3: autoreconf: not found
build/build.sh: line 203: ./configure: No such file or directory
make[1]: *** No targets specified and no makefile found.  Stop.
make[1]: Entering directory '/home/jake/sbomit-overhead-experiment/repos/cubefs/build/out/gperftools-gperftools-2.9.1'
make[1]: Leaving directory '/home/jake/sbomit-overhead-experiment/repos/cubefs/build/out/gperftools-gperftools-2.9.1'
cp: cannot stat '.libs/libtcmalloc.a': No such file or directory
~/sbomit-overhead-experiment/repos/cubefs
build cfs-client   success
build tcmalloc...
~/sbomit-overhead-experiment/repos/cubefs/build/out/gperftools-gperftools-2.9.1 ~/sbomit-overhead-experiment/repos/cubefs
./autogen.sh: 3: autoreconf: not found
build/build.sh: line 203: ./configure: No such file or directory
make[1]: *** No targets specified and no makefile found.  Stop.
make[1]: Entering directory '/home/jake/sbomit-overhead-experiment/repos/cubefs/build/out/gperftools-gperftools-2.9.1'
make[1]: Leaving directory '/home/jake/sbomit-overhead-experiment/repos/cubefs/build/out/gperftools-gperftools-2.9.1'
cp: cannot stat '.libs/libtcmalloc.a': No such file or directory
~/sbomit-overhead-experiment/repos/cubefs
build cfs-cli      success
build tcmalloc...
~/sbomit-overhead-experiment/repos/cubefs/build/out/gperftools-gperftools-2.9.1 ~/sbomit-overhead-experiment/repos/cubefs
./autogen.sh: 3: autoreconf: not found
build/build.sh: line 203: ./configure: No such file or directory
make[1]: *** No targets specified and no makefile found.  Stop.
make[1]: Entering directory '/home/jake/sbomit-overhead-experiment/repos/cubefs/build/out/gperftools-gperftools-2.9.1'
make[1]: Leaving directory '/home/jake/sbomit-overhead-experiment/repos/cubefs/build/out/gperftools-gperftools-2.9.1'
cp: cannot stat '.libs/libtcmalloc.a': No such file or directory
~/sbomit-overhead-experiment/repos/cubefs
build libsdk: libcfs.so       success
build java libcubefs        [INFO] Scanning for projects...
[INFO] 
[INFO] ------------------------< io.cubefs:libcubefs >-------------------------
[INFO] Building libcubefs 1.0-SNAPSHOT
[INFO]   from pom.xml
[INFO] --------------------------------[ jar ]---------------------------------
[INFO] 
[INFO] --- clean:3.1.0:clean (default-clean) @ libcubefs ---
[INFO] 
[INFO] --- resources:3.3.1:resources (default-resources) @ libcubefs ---
[INFO] Copying 1 resource from src/main/resources to target/classes
[INFO] 
[INFO] --- compiler:3.6.0:compile (default-compile) @ libcubefs ---
[INFO] Changes detected - recompiling the module!
[INFO] Compiling 3 source files to /home/jake/sbomit-overhead-experiment/repos/cubefs/java/target/classes
[INFO] 
[INFO] --- resources:3.3.1:testResources (default-testResources) @ libcubefs ---
[INFO] skip non existing resourceDirectory /home/jake/sbomit-overhead-experiment/repos/cubefs/java/src/test/resources
[INFO] 
[INFO] --- compiler:3.6.0:testCompile (default-testCompile) @ libcubefs ---
[INFO] No sources to compile
[INFO] 
[INFO] --- surefire:3.2.2:test (default-test) @ libcubefs ---
[INFO] No tests to run.
[INFO] 
[INFO] --- jar:3.3.0:jar (default-jar) @ libcubefs ---
[INFO] Building jar: /home/jake/sbomit-overhead-experiment/repos/cubefs/java/target/libcubefs-1.0-SNAPSHOT.jar
[INFO] 
[INFO] --- assembly:3.3.0:single (make-assembly) @ libcubefs ---
[INFO] Building jar: /home/jake/sbomit-overhead-experiment/repos/cubefs/java/target/libcubefs-1.0-SNAPSHOT-jar-with-dependencies.jar
[INFO] ------------------------------------------------------------------------
[INFO] BUILD SUCCESS
[INFO] ------------------------------------------------------------------------
[INFO] Total time:  4.566 s
[INFO] Finished at: 2026-09-05T11:29:18Z
[INFO] ------------------------------------------------------------------------
build java libcubefs success
build tcmalloc...
~/sbomit-overhead-experiment/repos/cubefs/build/out/gperftools-gperftools-2.9.1 ~/sbomit-overhead-experiment/repos/cubefs
./autogen.sh: 3: autoreconf: not found
build/build.sh: line 203: ./configure: No such file or directory
make[1]: *** No targets specified and no makefile found.  Stop.
make[1]: Entering directory '/home/jake/sbomit-overhead-experiment/repos/cubefs/build/out/gperftools-gperftools-2.9.1'
make[1]: Leaving directory '/home/jake/sbomit-overhead-experiment/repos/cubefs/build/out/gperftools-gperftools-2.9.1'
cp: cannot stat '.libs/libtcmalloc.a': No such file or directory
~/sbomit-overhead-experiment/repos/cubefs
build cfs-fsck      success
build tcmalloc...
~/sbomit-overhead-experiment/repos/cubefs/build/out/gperftools-gperftools-2.9.1 ~/sbomit-overhead-experiment/repos/cubefs
./autogen.sh: 3: autoreconf: not found
build/build.sh: line 203: ./configure: No such file or directory
make[1]: *** No targets specified and no makefile found.  Stop.
make[1]: Entering directory '/home/jake/sbomit-overhead-experiment/repos/cubefs/build/out/gperftools-gperftools-2.9.1'
make[1]: Leaving directory '/home/jake/sbomit-overhead-experiment/repos/cubefs/build/out/gperftools-gperftools-2.9.1'
cp: cannot stat '.libs/libtcmalloc.a': No such file or directory
~/sbomit-overhead-experiment/repos/cubefs
build fdstore success
build tcmalloc...
~/sbomit-overhead-experiment/repos/cubefs/build/out/gperftools-gperftools-2.9.1 ~/sbomit-overhead-experiment/repos/cubefs
./autogen.sh: 3: autoreconf: not found
build/build.sh: line 203: ./configure: No such file or directory
make[1]: *** No targets specified and no makefile found.  Stop.
make[1]: Entering directory '/home/jake/sbomit-overhead-experiment/repos/cubefs/build/out/gperftools-gperftools-2.9.1'
make[1]: Leaving directory '/home/jake/sbomit-overhead-experiment/repos/cubefs/build/out/gperftools-gperftools-2.9.1'
cp: cannot stat '.libs/libtcmalloc.a': No such file or directory
~/sbomit-overhead-experiment/repos/cubefs
build cfs-blockcache      success
build tcmalloc...
~/sbomit-overhead-experiment/repos/cubefs/build/out/gperftools-gperftools-2.9.1 ~/sbomit-overhead-experiment/repos/cubefs
./autogen.sh: 3: autoreconf: not found
build/build.sh: line 203: ./configure: No such file or directory
make[1]: *** No targets specified and no makefile found.  Stop.
make[1]: Entering directory '/home/jake/sbomit-overhead-experiment/repos/cubefs/build/out/gperftools-gperftools-2.9.1'
make[1]: Leaving directory '/home/jake/sbomit-overhead-experiment/repos/cubefs/build/out/gperftools-gperftools-2.9.1'
cp: cannot stat '.libs/libtcmalloc.a': No such file or directory
~/sbomit-overhead-experiment/repos/cubefs
build blobstore    # github.com/cubefs/cubefs/blobstore/cmd/shardnode
/usr/local/go/pkg/tool/linux_amd64/link: running g++ failed: exit status 1
/usr/bin/g++ -m64 -s -Wl,--build-id=0x5f993e433c73205d015ff8149f4d28f2b9043c30 -o $WORK/b001/exe/a.out -Wl,--export-dynamic-symbol=_cgo_panic -Wl,--export-dynamic-symbol=_cgo_topofstack -Wl,--export-dynamic-symbol=crosscall2 -Wl,--export-dynamic-symbol=gorocksdb_compactionfilter_filter -Wl,--export-dynamic-symbol=gorocksdb_compactionfilter_name -Wl,--export-dynamic-symbol=gorocksdb_comparator_compare -Wl,--export-dynamic-symbol=gorocksdb_comparator_name -Wl,--export-dynamic-symbol=gorocksdb_filterpolicy_create_filter -Wl,--export-dynamic-symbol=gorocksdb_filterpolicy_key_may_match -Wl,--export-dynamic-symbol=gorocksdb_filterpolicy_name -Wl,--export-dynamic-symbol=gorocksdb_mergeoperator_full_merge -Wl,--export-dynamic-symbol=gorocksdb_mergeoperator_name -Wl,--export-dynamic-symbol=gorocksdb_mergeoperator_partial_merge_multi -Wl,--export-dynamic-symbol=gorocksdb_slicetransform_in_domain -Wl,--export-dynamic-symbol=gorocksdb_slicetransform_in_range -Wl,--export-dynamic-symbol=gorocksdb_slicetransform_name -Wl,--export-dynamic-symbol=gorocksdb_slicetransform_transform -Wl,--compress-debug-sections=zlib /tmp/go-link-1160344916/go.o /tmp/go-link-1160344916/000000.o /tmp/go-link-1160344916/000001.o /tmp/go-link-1160344916/000002.o /tmp/go-link-1160344916/000003.o /tmp/go-link-1160344916/000004.o /tmp/go-link-1160344916/000005.o /tmp/go-link-1160344916/000006.o /tmp/go-link-1160344916/000007.o /tmp/go-link-1160344916/000008.o /tmp/go-link-1160344916/000009.o /tmp/go-link-1160344916/000010.o /tmp/go-link-1160344916/000011.o /tmp/go-link-1160344916/000012.o /tmp/go-link-1160344916/000013.o /tmp/go-link-1160344916/000014.o /tmp/go-link-1160344916/000015.o /tmp/go-link-1160344916/000016.o /tmp/go-link-1160344916/000017.o /tmp/go-link-1160344916/000018.o /tmp/go-link-1160344916/000019.o /tmp/go-link-1160344916/000020.o /tmp/go-link-1160344916/000021.o /tmp/go-link-1160344916/000022.o /tmp/go-link-1160344916/000023.o /tmp/go-link-1160344916/000024.o /tmp/go-link-1160344916/000025.o /tmp/go-link-1160344916/000026.o /tmp/go-link-1160344916/000027.o /tmp/go-link-1160344916/000028.o /tmp/go-link-1160344916/000029.o /tmp/go-link-1160344916/000030.o /tmp/go-link-1160344916/000031.o /tmp/go-link-1160344916/000032.o /tmp/go-link-1160344916/000033.o /tmp/go-link-1160344916/000034.o /tmp/go-link-1160344916/000035.o /tmp/go-link-1160344916/000036.o /tmp/go-link-1160344916/000037.o /tmp/go-link-1160344916/000038.o /tmp/go-link-1160344916/000039.o /tmp/go-link-1160344916/000040.o /tmp/go-link-1160344916/000041.o /tmp/go-link-1160344916/000042.o /tmp/go-link-1160344916/000043.o /tmp/go-link-1160344916/000044.o /tmp/go-link-1160344916/000045.o /tmp/go-link-1160344916/000046.o /tmp/go-link-1160344916/000047.o /tmp/go-link-1160344916/000048.o /tmp/go-link-1160344916/000049.o /tmp/go-link-1160344916/000050.o /tmp/go-link-1160344916/000051.o /tmp/go-link-1160344916/000052.o /tmp/go-link-1160344916/000053.o /tmp/go-link-1160344916/000054.o /tmp/go-link-1160344916/000055.o /tmp/go-link-1160344916/000056.o /tmp/go-link-1160344916/000057.o /tmp/go-link-1160344916/000058.o /tmp/go-link-1160344916/000059.o /tmp/go-link-1160344916/000060.o /tmp/go-link-1160344916/000061.o /tmp/go-link-1160344916/000062.o -L/home/jake/sbomit-overhead-experiment/repos/cubefs/build/lib -ldl -ltcmalloc -lm -lrocksdb -lz -lbz2 -lsnappy -llz4 -lzstd -lstdc++ -L/home/jake/sbomit-overhead-experiment/repos/cubefs/build/lib -ldl -ltcmalloc -lm -lrocksdb -lz -lbz2 -lsnappy -llz4 -lzstd -lstdc++ -lresolv -L/home/jake/sbomit-overhead-experiment/repos/cubefs/build/lib -ldl -ltcmalloc -lm -lrocksdb -lz -lbz2 -lsnappy -llz4 -lzstd -lstdc++ -lpthread -L/home/jake/sbomit-overhead-experiment/repos/cubefs/build/lib -ldl -ltcmalloc -lm -lrocksdb -lz -lbz2 -lsnappy -llz4 -lzstd -lstdc++ -lrocksdb -lstdc++ -lm -ldl -no-pie
/usr/bin/ld: cannot find -ltcmalloc: No such file or directory
/usr/bin/ld: cannot find -ltcmalloc: No such file or directory
collect2: error: ld returned 1 exit status

build blobstore benchsuccess
build tcmalloc...
~/sbomit-overhead-experiment/repos/cubefs/build/out/gperftools-gperftools-2.9.1 ~/sbomit-overhead-experiment/repos/cubefs
./autogen.sh: 3: autoreconf: not found
build/build.sh: line 203: ./configure: No such file or directory
make[1]: *** No targets specified and no makefile found.  Stop.
make[1]: Entering directory '/home/jake/sbomit-overhead-experiment/repos/cubefs/build/out/gperftools-gperftools-2.9.1'
make[1]: Leaving directory '/home/jake/sbomit-overhead-experiment/repos/cubefs/build/out/gperftools-gperftools-2.9.1'
cp: cannot stat '.libs/libtcmalloc.a': No such file or directory
~/sbomit-overhead-experiment/repos/cubefs
build cfs-deploy      success
level=info msg="Finished command-run attestor... (212.695578784s)"
level=info msg="Completed execute attestors stage..."
level=info msg="Starting product attestors stage..."
level=info msg="Starting product attestor..."
level=info msg="Finished product attestor... (1.6088723059999999s)"
level=info msg="Completed product attestors stage..."
level=info msg="Starting postproduct attestors stage..."
level=info msg="Completed postproduct attestors stage..."
