level=info msg="Starting prematerial attestors stage..."
level=info msg="Starting git attestor..."
level=info msg="Starting environment attestor..."
level=info msg="Finished environment attestor... (0.00011761s)"
level=info msg="Finished git attestor... (0.071709845s)"
level=info msg="Completed prematerial attestors stage..."
level=info msg="Starting material attestors stage..."
level=info msg="Starting material attestor..."
level=info msg="Finished material attestor... (1.681784297s)"
level=info msg="Completed material attestors stage..."
level=info msg="Starting execute attestors stage..."
level=info msg="Starting command-run attestor..."
level=info msg="Using tracer: ebpf for command-run"
GOOS=linux GOARCH=amd64 CGO_ENABLED=0 /home/jake/.local/share/mise/installs/go/1.27.1/bin/go build -v -trimpath -ldflags=" -s -w -X github.com/kumahq/kuma/v3/pkg/version.version=0.0.0-preview.v0668cf1ba -X github.com/kumahq/kuma/v3/pkg/version.gitTag=none -X github.com/kumahq/kuma/v3/pkg/version.gitCommit=0668cf1baebf7cdd59d6fc10d0404ce3d8422122 -X github.com/kumahq/kuma/v3/pkg/version.buildDate=local-build -X github.com/kumahq/kuma/v3/pkg/version.Envoy=1.39.1 " -o build/artifacts-linux-amd64/kuma-cp/kuma-cp ./app/kuma-cp
go: downloading github.com/spf13/cobra v1.10.2
go: downloading github.com/pkg/errors v0.9.1
go: downloading github.com/bakito/go-log-logr-adapter v0.0.3-0.20260727213026-f0426b322018
go: downloading github.com/google/uuid v1.6.0
go: downloading sigs.k8s.io/controller-runtime v0.24.1
go: downloading github.com/prometheus/client_golang v1.24.1
go: downloading go.uber.org/multierr v1.11.0
go: downloading github.com/kumahq/go-control-plane/envoy v1.39.0-kong-1
go: downloading github.com/kumahq/go-control-plane v0.14.0-kong-1
go: downloading github.com/sethvargo/go-retry v0.4.0
go: downloading github.com/go-logr/logr v1.4.4
go: downloading github.com/kelseyhightower/envconfig v1.4.0
go: downloading sigs.k8s.io/yaml v1.6.0
go: downloading k8s.io/apimachinery v0.37.0
go: downloading golang.org/x/sys v0.47.0
go: downloading google.golang.org/protobuf v1.36.12
go: downloading github.com/go-logr/zapr v1.3.0
go: downloading go.opentelemetry.io/otel/trace v1.46.0
go: downloading go.uber.org/zap v1.28.0
go: downloading go.opentelemetry.io/otel v1.46.0
go: downloading gopkg.in/natefinch/lumberjack.v2 v2.2.1
go: downloading github.com/Masterminds/semver/v3 v3.5.0
go: downloading github.com/emicklei/go-restful/v3 v3.13.0
go: downloading github.com/slok/go-http-metrics v0.13.0
go: downloading github.com/Masterminds/sprig/v3 v3.3.0
go: downloading github.com/grpc-ecosystem/go-grpc-prometheus v1.2.0
go: downloading google.golang.org/grpc v1.83.2
go: downloading go.opentelemetry.io/contrib/instrumentation/github.com/emicklei/go-restful/otelrestful v0.71.0
go: downloading github.com/asaskevich/govalidator v0.0.0-20230301143203-a9d515a09cc2
go: downloading github.com/spiffe/go-spiffe/v2 v2.8.1
go: downloading github.com/patrickmn/go-cache v2.1.0+incompatible
go: downloading go.opentelemetry.io/contrib/instrumentation/google.golang.org/grpc/otelgrpc v0.71.0
go: downloading k8s.io/api v0.37.0
go: downloading k8s.io/apiextensions-apiserver v0.37.0
go: downloading k8s.io/client-go v0.37.0
go: downloading sigs.k8s.io/gateway-api v1.6.0
go: downloading github.com/jackc/pgx/v5 v5.10.0
go: downloading github.com/tonglil/opentelemetry-go-datadog-propagator v0.1.3
go: downloading go.opentelemetry.io/contrib/bridges/prometheus v0.71.0
go: downloading go.opentelemetry.io/otel/exporters/otlp/otlpmetric/otlpmetricgrpc v1.46.0
go: downloading go.opentelemetry.io/otel/exporters/otlp/otlptrace/otlptracegrpc v1.46.0
go: downloading go.opentelemetry.io/otel/sdk/metric v1.46.0
go: downloading go.opentelemetry.io/otel/sdk v1.46.0
go: downloading github.com/golang-migrate/migrate/v4 v4.19.1
go: downloading go.opentelemetry.io/otel/exporters/otlp/otlptrace v1.46.0
go: downloading github.com/golang-jwt/jwt/v5 v5.3.1
go: downloading k8s.io/kube-openapi v0.0.0-20260821135717-be32def86098
go: downloading github.com/envoyproxy/protoc-gen-validate v1.3.3
go: downloading github.com/Nordix/simple-ipam v1.0.0
go: downloading github.com/evanphx/json-patch/v5 v5.9.11
go: downloading github.com/shopspring/decimal v1.4.0
go: downloading golang.org/x/exp v0.0.0-20260824195058-e88cd73687aa
go: downloading go.yaml.in/yaml/v2 v2.4.4
go: downloading github.com/spf13/pflag v1.0.10
go: downloading github.com/beorn7/perks v1.0.1
go: downloading github.com/cespare/xxhash/v2 v2.3.0
go: downloading github.com/prometheus/client_model v0.6.2
go: downloading github.com/prometheus/common v0.70.1
go: downloading github.com/prometheus/procfs v0.21.1
go: downloading github.com/golang/protobuf v1.5.4
go: downloading github.com/josephburnett/jd/v2 v2.5.0
go: downloading k8s.io/utils v0.0.0-20260707023825-cf1189d6abe3
go: downloading github.com/goburrow/cache v0.1.4
go: downloading dario.cat/mergo v1.0.2
go: downloading github.com/Masterminds/goutils v1.1.1
go: downloading github.com/huandu/xstrings v1.5.0
go: downloading github.com/mitchellh/copystructure v1.2.0
go: downloading github.com/spf13/cast v1.10.0
go: downloading golang.org/x/crypto v0.56.0
go: downloading golang.org/x/net v0.58.0
go: downloading github.com/fsnotify/fsnotify v1.10.0
go: downloading sigs.k8s.io/randfill v1.0.0
go: downloading k8s.io/klog/v2 v2.140.0
go: downloading github.com/cncf/xds/go v0.0.0-20260202195803-dba9d589def2
go: downloading google.golang.org/genproto/googleapis/api v0.0.0-20260825221802-da73d73af1c5
go: downloading google.golang.org/genproto/googleapis/rpc v0.0.0-20260825221802-da73d73af1c5
go: downloading go.opentelemetry.io/proto/otlp v1.11.0
go: downloading github.com/containernetworking/plugins v1.9.1
go: downloading github.com/miekg/dns v1.1.73
go: downloading github.com/vishvananda/netlink v1.3.1
go: downloading sigs.k8s.io/structured-merge-diff/v6 v6.4.2
go: downloading cirello.io/pglock v1.16.2
go: downloading gomodules.xyz/jsonpatch/v2 v2.5.0
go: downloading go.opentelemetry.io/otel/metric v1.46.0
go: downloading github.com/exaring/otelpgx v0.11.1
go: downloading k8s.io/kubectl v0.37.0
go: downloading github.com/jackc/puddle/v2 v2.2.2
go: downloading github.com/jackc/pgpassfile v1.0.0
go: downloading github.com/jackc/pgservicefile v0.0.0-20240606120523-5a60cdf6a761
go: downloading golang.org/x/text v0.41.0
go: downloading github.com/lib/pq v1.12.3
go: downloading github.com/kumahq/go-control-plane/ratelimit v0.1.0-kong-1
go: downloading k8s.io/apiserver v0.37.0
go: downloading go.yaml.in/yaml/v3 v3.0.5
go: downloading github.com/munnerz/goautoneg v0.0.0-20191010083416-a7dc8b61c822
go: downloading github.com/mitchellh/reflectwalk v1.0.2
go: downloading github.com/onsi/gomega v1.43.0
go: downloading gopkg.in/inf.v0 v0.9.1
go: downloading sigs.k8s.io/json v0.0.0-20250730193827-2d320260d730
go: downloading cel.dev/expr v0.25.2
go: downloading github.com/go-openapi/swag v0.28.0
go: downloading github.com/vishvananda/netns v0.0.5
go: downloading github.com/json-iterator/go v1.1.12
go: downloading github.com/go-logr/stdr v1.2.2
go: downloading go.opentelemetry.io/auto/sdk v1.2.1
go: downloading github.com/cenkalti/backoff/v5 v5.0.3
go: downloading github.com/grpc-ecosystem/grpc-gateway/v2 v2.30.0
go: downloading golang.org/x/sync v0.22.0
go: downloading github.com/google/gnostic-models v0.7.1
go: downloading github.com/go-openapi/jsonreference v1.0.0
go: downloading github.com/google/cel-go v0.30.0
go: downloading k8s.io/component-base v0.37.0
go: downloading golang.org/x/term v0.45.0
go: downloading github.com/fxamacker/cbor/v2 v2.9.1
go: downloading golang.org/x/time v0.15.0
go: downloading github.com/go-openapi/jsonpointer v1.0.0
go: downloading github.com/go-openapi/swag/cmdutils v0.28.0
go: downloading github.com/go-openapi/swag/conv v0.28.0
go: downloading github.com/go-openapi/swag/fileutils v0.28.0
go: downloading github.com/go-openapi/swag/jsonutils v0.28.0
go: downloading github.com/go-openapi/swag/loading v0.28.0
go: downloading github.com/go-openapi/swag/mangling v0.28.0
go: downloading github.com/go-openapi/swag/netutils v0.28.0
go: downloading github.com/go-openapi/swag/stringutils v0.28.0
go: downloading github.com/go-openapi/swag/typeutils v0.28.0
go: downloading github.com/go-openapi/swag/yamlutils v0.28.0
go: downloading golang.org/x/oauth2 v0.36.0
go: downloading github.com/pmezard/go-difflib v1.0.1-0.20181226105442-5d4384ee4fb2
go: downloading github.com/modern-go/concurrent v0.0.0-20180306012644-bacd9c7ef1dd
go: downloading github.com/modern-go/reflect2 v1.0.3-0.20250322232337-35a7c28c31ee
go: downloading github.com/google/go-cmp v0.7.0
go: downloading github.com/blang/semver/v4 v4.0.0
go: downloading github.com/davecgh/go-spew v1.1.2-0.20180830191138-d8f796af33cc
go: downloading github.com/x448/float16 v0.8.4
go: downloading gopkg.in/evanphx/json-patch.v4 v4.13.0
go: downloading github.com/antlr4-go/antlr/v4 v4.13.1
go: downloading github.com/go-openapi/swag/pools v0.28.0
internal/unsafeheader
internal/goarch
internal/godebugs
internal/coverage/rtcov
internal/goos
internal/byteorder
internal/profilerecord
cmp
internal/trace/tracev2
math/bits
internal/asan
internal/goexperiment
internal/msan
unicode/utf8
internal/runtime/pprof/label
internal/cpu
sync/atomic
unicode
internal/abi
internal/runtime/atomic
internal/runtime/syscall/linux
internal/runtime/gc
internal/runtime/sys
internal/runtime/math
container/list
crypto/internal/fips140/alias
crypto/internal/constanttime
crypto/internal/fips140deps/byteorder
crypto/internal/fips140deps/time
internal/strconv
crypto/internal/boring/sig
unicode/utf16
vendor/golang.org/x/crypto/cryptobyte/asn1
vendor/golang.org/x/crypto/internal/alias
internal/nettrace
encoding
database/sql/internal
log/internal
crypto/internal/fips140/subtle
log/slog/internal
google.golang.org/protobuf/internal/flags
google.golang.org/protobuf/internal/set
google.golang.org/grpc/serviceconfig
google.golang.org/grpc/encoding/internal
google.golang.org/grpc/internal/transport/internal
github.com/kumahq/kuma/v3/pkg/util/pointer
k8s.io/apimachinery/pkg/selection
k8s.io/apimachinery/pkg/api/validate/constraints
internal/runtime/exithook
k8s.io/apimachinery/pkg/types
go.opentelemetry.io/otel/trace/embedded
github.com/go-openapi/swag/cmdutils
k8s.io/apimachinery/pkg/api/safe
k8s.io/utils/internal/third_party/forked/golang/golang-lru
golang.org/x/exp/constraints
github.com/kumahq/kuma/v3/pkg/util/slices
golang.org/x/net/internal/iana
github.com/kumahq/kuma/v3/pkg/config/eventbus
github.com/kumahq/kuma/v3/pkg/config/plugins/policies
github.com/kumahq/kuma/v3/pkg/config/tracing
github.com/kumahq/kuma/v3/pkg/util/channels
github.com/google/cel-go/common/operators
github.com/google/cel-go/common/overloads
k8s.io/apiserver/pkg/apis/cel
internal/bytealg
internal/chacha8rand
internal/runtime/gc/scan
crypto/internal/fips140deps/cpu
k8s.io/component-base/metrics/internal
crypto/subtle
k8s.io/apiserver/pkg/authentication/user
math
github.com/kumahq/kuma/v3/pkg/core/xds/origin
github.com/kumahq/kuma/v3/pkg/envoy/builders/common
go.opentelemetry.io/otel/metric/embedded
github.com/jackc/pgx/v5/internal/pgio
github.com/jackc/puddle/v2/internal/genstack
github.com/kumahq/kuma/v3/pkg/xds/envoy/tls
github.com/kumahq/kuma/v3/pkg/dns/dpapi
github.com/kumahq/kuma/v3/pkg/xds/dynconf/metadata
github.com/kumahq/kuma/v3/pkg/xds/generator/metadata
github.com/google/go-cmp/cmp/internal/flags
github.com/onsi/gomega/matchers/support/goraph/node
golang.org/x/net/html/atom
golang.org/x/text/encoding/internal/identifier
golang.org/x/text/internal/utf8internal
github.com/kumahq/kuma/v3/pkg/tokens/builtin/server/types
github.com/kumahq/kuma/v3/pkg/core/resources/apis/meshidentity/metadata
github.com/kumahq/kuma/v3/pkg/core/resources/apis/meshtrust/metadata
github.com/kumahq/kuma/v3/pkg/plugins/authn/api-server/tokens/ws
github.com/kumahq/kuma/v3/pkg/core/resources/apis/meshidentity/providers/spire/metadata
github.com/kumahq/kuma/v3/pkg/core/secrets/cipher
github.com/kumahq/kuma/v3/pkg/plugins/bootstrap/k8s/xds/hooks/metadata
github.com/lib/pq/internal/pqsql
github.com/lib/pq/oid
github.com/lib/pq/pqerror
github.com/envoyproxy/go-control-plane/pkg/wellknown
github.com/kumahq/kuma/v3/pkg/plugins/policies/meshaccesslog/plugin/metadata
github.com/kumahq/kuma/v3/pkg/plugins/policies/meshmetric/metadata
github.com/kumahq/kuma/v3/pkg/plugins/policies/meshpassthrough/metadata
github.com/kumahq/kuma/v3/pkg/plugins/policies/meshproxypatch/metadata
github.com/kumahq/kuma/v3/pkg/plugins/policies/meshtrace/metadata
github.com/kumahq/kuma/v3/pkg/util/strings
go.opentelemetry.io/otel/sdk/metric/internal/reservoir
go.opentelemetry.io/otel/sdk/metric/internal
go.opentelemetry.io/otel/sdk
go.opentelemetry.io/otel/exporters/otlp/otlpmetric/otlpmetricgrpc/internal/counter
go.opentelemetry.io/otel/exporters/otlp/otlptrace/otlptracegrpc/internal/counter
github.com/kumahq/kuma/v3/pkg/hds/v3
github.com/kumahq/kuma/v3/pkg/mads/v1
internal/race
internal/synctest
internal/sync
internal/runtime/maps
internal/stringslite
internal/runtime/cgroup
github.com/onsi/gomega/matchers/support/goraph/util
runtime
iter
internal/reflectlite
k8s.io/klog/v2/internal/dbg
weak
runtime/metrics
sync
maps
slices
golang.org/x/exp/slices
github.com/onsi/gomega/matchers/support/goraph/edge
github.com/kumahq/kuma/v3/pkg/xds/generator/model
k8s.io/apimachinery/pkg/util/sets
internal/testlog
internal/singleflight
internal/bisect
crypto/internal/fips140cache
google.golang.org/protobuf/internal/pragma
go.uber.org/zap/internal/pool
log/slog/internal/buffer
github.com/go-openapi/swag/pools
unique
github.com/jackc/pgx/v5/internal/iobufpool
github.com/kumahq/kuma/v3/pkg/util/maps
github.com/kumahq/kuma/v3/pkg/plugins/policies/core/rules/subsetutils
errors
sort
internal/godebug
internal/oserror
crypto/internal/entropy/v1.0.0
path
google.golang.org/grpc/internal/buffer
io
vendor/golang.org/x/net/dns/dnsmessage
math/rand/v2
k8s.io/kube-openapi/pkg/internal/third_party/go-json-experiment/json/internal
encoding/json/internal
strconv
k8s.io/kube-openapi/pkg/internal/third_party/go-json-experiment/json/internal/jsonflags
encoding/json/internal/jsonflags
syscall
k8s.io/kube-openapi/pkg/internal/third_party/go-json-experiment/json/internal/jsonopts
encoding/json/internal/jsonopts
reflect
net/netip
golang.org/x/crypto/blowfish
github.com/x448/float16
bytes
strings
crypto/internal/randutil
hash
internal/saferio
encoding/base64
encoding/base32
github.com/beorn7/perks/quantile
crypto/internal/fips140deps/godebug
crypto
math/rand
hash/adler32
hash/crc32
hash/fnv
container/heap
k8s.io/utils/third_party/forked/golang/btree
k8s.io/utils/buffer
github.com/prometheus/client_golang/prometheus/promhttp/internal
golang.org/x/text/internal/tag
golang.org/x/text/internal/stringset
github.com/jackc/pgx/v5/pgconn/internal/bgreader
vendor/golang.org/x/text/transform
golang.org/x/text/transform
crypto/internal/fips140
crypto/internal/impl
encoding/pem
encoding/json/internal/jsonwire
regexp/syntax
github.com/huandu/xstrings
bufio
html
net/http/internal/ascii
k8s.io/klog/v2/internal/severity
go/build/constraint
k8s.io/apimachinery/pkg/api/operation
github.com/munnerz/goautoneg
github.com/go-openapi/swag/conv
github.com/go-openapi/swag/stringutils
crypto/internal/fips140/sha256
crypto/internal/fips140/sha3
crypto/internal/fips140/sha512
k8s.io/kube-openapi/pkg/internal/third_party/go-json-experiment/json/internal/jsonwire
k8s.io/utils/strings
golang.org/x/text/runes
golang.org/x/text/width
golang.org/x/text/encoding
net/http/internal/testcert
encoding/json/jsontext
github.com/golang-migrate/migrate/v4/internal/url
github.com/golang-migrate/migrate/v4/database/multistmt
golang.org/x/text/encoding/internal
k8s.io/kube-openapi/pkg/internal/third_party/go-json-experiment/json/jsontext
golang.org/x/text/encoding/charmap
golang.org/x/text/encoding/japanese
golang.org/x/text/encoding/unicode
golang.org/x/text/encoding/korean
golang.org/x/text/encoding/traditionalchinese
golang.org/x/text/encoding/simplifiedchinese
crypto/internal/fips140/hmac
crypto/sha3
crypto/internal/fips140/check
crypto/internal/fips140hash
regexp
crypto/internal/fips140/aes
crypto/fips140
crypto/internal/fips140/edwards25519/field
crypto/internal/fips140/bigmod
crypto/internal/fips140/hkdf
crypto/internal/fips140/nistec/fiat
time
internal/syscall/unix
internal/syscall/execenv
crypto/internal/fips140/tls12
crypto/internal/fips140/tls13
crypto/tls/internal/fips140tls
crypto/internal/fips140/pbkdf2
crypto/internal/fips140/edwards25519
k8s.io/apimachinery/pkg/version
context
google.golang.org/grpc/backoff
google.golang.org/grpc/balancer/pickfirst/internal
google.golang.org/grpc/internal/idle
k8s.io/utils/clock
google.golang.org/grpc/keepalive
net/http/internal/httpsfv
golang.org/x/net/internal/httpsfv
k8s.io/klog/v2/internal/clock
go.uber.org/zap/buffer
github.com/kumahq/kuma/v3/pkg/util/time
io/fs
internal/poll
github.com/kumahq/kuma/v3/pkg/plugins/policies/core/defaults
k8s.io/apimachinery/pkg/util/rand
github.com/google/go-cmp/cmp/internal/diff
k8s.io/apimachinery/pkg/util/cache
go.uber.org/zap/internal/bufferpool
go.uber.org/zap/internal/stacktrace
embed
internal/filepathlite
google.golang.org/grpc/internal/backoff
golang.org/x/net/context
github.com/kumahq/kuma/v3/pkg/core/user
google.golang.org/grpc/internal/grpcsync
k8s.io/client-go/tools/cache/synctrack
github.com/sethvargo/go-retry
k8s.io/apiserver/pkg/warning
go.opentelemetry.io/otel/internal/baggage
github.com/slok/go-http-metrics/metrics
github.com/jackc/pgx/v5/pgconn/ctxwatch
internal/fmtsort
crypto/internal/fips140/nistec
k8s.io/kube-openapi/pkg/util
encoding/binary
go.opentelemetry.io/otel/attribute/internal
github.com/modern-go/reflect2
github.com/go-openapi/jsonpointer/jsonname
github.com/go-openapi/swag/typeutils
google.golang.org/protobuf/internal/editiondefaults
sigs.k8s.io/controller-runtime/pkg/internal/syncs
sigs.k8s.io/structured-merge-diff/v6/schema
golang.org/x/sync/semaphore
github.com/google/go-cmp/cmp/internal/function
github.com/onsi/gomega/types
github.com/kumahq/kuma/v3/app/kuma-ui/pkg/resources
github.com/onsi/gomega/matchers/internal/miter
internal/gate
github.com/kumahq/kuma/v3/pkg/plugins/resources/postgres/migrations
github.com/jackc/puddle/v2
os
sigs.k8s.io/randfill/bytesource
vendor/golang.org/x/crypto/internal/poly1305
github.com/cespare/xxhash/v2
golang.org/x/sys/unix
go.opentelemetry.io/otel/attribute/internal/xxhash
crypto/internal/sysrand
fmt
go.uber.org/zap/internal/exit
google.golang.org/protobuf/internal/detrand
github.com/prometheus/procfs/internal/util
internal/sysinfo
internal/lazyregexp
k8s.io/klog/v2/internal/buffer
google.golang.org/grpc/internal/envconfig
io/ioutil
vendor/golang.org/x/sys/cpu
os/signal
net
path/filepath
github.com/jackc/pgpassfile
github.com/onsi/gomega/internal/gutil
go.opentelemetry.io/otel/sdk/internal/x
go.opentelemetry.io/otel/sdk/metric/internal/x
go.opentelemetry.io/otel/exporters/otlp/otlpmetric/otlpmetricgrpc/internal/x
go.opentelemetry.io/otel/exporters/otlp/otlptrace/otlptracegrpc/internal/x
crypto/internal/fips140/drbg
crypto/internal/fips140/ecdh
crypto/internal/fips140only
crypto/internal/fips140/ed25519
crypto/internal/fips140/ecdsa
crypto/internal/fips140/aes/gcm
crypto/internal/fips140/mldsa
crypto/internal/fips140/mlkem
crypto/internal/fips140/rsa
k8s.io/client-go/util/homedir
os/exec
crypto/hkdf
crypto/md5
crypto/rc4
crypto/pbkdf2
sigs.k8s.io/controller-runtime/pkg/manager/signals
golang.org/x/crypto/pbkdf2
crypto/mlkem
crypto/mldsa
encoding/hex
net/url
github.com/spf13/cast/internal
math/big
github.com/mitchellh/reflectwalk
log
dario.cat/mergo
text/template/parse
compress/flate
encoding/xml
mime
vendor/golang.org/x/text/unicode/norm
crypto/cipher
mime/quotedprintable
net/http/internal
encoding/json/v2
github.com/mitchellh/copystructure
vendor/golang.org/x/net/http2/hpack
crypto/internal/boring
crypto/des
vendor/golang.org/x/crypto/chacha20
github.com/emicklei/go-restful/v3/log
vendor/golang.org/x/text/unicode/bidi
google.golang.org/protobuf/internal/errors
crypto/aes
crypto/internal/rand
crypto/sha512
crypto/hmac
crypto/sha256
vendor/golang.org/x/crypto/chacha20poly1305
crypto/sha1
google.golang.org/protobuf/encoding/protowire
golang.org/x/crypto/scrypt
go/token
crypto/ecdh
google.golang.org/protobuf/internal/version
golang.org/x/net/internal/timeseries
text/tabwriter
google.golang.org/protobuf/reflect/protoreflect
google.golang.org/grpc/attributes
text/template
golang.org/x/text/unicode/bidi
golang.org/x/text/unicode/norm
vendor/golang.org/x/text/secure/bidirule
golang.org/x/net/http2/hpack
github.com/pkg/errors
go.yaml.in/yaml/v2
go.uber.org/multierr
k8s.io/apimachinery/third_party/forked/golang/reflect
crypto/hpke
k8s.io/apimachinery/pkg/fields
compress/gzip
compress/zlib
vendor/golang.org/x/net/idna
k8s.io/apimachinery/pkg/api/validate/content
k8s.io/apimachinery/pkg/util/errors
runtime/pprof
k8s.io/apimachinery/pkg/conversion
flag
os/user
go/scanner
google.golang.org/protobuf/internal/descfmt
google.golang.org/protobuf/internal/descopts
google.golang.org/protobuf/internal/strs
google.golang.org/protobuf/internal/encoding/messageset
google.golang.org/protobuf/internal/order
google.golang.org/protobuf/internal/genid
google.golang.org/protobuf/runtime/protoiface
google.golang.org/protobuf/internal/encoding/text
google.golang.org/protobuf/reflect/protoregistry
google.golang.org/protobuf/internal/encoding/json
google.golang.org/protobuf/internal/protolazy
golang.org/x/text/secure/bidirule
go/ast
go/doc/comment
k8s.io/apimachinery/pkg/conversion/queryparams
crypto/elliptic
crypto/internal/boring/bbig
encoding/asn1
crypto/rand
crypto/dsa
gopkg.in/inf.v0
crypto/ed25519
github.com/Masterminds/goutils
uuid
crypto/rsa
golang.org/x/crypto/bcrypt
google.golang.org/protobuf/proto
google.golang.org/protobuf/internal/encoding/defval
database/sql/driver
github.com/fxamacker/cbor/v2
k8s.io/apimachinery/pkg/runtime/schema
runtime/debug
golang.org/x/net/idna
k8s.io/klog/v2/internal/verbosity
sigs.k8s.io/randfill
net/textproto
vendor/golang.org/x/net/http/httpproxy
google.golang.org/grpc/internal/resolver/dns/internal
k8s.io/utils/internal/third_party/forked/golang/net
k8s.io/utils/ptr
go.uber.org/zap/internal/color
github.com/shopspring/decimal
vendor/golang.org/x/crypto/cryptobyte
crypto/x509/pkix
github.com/prometheus/procfs/internal/fs
gopkg.in/natefinch/lumberjack.v2
k8s.io/utils/net
vendor/golang.org/x/net/http/httpguts
mime/multipart
net/mail
k8s.io/apimachinery/pkg/util/version
github.com/prometheus/procfs
k8s.io/client-go/pkg/version
golang.org/x/term
k8s.io/client-go/tools/metrics
k8s.io/apimachinery/pkg/util/naming
github.com/modern-go/concurrent
google.golang.org/protobuf/internal/filedesc
google.golang.org/protobuf/encoding/prototext
github.com/kumahq/kuma/v3/api/generic
google.golang.org/protobuf/encoding/protodelim
crypto/ecdsa
k8s.io/client-go/util/connrotation
golang.org/x/time/rate
github.com/davecgh/go-spew/spew
k8s.io/apimachinery/third_party/forked/golang/json
go/doc
encoding/json
go/parser
golang.org/x/net/http/httpguts
go.yaml.in/yaml/v3
github.com/go-openapi/jsonreference/internal
k8s.io/client-go/util/flowcontrol
github.com/go-openapi/swag/fileutils
github.com/go-openapi/swag/mangling
github.com/go-openapi/swag/netutils
k8s.io/kube-openapi/pkg/internal/third_party/go-json-experiment/json
k8s.io/kube-openapi/pkg/cached
github.com/pmezard/go-difflib/difflib
golang.org/x/sync/errgroup
database/sql
sigs.k8s.io/controller-runtime/pkg/internal/field/selector
k8s.io/utils/lru
internal/profile
runtime/trace
github.com/fsnotify/fsnotify/internal
k8s.io/utils/dump
github.com/Masterminds/semver/v3
github.com/google/uuid
html/template
log/slog
github.com/evanphx/json-patch/v5/internal/json
google.golang.org/grpc/grpclog/internal
sigs.k8s.io/yaml
google.golang.org/grpc/grpclog
sigs.k8s.io/json/internal/golang/encoding/json
k8s.io/apimachinery/pkg/util/validation/field
crypto/x509
google.golang.org/protobuf/encoding/protojson
google.golang.org/protobuf/internal/encoding/tag
google.golang.org/grpc/connectivity
google.golang.org/grpc/internal/grpclog
github.com/go-logr/logr
google.golang.org/grpc/internal
google.golang.org/grpc/internal/syscall
k8s.io/klog/v2/internal/sloghandler
google.golang.org/protobuf/internal/impl
github.com/bakito/go-log-logr-adapter/adapter
k8s.io/klog/v2/internal/serialize
github.com/json-iterator/go
github.com/go-logr/logr/slogr
go.uber.org/zap/zapcore
go.opentelemetry.io/otel/attribute
go.opentelemetry.io/otel/codes
google.golang.org/grpc/metadata
google.golang.org/grpc/codes
github.com/spf13/cast
google.golang.org/grpc/internal/mem
go.opentelemetry.io/otel/trace/internal/telemetry
k8s.io/apimachinery/pkg/util/framer
google.golang.org/grpc/stats
google.golang.org/grpc/internal/grpcutil
google.golang.org/grpc/internal/balancerload
google.golang.org/grpc/tap
google.golang.org/grpc/mem
k8s.io/klog/v2
k8s.io/klog/v2/textlogger
k8s.io/apimachinery/pkg/util/mergepatch
google.golang.org/grpc/experimental/stats
google.golang.org/grpc/internal/stats
google.golang.org/grpc/encoding
google.golang.org/grpc/internal/transport/readyreader
github.com/google/gnostic-models/jsonschema
github.com/go-openapi/jsonpointer
github.com/go-openapi/swag/jsonutils/adapters/ifaces
sigs.k8s.io/controller-runtime/pkg/log
sigs.k8s.io/controller-runtime/pkg/config
sigs.k8s.io/json
gopkg.in/evanphx/json-patch.v4
k8s.io/apimachinery/pkg/util/diff
github.com/go-openapi/swag/jsonutils/adapters/stdlib/json
github.com/evanphx/json-patch/v5
k8s.io/apimachinery/pkg/runtime/serializer/cbor/internal/modes
k8s.io/apimachinery/pkg/util/json
k8s.io/apimachinery/pkg/util/uuid
sigs.k8s.io/controller-runtime/pkg/internal/log
github.com/go-openapi/jsonreference
github.com/fsnotify/fsnotify
gomodules.xyz/jsonpatch/v2
encoding/csv
go.opentelemetry.io/otel/semconv/v1.43.0
github.com/kumahq/kuma/v3/pkg/config/core
k8s.io/apimachinery/pkg/util/yaml
k8s.io/kube-openapi/pkg/validation/errors
k8s.io/kube-openapi/pkg/internal/third_party/govalidator
k8s.io/apimachinery/pkg/runtime/serializer/cbor/direct
github.com/spf13/pflag
go.uber.org/zap/internal
k8s.io/apimachinery/pkg/util/validation
k8s.io/utils/trace
k8s.io/kube-openapi/pkg/validation/strfmt/bson
k8s.io/apimachinery/pkg/api/resource
k8s.io/apimachinery/pkg/util/intstr
github.com/go-openapi/swag/jsonutils/adapters
github.com/kumahq/kuma/v3/pkg/core/metadata
github.com/kumahq/kuma/v3/pkg/plugins/runtime/k8s/metadata
github.com/containernetworking/plugins/pkg/ns
github.com/kelseyhightower/envconfig
k8s.io/kube-openapi/pkg/validation/strfmt
github.com/kumahq/kuma/v3/pkg/transparentproxy/consts
golang.org/x/net/bpf
k8s.io/apimachinery/pkg/labels
k8s.io/kube-openapi/pkg/internal
golang.org/x/net/internal/socket
github.com/go-openapi/swag/jsonutils
github.com/vishvananda/netns
github.com/spiffe/go-spiffe/v2/spiffeid
github.com/kumahq/kuma/v3/pkg/xds/cache/sha256
crypto/tls
github.com/Masterminds/sprig/v3
k8s.io/client-go/util/keyutil
github.com/go-openapi/swag/yamlutils
github.com/asaskevich/govalidator
github.com/kumahq/kuma/v3/pkg/config
github.com/vishvananda/netlink/nl
encoding/gob
github.com/envoyproxy/go-control-plane/pkg/cache/types
github.com/Nordix/simple-ipam/pkg/ipaddr
github.com/google/cel-go/common/runes
github.com/antlr4-go/antlr/v4
github.com/kumahq/kuma/v3/pkg/config/access
github.com/kumahq/kuma/v3/pkg/config/plugins/resources/k8s
golang.org/x/net/ipv6
golang.org/x/net/ipv4
github.com/kumahq/kuma/v3/pkg/config/dns-server
github.com/Nordix/simple-ipam/pkg/ipam
github.com/blang/semver/v4
github.com/kumahq/kuma/v3/pkg/core/access
go.opentelemetry.io/otel/trace
k8s.io/component-base/version
golang.org/x/text/internal/language
sigs.k8s.io/structured-merge-diff/v6/value
golang.org/x/sync/singleflight
github.com/kumahq/kuma/v3/pkg/util/rsa
github.com/golang-jwt/jwt/v5
github.com/slok/go-http-metrics/middleware
github.com/kumahq/kuma/v3/pkg/envoy/admin/access
k8s.io/component-base/metrics/api/v1
go.opentelemetry.io/otel/semconv/v1.37.0
github.com/go-logr/logr/funcr
go.opentelemetry.io/otel/internal/errorhandler
go.opentelemetry.io/auto/sdk/internal/telemetry
go.opentelemetry.io/otel/metric
go.opentelemetry.io/otel/baggage
github.com/kumahq/kuma/v3/pkg/multitenant
github.com/kumahq/kuma/v3/pkg/plugins/extensions/logger
go.opentelemetry.io/otel/trace/noop
github.com/vishvananda/netlink
github.com/kumahq/kuma/v3/pkg/kds
github.com/spf13/cobra
github.com/kumahq/kuma/v3/pkg/kds/hash
testing
github.com/jackc/pgx/v5/internal/sanitize
github.com/jackc/pgservicefile
golang.org/x/text/internal/language/compact
github.com/go-logr/stdr
github.com/jackc/pgx/v5/pgtype
github.com/jackc/pgx/v5/pgproto3
github.com/kumahq/kuma/v3/pkg/tokens/builtin/access
go.opentelemetry.io/otel/metric/noop
go.opentelemetry.io/otel/semconv/internal/metricpool
github.com/kumahq/kuma/v3/pkg/tokens/builtin/zone/access
sigs.k8s.io/structured-merge-diff/v6/fieldpath
golang.org/x/text/language
github.com/kumahq/kuma/v3/pkg/util/k8s
github.com/kumahq/kuma/v3/pkg/core/rest/errors/types
go.opentelemetry.io/otel/semconv/v1.24.0
github.com/josephburnett/jd/v2
go.opentelemetry.io/otel/semconv/v1.37.0/rpcconv
go.opentelemetry.io/otel/semconv/v1.43.0/rpcconv
github.com/patrickmn/go-cache
go.opentelemetry.io/contrib/instrumentation/google.golang.org/grpc/otelgrpc/internal
go.opentelemetry.io/auto/sdk
google.golang.org/protobuf/internal/filetype
github.com/kumahq/kuma/v3/pkg/xds/envoy/names
golang.org/x/text/internal/catmsg
golang.org/x/text/internal/number
golang.org/x/text/internal
golang.org/x/text/internal/format
golang.org/x/text/cases
github.com/google/go-cmp/cmp/internal/value
google.golang.org/protobuf/runtime/protoimpl
github.com/onsi/gomega/format
golang.org/x/text/message/catalog
golang.org/x/net/html
github.com/onsi/gomega/matchers/support/goraph/bipartitegraph
golang.org/x/text/encoding/htmlindex
google.golang.org/protobuf/types/descriptorpb
google.golang.org/protobuf/types/known/anypb
google.golang.org/protobuf/types/known/durationpb
google.golang.org/protobuf/types/known/timestamppb
google.golang.org/protobuf/types/known/wrapperspb
google.golang.org/protobuf/types/known/emptypb
google.golang.org/protobuf/types/known/structpb
google.golang.org/genproto/googleapis/api
google.golang.org/genproto/googleapis/rpc/status
google.golang.org/protobuf/protoadapt
google.golang.org/grpc/binarylog/grpc_binarylog_v1
github.com/prometheus/client_model/go
github.com/google/gnostic-models/extensions
sigs.k8s.io/structured-merge-diff/v6/typed
google.golang.org/grpc/internal/pretty
google.golang.org/grpc/encoding/proto
google.golang.org/grpc/internal/status
google.golang.org/protobuf/types/dynamicpb
golang.org/x/text/feature/plural
go.opentelemetry.io/proto/otlp/common/v1
github.com/envoyproxy/go-control-plane/pkg/log
github.com/prometheus/common/model
cel.dev/expr
golang.org/x/text/secure/precis
google.golang.org/grpc/status
google.golang.org/genproto/googleapis/api/expr/v1alpha1
github.com/envoyproxy/go-control-plane/pkg/server/config
github.com/google/go-cmp/cmp
net/http/httptrace
google.golang.org/grpc/internal/credentials
google.golang.org/grpc/internal/binarylog
k8s.io/client-go/util/cert
github.com/kumahq/kuma/v3/pkg/config/types
github.com/miekg/dns
github.com/cncf/xds/go/udpa/annotations
github.com/envoyproxy/go-control-plane/envoy/annotations
net/http/internal/httpcommon
github.com/envoyproxy/protoc-gen-validate/validate
google.golang.org/genproto/googleapis/api/annotations
google.golang.org/grpc/credentials
golang.org/x/net/internal/httpcommon
net/http/internal/http2
github.com/cncf/xds/go/xds/annotations/v3
github.com/kumahq/kuma/v3/api/mesh
google.golang.org/protobuf/internal/editionssupport
google.golang.org/protobuf/types/gofeaturespb
github.com/prometheus/client_golang/prometheus/internal
google.golang.org/grpc/internal/channelz
google.golang.org/grpc/resolver
google.golang.org/grpc/credentials/insecure
github.com/envoyproxy/go-control-plane/envoy/config/listener/v2
google.golang.org/grpc/peer
sigs.k8s.io/structured-merge-diff/v6/merge
k8s.io/client-go/applyconfigurations/internal
github.com/kumahq/kuma/v3/pkg/config/api-server
google.golang.org/protobuf/reflect/protodesc
google.golang.org/grpc/experimental/balancer/weight
google.golang.org/grpc/internal/metadata
google.golang.org/grpc/internal/proxyattributes
google.golang.org/grpc/internal/transport/networktype
google.golang.org/grpc/internal/resolver/passthrough
google.golang.org/grpc/balancer/grpclb/state
github.com/kumahq/kuma/v3/pkg/config/core/resources/apis
github.com/kumahq/kuma/v3/pkg/config/plugins/resources/postgres
google.golang.org/grpc/internal/resolver/unix
github.com/kumahq/kuma/v3/pkg/config/diagnostics
google.golang.org/grpc/internal/resolver/dns
github.com/kumahq/kuma/v3/pkg/config/dp-server
github.com/kumahq/kuma/v3/pkg/config/intercp
github.com/envoyproxy/go-control-plane/envoy/type/metadata/v2
github.com/envoyproxy/go-control-plane/envoy/type
google.golang.org/grpc/channelz
github.com/cncf/xds/go/xds/core/v3
github.com/envoyproxy/go-control-plane/envoy/type/v3
google.golang.org/grpc/balancer
github.com/kumahq/kuma/v3/pkg/config/multizone
github.com/kumahq/kuma/v3/pkg/config/core/resources/store
github.com/kumahq/kuma/v3/pkg/config/plugins/runtime/k8s
google.golang.org/grpc/resolver/dns
github.com/kumahq/kuma/v3/pkg/config/plugins/runtime/universal
google.golang.org/grpc/balancer/base
google.golang.org/grpc/balancer/pickfirst
google.golang.org/grpc/internal/serviceconfig
github.com/kumahq/kuma/v3/pkg/config/xds
github.com/kumahq/kuma/v3/pkg/config/xds/bootstrap
github.com/google/cel-go/checker/decls
github.com/google/cel-go/common
github.com/kumahq/kuma/v3/pkg/config/plugins/runtime
github.com/google/cel-go/common/types/ref
google.golang.org/grpc/internal/resolver
github.com/google/cel-go/common/types/pb
google.golang.org/grpc/balancer/endpointsharding
google.golang.org/grpc/internal/balancer/gracefulswitch
github.com/envoyproxy/go-control-plane/envoy/type/tracing/v2
github.com/google/cel-go/parser/gen
github.com/google/cel-go/common/functions
github.com/google/cel-go/common/types/traits
golang.org/x/text/message
github.com/google/cel-go/interpreter/functions
k8s.io/component-base/cli/flag
github.com/golang/protobuf/proto
github.com/cncf/xds/go/xds/type/v3
github.com/envoyproxy/go-control-plane/envoy/type/metadata/v3
google.golang.org/grpc/balancer/roundrobin
github.com/envoyproxy/go-control-plane/envoy/type/matcher
github.com/envoyproxy/go-control-plane/envoy/config/overload/v2alpha
github.com/google/cel-go/common/types
github.com/envoyproxy/go-control-plane/envoy/api/v2/ratelimit
github.com/envoyproxy/go-control-plane/envoy/config/cluster/aggregate/v2alpha
github.com/envoyproxy/go-control-plane/envoy/type/matcher/v3
github.com/envoyproxy/go-control-plane/envoy/config/overload/v3
github.com/envoyproxy/go-control-plane/envoy/config/cluster/redis
github.com/envoyproxy/go-control-plane/envoy/config/filter/dubbo/router/v2alpha1
github.com/envoyproxy/go-control-plane/envoy/config/filter/fault/v2
github.com/envoyproxy/go-control-plane/envoy/config/filter/http/aws_lambda/v2alpha
github.com/envoyproxy/go-control-plane/envoy/type/tracing/v3
github.com/cncf/xds/go/xds/type/matcher/v3
github.com/envoyproxy/go-control-plane/envoy/config/filter/http/aws_request_signing/v2alpha
github.com/envoyproxy/go-control-plane/envoy/config/filter/http/buffer/v2
github.com/envoyproxy/go-control-plane/envoy/config/filter/http/cors/v2
github.com/envoyproxy/go-control-plane/envoy/config/filter/http/dynamo/v2
github.com/envoyproxy/go-control-plane/envoy/config/filter/http/grpc_http1_bridge/v2
github.com/envoyproxy/go-control-plane/envoy/config/filter/http/grpc_http1_reverse_bridge/v2alpha1
github.com/envoyproxy/go-control-plane/envoy/config/filter/http/grpc_web/v2
github.com/envoyproxy/go-control-plane/envoy/config/filter/http/header_to_metadata/v2
github.com/envoyproxy/go-control-plane/envoy/config/filter/http/lua/v2
github.com/envoyproxy/go-control-plane/envoy/config/filter/http/on_demand/v2
github.com/envoyproxy/go-control-plane/envoy/api/v2/core
github.com/envoyproxy/go-control-plane/envoy/config/filter/http/original_src/v2alpha1
github.com/envoyproxy/go-control-plane/envoy/config/filter/http/squash/v2
github.com/envoyproxy/go-control-plane/envoy/config/filter/http/transcoder/v2
net/http
github.com/golang/protobuf/jsonpb
github.com/envoyproxy/go-control-plane/envoy/config/filter/listener/http_inspector/v2
github.com/envoyproxy/go-control-plane/envoy/config/filter/listener/original_dst/v2
github.com/envoyproxy/go-control-plane/envoy/config/filter/listener/original_src/v2alpha1
github.com/envoyproxy/go-control-plane/envoy/config/filter/listener/proxy_protocol/v2
github.com/envoyproxy/go-control-plane/envoy/config/filter/listener/tls_inspector/v2
github.com/envoyproxy/go-control-plane/envoy/config/filter/network/echo/v2
github.com/envoyproxy/go-control-plane/envoy/config/filter/network/kafka_broker/v2alpha1
github.com/envoyproxy/go-control-plane/envoy/config/filter/network/mongo_proxy/v2
github.com/envoyproxy/go-control-plane/envoy/config/filter/network/mysql_proxy/v1alpha1
github.com/envoyproxy/go-control-plane/envoy/config/filter/network/sni_cluster/v2
github.com/envoyproxy/go-control-plane/envoy/config/core/v3
github.com/envoyproxy/go-control-plane/envoy/config/filter/network/zookeeper_proxy/v1alpha1
github.com/envoyproxy/go-control-plane/envoy/config/filter/thrift/router/v2alpha1
github.com/envoyproxy/go-control-plane/envoy/config/filter/udp/udp_proxy/v2alpha
github.com/envoyproxy/go-control-plane/envoy/config/health_checker/redis/v2
github.com/envoyproxy/go-control-plane/envoy/config/resource_monitor/fixed_heap/v2alpha
github.com/envoyproxy/go-control-plane/envoy/config/resource_monitor/injected_resource/v2alpha
github.com/envoyproxy/go-control-plane/envoy/config/retry/omit_canary_hosts/v2
github.com/kumahq/kuma/v3/pkg/util/proto
github.com/envoyproxy/go-control-plane/envoy/config/retry/previous_hosts/v2
github.com/envoyproxy/go-control-plane/envoy/config/retry/previous_priorities
github.com/envoyproxy/go-control-plane/envoy/config/transport_socket/alts/v2alpha
github.com/google/cel-go/common/decls
github.com/google/cel-go/common/ast
github.com/envoyproxy/go-control-plane/envoy/config/transport_socket/raw_buffer/v2
github.com/envoyproxy/go-control-plane/envoy/config/upstream/local_address_selector/v3
github.com/envoyproxy/go-control-plane/envoy/data/cluster/v2alpha
github.com/envoyproxy/go-control-plane/envoy/data/cluster/v3
github.com/envoyproxy/go-control-plane/envoy/data/dns/v2alpha
github.com/envoyproxy/go-control-plane/envoy/data/dns/v3
github.com/envoyproxy/go-control-plane/envoy/extensions/bootstrap/internal_listener/v3
github.com/envoyproxy/go-control-plane/envoy/extensions/clusters/common/dns/v3
github.com/envoyproxy/go-control-plane/envoy/extensions/clusters/composite/v3
github.com/envoyproxy/go-control-plane/envoy/extensions/clusters/mcp_multicluster/v3
github.com/envoyproxy/go-control-plane/envoy/extensions/clusters/original_dst/v3
github.com/google/cel-go/common/env
github.com/google/cel-go/common/stdlib
github.com/envoyproxy/go-control-plane/envoy/extensions/clusters/redis/v3
github.com/envoyproxy/go-control-plane/envoy/extensions/clusters/reverse_connection/v3
github.com/envoyproxy/go-control-plane/envoy/extensions/common/async_files/v3
github.com/kumahq/kuma/v3/pkg/transparentproxy/config
github.com/envoyproxy/go-control-plane/envoy/extensions/common/ratelimit/v3
github.com/envoyproxy/go-control-plane/envoy/extensions/compression/brotli/compressor/v3
github.com/envoyproxy/go-control-plane/envoy/extensions/compression/brotli/decompressor/v3
github.com/envoyproxy/go-control-plane/envoy/extensions/compression/gzip/compressor/v3
github.com/envoyproxy/go-control-plane/envoy/extensions/compression/gzip/decompressor/v3
github.com/envoyproxy/go-control-plane/envoy/extensions/config/validators/minimum_clusters/v3
github.com/envoyproxy/go-control-plane/envoy/extensions/filters/http/json_to_metadata/v3
github.com/envoyproxy/go-control-plane/envoy/extensions/early_data/v3
github.com/envoyproxy/go-control-plane/envoy/extensions/filters/common/dependency/v3
github.com/google/cel-go/common/containers
github.com/google/cel-go/common/debug
github.com/envoyproxy/go-control-plane/envoy/extensions/filters/common/fault/v3
github.com/envoyproxy/go-control-plane/envoy/extensions/filters/common/matcher/action/v3
github.com/envoyproxy/go-control-plane/envoy/extensions/filters/http/a2a/v3
github.com/envoyproxy/go-control-plane/envoy/extensions/filters/http/ai_protocol_manager/v3
github.com/google/cel-go/interpreter
github.com/envoyproxy/go-control-plane/envoy/extensions/filters/http/api_key_auth/v3
github.com/envoyproxy/go-control-plane/envoy/extensions/filters/http/aws_lambda/v3
github.com/envoyproxy/go-control-plane/envoy/extensions/filters/http/buffer/v3
github.com/google/cel-go/parser
github.com/envoyproxy/go-control-plane/envoy/extensions/content_parsers/json/v3
github.com/envoyproxy/go-control-plane/envoy/extensions/filters/http/cdn_loop/v3
github.com/envoyproxy/go-control-plane/envoy/extensions/filters/http/connect_grpc_bridge/v3
github.com/envoyproxy/go-control-plane/envoy/extensions/filters/http/custom_response/v3
github.com/envoyproxy/go-control-plane/envoy/extensions/filters/http/file_server/v3
github.com/envoyproxy/go-control-plane/envoy/extensions/filters/http/file_system_buffer/v3
github.com/envoyproxy/go-control-plane/envoy/extensions/filters/http/grpc_http1_bridge/v3
github.com/envoyproxy/go-control-plane/envoy/extensions/filters/http/grpc_http1_reverse_bridge/v3
github.com/envoyproxy/go-control-plane/envoy/extensions/filters/http/grpc_json_reverse_transcoder/v3
github.com/envoyproxy/go-control-plane/envoy/extensions/filters/http/grpc_json_transcoder/v3
github.com/envoyproxy/go-control-plane/envoy/extensions/filters/http/grpc_web/v3
github.com/envoyproxy/go-control-plane/envoy/extensions/filters/http/header_to_metadata/v3
github.com/envoyproxy/go-control-plane/envoy/extensions/filters/http/kill_request/v3
github.com/envoyproxy/go-control-plane/envoy/extensions/filters/http/mcp/v3
github.com/envoyproxy/go-control-plane/envoy/extensions/filters/http/mcp_router/v3
github.com/envoyproxy/go-control-plane/envoy/extensions/filters/http/mcp_json_rest_bridge/v3
github.com/envoyproxy/go-control-plane/envoy/extensions/filters/http/original_src/v3
github.com/envoyproxy/go-control-plane/envoy/type/http/v3
github.com/envoyproxy/go-control-plane/envoy/extensions/filters/http/set_metadata/v3
github.com/envoyproxy/go-control-plane/envoy/extensions/filters/http/upstream_codec/v3
github.com/envoyproxy/go-control-plane/envoy/extensions/filters/listener/http_inspector/v3
github.com/envoyproxy/go-control-plane/envoy/extensions/filters/listener/original_dst/v3
github.com/envoyproxy/go-control-plane/envoy/extensions/filters/listener/original_src/v3
github.com/envoyproxy/go-control-plane/envoy/extensions/filters/listener/tls_inspector/v3
github.com/envoyproxy/go-control-plane/envoy/extensions/filters/network/dubbo_proxy/router/v3
github.com/envoyproxy/go-control-plane/envoy/extensions/filters/network/echo/v3
github.com/envoyproxy/go-control-plane/envoy/api/v2/auth
github.com/envoyproxy/go-control-plane/envoy/api/v2/cluster
github.com/envoyproxy/go-control-plane/envoy/api/v2/endpoint
github.com/envoyproxy/go-control-plane/envoy/api/v2/route
github.com/google/cel-go/cel/async
github.com/envoyproxy/go-control-plane/envoy/config/metrics/v2
golang.org/x/net/trace
github.com/emicklei/go-restful/v3
golang.org/x/net/http2
net/http/httputil
go.uber.org/zap
k8s.io/apimachinery/pkg/util/runtime
expvar
github.com/prometheus/common/expfmt
golang.org/x/oauth2/internal
k8s.io/apimachinery/pkg/runtime
k8s.io/client-go/features
golang.org/x/oauth2
k8s.io/apimachinery/pkg/util/wait
k8s.io/client-go/util/workqueue
github.com/google/gnostic-models/compiler
net/http/pprof
github.com/go-openapi/swag/loading
sigs.k8s.io/controller-runtime/pkg/healthz
sigs.k8s.io/controller-runtime/pkg/internal/httpserver
github.com/prometheus/client_golang/internal/github.com/golang/gddo/httputil/header
github.com/envoyproxy/go-control-plane/envoy/api/v2/listener
github.com/google/gnostic-models/openapiv2
github.com/google/gnostic-models/openapiv3
github.com/go-openapi/swag
github.com/prometheus/client_golang/internal/github.com/golang/gddo/httputil
github.com/google/cel-go/checker
github.com/prometheus/client_golang/prometheus
github.com/envoyproxy/go-control-plane/envoy/config/trace/v2
github.com/envoyproxy/go-control-plane/envoy/data/tap/v2alpha
github.com/envoyproxy/go-control-plane/envoy/config/accesslog/v2
github.com/kumahq/kuma/v3/pkg/api-server/customization
google.golang.org/grpc/internal/transport
k8s.io/apimachinery/pkg/util/net
github.com/go-logr/zapr
github.com/envoyproxy/go-control-plane/envoy/config/filter/http/adaptive_concurrency/v2alpha
github.com/envoyproxy/go-control-plane/envoy/config/filter/http/compressor/v2
github.com/envoyproxy/go-control-plane/envoy/config/filter/http/csrf/v2
github.com/envoyproxy/go-control-plane/envoy/config/filter/http/ext_authz/v2
k8s.io/apimachinery/pkg/runtime/serializer/recognizer
k8s.io/apimachinery/pkg/runtime/serializer/streaming
k8s.io/client-go/tools/clientcmd/api
k8s.io/apimachinery/pkg/watch
k8s.io/client-go/transport
k8s.io/client-go/tools/internal/events
sigs.k8s.io/controller-runtime/pkg/conversion
github.com/google/cel-go/cel
k8s.io/apiserver/pkg/authorization/authorizer
github.com/envoyproxy/go-control-plane/envoy/config/filter/http/grpc_stats/v2alpha
github.com/envoyproxy/go-control-plane/envoy/config/filter/http/gzip/v2
github.com/envoyproxy/go-control-plane/envoy/config/filter/http/ip_tagging/v2
github.com/envoyproxy/go-control-plane/envoy/config/ratelimit/v2
k8s.io/client-go/tools/clientcmd/api/v1
k8s.io/apimachinery/pkg/apis/meta/v1
github.com/envoyproxy/go-control-plane/envoy/config/filter/network/client_ssl_auth/v2
github.com/envoyproxy/go-control-plane/envoy/config/filter/http/rate_limit/v2
github.com/envoyproxy/go-control-plane/envoy/config/filter/network/direct_response/v2
github.com/envoyproxy/go-control-plane/envoy/config/filter/network/ext_authz/v2
github.com/envoyproxy/go-control-plane/envoy/config/filter/accesslog/v2
github.com/envoyproxy/go-control-plane/envoy/config/filter/http/cache/v2alpha
github.com/envoyproxy/go-control-plane/envoy/extensions/transport_sockets/tls/v3
github.com/envoyproxy/go-control-plane/envoy/config/common/mutation_rules/v3
github.com/envoyproxy/go-control-plane/envoy/data/accesslog/v3
github.com/envoyproxy/go-control-plane/envoy/config/endpoint/v3
github.com/envoyproxy/go-control-plane/envoy/config/metrics/v3
github.com/envoyproxy/go-control-plane/envoy/config/trace/v3
github.com/envoyproxy/go-control-plane/envoy/config/common/key_value/v3
github.com/envoyproxy/go-control-plane/envoy/config/filter/http/fault/v2
github.com/envoyproxy/go-control-plane/envoy/config/filter/http/health_check/v2
github.com/envoyproxy/go-control-plane/envoy/config/filter/http/jwt_authn/v2alpha
github.com/envoyproxy/go-control-plane/envoy/config/route/v3
google.golang.org/grpc/internal/resolver/delegatingresolver
github.com/prometheus/client_golang/prometheus/collectors
github.com/prometheus/client_golang/prometheus/promhttp
k8s.io/component-base/metrics/prometheusextension
github.com/envoyproxy/go-control-plane/envoy/config/rbac/v2
github.com/envoyproxy/go-control-plane/envoy/config/filter/network/dubbo_proxy/v2alpha1
google.golang.org/grpc
github.com/envoyproxy/go-control-plane/envoy/config/filter/http/router/v2
github.com/envoyproxy/go-control-plane/envoy/config/filter/network/local_rate_limit/v2alpha
github.com/envoyproxy/go-control-plane/envoy/config/filter/network/rate_limit/v2
github.com/envoyproxy/go-control-plane/envoy/config/filter/network/redis_proxy/v2
github.com/envoyproxy/go-control-plane/envoy/config/filter/network/tcp_proxy/v2
github.com/envoyproxy/go-control-plane/envoy/config/cluster/v3
github.com/envoyproxy/go-control-plane/envoy/config/filter/network/thrift_proxy/v2alpha1
github.com/envoyproxy/go-control-plane/envoy/config/filter/thrift/rate_limit/v2alpha1
github.com/envoyproxy/go-control-plane/envoy/config/grpc_credential/v2alpha
github.com/envoyproxy/go-control-plane/envoy/config/grpc_credential/v3
github.com/envoyproxy/go-control-plane/envoy/config/ratelimit/v3
github.com/envoyproxy/go-control-plane/envoy/config/retry/omit_host_metadata/v2
k8s.io/component-base/metrics
github.com/envoyproxy/go-control-plane/envoy/config/trace/v2alpha
github.com/envoyproxy/go-control-plane/envoy/data/accesslog/v2
github.com/envoyproxy/go-control-plane/envoy/data/core/v2alpha
github.com/envoyproxy/go-control-plane/envoy/data/core/v3
github.com/envoyproxy/go-control-plane/envoy/config/filter/http/rbac/v2
github.com/envoyproxy/go-control-plane/envoy/config/filter/network/rbac/v2
github.com/envoyproxy/go-control-plane/envoy/data/tap/v3
k8s.io/apiserver/pkg/cel
github.com/google/cel-go/ext
k8s.io/kube-openapi/pkg/validation/spec
github.com/envoyproxy/go-control-plane/envoy/extensions/dynamic_modules/v3
github.com/envoyproxy/go-control-plane/envoy/extensions/access_loggers/file/v3
github.com/envoyproxy/go-control-plane/envoy/extensions/access_loggers/filters/cel/v3
github.com/envoyproxy/go-control-plane/envoy/extensions/access_loggers/filters/process_ratelimit/v3
k8s.io/kube-openapi/pkg/util/proto
github.com/envoyproxy/go-control-plane/envoy/extensions/access_loggers/dynamic_modules/v3
github.com/envoyproxy/go-control-plane/envoy/extensions/access_loggers/fluentd/v3
github.com/envoyproxy/go-control-plane/envoy/extensions/access_loggers/grpc/v3
github.com/envoyproxy/go-control-plane/envoy/extensions/access_loggers/stats/v3
github.com/envoyproxy/go-control-plane/envoy/extensions/access_loggers/stream/v3
k8s.io/apimachinery/pkg/api/meta
k8s.io/apimachinery/pkg/api/errors
k8s.io/apimachinery/pkg/apis/meta/v1/unstructured
k8s.io/client-go/pkg/apis/clientauthentication
k8s.io/client-go/rest/watch
k8s.io/api/apiserverinternal/v1alpha1
k8s.io/api/admissionregistration/v1
k8s.io/api/core/v1
k8s.io/api/authentication/v1
k8s.io/client-go/pkg/apis/clientauthentication/v1
k8s.io/client-go/pkg/apis/clientauthentication/v1beta1
k8s.io/api/authorization/v1
k8s.io/apimachinery/pkg/api/equality
k8s.io/api/certificates/v1alpha1
k8s.io/apimachinery/pkg/runtime/serializer/versioning
k8s.io/apimachinery/pkg/runtime/serializer/cbor
k8s.io/apimachinery/pkg/util/strategicpatch
github.com/envoyproxy/go-control-plane/envoy/api/v2
github.com/kumahq/kuma/v3/pkg/kds/middleware
github.com/envoyproxy/go-control-plane/envoy/service/discovery/v3
k8s.io/client-go/pkg/apis/clientauthentication/install
k8s.io/apimachinery/pkg/api/validate
k8s.io/api/coordination/v1
k8s.io/api/flowcontrol/v1
sigs.k8s.io/controller-runtime/pkg/log/zap
k8s.io/apimachinery/pkg/runtime/serializer/json
k8s.io/apimachinery/pkg/runtime/serializer/protobuf
k8s.io/apimachinery/pkg/apis/meta/v1/validation
k8s.io/api/authentication/v1alpha1
k8s.io/api/authentication/v1beta1
k8s.io/api/coordination/v1alpha2
k8s.io/api/coordination/v1beta1
k8s.io/api/flowcontrol/v1beta1
k8s.io/apimachinery/pkg/runtime/serializer
github.com/kumahq/kuma/v3/pkg/log
k8s.io/api/flowcontrol/v1beta2
k8s.io/client-go/plugin/pkg/client/auth/exec
k8s.io/api/authorization/v1beta1
k8s.io/api/flowcontrol/v1beta3
k8s.io/api/lifecycle/v1alpha1
k8s.io/api/policy/v1
k8s.io/api/policy/v1beta1
k8s.io/api/rbac/v1
k8s.io/api/rbac/v1alpha1
k8s.io/api/rbac/v1beta1
k8s.io/api/scheduling/v1alpha3
k8s.io/client-go/rest
k8s.io/api/admissionregistration/v1alpha1
k8s.io/api/admissionregistration/v1beta1
k8s.io/api/resource/v1alpha3
k8s.io/api/storagemigration/v1
k8s.io/api/storagemigration/v1beta1
k8s.io/apimachinery/pkg/apis/meta/v1beta1
k8s.io/api/apidiscovery/v2
k8s.io/apimachinery/pkg/api/validation
k8s.io/kube-openapi/pkg/schemaconv
k8s.io/kube-openapi/pkg/spec3
k8s.io/apimachinery/pkg/api/meta/testrestmapper
k8s.io/client-go/util/consistencydetector
k8s.io/apimachinery/pkg/apis/meta/internalversion
k8s.io/api/admission/v1
k8s.io/client-go/util/apply
k8s.io/api/admission/v1beta1
k8s.io/client-go/dynamic
k8s.io/apiextensions-apiserver/pkg/apis/apiextensions
k8s.io/client-go/tools/auth
k8s.io/apimachinery/pkg/util/managedfields/internal
k8s.io/client-go/tools/clientcmd/api/latest
k8s.io/apimachinery/pkg/apis/meta/internalversion/scheme
k8s.io/client-go/tools/pager
k8s.io/apimachinery/pkg/apis/meta/internalversion/validation
k8s.io/kube-openapi/pkg/common
sigs.k8s.io/controller-runtime/pkg/scheme
k8s.io/client-go/metadata
k8s.io/kube-openapi/pkg/validation/validate
k8s.io/client-go/tools/clientcmd
k8s.io/client-go/util/watchlist
github.com/grpc-ecosystem/go-grpc-prometheus
github.com/kumahq/kuma/v3/api/system/v1alpha1
k8s.io/apiextensions-apiserver/pkg/apis/apiextensions/v1
k8s.io/apiserver/pkg/cel/common
k8s.io/component-base/metrics/legacyregistry
k8s.io/client-go/tools/cache
k8s.io/kube-openapi/pkg/handler3
github.com/envoyproxy/go-control-plane/envoy/service/tap/v2alpha
github.com/envoyproxy/go-control-plane/envoy/config/accesslog/v3
github.com/kumahq/kuma/v3/api/mesh/v1alpha1
k8s.io/component-base/metrics/prometheus/feature
github.com/kumahq/kuma/v3/pkg/metrics
k8s.io/component-base/metrics/prometheus/compatversion
k8s.io/component-base/featuregate
k8s.io/apimachinery/pkg/util/managedfields
k8s.io/apiserver/pkg/cel/metrics
github.com/envoyproxy/go-control-plane/envoy/config/bootstrap/v2
sigs.k8s.io/controller-runtime/pkg/client/config
github.com/envoyproxy/go-control-plane/envoy/config/common/matcher/v3
k8s.io/apiserver/pkg/cel/openapi
github.com/envoyproxy/go-control-plane/envoy/config/common/dynamic_forward_proxy/v2alpha
github.com/envoyproxy/go-control-plane/envoy/config/filter/network/http_connection_manager/v2
github.com/envoyproxy/go-control-plane/envoy/config/rbac/v3
github.com/envoyproxy/go-control-plane/envoy/extensions/access_loggers/open_telemetry/v3
k8s.io/client-go/openapi
k8s.io/client-go/testing
github.com/envoyproxy/go-control-plane/envoy/config/common/tap/v2alpha
github.com/envoyproxy/go-control-plane/envoy/config/listener/v3
github.com/envoyproxy/go-control-plane/envoy/config/cluster/dynamic_forward_proxy/v2alpha
k8s.io/apiserver/pkg/util/feature
k8s.io/apiextensions-apiserver/pkg/features
k8s.io/component-base/compatibility
github.com/envoyproxy/go-control-plane/envoy/config/filter/http/dynamic_forward_proxy/v2alpha
k8s.io/component-base/zpages/features
github.com/envoyproxy/go-control-plane/envoy/config/filter/http/tap/v2alpha
github.com/envoyproxy/go-control-plane/envoy/config/transport_socket/tap/v2alpha
k8s.io/apiserver/pkg/features
github.com/envoyproxy/go-control-plane/envoy/admin/v2alpha
github.com/envoyproxy/go-control-plane/envoy/config/tap/v3
github.com/envoyproxy/go-control-plane/envoy/extensions/wasm/v3
github.com/envoyproxy/go-control-plane/envoy/extensions/bootstrap/dynamic_modules/v3
github.com/kumahq/kuma/v3/api/common/v1alpha1
github.com/kumahq/kuma/v3/pkg/xds/envoy/tags
k8s.io/apiserver/pkg/util/compatibility
github.com/envoyproxy/go-control-plane/envoy/extensions/bootstrap/reverse_tunnel/downstream_socket_interface/v3
github.com/envoyproxy/go-control-plane/envoy/extensions/bootstrap/reverse_tunnel/upstream_socket_interface/v3
k8s.io/apiextensions-apiserver/pkg/apiserver/schema
github.com/envoyproxy/go-control-plane/envoy/extensions/clusters/aggregate/v3
github.com/envoyproxy/go-control-plane/envoy/extensions/clusters/dns/v3
github.com/envoyproxy/go-control-plane/envoy/extensions/common/dynamic_forward_proxy/v3
github.com/kumahq/kuma/v3/api/openapi/types/common
k8s.io/client-go/listers
github.com/kumahq/kuma/v3/pkg/core/validators
github.com/envoyproxy/go-control-plane/envoy/extensions/clusters/dynamic_modules/v3
github.com/envoyproxy/go-control-plane/envoy/extensions/common/aws/v3
github.com/kumahq/kuma/v3/api/openapi/types
k8s.io/client-go/listers/admissionregistration/v1
k8s.io/client-go/gentype
k8s.io/client-go/listers/admissionregistration/v1alpha1
k8s.io/client-go/listers/admissionregistration/v1beta1
k8s.io/client-go/listers/apiserverinternal/v1alpha1
k8s.io/client-go/listers/certificates/v1alpha1
k8s.io/client-go/listers/coordination/v1
k8s.io/client-go/listers/coordination/v1alpha2
k8s.io/client-go/listers/coordination/v1beta1
k8s.io/client-go/listers/flowcontrol/v1
k8s.io/client-go/listers/flowcontrol/v1beta1
k8s.io/client-go/listers/flowcontrol/v1beta2
k8s.io/client-go/listers/flowcontrol/v1beta3
k8s.io/client-go/listers/lifecycle/v1alpha1
k8s.io/client-go/listers/rbac/v1
k8s.io/client-go/listers/rbac/v1alpha1
k8s.io/client-go/listers/rbac/v1beta1
k8s.io/client-go/listers/resource/v1alpha3
k8s.io/client-go/listers/scheduling/v1alpha3
k8s.io/client-go/listers/storagemigration/v1
k8s.io/client-go/listers/storagemigration/v1beta1
github.com/kumahq/kuma/v3/pkg/core/resources/model
github.com/kumahq/kuma/v3/api/common/v1alpha1/tls
k8s.io/apiextensions-apiserver/pkg/apiserver/schema/cel/model
k8s.io/apiextensions-apiserver/pkg/apiserver/schema/objectmeta
k8s.io/apiextensions-apiserver/pkg/apiserver/schema/pruning
github.com/envoyproxy/go-control-plane/envoy/config/bootstrap/v3
github.com/envoyproxy/go-control-plane/envoy/extensions/access_loggers/wasm/v3
github.com/envoyproxy/go-control-plane/envoy/extensions/clusters/dynamic_forward_proxy/v3
github.com/envoyproxy/go-control-plane/envoy/extensions/common/matching/v3
github.com/envoyproxy/go-control-plane/envoy/extensions/common/tap/v3
github.com/envoyproxy/go-control-plane/envoy/extensions/compression/zstd/compressor/v3
github.com/envoyproxy/go-control-plane/envoy/extensions/compression/zstd/decompressor/v3
github.com/envoyproxy/go-control-plane/envoy/extensions/filters/common/set_filter_state/v3
github.com/envoyproxy/go-control-plane/envoy/extensions/filters/http/adaptive_concurrency/v3
github.com/envoyproxy/go-control-plane/envoy/extensions/filters/http/admission_control/v3
github.com/envoyproxy/go-control-plane/envoy/extensions/filters/http/alternate_protocols_cache/v3
github.com/envoyproxy/go-control-plane/envoy/extensions/filters/http/aws_request_signing/v3
github.com/envoyproxy/go-control-plane/envoy/extensions/filters/http/bandwidth_limit/v3
github.com/envoyproxy/go-control-plane/envoy/extensions/filters/http/bandwidth_share/v3
github.com/envoyproxy/go-control-plane/envoy/extensions/filters/http/basic_auth/v3
github.com/envoyproxy/go-control-plane/envoy/extensions/filters/http/cache/v3
github.com/envoyproxy/go-control-plane/envoy/extensions/filters/http/cache_v2/v3
github.com/envoyproxy/go-control-plane/envoy/extensions/filters/http/composite/v3
github.com/envoyproxy/go-control-plane/envoy/extensions/filters/http/compressor/v3
github.com/envoyproxy/go-control-plane/envoy/extensions/filters/http/cors/v3
github.com/envoyproxy/go-control-plane/envoy/extensions/filters/http/credential_injector/v3
github.com/kumahq/kuma/v3/pkg/core/resources/registry
github.com/kumahq/kuma/v3/pkg/api-server/mappers
github.com/kumahq/kuma/v3/pkg/core/resources/apis/core
github.com/kumahq/kuma/v3/pkg/core/resources/apis/hostnamegenerator/api/v1alpha1
github.com/kumahq/kuma/v3/pkg/core/kri
github.com/kumahq/kuma/v3/pkg/core/resources/store
github.com/kumahq/kuma/v3/pkg/core/resources/apis/system
github.com/kumahq/kuma/v3/pkg/core/naming
github.com/kumahq/kuma/v3/pkg/core/resources/validator
github.com/kumahq/kuma/v3/pkg/core/resources/apis/meshopentelemetrybackend/api/v1alpha1
github.com/kumahq/kuma/v3/pkg/core/resources/labels
github.com/envoyproxy/go-control-plane/envoy/extensions/filters/http/csrf/v3
github.com/envoyproxy/go-control-plane/envoy/extensions/filters/http/decompressor/v3
github.com/envoyproxy/go-control-plane/envoy/extensions/filters/http/dynamic_forward_proxy/v3
github.com/envoyproxy/go-control-plane/envoy/extensions/filters/http/dynamic_modules/v3
github.com/envoyproxy/go-control-plane/envoy/extensions/filters/http/ext_authz/v3
github.com/envoyproxy/go-control-plane/envoy/extensions/filters/http/ext_proc/v3
github.com/envoyproxy/go-control-plane/envoy/extensions/filters/http/fault/v3
github.com/envoyproxy/go-control-plane/envoy/extensions/filters/http/filter_chain/v3
github.com/kumahq/kuma/v3/pkg/core/xds/types
github.com/kumahq/kuma/v3/pkg/plugins/policies/core/rules/resolve
github.com/kumahq/kuma/v3/pkg/transparentproxy/config/dataplane
github.com/kumahq/kuma/v3/pkg/core/resources/sni
github.com/envoyproxy/go-control-plane/envoy/extensions/filters/http/gcp_authn/v3
github.com/kumahq/kuma/v3/pkg/core/config/manager
github.com/envoyproxy/go-control-plane/envoy/extensions/filters/http/geoip/v3
github.com/envoyproxy/go-control-plane/envoy/extensions/filters/http/grpc_field_extraction/v3
github.com/envoyproxy/go-control-plane/envoy/extensions/filters/http/grpc_stats/v3
github.com/envoyproxy/go-control-plane/envoy/extensions/filters/http/gzip/v3
github.com/envoyproxy/go-control-plane/envoy/extensions/filters/http/header_mutation/v3
github.com/kumahq/kuma/v3/pkg/core/resources/apis/mesh
github.com/envoyproxy/go-control-plane/envoy/extensions/filters/http/health_check/v3
github.com/kumahq/kuma/v3/pkg/core/resources/model/rest/v1alpha1
github.com/envoyproxy/go-control-plane/envoy/extensions/filters/http/ip_tagging/v3
github.com/envoyproxy/go-control-plane/envoy/extensions/filters/http/jwt_authn/v3
github.com/envoyproxy/go-control-plane/envoy/extensions/filters/http/local_ratelimit/v3
github.com/envoyproxy/go-control-plane/envoy/extensions/filters/http/lua/v3
github.com/envoyproxy/go-control-plane/envoy/extensions/filters/http/oauth2/v3
github.com/envoyproxy/go-control-plane/envoy/extensions/filters/http/on_demand/v3
github.com/envoyproxy/go-control-plane/envoy/extensions/filters/http/proto_api_scrubber/v3
github.com/kumahq/kuma/v3/pkg/api-server/types
github.com/kumahq/kuma/v3/pkg/core/resources/model/rest/unversioned
github.com/envoyproxy/go-control-plane/envoy/extensions/filters/http/proto_message_extraction/v3
github.com/envoyproxy/go-control-plane/envoy/extensions/filters/http/rate_limit_quota/v3
github.com/envoyproxy/go-control-plane/envoy/extensions/filters/http/ratelimit/v3
github.com/envoyproxy/go-control-plane/envoy/extensions/filters/http/rbac/v3
github.com/envoyproxy/go-control-plane/envoy/extensions/filters/network/http_connection_manager/v3
github.com/envoyproxy/go-control-plane/envoy/extensions/filters/http/set_filter_state/v3
github.com/envoyproxy/go-control-plane/envoy/extensions/filters/http/sse_to_metadata/v3
github.com/envoyproxy/go-control-plane/envoy/extensions/filters/http/stateful_session/v3
github.com/envoyproxy/go-control-plane/envoy/extensions/filters/http/tap/v3
github.com/envoyproxy/go-control-plane/envoy/extensions/filters/network/thrift_proxy/v3
github.com/envoyproxy/go-control-plane/envoy/extensions/filters/http/transform/v3
github.com/envoyproxy/go-control-plane/envoy/admin/v3
github.com/envoyproxy/go-control-plane/envoy/extensions/filters/http/wasm/v3
github.com/envoyproxy/go-control-plane/envoy/extensions/filters/listener/dynamic_modules/v3
github.com/envoyproxy/go-control-plane/envoy/extensions/filters/listener/local_ratelimit/v3
github.com/envoyproxy/go-control-plane/envoy/extensions/filters/listener/proxy_protocol/v3
github.com/envoyproxy/go-control-plane/envoy/extensions/filters/listener/set_filter_state/v3
github.com/envoyproxy/go-control-plane/envoy/extensions/filters/network/connection_limit/v3
github.com/envoyproxy/go-control-plane/envoy/extensions/filters/network/direct_response/v3
github.com/envoyproxy/go-control-plane/envoy/extensions/filters/network/dubbo_proxy/v3
github.com/envoyproxy/go-control-plane/envoy/extensions/filters/network/dynamic_modules/v3
github.com/envoyproxy/go-control-plane/envoy/extensions/filters/network/ext_authz/v3
github.com/envoyproxy/go-control-plane/envoy/extensions/filters/network/ext_proc/v3
github.com/kumahq/kuma/v3/pkg/api-server/filters
github.com/kumahq/kuma/v3/pkg/plugins/policies/meshhttproute/api/v1alpha1
github.com/kumahq/kuma/v3/pkg/mads
github.com/kumahq/kuma/v3/pkg/plugins/policies/meshretry/api/v1alpha1
github.com/envoyproxy/go-control-plane/envoy/extensions/filters/network/generic_proxy/action/v3
github.com/envoyproxy/go-control-plane/envoy/extensions/filters/network/generic_proxy/codecs/dubbo/v3
github.com/envoyproxy/go-control-plane/envoy/extensions/filters/network/generic_proxy/codecs/http1/v3
github.com/envoyproxy/go-control-plane/envoy/extensions/filters/network/generic_proxy/matcher/v3
github.com/envoyproxy/go-control-plane/envoy/extensions/filters/network/generic_proxy/router/v3
github.com/kumahq/kuma/v3/pkg/config/mads
github.com/envoyproxy/go-control-plane/envoy/extensions/filters/network/geoip/v3
github.com/envoyproxy/go-control-plane/envoy/extensions/filters/network/local_ratelimit/v3
github.com/envoyproxy/go-control-plane/envoy/extensions/filters/network/mongo_proxy/v3
github.com/envoyproxy/go-control-plane/envoy/extensions/filters/network/ratelimit/v3
github.com/envoyproxy/go-control-plane/envoy/extensions/filters/http/thrift_to_metadata/v3
github.com/envoyproxy/go-control-plane/envoy/extensions/filters/network/rbac/v3
github.com/envoyproxy/go-control-plane/envoy/extensions/filters/network/redis_proxy/v3
github.com/envoyproxy/go-control-plane/envoy/extensions/filters/network/set_filter_state/v3
github.com/envoyproxy/go-control-plane/envoy/extensions/filters/network/sni_cluster/v3
github.com/kumahq/kuma/v3/pkg/plugins/policies/core/rules/common
github.com/envoyproxy/go-control-plane/envoy/extensions/filters/network/sni_dynamic_forward_proxy/v3
github.com/envoyproxy/go-control-plane/envoy/extensions/filters/network/tcp_bandwidth_limit/v3
github.com/envoyproxy/go-control-plane/envoy/extensions/filters/network/thrift_proxy/filters/header_to_metadata/v3
github.com/envoyproxy/go-control-plane/envoy/extensions/filters/network/thrift_proxy/filters/payload_to_metadata/v3
github.com/envoyproxy/go-control-plane/envoy/extensions/filters/network/thrift_proxy/filters/ratelimit/v3
github.com/kumahq/kuma/v3/pkg/api-server/oapi-helpers
github.com/kumahq/kuma/v3/pkg/plugins/policies/core/rules/merge
github.com/kumahq/kuma/v3/pkg/plugins/policies/core/rules/sort
github.com/envoyproxy/go-control-plane/envoy/extensions/filters/network/thrift_proxy/router/v3
github.com/envoyproxy/go-control-plane/envoy/extensions/filters/network/wasm/v3
github.com/envoyproxy/go-control-plane/envoy/extensions/filters/network/zookeeper_proxy/v3
github.com/envoyproxy/go-control-plane/envoy/extensions/filters/udp/dns_filter/v3
github.com/envoyproxy/go-control-plane/envoy/extensions/filters/udp/dynamic_modules/v3
github.com/envoyproxy/go-control-plane/envoy/extensions/filters/udp/udp_proxy/session/dynamic_forward_proxy/v3
github.com/envoyproxy/go-control-plane/envoy/extensions/filters/udp/udp_proxy/session/ext_authz/v3
github.com/envoyproxy/go-control-plane/envoy/extensions/filters/udp/udp_proxy/session/http_capsule/v3
github.com/kumahq/kuma/v3/pkg/plugins/policies/core/rules/inbound
github.com/envoyproxy/go-control-plane/envoy/extensions/filters/udp/udp_proxy/v3
github.com/envoyproxy/go-control-plane/envoy/extensions/formatter/cel/v3
github.com/envoyproxy/go-control-plane/envoy/extensions/formatter/dynamic_modules/v3
github.com/envoyproxy/go-control-plane/envoy/extensions/formatter/file_content/v3
github.com/envoyproxy/go-control-plane/envoy/extensions/formatter/generic_secret/v3
github.com/envoyproxy/go-control-plane/envoy/extensions/formatter/metadata/v3
github.com/envoyproxy/go-control-plane/envoy/extensions/formatter/req_without_query/v3
github.com/envoyproxy/go-control-plane/envoy/extensions/geoip_providers/common/v3
github.com/envoyproxy/go-control-plane/envoy/extensions/grpc_service/call_credentials/access_token/v3
github.com/envoyproxy/go-control-plane/envoy/extensions/grpc_service/call_credentials/file_based_metadata/v3
github.com/envoyproxy/go-control-plane/envoy/extensions/grpc_service/call_credentials/google_compute_engine/v3
github.com/envoyproxy/go-control-plane/envoy/extensions/grpc_service/call_credentials/google_iam/v3
github.com/envoyproxy/go-control-plane/envoy/extensions/grpc_service/call_credentials/google_refresh_token/v3
github.com/kumahq/kuma/v3/pkg/plugins/policies/meshcircuitbreaker/api/v1alpha1
github.com/kumahq/kuma/v3/pkg/plugins/policies/meshtimeout/api/v1alpha1
github.com/envoyproxy/go-control-plane/envoy/extensions/grpc_service/call_credentials/service_account_jwt_access/v3
github.com/envoyproxy/go-control-plane/envoy/extensions/grpc_service/call_credentials/sts_service/v3
github.com/envoyproxy/go-control-plane/envoy/extensions/grpc_service/channel_credentials/google_default/v3
github.com/envoyproxy/go-control-plane/envoy/extensions/grpc_service/channel_credentials/insecure/v3
github.com/envoyproxy/go-control-plane/envoy/extensions/grpc_service/channel_credentials/local/v3
github.com/envoyproxy/go-control-plane/envoy/extensions/grpc_service/channel_credentials/tls/v3
github.com/envoyproxy/go-control-plane/envoy/extensions/grpc_service/channel_credentials/xds/v3
github.com/envoyproxy/go-control-plane/envoy/extensions/health_check/event_sinks/file/v3
github.com/envoyproxy/go-control-plane/envoy/extensions/health_checkers/dynamic_modules/v3
github.com/envoyproxy/go-control-plane/envoy/extensions/health_checkers/redis/v3
github.com/envoyproxy/go-control-plane/envoy/extensions/health_checkers/thrift/v3
github.com/envoyproxy/go-control-plane/envoy/extensions/geoip_providers/maxmind/v3
github.com/envoyproxy/go-control-plane/envoy/extensions/filters/http/router/v3
github.com/envoyproxy/go-control-plane/envoy/extensions/filters/network/generic_proxy/v3
github.com/envoyproxy/go-control-plane/envoy/extensions/filters/network/reverse_tunnel/v3
github.com/envoyproxy/go-control-plane/envoy/extensions/filters/network/tcp_proxy/v3
github.com/envoyproxy/go-control-plane/envoy/extensions/http/cache/file_system_http_cache/v3
github.com/envoyproxy/go-control-plane/envoy/extensions/http/cache/simple_http_cache/v3
github.com/envoyproxy/go-control-plane/envoy/extensions/http/cache_v2/file_system_http_cache/v3
github.com/envoyproxy/go-control-plane/envoy/extensions/http/cache_v2/simple_http_cache/v3
github.com/envoyproxy/go-control-plane/envoy/extensions/http/custom_response/local_response_policy/v3
github.com/envoyproxy/go-control-plane/envoy/extensions/http/custom_response/redirect_policy/v3
github.com/envoyproxy/go-control-plane/envoy/extensions/http/early_header_mutation/header_mutation/v3
github.com/envoyproxy/go-control-plane/envoy/extensions/http/ext_proc/processing_request_modifiers/mapped_attribute_builder/v3
github.com/envoyproxy/go-control-plane/envoy/extensions/http/ext_proc/response_processors/save_processing_response/v3
github.com/envoyproxy/go-control-plane/envoy/extensions/http/header_formatters/preserve_case/v3
github.com/envoyproxy/go-control-plane/envoy/extensions/http/header_validators/envoy_default/v3
github.com/envoyproxy/go-control-plane/envoy/extensions/http/injected_credentials/generic/v3
github.com/envoyproxy/go-control-plane/envoy/extensions/http/injected_credentials/oauth2/v3
github.com/envoyproxy/go-control-plane/envoy/extensions/http/original_ip_detection/custom_header/v3
github.com/envoyproxy/go-control-plane/envoy/extensions/http/original_ip_detection/xff/v3
github.com/envoyproxy/go-control-plane/envoy/extensions/http/stateful_session/cookie/v3
github.com/envoyproxy/go-control-plane/envoy/extensions/http/stateful_session/envelope/v3
github.com/envoyproxy/go-control-plane/envoy/extensions/http/stateful_session/header/v3
github.com/envoyproxy/go-control-plane/envoy/extensions/internal_redirect/allow_listed_routes/v3
github.com/envoyproxy/go-control-plane/envoy/extensions/internal_redirect/safe_cross_scheme/v3
github.com/envoyproxy/go-control-plane/envoy/extensions/key_value/file_based/v3
github.com/envoyproxy/go-control-plane/envoy/extensions/internal_redirect/previous_routes/v3
github.com/envoyproxy/go-control-plane/envoy/extensions/load_balancing_policies/common/v3
github.com/envoyproxy/go-control-plane/envoy/extensions/load_balancing_policies/cluster_provided/v3
github.com/envoyproxy/go-control-plane/envoy/extensions/load_balancing_policies/dynamic_modules/v3
github.com/envoyproxy/go-control-plane/envoy/extensions/load_balancing_policies/load_aware_locality/v3
github.com/envoyproxy/go-control-plane/envoy/extensions/load_balancing_policies/override_host/v3
github.com/envoyproxy/go-control-plane/envoy/extensions/load_balancing_policies/pick_first/v3
github.com/envoyproxy/go-control-plane/envoy/extensions/load_balancing_policies/random_subsetting/v3
github.com/envoyproxy/go-control-plane/envoy/extensions/load_balancing_policies/subset/v3
github.com/envoyproxy/go-control-plane/envoy/extensions/load_balancing_policies/wrr_locality/v3
github.com/envoyproxy/go-control-plane/envoy/extensions/local_address_selectors/filter_state_override/v3
github.com/envoyproxy/go-control-plane/envoy/extensions/matching/actions/transform_stat/v3
github.com/envoyproxy/go-control-plane/envoy/extensions/matching/common_inputs/environment_variable/v3
github.com/envoyproxy/go-control-plane/envoy/extensions/matching/common_inputs/network/v3
github.com/envoyproxy/go-control-plane/envoy/extensions/matching/common_inputs/ssl/v3
github.com/envoyproxy/go-control-plane/envoy/extensions/matching/common_inputs/stats/v3
github.com/envoyproxy/go-control-plane/envoy/extensions/matching/common_inputs/transport_socket/v3
github.com/envoyproxy/go-control-plane/envoy/extensions/matching/http/dynamic_modules/v3
github.com/envoyproxy/go-control-plane/envoy/extensions/matching/input_matchers/consistent_hashing/v3
github.com/envoyproxy/go-control-plane/envoy/extensions/matching/input_matchers/dynamic_modules/v3
github.com/envoyproxy/go-control-plane/envoy/extensions/matching/input_matchers/ip/v3
github.com/envoyproxy/go-control-plane/envoy/extensions/matching/input_matchers/metadata/v3
github.com/envoyproxy/go-control-plane/envoy/extensions/matching/input_matchers/runtime_fraction/v3
github.com/envoyproxy/go-control-plane/envoy/extensions/network/dns_resolver/apple/v3
github.com/envoyproxy/go-control-plane/envoy/extensions/network/dns_resolver/cares/v3
github.com/envoyproxy/go-control-plane/envoy/extensions/network/dns_resolver/getaddrinfo/v3
github.com/envoyproxy/go-control-plane/envoy/extensions/network/dns_resolver/hickory/v3
github.com/envoyproxy/go-control-plane/envoy/extensions/network/socket_interface/sockmap/v3
github.com/envoyproxy/go-control-plane/envoy/extensions/network/socket_interface/v3
github.com/envoyproxy/go-control-plane/envoy/extensions/load_balancing_policies/client_side_weighted_round_robin/v3
github.com/envoyproxy/go-control-plane/envoy/extensions/load_balancing_policies/least_request/v3
github.com/envoyproxy/go-control-plane/envoy/extensions/load_balancing_policies/maglev/v3
github.com/envoyproxy/go-control-plane/envoy/extensions/load_balancing_policies/random/v3
github.com/envoyproxy/go-control-plane/envoy/extensions/load_balancing_policies/ring_hash/v3
github.com/envoyproxy/go-control-plane/envoy/extensions/load_balancing_policies/round_robin/v3
github.com/envoyproxy/go-control-plane/envoy/extensions/outlier_detection_monitors/common/v3
github.com/envoyproxy/go-control-plane/envoy/extensions/path/match/uri_template/v3
github.com/envoyproxy/go-control-plane/envoy/extensions/path/rewrite/uri_template/v3
github.com/envoyproxy/go-control-plane/envoy/extensions/quic/client_writer_factory/v3
github.com/envoyproxy/go-control-plane/envoy/extensions/quic/connection_debug_visitor/quic_stats/v3
github.com/envoyproxy/go-control-plane/envoy/extensions/quic/connection_debug_visitor/v3
github.com/envoyproxy/go-control-plane/envoy/extensions/quic/connection_id_generator/quic_lb/v3
github.com/envoyproxy/go-control-plane/envoy/extensions/quic/connection_id_generator/v3
github.com/envoyproxy/go-control-plane/envoy/extensions/quic/crypto_stream/v3
github.com/envoyproxy/go-control-plane/envoy/extensions/quic/proof_source/v3
github.com/envoyproxy/go-control-plane/envoy/extensions/quic/server_preferred_address/v3
github.com/envoyproxy/go-control-plane/envoy/extensions/rate_limit_descriptors/expr/v3
github.com/envoyproxy/go-control-plane/envoy/extensions/rbac/audit_loggers/stream/v3
github.com/envoyproxy/go-control-plane/envoy/extensions/rbac/matchers/upstream_ip_port/v3
github.com/envoyproxy/go-control-plane/envoy/extensions/rbac/principals/mtls_authenticated/v3
github.com/envoyproxy/go-control-plane/envoy/extensions/regex_engines/v3
github.com/envoyproxy/go-control-plane/envoy/extensions/outlier_detection_monitors/consecutive_errors/v3
github.com/envoyproxy/go-control-plane/envoy/extensions/request_id/uuid/v3
github.com/envoyproxy/go-control-plane/envoy/extensions/resource_monitors/cgroup_memory/v3
github.com/envoyproxy/go-control-plane/envoy/extensions/resource_monitors/cpu_utilization/v3
github.com/envoyproxy/go-control-plane/envoy/extensions/resource_monitors/downstream_connections/v3
github.com/envoyproxy/go-control-plane/envoy/extensions/resource_monitors/fixed_heap/v3
github.com/envoyproxy/go-control-plane/envoy/extensions/resource_monitors/injected_resource/v3
github.com/envoyproxy/go-control-plane/envoy/extensions/retry/host/omit_canary_hosts/v3
github.com/envoyproxy/go-control-plane/envoy/extensions/retry/host/omit_host_metadata/v3
github.com/envoyproxy/go-control-plane/envoy/extensions/retry/host/previous_hosts/v3
github.com/envoyproxy/go-control-plane/envoy/extensions/retry/priority/previous_priorities/v3
github.com/envoyproxy/go-control-plane/envoy/extensions/router/cluster_specifiers/lua/v3
github.com/envoyproxy/go-control-plane/envoy/extensions/router/cluster_specifiers/matcher/v3
github.com/envoyproxy/go-control-plane/envoy/extensions/stat_sinks/dynamic_modules/v3
github.com/envoyproxy/go-control-plane/envoy/extensions/stat_sinks/graphite_statsd/v3
github.com/envoyproxy/go-control-plane/envoy/extensions/stat_sinks/open_telemetry/v3
github.com/envoyproxy/go-control-plane/envoy/extensions/stat_sinks/wasm/v3
github.com/envoyproxy/go-control-plane/envoy/extensions/string_matcher/lua/v3
github.com/envoyproxy/go-control-plane/envoy/extensions/tracers/dynamic_modules/v3
github.com/envoyproxy/go-control-plane/envoy/extensions/tracers/fluentd/v3
github.com/envoyproxy/go-control-plane/envoy/extensions/tracers/opentelemetry/resource_detectors/v3
github.com/envoyproxy/go-control-plane/envoy/extensions/tracers/opentelemetry/samplers/v3
github.com/envoyproxy/go-control-plane/envoy/extensions/transport_sockets/alts/v3
github.com/envoyproxy/go-control-plane/envoy/extensions/transport_sockets/dynamic_modules/v3
github.com/envoyproxy/go-control-plane/envoy/extensions/transport_sockets/http_11_proxy/v3
github.com/envoyproxy/go-control-plane/envoy/extensions/transport_sockets/internal_upstream/v3
github.com/envoyproxy/go-control-plane/envoy/extensions/transport_sockets/proxy_protocol/v3
github.com/envoyproxy/go-control-plane/envoy/extensions/transport_sockets/quic/v3
github.com/envoyproxy/go-control-plane/envoy/extensions/transport_sockets/s2a/v3
github.com/envoyproxy/go-control-plane/envoy/extensions/transport_sockets/raw_buffer/v3
github.com/envoyproxy/go-control-plane/envoy/extensions/transport_sockets/tap/v3
github.com/envoyproxy/go-control-plane/envoy/extensions/transport_sockets/tls/cert_mappers/filter_state_override/v3
github.com/envoyproxy/go-control-plane/envoy/extensions/transport_sockets/tcp_stats/v3
github.com/envoyproxy/go-control-plane/envoy/extensions/transport_sockets/tls/cert_mappers/sni/v3
github.com/envoyproxy/go-control-plane/envoy/extensions/transport_sockets/tls/cert_mappers/static_name/v3
github.com/envoyproxy/go-control-plane/envoy/extensions/transport_sockets/tls/cert_selectors/on_demand_secret/v3
github.com/envoyproxy/go-control-plane/envoy/extensions/transport_sockets/tls/cert_validator/dynamic_modules/v3
github.com/envoyproxy/go-control-plane/envoy/extensions/udp_packet_writer/v3
github.com/envoyproxy/go-control-plane/envoy/extensions/upstreams/http/dynamic_modules/v3
github.com/envoyproxy/go-control-plane/envoy/extensions/upstreams/http/generic/v3
github.com/envoyproxy/go-control-plane/envoy/extensions/upstreams/http/http/v3
github.com/envoyproxy/go-control-plane/envoy/extensions/upstreams/http/reverse_tunnel/v3
github.com/envoyproxy/go-control-plane/envoy/extensions/transport_sockets/starttls/v3
github.com/envoyproxy/go-control-plane/envoy/extensions/upstreams/http/tcp/v3
github.com/envoyproxy/go-control-plane/envoy/extensions/upstreams/http/udp/v3
github.com/envoyproxy/go-control-plane/envoy/extensions/upstreams/http/v3
github.com/envoyproxy/go-control-plane/envoy/extensions/upstreams/tcp/generic/v3
github.com/envoyproxy/go-control-plane/envoy/extensions/upstreams/tcp/v3
github.com/envoyproxy/go-control-plane/envoy/extensions/watchdog/profile_action/v3
github.com/envoyproxy/go-control-plane/envoy/service/accesslog/v2
github.com/envoyproxy/go-control-plane/envoy/service/accesslog/v3
github.com/envoyproxy/go-control-plane/envoy/service/auth/v2
github.com/envoyproxy/go-control-plane/envoy/service/auth/v3
github.com/envoyproxy/go-control-plane/envoy/service/cluster/v3
github.com/envoyproxy/go-control-plane/envoy/service/discovery/v2
github.com/envoyproxy/go-control-plane/envoy/service/endpoint/v3
github.com/envoyproxy/go-control-plane/envoy/service/event_reporting/v2alpha
github.com/envoyproxy/go-control-plane/envoy/service/event_reporting/v3
github.com/envoyproxy/go-control-plane/envoy/service/ext_proc/v3
github.com/envoyproxy/go-control-plane/envoy/service/extension/v3
github.com/envoyproxy/go-control-plane/envoy/service/health/v3
github.com/envoyproxy/go-control-plane/envoy/service/listener/v3
github.com/envoyproxy/go-control-plane/envoy/service/load_stats/v2
github.com/envoyproxy/go-control-plane/envoy/service/load_stats/v3
github.com/envoyproxy/go-control-plane/envoy/service/metrics/v2
github.com/envoyproxy/go-control-plane/envoy/service/metrics/v3
github.com/envoyproxy/go-control-plane/envoy/service/network_ext_proc/v3
github.com/envoyproxy/go-control-plane/envoy/service/rate_limit_quota/v3
github.com/envoyproxy/go-control-plane/envoy/service/ratelimit/v2
github.com/envoyproxy/go-control-plane/envoy/service/auth/v2alpha
github.com/envoyproxy/go-control-plane/envoy/service/ratelimit/v3
github.com/envoyproxy/go-control-plane/envoy/service/redis_auth/v3
github.com/envoyproxy/go-control-plane/envoy/service/route/v3
github.com/envoyproxy/go-control-plane/envoy/service/runtime/v3
github.com/envoyproxy/go-control-plane/envoy/service/secret/v3
github.com/envoyproxy/go-control-plane/envoy/service/status/v2
github.com/envoyproxy/go-control-plane/envoy/service/status/v3
github.com/envoyproxy/go-control-plane/envoy/service/tap/v3
k8s.io/api/apps/v1
k8s.io/api/apps/v1beta1
k8s.io/api/apps/v1beta2
k8s.io/api/autoscaling/v1
k8s.io/api/autoscaling/v2
k8s.io/api/batch/v1
k8s.io/api/certificates/v1
k8s.io/api/certificates/v1beta1
k8s.io/api/discovery/v1
k8s.io/api/events/v1
k8s.io/api/discovery/v1beta1
k8s.io/api/events/v1beta1
k8s.io/api/networking/v1
k8s.io/api/networking/v1beta1
k8s.io/api/node/v1
k8s.io/api/node/v1alpha1
k8s.io/api/node/v1beta1
k8s.io/api/resource/v1
k8s.io/api/resource/v1beta1
k8s.io/api/resource/v1beta2
k8s.io/api/scheduling/v1
k8s.io/api/scheduling/v1beta1
k8s.io/api/storage/v1
k8s.io/api/storage/v1alpha1
k8s.io/api/storage/v1beta1
k8s.io/client-go/tools/reference
k8s.io/client-go/listers/autoscaling/v2
k8s.io/client-go/listers/certificates/v1
k8s.io/client-go/listers/certificates/v1beta1
k8s.io/api/batch/v1beta1
k8s.io/client-go/listers/batch/v1
k8s.io/client-go/listers/autoscaling/v1
k8s.io/client-go/listers/core/v1
k8s.io/api/extensions/v1beta1
k8s.io/client-go/listers/apps/v1beta1
k8s.io/client-go/listers/apps/v1
k8s.io/client-go/listers/discovery/v1
k8s.io/client-go/listers/discovery/v1beta1
k8s.io/client-go/listers/events/v1
k8s.io/client-go/listers/events/v1beta1
k8s.io/client-go/listers/networking/v1
k8s.io/client-go/listers/networking/v1beta1
k8s.io/client-go/listers/node/v1
k8s.io/client-go/listers/node/v1alpha1
k8s.io/client-go/listers/batch/v1beta1
k8s.io/client-go/listers/node/v1beta1
k8s.io/client-go/listers/apps/v1beta2
k8s.io/client-go/listers/policy/v1
k8s.io/client-go/listers/policy/v1beta1
k8s.io/client-go/listers/scheduling/v1
k8s.io/client-go/listers/storage/v1alpha1
k8s.io/client-go/tools/record/util
k8s.io/apiserver/pkg/authentication/serviceaccount
github.com/envoyproxy/go-control-plane/envoy/watchdog/v3
k8s.io/client-go/listers/scheduling/v1beta1
github.com/kumahq/kuma/v3/pkg/core/resources/access
github.com/kumahq/kuma/v3/pkg/core/secrets/store
k8s.io/client-go/tools/record
github.com/slok/go-http-metrics/metrics/prometheus
github.com/slok/go-http-metrics/middleware/std
k8s.io/apiserver/pkg/cel/library
go.opentelemetry.io/otel/propagation
github.com/envoyproxy/go-control-plane/pkg/resource/v3
github.com/kumahq/kuma/v3/pkg/util/grpc
github.com/jackc/pgx/v5/pgconn
github.com/kumahq/kuma/v3/pkg/xds/cache/once
github.com/kumahq/kuma/v3/pkg/core/resources/apis/meshtrust/api/v1alpha1
go.opentelemetry.io/otel/internal/global
github.com/kumahq/kuma/v3/pkg/core/resources/apis/meshzoneaddress/api/v1alpha1
k8s.io/client-go/listers/storage/v1
github.com/kumahq/kuma/v3/pkg/core/resources/apis/workload/api/v1alpha1
github.com/kumahq/kuma/v3/pkg/plugins/policies/meshfaultinjection/api/v1alpha1
k8s.io/client-go/listers/storage/v1beta1
github.com/kumahq/kuma/v3/pkg/core/resources/apis/core/destinationname
github.com/kumahq/kuma/v3/pkg/util/cache
github.com/kumahq/kuma/v3/pkg/envoy/builders/core
github.com/envoyproxy/go-control-plane/pkg/cache/v3
github.com/kumahq/kuma/v3/pkg/envoy/builders/tls
github.com/kumahq/kuma/v3/pkg/xds/envoy/metadata/v3
github.com/envoyproxy/go-control-plane/pkg/server/stream/v3
github.com/kumahq/kuma/v3/pkg/xds/metrics
github.com/envoyproxy/go-control-plane/ratelimit/service/ratelimit/v3
github.com/kumahq/kuma/v3/pkg/core/system_names
github.com/kumahq/kuma/v3/pkg/xds/envoy/routes/v3
github.com/onsi/gomega/internal
github.com/kumahq/kuma/v3/pkg/xds/dynconf/system_names
golang.org/x/net/html/charset
internal/nettest
github.com/kumahq/kuma/v3/pkg/util/net
github.com/kumahq/kuma/v3/pkg/xds/generator/system_names
github.com/goburrow/cache
k8s.io/client-go/listers/resource/v1beta1
go.opentelemetry.io/otel
github.com/kumahq/kuma/v3/pkg/util/watchdog
github.com/kumahq/kuma/v3/pkg/plugins/policies/meshtcproute/api/v1alpha1
github.com/kumahq/kuma/v3/pkg/util/http/server
github.com/kumahq/kuma/v3/pkg/util/prometheus
net/http/httptest
k8s.io/client-go/listers/resource/v1beta2
go.opentelemetry.io/otel/semconv/v1.43.0/httpconv
go.opentelemetry.io/contrib/instrumentation/google.golang.org/grpc/otelgrpc
github.com/kumahq/kuma/v3/pkg/envoy/builders/auth
github.com/kumahq/kuma/v3/pkg/envoy/builders/cluster
github.com/kumahq/kuma/v3/pkg/plugins/policies/meshaccesslog/api/v1alpha1
github.com/kumahq/kuma/v3/pkg/plugins/policies/meshmetric/api/v1alpha1
github.com/kumahq/kuma/v3/pkg/plugins/policies/meshtrace/api/v1alpha1
github.com/kumahq/kuma/v3/pkg/plugins/authn/api-server/tokens/access
github.com/jackc/pgx/v5/internal/stmtcache
github.com/kumahq/kuma/v3/pkg/plugins/runtime/k8s/apis/k8s.cni.cncf.io/v1
sigs.k8s.io/gateway-api/apis/v1
github.com/lib/pq/internal/pqutil
github.com/jackc/pgx/v5
github.com/lib/pq/internal/pgpass
github.com/lib/pq/internal/pgservice
github.com/kumahq/kuma/v3/pkg/plugins/runtime/k8s/apis/k8s.cni.cncf.io
github.com/lib/pq/internal/pqtime
go.opentelemetry.io/contrib/instrumentation/google.golang.org/grpc/otelgrpc/filters
k8s.io/apiserver/pkg/cel/environment
github.com/lib/pq/internal/proto
github.com/lib/pq/scram
github.com/kumahq/kuma/v3/pkg/kds/cache
github.com/envoyproxy/go-control-plane/pkg/server/delta/v3
github.com/envoyproxy/go-control-plane/pkg/server/rest/v3
go.opentelemetry.io/otel/semconv/v1.40.0
github.com/onsi/gomega/matchers
github.com/envoyproxy/go-control-plane/pkg/server/sotw/v3
go.opentelemetry.io/contrib/instrumentation/github.com/emicklei/go-restful/otelrestful/internal/semconv
go.opentelemetry.io/otel/semconv/v1.40.0/dbconv
github.com/kumahq/kuma/v3/pkg/envoy/builders/accesslog
github.com/lib/pq
github.com/kumahq/kuma/v3/pkg/kds/util
github.com/kumahq/kuma/v3/pkg/envoy/builders/filter/network/hcm
github.com/kumahq/kuma/v3/pkg/envoy/builders/route
k8s.io/client-go/listers/extensions/v1beta1
github.com/kumahq/kuma/v3/pkg/envoy/builders/matcher
github.com/envoyproxy/go-control-plane/pkg/server/v3
go.opentelemetry.io/contrib/instrumentation/github.com/emicklei/go-restful/otelrestful
github.com/kumahq/kuma/v3/pkg/plugins/policies/meshcircuitbreaker/plugin/xds
github.com/kumahq/kuma/v3/pkg/envoy/builders/xds/matchers
github.com/kumahq/kuma/v3/pkg/plugins/policies/meshhealthcheck/api/v1alpha1
github.com/kumahq/kuma/v3/pkg/plugins/policies/meshloadbalancingstrategy/api/v1alpha1
github.com/kumahq/kuma/v3/pkg/envoy/builders/endpoint
k8s.io/apiextensions-apiserver/pkg/apiserver/schema/cel
k8s.io/apiextensions-apiserver/pkg/apiserver/validation
github.com/kumahq/kuma/v3/pkg/plugins/policies/meshmetric/dpapi
github.com/kumahq/kuma/v3/pkg/plugins/policies/meshpassthrough/api/v1alpha1
github.com/kumahq/kuma/v3/pkg/plugins/policies/core/jsonpatch/validators
github.com/kumahq/kuma/v3/pkg/plugins/policies/core/jsonpatch
github.com/kumahq/kuma/v3/pkg/plugins/policies/meshratelimit/api/v1alpha1
github.com/kumahq/kuma/v3/pkg/plugins/policies/meshtls/api/v1alpha1
github.com/kumahq/kuma/v3/pkg/plugins/policies/meshtrafficpermission/api/v1alpha1
github.com/kumahq/kuma/v3/pkg/plugins/policies/meshproxypatch/api/v1alpha1
github.com/jackc/pgx/v5/pgxpool
github.com/golang-migrate/migrate/v4/database
sigs.k8s.io/gateway-api/apis/v1beta1
github.com/golang-migrate/migrate/v4/source
k8s.io/client-go/kubernetes/scheme
k8s.io/client-go/listers/resource/v1
github.com/kumahq/kuma/v3/pkg/util/data
github.com/golang-migrate/migrate/v4
github.com/golang-migrate/migrate/v4/source/httpfs
k8s.io/kubectl/pkg/cmd/util/podcmd
github.com/tonglil/opentelemetry-go-datadog-propagator
go.opentelemetry.io/otel/sdk/instrumentation
go.opentelemetry.io/otel/sdk/metric/exemplar
go.opentelemetry.io/otel/sdk/internal/attrnorm
go.opentelemetry.io/otel/sdk/metric/internal/attrnorm
go.opentelemetry.io/otel/semconv/v1.43.0/otelconv
go.opentelemetry.io/otel/exporters/otlp/otlpmetric/otlpmetricgrpc/internal
go.opentelemetry.io/proto/otlp/resource/v1
go.opentelemetry.io/otel/exporters/otlp/otlpmetric/otlpmetricgrpc/internal/envconfig
k8s.io/client-go/discovery
k8s.io/client-go/kubernetes/typed/authentication/v1
k8s.io/client-go/kubernetes/typed/authentication/v1alpha1
k8s.io/client-go/kubernetes/typed/authentication/v1beta1
k8s.io/client-go/kubernetes/typed/authorization/v1
k8s.io/client-go/kubernetes/typed/authorization/v1beta1
github.com/onsi/gomega
github.com/cenkalti/backoff/v5
go.opentelemetry.io/proto/otlp/metrics/v1
k8s.io/apiextensions-apiserver/pkg/apiserver/schema/defaulting
google.golang.org/grpc/encoding/gzip
github.com/kumahq/kuma/v3/pkg/plugins/resources/postgres/config
github.com/exaring/otelpgx
github.com/jackc/pgx/v5/stdlib
go.opentelemetry.io/otel/sdk/resource
cirello.io/pglock
github.com/golang-migrate/migrate/v4/database/postgres
go.opentelemetry.io/otel/exporters/otlp/otlpmetric/otlpmetricgrpc/internal/retry
google.golang.org/genproto/googleapis/api/httpbody
github.com/grpc-ecosystem/grpc-gateway/v2/utilities
google.golang.org/grpc/health/grpc_health_v1
google.golang.org/protobuf/types/known/fieldmaskpb
google.golang.org/genproto/googleapis/rpc/errdetails
go.opentelemetry.io/otel/sdk/trace/internal/env
github.com/grpc-ecosystem/grpc-gateway/v2/internal/httprule
go.opentelemetry.io/proto/otlp/trace/v1
github.com/kumahq/kuma/v3/pkg/core/resources/model/rest
go.opentelemetry.io/otel/exporters/otlp/otlptrace/otlptracegrpc/internal
go.opentelemetry.io/otel/exporters/otlp/otlptrace/otlptracegrpc/internal/envconfig
go.opentelemetry.io/otel/exporters/otlp/otlptrace/otlptracegrpc/internal/retry
github.com/kumahq/kuma/v3/pkg/hds/callbacks
github.com/kumahq/kuma/v3/pkg/hds/metrics
github.com/kumahq/kuma/v3/api/observability/v1
github.com/kumahq/kuma/v3/pkg/util/os
github.com/kumahq/kuma/v3/pkg/hds/server
go.opentelemetry.io/otel/sdk/metric/internal/observ
go.opentelemetry.io/otel/exporters/otlp/otlpmetric/otlpmetricgrpc/internal/observ
go.opentelemetry.io/otel/sdk/trace/internal/observ
go.opentelemetry.io/otel/exporters/otlp/otlptrace/otlptracegrpc/internal/observ
go.opentelemetry.io/otel/sdk/metric/metricdata
k8s.io/client-go/restmapper
k8s.io/client-go/applyconfigurations/meta/v1
github.com/kumahq/kuma/v3/pkg/plugins/common/postgres
github.com/grpc-ecosystem/grpc-gateway/v2/runtime
go.opentelemetry.io/otel/sdk/metric/internal/aggregate
go.opentelemetry.io/otel/exporters/otlp/otlpmetric/otlpmetricgrpc/internal/transform
go.opentelemetry.io/otel/sdk/trace
go.opentelemetry.io/otel/sdk/metric
sigs.k8s.io/controller-runtime/pkg/client/apiutil
k8s.io/client-go/applyconfigurations/apiserverinternal/v1alpha1
k8s.io/client-go/applyconfigurations/autoscaling/v1
k8s.io/client-go/applyconfigurations/coordination/v1alpha2
k8s.io/client-go/applyconfigurations/certificates/v1alpha1
k8s.io/client-go/applyconfigurations/coordination/v1beta1
k8s.io/client-go/applyconfigurations/coordination/v1
k8s.io/client-go/applyconfigurations/certificates/v1beta1
k8s.io/client-go/applyconfigurations/autoscaling/v2
k8s.io/client-go/applyconfigurations/certificates/v1
k8s.io/client-go/applyconfigurations/admissionregistration/v1
k8s.io/client-go/applyconfigurations/scheduling/v1alpha3
k8s.io/client-go/applyconfigurations/core/v1
k8s.io/client-go/kubernetes/typed/apiserverinternal/v1alpha1
sigs.k8s.io/controller-runtime/pkg/client
k8s.io/client-go/kubernetes/typed/certificates/v1alpha1
k8s.io/client-go/applyconfigurations/flowcontrol/v1
k8s.io/client-go/kubernetes/typed/autoscaling/v1
k8s.io/client-go/kubernetes/typed/certificates/v1beta1
k8s.io/client-go/kubernetes/typed/coordination/v1
k8s.io/client-go/kubernetes/typed/autoscaling/v2
k8s.io/client-go/kubernetes/typed/coordination/v1alpha2
k8s.io/client-go/kubernetes/typed/coordination/v1beta1
k8s.io/client-go/kubernetes/typed/certificates/v1
k8s.io/client-go/applyconfigurations/flowcontrol/v1beta1
k8s.io/client-go/applyconfigurations/flowcontrol/v1beta2
k8s.io/client-go/applyconfigurations/flowcontrol/v1beta3
k8s.io/client-go/applyconfigurations/lifecycle/v1alpha1
k8s.io/client-go/applyconfigurations/policy/v1
k8s.io/client-go/applyconfigurations/policy/v1beta1
k8s.io/client-go/kubernetes/typed/admissionregistration/v1
k8s.io/client-go/applyconfigurations/admissionregistration/v1alpha1
k8s.io/client-go/applyconfigurations/admissionregistration/v1beta1
k8s.io/client-go/applyconfigurations/rbac/v1
k8s.io/client-go/applyconfigurations/rbac/v1alpha1
k8s.io/client-go/applyconfigurations/rbac/v1beta1
k8s.io/client-go/kubernetes/typed/flowcontrol/v1
k8s.io/client-go/kubernetes/typed/lifecycle/v1alpha1
k8s.io/client-go/kubernetes/typed/policy/v1beta1
k8s.io/client-go/kubernetes/typed/flowcontrol/v1beta2
k8s.io/client-go/kubernetes/typed/flowcontrol/v1beta1
k8s.io/client-go/kubernetes/typed/policy/v1
k8s.io/client-go/kubernetes/typed/flowcontrol/v1beta3
k8s.io/client-go/kubernetes/typed/rbac/v1
k8s.io/client-go/kubernetes/typed/admissionregistration/v1alpha1
k8s.io/client-go/kubernetes/typed/rbac/v1beta1
k8s.io/client-go/applyconfigurations/resource/v1alpha3
k8s.io/client-go/applyconfigurations/scheduling/v1
k8s.io/client-go/kubernetes/typed/scheduling/v1alpha3
k8s.io/client-go/kubernetes/typed/rbac/v1alpha1
k8s.io/client-go/applyconfigurations/scheduling/v1beta1
k8s.io/client-go/kubernetes/typed/admissionregistration/v1beta1
k8s.io/client-go/applyconfigurations/storagemigration/v1
k8s.io/client-go/applyconfigurations/storagemigration/v1beta1
sigs.k8s.io/controller-runtime/pkg/reconcile
sigs.k8s.io/controller-runtime/pkg/cache/internal
sigs.k8s.io/controller-runtime/pkg/event
sigs.k8s.io/controller-runtime/pkg/controller/controllerutil
sigs.k8s.io/controller-runtime/pkg/predicate
github.com/kumahq/kuma/v3/pkg/plugins/resources/k8s/native/pkg/model
github.com/kumahq/kuma/v3/pkg/plugins/runtime/k8s/util
go.opentelemetry.io/proto/otlp/collector/metrics/v1
k8s.io/client-go/kubernetes/typed/storagemigration/v1
sigs.k8s.io/controller-runtime/pkg/cache
go.opentelemetry.io/contrib/bridges/prometheus
github.com/kumahq/kuma/v3/pkg/plugins/resources/k8s/native/pkg/registry
k8s.io/client-go/kubernetes/typed/scheduling/v1
k8s.io/client-go/kubernetes/typed/storagemigration/v1beta1
go.opentelemetry.io/otel/exporters/otlp/otlpmetric/otlpmetricgrpc/internal/oconf
go.opentelemetry.io/otel/exporters/otlp/otlptrace/internal/tracetransform
k8s.io/client-go/kubernetes/typed/resource/v1alpha3
go.opentelemetry.io/proto/otlp/collector/trace/v1
github.com/kumahq/kuma/v3/pkg/plugins/resources/k8s/native/api/v1alpha1
github.com/kumahq/kuma/v3/pkg/core/resources/apis/hostnamegenerator/k8s/v1alpha1
k8s.io/client-go/kubernetes/typed/scheduling/v1beta1
github.com/kumahq/kuma/v3/pkg/core/resources/apis/meshopentelemetrybackend/k8s/v1alpha1
github.com/kumahq/kuma/v3/pkg/core/resources/apis/meshtrust/k8s/v1alpha1
github.com/kumahq/kuma/v3/pkg/core/resources/apis/workload/k8s/v1alpha1
github.com/kumahq/kuma/v3/pkg/core/resources/apis/meshzoneaddress/k8s/v1alpha1
github.com/kumahq/kuma/v3/pkg/plugins/policies/meshaccesslog/k8s/v1alpha1
k8s.io/client-go/applyconfigurations/apps/v1
k8s.io/client-go/applyconfigurations/apps/v1beta1
k8s.io/client-go/applyconfigurations/apps/v1beta2
k8s.io/client-go/applyconfigurations/batch/v1
k8s.io/client-go/applyconfigurations/discovery/v1
k8s.io/client-go/kubernetes/typed/core/v1
k8s.io/client-go/applyconfigurations/discovery/v1beta1
k8s.io/client-go/applyconfigurations/events/v1
k8s.io/client-go/applyconfigurations/events/v1beta1
k8s.io/client-go/applyconfigurations/extensions/v1beta1
k8s.io/client-go/applyconfigurations/networking/v1
k8s.io/client-go/applyconfigurations/networking/v1beta1
k8s.io/client-go/applyconfigurations/node/v1
k8s.io/client-go/applyconfigurations/node/v1alpha1
k8s.io/client-go/applyconfigurations/node/v1beta1
k8s.io/client-go/applyconfigurations/resource/v1
k8s.io/client-go/kubernetes/typed/events/v1
k8s.io/client-go/kubernetes/typed/events/v1beta1
k8s.io/client-go/kubernetes/typed/discovery/v1beta1
k8s.io/client-go/kubernetes/typed/discovery/v1
k8s.io/client-go/kubernetes/typed/node/v1alpha1
k8s.io/client-go/kubernetes/typed/node/v1
k8s.io/client-go/applyconfigurations/resource/v1beta1
k8s.io/client-go/kubernetes/typed/node/v1beta1
k8s.io/client-go/kubernetes/typed/batch/v1
k8s.io/client-go/kubernetes/typed/apps/v1
k8s.io/client-go/kubernetes/typed/apps/v1beta1
k8s.io/client-go/applyconfigurations/batch/v1beta1
k8s.io/client-go/kubernetes/typed/networking/v1beta1
k8s.io/client-go/applyconfigurations/storage/v1
k8s.io/client-go/applyconfigurations/resource/v1beta2
k8s.io/client-go/kubernetes/typed/networking/v1
k8s.io/client-go/kubernetes/typed/apps/v1beta2
k8s.io/client-go/applyconfigurations/storage/v1alpha1
github.com/kumahq/kuma/v3/pkg/core/resources/apis/hostnamegenerator
k8s.io/client-go/applyconfigurations/storage/v1beta1
k8s.io/client-go/kubernetes/typed/extensions/v1beta1
github.com/kumahq/kuma/v3/pkg/core/resources/apis/meshzoneaddress
github.com/kumahq/kuma/v3/pkg/core/resources/apis/workload
github.com/kumahq/kuma/v3/pkg/plugins/policies/meshcircuitbreaker/k8s/v1alpha1
k8s.io/client-go/kubernetes/typed/resource/v1
github.com/kumahq/kuma/v3/pkg/plugins/policies/meshfaultinjection/k8s/v1alpha1
k8s.io/client-go/kubernetes/typed/storage/v1alpha1
k8s.io/client-go/kubernetes/typed/batch/v1beta1
k8s.io/client-go/kubernetes/typed/storage/v1
github.com/kumahq/kuma/v3/pkg/plugins/policies/meshhealthcheck/k8s/v1alpha1
k8s.io/client-go/kubernetes/typed/resource/v1beta1
github.com/kumahq/kuma/v3/pkg/plugins/policies/meshhttproute/k8s/v1alpha1
github.com/kumahq/kuma/v3/pkg/plugins/policies/meshloadbalancingstrategy/k8s/v1alpha1
github.com/kumahq/kuma/v3/pkg/plugins/policies/meshmetric/k8s/v1alpha1
github.com/kumahq/kuma/v3/pkg/plugins/policies/meshpassthrough/k8s/v1alpha1
github.com/kumahq/kuma/v3/pkg/plugins/policies/meshproxypatch/k8s/v1alpha1
github.com/kumahq/kuma/v3/pkg/plugins/policies/meshratelimit/k8s/v1alpha1
k8s.io/client-go/kubernetes/typed/storage/v1beta1
github.com/kumahq/kuma/v3/pkg/plugins/policies/meshretry/k8s/v1alpha1
github.com/kumahq/kuma/v3/pkg/plugins/policies/meshtcproute/k8s/v1alpha1
github.com/kumahq/kuma/v3/pkg/plugins/policies/meshtimeout/k8s/v1alpha1
k8s.io/client-go/kubernetes/typed/resource/v1beta2
github.com/kumahq/kuma/v3/pkg/plugins/policies/meshtls/k8s/v1alpha1
github.com/kumahq/kuma/v3/pkg/plugins/policies/meshtrace/k8s/v1alpha1
github.com/kumahq/kuma/v3/pkg/plugins/policies/meshtrafficpermission/k8s/v1alpha1
github.com/kumahq/kuma/v3/pkg/plugins/runtime/k8s/controllers/gatewayapi/common
github.com/kumahq/kuma/v3/pkg/plugins/runtime/k8s/probes
go.opentelemetry.io/otel/exporters/otlp/otlpmetric/otlpmetricgrpc
go.opentelemetry.io/otel/exporters/otlp/otlptrace
go.opentelemetry.io/otel/exporters/otlp/otlptrace/otlptracegrpc/internal/otlpconfig
github.com/kumahq/kuma/v3/pkg/plugins/runtime/k8s/containers
github.com/kumahq/kuma/v3/pkg/transparentproxy/kubernetes
go.opentelemetry.io/otel/exporters/otlp/otlptrace/otlptracegrpc
k8s.io/client-go/kubernetes
k8s.io/client-go/informers/internalinterfaces
k8s.io/client-go/tools/leaderelection/resourcelock
k8s.io/client-go/tools/events
k8s.io/client-go/informers/apiserverinternal/v1alpha1
k8s.io/client-go/informers/admissionregistration/v1alpha1
k8s.io/client-go/informers/autoscaling/v2
k8s.io/client-go/informers/admissionregistration/v1
k8s.io/client-go/informers/coordination/v1
k8s.io/client-go/informers/certificates/v1beta1
k8s.io/client-go/informers/admissionregistration/v1beta1
k8s.io/client-go/informers/autoscaling/v1
k8s.io/client-go/informers/apps/v1beta1
k8s.io/client-go/informers/apps/v1
k8s.io/client-go/informers/batch/v1beta1
k8s.io/client-go/informers/apps/v1beta2
k8s.io/client-go/informers/batch/v1
k8s.io/client-go/informers/certificates/v1
k8s.io/client-go/informers/certificates/v1alpha1
k8s.io/client-go/informers/coordination/v1alpha2
k8s.io/client-go/informers/coordination/v1beta1
k8s.io/client-go/informers/apiserverinternal
k8s.io/client-go/informers/core/v1
k8s.io/client-go/informers/discovery/v1
k8s.io/client-go/informers/discovery/v1beta1
k8s.io/client-go/informers/autoscaling
k8s.io/client-go/informers/batch
k8s.io/client-go/informers/events/v1
k8s.io/client-go/informers/events/v1beta1
k8s.io/client-go/informers/extensions/v1beta1
k8s.io/client-go/informers/flowcontrol/v1
k8s.io/client-go/informers/flowcontrol/v1beta1
k8s.io/client-go/informers/certificates
k8s.io/client-go/informers/flowcontrol/v1beta2
k8s.io/client-go/informers/flowcontrol/v1beta3
k8s.io/client-go/informers/admissionregistration
k8s.io/client-go/informers/apps
k8s.io/client-go/informers/lifecycle/v1alpha1
k8s.io/client-go/informers/networking/v1
k8s.io/client-go/informers/coordination
k8s.io/client-go/informers/networking/v1beta1
k8s.io/client-go/informers/discovery
k8s.io/client-go/informers/node/v1
k8s.io/client-go/informers/events
k8s.io/client-go/informers/node/v1alpha1
k8s.io/client-go/informers/node/v1beta1
k8s.io/client-go/informers/policy/v1
k8s.io/client-go/informers/policy/v1beta1
k8s.io/client-go/informers/rbac/v1
k8s.io/client-go/informers/rbac/v1alpha1
k8s.io/client-go/informers/extensions
k8s.io/client-go/informers/rbac/v1beta1
k8s.io/client-go/informers/resource/v1
k8s.io/client-go/informers/flowcontrol
k8s.io/client-go/informers/lifecycle
k8s.io/client-go/informers/resource/v1alpha3
k8s.io/client-go/informers/resource/v1beta1
k8s.io/client-go/informers/resource/v1beta2
k8s.io/client-go/informers/scheduling/v1
k8s.io/client-go/informers/networking
k8s.io/client-go/informers/node
k8s.io/client-go/informers/scheduling/v1alpha3
k8s.io/client-go/informers/scheduling/v1beta1
k8s.io/client-go/informers/policy
k8s.io/client-go/informers/storage/v1
k8s.io/client-go/informers/core
k8s.io/client-go/informers/storage/v1alpha1
k8s.io/client-go/informers/storage/v1beta1
k8s.io/client-go/informers/storagemigration/v1
k8s.io/client-go/informers/rbac
k8s.io/client-go/informers/storagemigration/v1beta1
sigs.k8s.io/controller-runtime/pkg/internal/recorder
sigs.k8s.io/controller-runtime/pkg/recorder
sigs.k8s.io/controller-runtime/pkg/leaderelection
sigs.k8s.io/controller-runtime/pkg/cluster
k8s.io/client-go/informers/resource
k8s.io/client-go/informers/scheduling
k8s.io/client-go/informers/storagemigration
k8s.io/client-go/informers/storage
k8s.io/client-go/informers
k8s.io/client-go/tools/leaderelection
sigs.k8s.io/controller-runtime/pkg/metrics
sigs.k8s.io/controller-runtime/pkg/internal/metrics
sigs.k8s.io/controller-runtime/pkg/internal/controller/metrics
sigs.k8s.io/controller-runtime/pkg/certwatcher/metrics
sigs.k8s.io/controller-runtime/pkg/webhook/conversion/metrics
sigs.k8s.io/controller-runtime/pkg/webhook/admission/metrics
sigs.k8s.io/controller-runtime/pkg/webhook/internal/metrics
sigs.k8s.io/controller-runtime/pkg/webhook/conversion
sigs.k8s.io/controller-runtime/pkg/certwatcher
sigs.k8s.io/controller-runtime/pkg/webhook/admission
sigs.k8s.io/controller-runtime/pkg/controller/priorityqueue
sigs.k8s.io/controller-runtime/pkg/handler
sigs.k8s.io/controller-runtime/pkg/metrics/server
sigs.k8s.io/controller-runtime/pkg/webhook
sigs.k8s.io/controller-runtime/pkg/internal/source
sigs.k8s.io/controller-runtime/pkg/source
sigs.k8s.io/controller-runtime/pkg/manager
sigs.k8s.io/controller-runtime/pkg/internal/controller
sigs.k8s.io/controller-runtime/pkg/controller
sigs.k8s.io/controller-runtime/pkg/builder
sigs.k8s.io/controller-runtime
github.com/kumahq/kuma/v3/pkg/core
github.com/kumahq/kuma/v3/pkg/core/xds/issuer
github.com/kumahq/kuma/v3/pkg/core/dns/lookup
github.com/kumahq/kuma/v3/pkg/api-server/authn
github.com/kumahq/kuma/v3/pkg/version
github.com/kumahq/kuma/v3/pkg/core/resources/manager
github.com/kumahq/kuma/v3/pkg/plugins/common/k8s
github.com/kumahq/kuma/v3/pkg/tls
github.com/kumahq/kuma/v3/pkg/intercp/client
github.com/kumahq/kuma/v3/pkg/cmd
github.com/kumahq/kuma/v3/pkg/core/tracing
github.com/kumahq/kuma/v3/pkg/core/runtime/component
github.com/kumahq/kuma/v3/pkg/util/xds
github.com/kumahq/kuma/v3/pkg/events
github.com/kumahq/kuma/v3/pkg/plugins/policies/meshhealthcheck/plugin/xds
github.com/kumahq/kuma/v3/pkg/cmd/version
github.com/kumahq/kuma/v3/pkg/kds/client
github.com/kumahq/kuma/v3/pkg/intercp/server
github.com/kumahq/kuma/v3/pkg/dp-server/server
github.com/kumahq/kuma/v3/pkg/plugins/leader/memory
github.com/kumahq/kuma/v3/pkg/plugins/leader/postgres
github.com/kumahq/kuma/v3/pkg/plugins/extensions/k8s
github.com/kumahq/kuma/v3/pkg/plugins/runtime/k8s/webhooks/injector
github.com/kumahq/kuma/v3/pkg/plugins/resources/k8s/events
github.com/kumahq/kuma/v3/pkg/plugins/resources/postgres/events
github.com/kumahq/kuma/v3/pkg/config/app/kuma-cp
github.com/kumahq/kuma/v3/pkg/util/xds/v3
github.com/kumahq/kuma/v3/api/common/v1alpha1/datasource
github.com/kumahq/kuma/v3/pkg/core/resources/apis/core/vip
github.com/kumahq/kuma/v3/pkg/core/datasource
github.com/kumahq/kuma/v3/pkg/core/managers/apis/dataplane
github.com/kumahq/kuma/v3/pkg/intercp/catalog
github.com/kumahq/kuma/v3/pkg/core/tokens
github.com/kumahq/kuma/v3/pkg/envoy/admin/tls
github.com/kumahq/kuma/v3/pkg/kds/reconcile
github.com/kumahq/kuma/v3/pkg/core/resources/apis/hostnamegenerator/hostname
github.com/kumahq/kuma/v3/pkg/core/managers/apis/zone
github.com/kumahq/kuma/v3/pkg/core/managers/apis/dataplaneinsight
github.com/kumahq/kuma/v3/pkg/core/managers/apis/zoneinsight
github.com/kumahq/kuma/v3/pkg/core/resources/apis/meshopentelemetrybackend
github.com/kumahq/kuma/v3/pkg/core/secrets/manager
github.com/kumahq/kuma/v3/pkg/envoy/admin
github.com/kumahq/kuma/v3/pkg/intercp/tls
github.com/kumahq/kuma/v3/pkg/metrics/store
github.com/kumahq/kuma/v3/pkg/core/resources/apis/workload/status
github.com/kumahq/kuma/v3/pkg/core/resources/apis/meshidentity/api/v1alpha1
github.com/kumahq/kuma/v3/pkg/tokens/builtin/issuer
github.com/kumahq/kuma/v3/pkg/tokens/builtin/zone
github.com/kumahq/kuma/v3/pkg/plugins/authn/api-server/tokens/issuer
github.com/kumahq/kuma/v3/pkg/core/resources/apis/meshservice/api/v1alpha1
github.com/kumahq/kuma/v3/pkg/core/resources/apis/meshexternalservice/api/v1alpha1
github.com/kumahq/kuma/v3/pkg/tokens/builtin
github.com/kumahq/kuma/v3/pkg/kds/service
github.com/kumahq/kuma/v3/pkg/core/resources/apis/meshservice/k8s/v1alpha1
github.com/kumahq/kuma/v3/pkg/core/resources/apis/meshservice/hostname
github.com/kumahq/kuma/v3/pkg/core/resources/apis/meshmultizoneservice/api/v1alpha1
github.com/kumahq/kuma/v3/pkg/core/resources/apis/meshidentity/k8s/v1alpha1
github.com/kumahq/kuma/v3/pkg/core/resources/apis/meshexternalservice/hostname
github.com/kumahq/kuma/v3/pkg/insights/globalinsight
github.com/kumahq/kuma/v3/pkg/core/resources/apis/meshexternalservice/k8s/v1alpha1
github.com/kumahq/kuma/v3/pkg/core/resources/apis/meshservice
github.com/kumahq/kuma/v3/pkg/plugins/runtime/k8s/controllers/gatewayapi/attachment
github.com/kumahq/kuma/v3/pkg/core/resources/apis/meshmultizoneservice/hostname
github.com/kumahq/kuma/v3/pkg/plugins/policies/core/rules/outbound
github.com/kumahq/kuma/v3/pkg/core/resources/apis/meshmultizoneservice/k8s/v1alpha1
github.com/kumahq/kuma/v3/pkg/core/resources/apis/meshexternalservice
github.com/kumahq/kuma/v3/pkg/plugins/runtime/k8s/controllers/gatewayapi
github.com/kumahq/kuma/v3/pkg/kds/context
github.com/kumahq/kuma/v3/pkg/kds/envoyadmin
github.com/kumahq/kuma/v3/pkg/core/resources/apis/meshservice/status
github.com/kumahq/kuma/v3/pkg/core/resources/apis/meshmultizoneservice
github.com/kumahq/kuma/v3/pkg/plugins/policies/core/rules
github.com/kumahq/kuma/v3/pkg/intercp/envoyadmin
github.com/kumahq/kuma/v3/pkg/core/xds
github.com/kumahq/kuma/v3/pkg/core/rest/errors
github.com/kumahq/kuma/v3/pkg/plugins/authn/api-server/tokens/ws/server
github.com/kumahq/kuma/v3/pkg/tokens/builtin/server
github.com/kumahq/kuma/v3/pkg/core/resources/apis/meshidentity/providers
github.com/kumahq/kuma/v3/pkg/xds/topology
github.com/kumahq/kuma/v3/pkg/xds/envoy/endpoints/v3
github.com/kumahq/kuma/v3/pkg/xds/auth
github.com/kumahq/kuma/v3/pkg/xds/envoy
github.com/kumahq/kuma/v3/pkg/xds/envoy/tls/v3
github.com/kumahq/kuma/v3/pkg/xds/otel/status
github.com/kumahq/kuma/v3/pkg/hds/tracker
github.com/kumahq/kuma/v3/pkg/mads/v1/generator
github.com/kumahq/kuma/v3/pkg/xds/bootstrap/types
github.com/kumahq/kuma/v3/pkg/xds/auth/k8s
github.com/kumahq/kuma/v3/pkg/hds/authn
github.com/kumahq/kuma/v3/pkg/xds/auth/universal
github.com/kumahq/kuma/v3/pkg/xds/auth/components
github.com/kumahq/kuma/v3/pkg/xds/envoy/endpoints
github.com/kumahq/kuma/v3/pkg/defaults/mesh
github.com/kumahq/kuma/v3/pkg/xds/envoy/virtualhosts
github.com/kumahq/kuma/v3/pkg/xds/context
github.com/kumahq/kuma/v3/pkg/xds/envoy/clusters/v3
github.com/kumahq/kuma/v3/pkg/xds/cache/cla
github.com/kumahq/kuma/v3/pkg/core/managers/apis/mesh
github.com/kumahq/kuma/v3/pkg/xds/envoy/routes
github.com/kumahq/kuma/v3/pkg/xds/envoy/clusters
github.com/kumahq/kuma/v3/pkg/xds/envoy/listeners/v3
github.com/kumahq/kuma/v3/pkg/xds/cache/mesh
github.com/kumahq/kuma/v3/pkg/xds/hooks
github.com/kumahq/kuma/v3/pkg/xds/generator/core
github.com/kumahq/kuma/v3/pkg/plugins/policies/core/xds
github.com/kumahq/kuma/v3/pkg/xds/runtime
github.com/kumahq/kuma/v3/pkg/envoy/builders/listener
github.com/kumahq/kuma/v3/pkg/plugins/policies/meshretry/plugin/xds
github.com/kumahq/kuma/v3/pkg/plugins/policies/meshhttproute/xds/filters
github.com/kumahq/kuma/v3/pkg/plugins/policies/meshtrafficpermission/xds
github.com/kumahq/kuma/v3/pkg/xds/envoy/listeners
github.com/kumahq/kuma/v3/pkg/plugins/policies/meshtrace/plugin/xds
github.com/kumahq/kuma/v3/pkg/plugins/policies/meshtimeout/plugin/xds
github.com/kumahq/kuma/v3/pkg/plugins/policies/meshfaultinjection/plugin/xds
github.com/kumahq/kuma/v3/pkg/plugins/policies/core/xds/meshroute
github.com/kumahq/kuma/v3/pkg/plugins/policies/meshaccesslog/plugin/xds
github.com/kumahq/kuma/v3/pkg/plugins/policies/meshratelimit/plugin/xds
github.com/kumahq/kuma/v3/pkg/core/runtime
github.com/kumahq/kuma/v3/pkg/plugins/policies/meshhttproute/xds
github.com/kumahq/kuma/v3/pkg/xds/dynconf
github.com/kumahq/kuma/v3/pkg/plugins/bootstrap/k8s/xds/hooks
github.com/kumahq/kuma/v3/pkg/xds/generator/zoneproxy
github.com/kumahq/kuma/v3/pkg/plugins/policies/meshmetric/plugin/xds
github.com/kumahq/kuma/v3/pkg/plugins/policies/meshpassthrough/plugin/xds
github.com/kumahq/kuma/v3/pkg/intercp
github.com/kumahq/kuma/v3/pkg/core/runtime/reports
github.com/kumahq/kuma/v3/pkg/core/plugins
github.com/kumahq/kuma/v3/pkg/core/resources/apis/meshidentity/status
github.com/kumahq/kuma/v3/pkg/core/resources/apis/meshservice/generate
github.com/kumahq/kuma/v3/pkg/plugins/leader
github.com/kumahq/kuma/v3/pkg/gc
github.com/kumahq/kuma/v3/pkg/insights
github.com/kumahq/kuma/v3/pkg/clusterid
github.com/kumahq/kuma/v3/pkg/core/resources/apis/workload/generate
github.com/kumahq/kuma/v3/pkg/defaults
github.com/kumahq/kuma/v3/pkg/diagnostics
github.com/kumahq/kuma/v3/pkg/dp-server
github.com/kumahq/kuma/v3/pkg/hds
github.com/kumahq/kuma/v3/pkg/dns
github.com/kumahq/kuma/v3/pkg/ipam
github.com/kumahq/kuma/v3/pkg/kds/status
github.com/kumahq/kuma/v3/pkg/metrics/components
github.com/kumahq/kuma/v3/pkg/xds/bootstrap
github.com/kumahq/kuma/v3/pkg/core/resources/apis/core/generator
github.com/kumahq/kuma/v3/pkg/plugins/policies/core/generator
github.com/kumahq/kuma/v3/pkg/plugins/policies/core/matchers
github.com/kumahq/kuma/v3/pkg/core/resources/apis/meshidentity/generator/v1alpha1
github.com/kumahq/kuma/v3/pkg/core/resources/apis/meshidentity/providers/spire
github.com/kumahq/kuma/v3/pkg/core/resources/apis/meshidentity/providers/bundled
github.com/kumahq/kuma/v3/pkg/plugins/resources/k8s
github.com/kumahq/kuma/v3/pkg/plugins/bootstrap/universal
github.com/kumahq/kuma/v3/pkg/core/resources/apis/meshtrust/generator/v1alpha1
github.com/kumahq/kuma/v3/pkg/plugins/config/universal
github.com/kumahq/kuma/v3/pkg/plugins/authn/api-server/tokens
github.com/kumahq/kuma/v3/pkg/plugins/resources/memory
github.com/kumahq/kuma/v3/pkg/plugins/resources/postgres
github.com/kumahq/kuma/v3/pkg/plugins/runtime/opentelemetry
github.com/kumahq/kuma/v3/pkg/plugins/runtime/universal
github.com/kumahq/kuma/v3/pkg/core/resources/apis/meshtrust
github.com/kumahq/kuma/v3/pkg/plugins/secrets/universal
github.com/kumahq/kuma/v3/pkg/xds/generator
github.com/kumahq/kuma/v3/pkg/kds/server
github.com/kumahq/kuma/v3/pkg/plugins/policies/meshcircuitbreaker/plugin/v1alpha1
github.com/kumahq/kuma/v3/pkg/plugins/policies/meshfaultinjection/plugin/v1alpha1
github.com/kumahq/kuma/v3/pkg/plugins/policies/meshhealthcheck/plugin/v1alpha1
github.com/kumahq/kuma/v3/pkg/plugins/policies/meshhttproute/plugin/v1alpha1
github.com/kumahq/kuma/v3/pkg/xds/sync
github.com/kumahq/kuma/v3/pkg/plugins/policies/meshloadbalancingstrategy/plugin/v1alpha1
github.com/kumahq/kuma/v3/pkg/plugins/policies/meshmetric/plugin/v1alpha1
github.com/kumahq/kuma/v3/pkg/plugins/policies/meshpassthrough/plugin/v1alpha1
github.com/kumahq/kuma/v3/pkg/plugins/policies/meshproxypatch/plugin/v1alpha1
github.com/kumahq/kuma/v3/pkg/plugins/secrets/k8s
github.com/kumahq/kuma/v3/pkg/core/resources/apis/meshidentity
github.com/kumahq/kuma/v3/pkg/plugins/bootstrap/k8s
github.com/kumahq/kuma/v3/pkg/plugins/config/k8s
github.com/kumahq/kuma/v3/pkg/plugins/policies/meshcircuitbreaker
github.com/kumahq/kuma/v3/pkg/plugins/policies/meshhealthcheck
github.com/kumahq/kuma/v3/pkg/plugins/policies/meshmetric
github.com/kumahq/kuma/v3/pkg/plugins/policies/meshfaultinjection
github.com/kumahq/kuma/v3/pkg/core/resources/apis
github.com/kumahq/kuma/v3/pkg/plugins/policies/meshpassthrough
github.com/kumahq/kuma/v3/pkg/plugins/policies/meshhttproute
github.com/kumahq/kuma/v3/pkg/plugins/policies/meshratelimit/plugin/v1alpha1
github.com/kumahq/kuma/v3/pkg/plugins/policies/meshretry/plugin/v1alpha1
github.com/kumahq/kuma/v3/pkg/xds/server/callbacks
github.com/kumahq/kuma/v3/pkg/plugins/policies/meshtcproute/plugin/v1alpha1
github.com/kumahq/kuma/v3/pkg/plugins/policies/meshtimeout/plugin/v1alpha1
github.com/kumahq/kuma/v3/pkg/plugins/policies/meshaccesslog/plugin/v1alpha1
github.com/kumahq/kuma/v3/pkg/plugins/policies/meshtls/plugin/v1alpha1
github.com/kumahq/kuma/v3/pkg/plugins/policies/meshtrace/plugin/v1alpha1
github.com/kumahq/kuma/v3/pkg/plugins/policies/meshproxypatch
github.com/kumahq/kuma/v3/pkg/plugins/policies/meshtrafficpermission/plugin/v1alpha1
github.com/kumahq/kuma/v3/pkg/plugins/runtime/k8s/controllers
github.com/kumahq/kuma/v3/pkg/plugins/runtime/k8s/webhooks
github.com/kumahq/kuma/v3/pkg/plugins/policies/meshloadbalancingstrategy
github.com/kumahq/kuma/v3/pkg/kds/store
github.com/kumahq/kuma/v3/pkg/mads/v1/reconcile
github.com/kumahq/kuma/v3/pkg/plugins/policies/meshratelimit
github.com/kumahq/kuma/v3/pkg/plugins/policies/meshretry
github.com/kumahq/kuma/v3/pkg/plugins/policies/meshtrafficpermission
github.com/kumahq/kuma/v3/pkg/mads/v1/service
github.com/kumahq/kuma/v3/pkg/plugins/policies/meshtimeout
github.com/kumahq/kuma/v3/pkg/plugins/policies/meshtrace
github.com/kumahq/kuma/v3/pkg/plugins/policies/meshtcproute
github.com/kumahq/kuma/v3/pkg/plugins/policies/meshaccesslog
github.com/kumahq/kuma/v3/pkg/xds/server/v3
github.com/kumahq/kuma/v3/pkg/plugins/policies/meshtls
github.com/kumahq/kuma/v3/pkg/kds/mux
github.com/kumahq/kuma/v3/pkg/plugins/policies
github.com/kumahq/kuma/v3/pkg/mads/server
github.com/kumahq/kuma/v3/pkg/xds/server
github.com/kumahq/kuma/v3/pkg/core/xds/inspect
github.com/kumahq/kuma/v3/pkg/kds/global
github.com/kumahq/kuma/v3/pkg/kds/zone
github.com/kumahq/kuma/v3/pkg/xds
github.com/kumahq/kuma/v3/pkg/api-server
github.com/kumahq/kuma/v3/pkg/plugins/runtime/k8s
github.com/kumahq/kuma/v3/pkg/core/bootstrap
github.com/kumahq/kuma/v3/app/kuma-cp/cmd
github.com/kumahq/kuma/v3/app/kuma-cp
GOOS=linux GOARCH=amd64 CGO_ENABLED=0 /home/jake/.local/share/mise/installs/go/1.27.1/bin/go build -v -trimpath -ldflags=" -s -w -X github.com/kumahq/kuma/v3/pkg/version.version=0.0.0-preview.v0668cf1ba -X github.com/kumahq/kuma/v3/pkg/version.gitTag=none -X github.com/kumahq/kuma/v3/pkg/version.gitCommit=0668cf1baebf7cdd59d6fc10d0404ce3d8422122 -X github.com/kumahq/kuma/v3/pkg/version.buildDate=local-build -X github.com/kumahq/kuma/v3/pkg/version.Envoy=1.39.1 " -o build/artifacts-linux-amd64/kuma-dp/kuma-dp ./app/kuma-dp
go: downloading github.com/hoisie/mustache v0.0.0-20160804235033-6375acf62c69
go: downloading github.com/prometheus/otlptranslator v1.0.0
go: downloading go.opentelemetry.io/otel/exporters/prometheus v0.68.0
internal/goversion
internal/syslist
internal/platform
go.opentelemetry.io/otel/exporters/prometheus/internal
go.opentelemetry.io/otel/exporters/prometheus/internal/counter
internal/buildcfg
internal/goroot
github.com/kumahq/kuma/v3/app/kuma-dp/pkg/dataplane/cgroups
github.com/kumahq/kuma/v3/app/kuma-dp/pkg/dataplane/httpclient
github.com/kumahq/kuma/v3/app/kuma-dp/pkg/dataplane/command
github.com/kumahq/kuma/v3/pkg/config/app/kuma-dp
go/build
go.opentelemetry.io/otel/exporters/prometheus/internal/x
github.com/prometheus/otlptranslator
github.com/kumahq/kuma/v3/app/kuma-dp/pkg/dataplane/certificate
github.com/kumahq/kuma/v3/app/kuma-dp/pkg/dataplane/configfetcher
github.com/kumahq/kuma/v3/app/kuma-dp/pkg/dataplane/dnsproxy
github.com/kumahq/kuma/v3/app/kuma-dp/pkg/dataplane/accesslogs
go.opentelemetry.io/proto/otlp/logs/v1
github.com/kumahq/kuma/v3/app/kuma-dp/pkg/dataplane/otelenv
github.com/kumahq/kuma/v3/app/kuma-dp/pkg/dataplane/readiness
github.com/hoisie/mustache
github.com/kumahq/kuma/v3/app/kuma-dp/pkg/dataplane/probes
go.opentelemetry.io/otel/exporters/prometheus/internal/observ
github.com/kumahq/kuma/v3/pkg/util/template
go.opentelemetry.io/proto/otlp/collector/logs/v1
go.opentelemetry.io/otel/exporters/prometheus
github.com/kumahq/kuma/v3/app/kuma-dp/pkg/dataplane/otelreceiver
github.com/kumahq/kuma/v3/pkg/util/files
github.com/kumahq/kuma/v3/app/kuma-dp/pkg/dataplane/metrics
github.com/kumahq/kuma/v3/app/kuma-dp/pkg/config
github.com/kumahq/kuma/v3/app/kuma-dp/pkg/dataplane/envoy
github.com/kumahq/kuma/v3/app/kuma-dp/pkg/dataplane/meshmetrics
github.com/kumahq/kuma/v3/app/kuma-dp/cmd
github.com/kumahq/kuma/v3/app/kuma-dp
GOOS=linux GOARCH=amd64 CGO_ENABLED=0 /home/jake/.local/share/mise/installs/go/1.27.1/bin/go build -v -trimpath -ldflags=" -s -w -X github.com/kumahq/kuma/v3/pkg/version.version=0.0.0-preview.v0668cf1ba -X github.com/kumahq/kuma/v3/pkg/version.gitTag=none -X github.com/kumahq/kuma/v3/pkg/version.gitCommit=0668cf1baebf7cdd59d6fc10d0404ce3d8422122 -X github.com/kumahq/kuma/v3/pkg/version.buildDate=local-build -X github.com/kumahq/kuma/v3/pkg/version.Envoy=1.39.1 " -o build/artifacts-linux-amd64/kumactl/kumactl ./app/kumactl
go: downloading helm.sh/helm/v4 v4.2.4
go: downloading github.com/santhosh-tekuri/jsonschema/v6 v6.0.2
go: downloading github.com/cyphar/filepath-securejoin v0.6.1
go: downloading github.com/gobwas/glob v0.2.3
go: downloading github.com/BurntSushi/toml v1.6.0
github.com/kumahq/kuma/v3/app/kumactl/cmd/get/context
github.com/kumahq/kuma/v3/app/kumactl/cmd/inspect/context
helm.sh/helm/v4/pkg/release/common
github.com/kumahq/kuma/v3/pkg/transparentproxy/iptables/parameters/match/conntrack
github.com/cyphar/filepath-securejoin/internal/consts
github.com/gobwas/glob/util/runes
github.com/kumahq/kuma/v3/app/kumactl/pkg/output
github.com/kumahq/kuma/v3/app/kumactl/data
github.com/BurntSushi/toml/internal
github.com/gobwas/glob/util/strings
hash/maphash
github.com/kumahq/kuma/v3/deployments
github.com/kumahq/kuma/v3/pkg/config/app/kumactl/v1alpha1
github.com/kumahq/kuma/v3/pkg/util/http
github.com/kumahq/kuma/v3/app/kumactl/pkg/output/yaml
github.com/kumahq/kuma/v3/app/kumactl/pkg/output/json
github.com/kumahq/kuma/v3/app/kumactl/pkg/output/table
github.com/kumahq/kuma/v3/app/kumactl/cmd/completion
github.com/kumahq/kuma/v3/pkg/transparentproxy/validate
github.com/kumahq/kuma/v3/pkg/transparentproxy/iptables/parameters
github.com/kumahq/kuma/v3/pkg/transparentproxy/firewalld
k8s.io/apiextensions-apiserver/pkg/apis/apiextensions/v1beta1
github.com/santhosh-tekuri/jsonschema/v6/kind
helm.sh/helm/v4/internal/copystructure
archive/tar
helm.sh/helm/v4/internal/sympath
github.com/kumahq/kuma/v3/app/kumactl/cmd/generate/context
github.com/kumahq/kuma/v3/pkg/util/yaml
helm.sh/helm/v4/pkg/ignore
helm.sh/helm/v4/internal/version
github.com/cyphar/filepath-securejoin
github.com/kumahq/kuma/v3/app/kumactl/cmd/install/context
github.com/BurntSushi/toml
github.com/gobwas/glob/match
github.com/gobwas/glob/syntax/lexer
github.com/kumahq/kuma/v3/app/kumactl/pkg/output/printers
github.com/santhosh-tekuri/jsonschema/v6
github.com/kumahq/kuma/v3/pkg/transparentproxy/iptables/rules
sigs.k8s.io/yaml/goyaml.v3
helm.sh/helm/v4/pkg/strvals
github.com/kumahq/kuma/v3/pkg/plugins/resources/remote
github.com/kumahq/kuma/v3/pkg/tokens
github.com/kumahq/kuma/v3/pkg/plugins/authn/api
github.com/gobwas/glob/syntax/ast
github.com/kumahq/kuma/v3/app/kumactl/pkg/client
github.com/kumahq/kuma/v3/pkg/transparentproxy/iptables/chains
k8s.io/apiextensions-apiserver/pkg/client/applyconfiguration/internal
k8s.io/client-go/plugin/pkg/client/auth/azure
k8s.io/client-go/plugin/pkg/client/auth/gcp
github.com/kumahq/kuma/v3/pkg/plugins/authn/api-server/tokens/cli
github.com/kumahq/kuma/v3/app/kumactl/pkg/tokens
github.com/kumahq/kuma/v3/pkg/plugins/authn/api-server/tokens/ws/client
k8s.io/client-go/plugin/pkg/client/auth/oidc
github.com/kumahq/kuma/v3/pkg/transparentproxy/iptables/tables
github.com/kumahq/kuma/v3/app/kumactl/pkg/errors
github.com/gobwas/glob/syntax
github.com/gobwas/glob/compiler
github.com/kumahq/kuma/v3/app/kumactl/pkg/resources
k8s.io/client-go/plugin/pkg/client/auth
github.com/kumahq/kuma/v3/pkg/transparentproxy/iptables/builder
k8s.io/apiextensions-apiserver/pkg/client/applyconfiguration/apiextensions/v1
github.com/gobwas/glob
github.com/kumahq/kuma/v3/app/kumactl/pkg/config
helm.sh/helm/v4/pkg/chart/loader/archive
github.com/kumahq/kuma/v3/app/kumactl/pkg/cmd
github.com/kumahq/kuma/v3/pkg/transparentproxy/iptables
github.com/kumahq/kuma/v3/pkg/transparentproxy
github.com/kumahq/kuma/v3/app/kumactl/cmd/uninstall
github.com/kumahq/kuma/v3/app/kumactl/cmd/apply
github.com/kumahq/kuma/v3/app/kumactl/cmd/export
github.com/kumahq/kuma/v3/app/kumactl/cmd/delete
github.com/kumahq/kuma/v3/app/kumactl/cmd/config
github.com/kumahq/kuma/v3/app/kumactl/cmd/generate
github.com/kumahq/kuma/v3/app/kumactl/cmd/version
github.com/kumahq/kuma/v3/app/kumactl/cmd/inspect
github.com/kumahq/kuma/v3/app/kumactl/cmd/get
k8s.io/apiextensions-apiserver/pkg/client/clientset/clientset/scheme
helm.sh/helm/v4/pkg/chart/common
k8s.io/apiextensions-apiserver/pkg/client/clientset/clientset/typed/apiextensions/v1
helm.sh/helm/v4/pkg/chart/v2
helm.sh/helm/v4/internal/chart/v3
helm.sh/helm/v4/pkg/chart
helm.sh/helm/v4/pkg/release/v1
helm.sh/helm/v4/pkg/chart/v2/loader
helm.sh/helm/v4/pkg/release/v1/util
helm.sh/helm/v4/pkg/chart/common/util
helm.sh/helm/v4/pkg/engine
github.com/kumahq/kuma/v3/app/kumactl/pkg/install/k8s
helm.sh/helm/v4/pkg/chart/v2/util
github.com/kumahq/kuma/v3/app/kumactl/cmd/install
github.com/kumahq/kuma/v3/app/kumactl/cmd
github.com/kumahq/kuma/v3/app/kumactl
GOOS=linux GOARCH=amd64 CGO_ENABLED=0 /home/jake/.local/share/mise/installs/go/1.27.1/bin/go build -v -trimpath -ldflags=" -s -w -X github.com/kumahq/kuma/v3/pkg/version.version=0.0.0-preview.v0668cf1ba -X github.com/kumahq/kuma/v3/pkg/version.gitTag=none -X github.com/kumahq/kuma/v3/pkg/version.gitCommit=0668cf1baebf7cdd59d6fc10d0404ce3d8422122 -X github.com/kumahq/kuma/v3/pkg/version.buildDate=local-build -X github.com/kumahq/kuma/v3/pkg/version.Envoy=1.39.1 " -o build/artifacts-linux-amd64/kuma-cni/kuma-cni -ldflags="-extldflags=-static" ./app/cni/cmd/kuma-cni
go: downloading github.com/containernetworking/cni v1.3.0
go: downloading github.com/natefinch/atomic v1.0.1
github.com/containernetworking/cni/pkg/types
github.com/natefinch/atomic
github.com/kumahq/kuma/v3/app/cni/pkg/install
github.com/containernetworking/cni/pkg/ns
github.com/containernetworking/cni/pkg/types/internal
github.com/containernetworking/cni/pkg/utils
github.com/containernetworking/cni/pkg/types/020
github.com/containernetworking/cni/pkg/types/040
github.com/containernetworking/cni/pkg/types/100
github.com/containernetworking/cni/pkg/types/create
github.com/containernetworking/cni/pkg/version
github.com/containernetworking/cni/pkg/skel
github.com/kumahq/kuma/v3/app/cni/pkg/cni
github.com/kumahq/kuma/v3/app/cni/cmd/kuma-cni
GOOS=linux GOARCH=amd64 CGO_ENABLED=0 /home/jake/.local/share/mise/installs/go/1.27.1/bin/go build -v -trimpath -ldflags=" -s -w -X github.com/kumahq/kuma/v3/pkg/version.version=0.0.0-preview.v0668cf1ba -X github.com/kumahq/kuma/v3/pkg/version.gitTag=none -X github.com/kumahq/kuma/v3/pkg/version.gitCommit=0668cf1baebf7cdd59d6fc10d0404ce3d8422122 -X github.com/kumahq/kuma/v3/pkg/version.buildDate=local-build -X github.com/kumahq/kuma/v3/pkg/version.Envoy=1.39.1 " -o build/artifacts-linux-amd64/install-cni/install-cni -ldflags="-extldflags=-static" ./app/cni/cmd/install
github.com/kumahq/kuma/v3/app/cni/cmd/install
mkdir -p build/artifacts-linux-amd64/envoy && [ -f build/artifacts-linux-amd64/envoy/envoy ] || curl --retry 3 --retry-delay 60 -s --fail --location https://github.com/kumahq/envoy-builds/releases/download/v1.39.1/envoy-linux-amd64-v1.39.1.tar.gz | tar -C build/artifacts-linux-amd64/envoy -xz
GOOS=linux GOARCH=amd64 CGO_ENABLED=0 /home/jake/.local/share/mise/installs/go/1.27.1/bin/go build -v -trimpath -ldflags=" -s -w -X github.com/kumahq/kuma/v3/pkg/version.version=0.0.0-preview.v0668cf1ba -X github.com/kumahq/kuma/v3/pkg/version.gitTag=none -X github.com/kumahq/kuma/v3/pkg/version.gitCommit=0668cf1baebf7cdd59d6fc10d0404ce3d8422122 -X github.com/kumahq/kuma/v3/pkg/version.buildDate=local-build -X github.com/kumahq/kuma/v3/pkg/version.Envoy=1.39.1 " -o build/artifacts-linux-amd64/test-server/test-server ./test/server
github.com/kumahq/kuma/v3/test/server/types
github.com/kumahq/kuma/v3/test/server/grpc/api
github.com/kumahq/kuma/v3/test/server/cmd
github.com/kumahq/kuma/v3/test/server
level=info msg="Finished command-run attestor... (86.659199307s)"
level=info msg="Completed execute attestors stage..."
level=info msg="Starting product attestors stage..."
level=info msg="Starting product attestor..."
level=info msg="Finished product attestor... (0.779251419s)"
level=info msg="Completed product attestors stage..."
level=info msg="Starting postproduct attestors stage..."
level=info msg="Completed postproduct attestors stage..."
